ticker,close,open,high,low,volume,change_%,value_traded,high_52w,low_52w,market_cap,roe,pe,pb,perf_y,rvol,tarih,dist_from_52w_low,stop_price,target_cup,target_bagger,potansiyel_cup,mcap_milyon,score_base,score_quality,score_flow,score_ignition,quant_score,regime,score_diff,perf_1m,perf_w,sector,industry,oper_margin,tier
KBR,37.04,36.68,37.16,36.1,1904400.0,0.5975013579576287,70538976.0,52.23,29.94,4669549667.230852,27.0893371757925,11.170758188069245,2.85424765838416,-25.050586806960748,1.888311585293301,2026-09-08,23.7,28.74,52.23,92.6,41.0,4669.5,90.0,85.0,73.0,69.1,87.2,⚡ TABAN BİRİKTİRME (TAKİP),10.2,-1.226666666666669,-1.2529992002132735,Technology Services,Information Technology Services,9.97021882688075,
GPOR,180.04,178.82,181.28,176.295,298234.0,0.3567447045707839,53694049.36,225.78,149.18,3183802872.954292,27.4111285765093,7.200764711293489,1.7437220582196291,1.7750141322781154,1.3436100424977484,2026-09-08,20.7,143.21,225.78,450.1,25.4,3183.8,90.0,100.0,48.6,48.8,83.8,⚡ TABAN BİRİKTİRME (TAKİP),-2.6,13.375314861460945,0.8232065856526846,Energy Minerals,Oil & Gas Production,42.1816529930528,
FRMI,5.71,5.26,5.91,5.23,27615864.0,11.523437499999996,157686583.44,36.9899,4.47,3657068464.783203,12.0,15.0,3.531820402912051,-77.16,1.9166011764557933,2026-09-08,27.7,4.29,36.99,14.28,547.8,3657.1,65.0,70.0,48.0,100.0,78.6,🦅 US KULUÇKA LİDERİ (MULTI-BAGGER),-1.9,-11.609907120743037,17.248459958932234,Finance,Real Estate Development,10.0,
BEPC,32.56,31.81,33.08,31.75,1661066.0,2.551181102362212,54084308.96,45.18,30.91,4912639047.886614,12.0,15.0,2.0,-2.134054703937484,1.1539414078095458,2026-09-08,5.3,29.67,45.18,81.4,38.8,4912.6,90.0,70.0,26.8,53.1,76.5,⚡ TABAN BİRİKTİRME (TAKİP),0.0,-3.210463733650411,2.0050125313283225,Utilities,Electric Utilities,21.5629382918988,
HTGC,17.72,17.67,17.785,17.6,2201618.0,0.5104934770277928,39012670.96,19.62,13.7001,3316545948.331253,17.1598757627833,8.900497262544578,1.4586727230670322,-7.804370447450573,1.4148193013037296,2026-09-08,29.3,13.15,19.62,44.3,10.7,3316.5,65.0,85.0,35.0,52.1,76.2,⚡ TABAN BİRİKTİRME (TAKİP),-3.4,4.235294117647052,-0.7282913165266249,Finance,Finance/Rental/Leasing,82.6554785423897,
PIPR,77.34,76.64,77.98,75.79,480059.0,0.3894080996884698,37127763.06,95.065,68.69625,5465640145.6783495,23.6160793532111,17.928508507580325,3.805703437582576,-5.728912725499759,0.8662558832748171,2026-09-08,12.6,65.95,95.06,193.35,22.9,5465.6,90.0,85.0,37.7,32.3,74.6,⚡ TABAN BİRİKTİRME (TAKİP),1.4,3.5896062148406203,4.344306529951428,Finance,Investment Banks/Brokers,23.0586392140754,
MIAX,43.46,42.32,44.23,42.12,1483711.0,2.5241802311866013,64482080.06,57.14,35.43,4312574678.194386,18.1434392027883,55.9763008758372,3.7256463516355214,24.13596115395602,1.0922693127308687,2026-09-08,22.7,34.01,57.14,108.65,31.5,4312.6,90.0,60.0,29.8,50.9,74.3,⚡ TABAN BİRİKTİRME (TAKİP),4.2,-3.077609277430871,5.357575757575759,Finance,Investment Banks/Brokers,9.19046375426091,
MWH,25.66,25.55,26.42,25.4,1569608.0,1.543332014246144,40276141.28,48.4,23.83,5193369177.97309,12.0,15.0,10.454054714713491,-14.466666666666669,1.1673080159575904,2026-09-08,7.7,22.88,48.4,64.15,88.6,5193.4,100.0,70.0,11.7,48.6,72.2,🦅 US KULUÇKA LİDERİ (MULTI-BAGGER),-3.2,-8.974813763746013,1.7850059500198303,Industrial Services,Engineering & Construction,10.0,
OSIS,204.25,203.64,207.255,201.0,332970.0,0.0489835904971806,68009122.5,311.7225,186.5,3256146859.748959,17.3438450263306,22.73410282381488,3.903261789140543,-12.620320855614974,0.9944446452096152,2026-09-08,9.5,179.04,311.72,510.62,52.6,3256.1,100.0,70.0,12.7,35.1,68.8,🦅 US KULUÇKA LİDERİ (MULTI-BAGGER),-10.8,-14.45742765003979,-1.7698263838791934,Electronic Technology,Aerospace & Defense,12.9265995664015,
OLLI,76.88,76.5,77.38,75.1,1814506.0,0.4114151374648961,139499221.28,139.21,60.29,4566856731.900999,14.8623838757423,17.18104006972534,2.4151349293287163,-42.45939675174015,0.8587849385759003,2026-09-08,27.5,57.88,139.21,192.2,81.1,4566.9,65.0,70.0,47.9,32.1,67.0,🦅 US KULUÇKA LİDERİ (MULTI-BAGGER),0.8,-1.7884517118037886,2.753274525527937,Retail Trade,Department Stores,13.0261701301919,
BIPC,37.5,37.39,37.95,37.1654,1296142.0,0.4016064257028074,48605325.0,51.72,34.18,4612149908.634539,12.0,15.0,2.0,-6.062124248496998,1.0807890530064783,2026-09-08,9.7,32.81,51.72,93.75,37.9,4612.1,90.0,70.0,10.8,39.8,63.6,⚡ TABAN BİRİKTİRME (TAKİP),-7.6,-5.755214878110076,-1.6780283167278462,Utilities,Gas Distributors,60.156883959966,
CALM,74.83,74.66,75.57,74.16,738672.0,0.2679887444727359,55274825.76,111.76,71.92,3510804961.6398234,12.1956592230535,11.423032301398305,1.3353383930934293,-34.46312839376424,0.8544586688678845,2026-09-08,4.0,69.04,111.76,187.07,49.4,3510.8,90.0,70.0,10.0,31.2,56.9,⚡ TABAN BİRİKTİRME (TAKİP),-13.2,-11.720639414852831,-6.169278996865206,Process Industries,Agricultural Commodities/Milling,11.7924243173588,
WING,109.45,108.7,112.38,107.7,861669.0,0.2243487019825141,94309672.05,302.8,105.43,2981696718.902523,12.0,25.986514079490952,2.0,-64.58158048022781,0.8348262472924334,2026-09-08,3.8,101.21,302.8,273.62,176.7,2981.7,100.0,55.0,10.0,30.3,52.0,⚡ TABAN BİRİKTİRME (TAKİP),52.0,-6.292808219178077,2.289719626168227,Consumer Services,Restaurants,28.7705749397477,
LNN,123.14,122.97,124.185,120.1,389967.0,-0.2026096117999838,48020536.38,148.0026,97.27,1252196520.7057295,10.7410261199838,23.624434041900084,2.508957287212855,-12.20590332240125,2.443460433268461,2026-09-08,26.6,93.38,148.0,307.85,20.2,1252.2,65.0,40.0,58.6,85.5,0.0,⚠️ ELENDİ (ZOMBİ VEYA PRİMLİ),0.0,7.5270695075096095,8.207381370826013,Producer Manufacturing,Trucks/Construction/Farm Machinery,9.94766315843123,
CNXC,28.27,31.77,31.8,28.2,1698493.0,-12.0957711442786,48016397.11,57.875,19.12,1724988816.9120026,-37.7349467463115,15.0,0.6369547300253745,-47.33606557377049,1.3397187344168813,2026-09-08,47.9,18.36,57.88,70.67,104.7,1725.0,20.0,55.0,13.4,46.9,0.0,⚠️ ELENDİ (ZOMBİ VEYA PRİMLİ),0.0,5.603287261860292,-5.609348914858096,Technology Services,Information Technology Services,7.37194623244907,
ATKR,93.87,93.78,93.99,93.72,509192.0,0.1173208191126273,47797853.04,94.14,53.75,3170229574.859002,-11.8668057890167,15.0,2.484056206832676,58.64458340375191,0.7824336280874113,2026-09-08,74.6,51.6,94.14,234.68,0.3,3170.2,20.0,55.0,15.6,28.0,0.0,⚠️ SAHTE KÂR (FAALİYET KÂRI YETERSİZ),0.0,0.0426302888202134,0.1814300960512291,Producer Manufacturing,Electrical Products,4.90923518680618,
RCAT,8.695,8.455,8.905,8.42,5492257.0,3.882915173237768,47755174.615,18.78,5.77,1327851302.856631,-34.4018163584331,15.0,2.8177275408157314,1.4585764294049008,0.9682567164950592,2026-09-08,50.7,5.54,18.78,21.74,116.0,1327.9,20.0,55.0,19.1,53.3,0.0,⚠️ SAHTE KÂR (FAALİYET KÂRI YETERSİZ),0.0,2.173913043478267,3.511904761904761,Technology Services,Packaged Software,-150.148167371415,
TAC,12.41,12.05,12.52,11.9813,3845689.0,3.762541806020061,47725000.49,17.8754,11.38,3925282667.8169184,-1.36904761904762,15.0,6.639338059814433,0.7305194805194793,1.79146774999448,2026-09-08,9.1,10.92,17.88,31.02,44.1,3925.3,90.0,55.0,59.3,81.5,0.0,⚠️ SAHTE KÂR (FAALİYET KÂRI YETERSİZ),0.0,-0.8785942492012735,2.6892842366570067,Utilities,Electric Utilities,-1.19152691968226,
ALMS,10.58,11.05,11.218,10.25,4490872.0,-4.684684684684681,47513425.76,31.35,3.76,1412378732.7513516,-93.6456583305333,15.0,3.006886281152393,135.11111111111111,0.8312857410070358,2026-09-08,181.4,3.61,31.35,26.45,196.3,1412.4,20.0,55.0,10.0,29.1,0.0,⚠️ SAHTE KÂR (FAALİYET KÂRI YETERSİZ),0.0,-62.21428571428572,6.545820745216519,Health Technology,Pharmaceuticals: Major,-5479.54852662882,
RZLV,2.31,2.26,2.37,2.24,20567759.0,4.524886877828059,47511523.29,8.45,2.05,921291786.3122172,-94.3637989999951,15.0,2.394104905324033,-46.279069767441854,0.5921160334861317,2026-09-08,12.7,1.97,8.45,5.78,265.8,921.3,100.0,55.0,11.3,43.3,0.0,⚠️ SAHTE KÂR (FAALİYET KÂRI YETERSİZ),0.0,-13.805970149253737,-8.333333333333332,Technology Services,Packaged Software,-94.0615719230096,
SAIC,127.55,125.64,127.82,124.38,369013.0,0.6311637080867827,47067608.15,142.6608,81.08,5344043524.128204,25.7365391127667,14.898960401822215,3.730570614978204,22.809551319083383,0.5777097979417661,2026-09-08,57.3,77.84,142.66,318.88,11.8,5344.0,20.0,70.0,64.8,23.4,0.0,⚠️ ELENDİ (ZOMBİ VEYA PRİMLİ),0.0,2.887795434379284,0.4251633729627525,Technology Services,Information Technology Services,7.82221021345582,
ABG,212.91,223.49,223.5,211.215,226887.0,-2.002209334437998,48306511.17,258.745,172.01,3822142690.197459,13.2334225085063,7.960918921344281,0.9742102644177149,-17.039432668329173,1.3291712092870396,2026-09-08,23.8,165.13,258.75,532.27,21.5,3822.1,90.0,70.0,13.3,46.5,0.0,NÖTR,0.0,-1.256840738335965,1.2266438453858146,Retail Trade,Specialty Stores,5.0845665961945,
GOLD,47.47,46.15,47.84,45.37,1018031.0,2.9048341643182227,48325931.57,66.7,22.0,1376837644.4615216,10.7971983223503,16.246278106711387,1.5785852457648055,98.28738512949036,1.345612399559636,2026-09-08,115.8,21.12,66.7,118.67,40.5,1376.8,20.0,55.0,62.5,61.6,0.0,⚠️ SAHTE KÂR (FAALİYET KÂRI YETERSİZ),0.0,10.267131242741003,7.690562613430129,Finance,Investment Banks/Brokers,0.85660838189048,
ITRI,96.57,96.54,97.64,95.7,501166.0,-0.4535614885063518,48397600.62,142.0,77.77,4228486985.5485,16.9668001958194,16.14450983014578,2.615553456203225,-20.08440913604767,1.186156903324021,2026-09-08,24.2,74.66,142.0,241.42,47.0,4228.5,90.0,85.0,11.9,41.5,0.0,NÖTR,0.0,-6.078583933086948,0.3846153846153745,Electronic Technology,Electronic Equipment/Instruments,13.8660001059411,
BHVN,14.72,14.91,15.8,14.33,3306257.0,-6.182281708094321,48668103.04,18.5657,7.48,2223364344.780115,-799.461885851685,15.0,181.8855801309774,-5.337620578778135,0.8039076210281121,2026-09-08,96.8,7.18,18.57,36.8,26.2,2223.4,20.0,55.0,10.0,28.1,0.0,⚠️ BİYOTEK TUZAĞI (FDA RİSKİ),0.0,-0.3385240352064924,-4.353476283300845,Health Technology,Pharmaceuticals: Major,10.0,
CVSA,125.15,129.03,129.645,125.02,389191.0,-2.295261144507766,48707253.65,156.2599,86.97,4259958473.660708,18.5689333671319,19.09754013306476,2.9451486941213045,-6.965506987808507,1.092200464392375,2026-09-08,43.9,83.49,156.26,312.88,24.9,4260.0,20.0,70.0,10.9,38.2,0.0,NÖTR,0.0,-1.6038996776476075,-5.987079326923076,Consumer Services,Other Consumer Services,19.9430935706482,
CURB,29.68,29.5,29.86,28.85,1644507.0,0.7125890736342072,48808967.76,32.15,21.93,3414328499.667458,1.43893857096074,109.19793966151582,1.4990678808039004,29.380993897122924,1.3161258382213323,2026-09-08,35.3,21.05,32.15,74.2,8.3,3414.3,20.0,30.0,58.2,49.6,0.0,⚠️ ELENDİ (ZOMBİ VEYA PRİMLİ),0.0,0.3041568097330174,-0.5361930294906171,Finance,Real Estate Investment Trusts,17.1696708012306,
ASH,72.62,72.87,73.72,72.44,673689.0,-0.4250651309474869,48923295.18,78.25,46.295,3325514492.4577,3.99042298483639,64.24274593064402,1.7783498275157392,33.51719066004781,1.228538744462869,2026-09-08,56.9,44.44,78.25,181.55,7.8,3325.5,20.0,30.0,12.3,43.0,0.0,⚠️ ELENDİ (ZOMBİ VEYA PRİMLİ),0.0,0.4009401354901234,-0.5886379192333917,Consumer Non-Durables,Food: Specialty/Candy,8.5729788388497,
BANC,18.62,18.85,19.0,18.59,2628737.0,-1.5856236786469382,48947082.940000005,21.93,15.33,2949926616.207188,-0.657248388142792,15.0,1.0131530334465648,10.57007125890737,1.2526769176928465,2026-09-08,21.5,14.72,21.93,46.55,17.8,2949.9,90.0,55.0,12.5,43.8,0.0,⚠️ SAHTE KÂR (FAALİYET KÂRI YETERSİZ),0.0,-1.429327686606668,0.4314994606256842,Finance,Regional Banks,-5.356714614733737,
ECO,69.95,72.75,72.75,69.54,701778.0,-2.0719585608287887,49089371.1,72.75,27.74,2682495949.238415,61.5919910455297,6.522813528660282,3.112406599992792,140.6260749914001,1.4403254933905705,2026-09-08,152.2,26.63,72.75,174.88,4.0,2682.5,20.0,100.0,14.4,50.4,0.0,⚠️ ELENDİ (ZOMBİ VEYA PRİMLİ),0.0,10.680379746835442,3.506954720331466,Transportation,Marine Shipping,62.341887032832,
KTB,70.73,73.63,74.26,70.23,695562.0,-3.8863976083707015,49197100.260000005,88.96,56.19,3865650468.784753,40.9637108724128,14.77574212956193,6.249293166332099,-11.42141515341264,1.0462088275308137,2026-09-08,25.9,53.94,88.96,176.83,25.8,3865.7,65.0,85.0,10.5,36.6,0.0,NÖTR,0.0,-9.783163265306124,-4.6637013074538265,Consumer Non-Durables,Apparel/Footwear,13.1447185859926,
KRC,36.15,36.9,37.295,36.12,1361190.0,-2.6655896607431395,49207018.5,45.03,27.36,4245547926.510501,3.18522268142883,25.4505773021684,0.8045159718118968,-13.825983313468424,1.273140375513698,2026-09-08,32.1,26.27,45.03,90.38,24.6,4245.5,65.0,40.0,12.7,44.6,0.0,⚠️ ELENDİ (ZOMBİ VEYA PRİMLİ),0.0,-3.1350482315112584,-0.2758620689655212,Finance,Real Estate Investment Trusts,24.6816618007868,
OUT,28.81,28.74,29.17,28.49,1717141.0,-0.5179558011049797,49470832.21,34.96,16.97,5074456504.748619,36.1928708770892,21.030732170231403,7.318888626381025,59.70066518847007,1.2861110439106078,2026-09-08,69.8,16.29,34.96,72.02,21.3,5074.5,20.0,85.0,12.9,45.0,0.0,⚠️ ELENDİ (ZOMBİ VEYA PRİMLİ),0.0,-6.914378029079162,-2.7346387575962265,Finance,Real Estate Investment Trusts,20.2131512235501,
NSIT,157.34,160.98,160.98,156.04,315834.0,-2.2611504534724727,49693321.56,161.755,63.62,4617747975.921978,13.1118813595855,23.02918532829835,2.8933442049813185,23.10460840309835,1.3524870793149564,2026-09-08,147.3,61.08,161.75,393.35,2.8,4617.7,20.0,55.0,13.5,47.3,0.0,⚠️ ELENDİ (ZOMBİ VEYA PRİMLİ),0.0,5.251187370392664,0.8719066546993293,Technology Services,Information Technology Services,5.74088028322916,
SYNA,94.72,99.57,100.46,94.44,525441.0,-4.313567026972417,49769771.52,149.11,58.28,3704213367.401152,-42.230252968508,15.0,3.980653151553535,34.373670024116905,0.6232775649802753,2026-09-08,62.5,55.95,149.11,236.8,57.4,3704.2,20.0,55.0,10.0,21.8,0.0,⚠️ SAHTE KÂR (FAALİYET KÂRI YETERSİZ),0.0,-8.474248719683057,-0.5981739951726386,Electronic Technology,Semiconductors,-2.93184096224524,
AMTM,20.14,20.1,20.25,19.68,2475221.0,0.3988035892323123,49850950.940000005,38.11,19.68,4924358940.175474,4.45755490003278,24.12842937582365,1.048051659475839,-16.845582163501234,1.4039344771097435,2026-09-08,2.3,18.89,38.11,50.35,89.2,4924.4,65.0,40.0,57.0,51.1,0.0,⚠️ SAHTE KÂR (FAALİYET KÂRI YETERSİZ),0.0,-15.55555555555556,0.0496770988574344,Electronic Technology,Aerospace & Defense,3.93489030431706,
CYPH,2.63,2.43,2.825,2.3,17910234.0,8.677685950413222,47103915.42,3.6999,0.277,283420331.78925616,-1.20935491877877,4.6499292786421496,2.034328323574229,856.3636363636363,1.3424323422939184,2026-09-08,849.5,0.27,3.7,6.57,40.7,283.4,20.0,55.0,31.4,90.4,0.0,⚠️ BİYOTEK TUZAĞI (FDA RİSKİ),0.0,291.8939055282372,51.14942528735632,Health Technology,Biotechnology,10.0,
NOG,25.68,26.46,26.4735,25.62,1717728.0,-0.9259259259259336,44111255.04,31.17,17.18,2736181555.759259,-22.0501901844499,15.0,1.3712908930905734,3.256936067551261,0.8663004530339111,2026-09-08,49.5,16.49,31.17,64.2,21.4,2736.2,20.0,55.0,10.0,30.3,0.0,⚠️ ELENDİ (ZOMBİ VEYA PRİMLİ),0.0,23.16546762589927,-3.1674208144796374,Energy Minerals,Oil & Gas Production,29.639635042929303,
HWC,74.55,75.51,75.8,74.47,592568.0,-1.7009493670886155,44175944.4,80.13,54.05,5980628310.656645,9.66898093467398,14.5987545529315,1.3498946973492632,17.902894195793138,1.020594174273024,2026-09-08,37.9,51.89,80.13,186.38,7.5,5980.6,20.0,55.0,10.2,35.7,0.0,⚠️ ELENDİ (ZOMBİ VEYA PRİMLİ),0.0,-2.834799608993154,0.2959773980895989,Finance,Regional Banks,36.583353824977095,
BNL,20.96,20.73,21.02,20.71,2121183.0,0.7208073041806926,44459995.68,23.1,17.155,4022076649.487746,4.90554445153996,27.96531020680453,1.3954504055860626,12.809472551130265,1.2297652655431877,2026-09-08,22.2,16.47,23.1,52.4,10.2,4022.1,90.0,40.0,55.2,46.6,0.0,⚠️ ELENDİ (ZOMBİ VEYA PRİMLİ),0.0,0.3831417624521161,0.3350885591191971,Finance,Real Estate Investment Trusts,49.6613054867464,
PRGO,14.58,14.81,14.89,14.475,3061977.0,-2.27882037533512,44643624.66,22.65,9.225,2023255771.5160863,-48.7457248751449,15.0,0.8038181915413848,-35.37234042553191,1.1715321965636123,2026-09-08,58.0,8.86,22.65,36.45,55.3,2023.3,20.0,55.0,11.7,41.0,0.0,⚠️ BİYOTEK TUZAĞI (FDA RİSKİ),0.0,14.532600157109188,0.4132231404958712,Health Technology,Pharmaceuticals: Major,6.41993775483124,
FTDR,81.04,82.14,82.47,80.23,554559.0,-1.888619854721536,44941461.36000001,93.43,48.47,5583113783.533174,101.85873605948,21.44539416232237,19.77053107686453,27.904040404040416,1.415621953513828,2026-09-08,67.2,46.53,93.43,202.6,15.3,5583.1,20.0,85.0,14.2,49.5,0.0,⚠️ ELENDİ (ZOMBİ VEYA PRİMLİ),0.0,-10.453038674033142,1.3887151257350172,Consumer Durables,Homebuilding,20.1210992081975,
MRP,30.78,32.01,32.17,30.71,1460847.0,-3.8725796377264254,44964870.66,35.45,26.3001,4747141097.758275,8.11972623428877,10.734837652146618,0.8733934228764949,-9.44395410414828,1.5409882513974775,2026-09-08,17.0,25.25,35.45,76.95,15.2,4747.1,90.0,55.0,15.4,53.9,0.0,⚠️ ELENDİ (ZOMBİ VEYA PRİMLİ),0.0,6.137931034482762,1.4502307185234056,Finance,Real Estate Development,85.10919172223,
REYN,21.87,21.705,22.05,21.56,2057085.0,0.09153318077803,44988448.95,27.32,20.44,4609998924.775744,15.4777927321669,13.381057268722468,1.9957566217233595,-7.643581081081076,1.2335249965280437,2026-09-08,7.0,19.62,27.32,54.68,24.9,4610.0,90.0,85.0,30.9,43.6,0.0,🪤 DÜŞEN BIÇAK (RÖLATİF ÇÖKÜŞ),0.0,-17.096285064442753,-5.529157667386599,Consumer Non-Durables,Household/Personal Care,14.131008980454302,
KRG,26.08,25.85,26.1,25.85,1725836.0,0.4622496147919778,45009802.88,29.92,21.33,5225047986.841293,10.9040826829281,16.669862575902844,1.8210840757090565,13.096270598438853,0.881796603942966,2026-09-08,22.3,20.48,29.92,65.2,14.7,5225.0,90.0,55.0,67.6,33.2,0.0,⚠️ ELENDİ (ZOMBİ VEYA PRİMLİ),0.0,-2.7228646027601657,0.6561173292165116,Finance,Real Estate Investment Trusts,23.4226818793494,
SATA,99.89,100.0,100.01,99.89,450858.0,-0.1199880011998845,45036205.62,101.35,79.01,2531146004.0,-137.872221995685,15.0,12.667972059189069,21.817073170731707,1.0429388957604713,2026-09-08,26.4,75.85,101.35,249.72,1.5,2531.1,65.0,55.0,10.4,36.5,0.0,⚠️ SAHTE KÂR (FAALİYET KÂRI YETERSİZ),0.0,1.0214401294498434,-0.1000100010000943,Finance,Financial Conglomerates,-14415.5789473684,
AESI,13.99,13.82,14.42,13.67,3236073.0,3.93759286775631,45272661.27,20.13,7.6417,1748798355.925706,-9.92520759474453,15.0,1.5712339521307124,27.879341864716643,1.1647010680024676,2026-09-08,83.1,7.34,20.13,34.98,43.9,1748.8,20.0,55.0,11.6,60.5,0.0,⚠️ SAHTE KÂR (FAALİYET KÂRI YETERSİZ),0.0,30.0185873605948,7.120980091883611,Industrial Services,Oilfield Services/Equipment,-9.39067469310847,
WLTH,9.63,9.65,9.85,9.5,4701335.0,0.5219206680584626,45273856.05,14.75,7.2,1438348550.0073068,12.0,15.0,2.343664439820392,-33.79168099003093,3.7431863496254776,2026-09-08,33.7,6.91,14.75,24.08,53.2,1438.3,65.0,55.0,30.0,100.0,0.0,⚠️ SAHTE KÂR (FAALİYET KÂRI YETERSİZ),0.0,-0.8238928939237906,6.057268722466969,Technology Services,Packaged Software,-34.8433671282581,
MEOH,60.39,59.52,60.47,58.12,750710.0,2.8440054495912834,45335376.9,66.75,32.0,4672028007.463414,3.37041195546747,54.840333716916,1.8231000282450995,55.76476657209181,1.56184269601208,2026-09-08,88.7,30.72,66.75,150.97,10.5,4672.0,20.0,30.0,80.9,68.9,0.0,⚠️ ELENDİ (ZOMBİ VEYA PRİMLİ),0.0,11.564751524108624,2.20003384667456,Process Industries,Chemicals: Specialty,17.3814027669945,
TRMD,34.94,35.52,35.579,34.5,1298613.0,-0.6822057987492951,45373538.22,35.579,19.3,3560260737.5975823,26.6639628552417,5.888678348132623,1.407996895078477,49.95708154506437,1.3231129501873238,2026-09-08,81.0,18.53,35.58,87.35,1.8,3560.3,20.0,100.0,13.2,46.3,0.0,⚠️ ELENDİ (ZOMBİ VEYA PRİMLİ),0.0,18.200270635994585,5.878787878787872,Transportation,Marine Shipping,39.0870327379012,
NCNO,22.14,22.96,23.09,21.925,2053388.0,-4.238754325259517,45462010.32,31.925,13.8,2340999011.2188582,3.38227669695216,73.38415644680146,2.503202493705248,-26.371799135350848,0.6299281103457416,2026-09-08,60.4,13.25,31.93,55.35,44.2,2341.0,20.0,30.0,10.0,22.0,0.0,⚠️ ELENDİ (ZOMBİ VEYA PRİMLİ),0.0,15.67398119122257,-0.0451467268622935,Technology Services,Packaged Software,8.76649674404253,
SBRA,20.81,20.66,20.945,20.59,2392762.0,0.1443695861405081,49793377.22,22.77,17.165,5316180071.852261,2.39613723973895,80.0076893502499,1.932648006382104,10.33934252386002,1.3844282329947328,2026-09-08,21.2,16.48,22.77,52.02,9.4,5316.2,90.0,30.0,30.6,49.2,0.0,⚠️ ELENDİ (ZOMBİ VEYA PRİMLİ),0.0,-0.478240076518419,1.2159533073929962,Finance,Real Estate Investment Trusts,18.796699059437,
NOVT,149.31,148.36,153.155,147.98,304976.0,0.6403343219196471,45535966.56,176.375,98.27,5646570977.840253,5.10888769779906,95.43624161073824,3.493011520551358,28.516095713547937,0.9854965500059296,2026-09-08,51.9,94.34,176.38,373.27,18.1,5646.6,20.0,30.0,10.0,37.7,0.0,⚠️ ELENDİ (ZOMBİ VEYA PRİMLİ),0.0,-10.065052403324906,3.550870379360569,Electronic Technology,Electronic Equipment/Instruments,11.6460247120761,
COHU,53.17,51.24,53.21,50.96,856955.0,4.830441640378555,45564297.35,74.6,18.6652,2516984506.972595,-4.83648998119157,15.0,3.4554178313077624,158.60894941634243,1.014753418548677,2026-09-08,184.9,17.92,74.6,132.93,40.3,2517.0,20.0,55.0,77.7,59.7,0.0,⚠️ SAHTE KÂR (FAALİYET KÂRI YETERSİZ),0.0,-0.5424616535727631,18.28698553948832,Electronic Technology,Semiconductors,-6.38174512055109,
NNE,19.35,18.0,19.6,18.0,2368223.0,9.198645598194146,45825115.05,60.87,14.71,1039059026.6901808,-8.03735737077299,15.0,1.6867007784102304,-39.34169278996865,1.5840181995114486,2026-09-08,31.5,14.12,60.87,48.38,214.6,1039.1,65.0,55.0,64.0,100.0,0.0,⚠️ SAHTE KÂR (FAALİYET KÂRI YETERSİZ),0.0,5.73770491803279,11.14302125215394,Producer Manufacturing,Electrical Products,-24545.372403547,
LPTH,10.75,10.065,10.815,9.99,4270651.0,11.168562564632886,45909498.25,18.94,5.17,713378623.3453982,-28.7847158900898,15.0,7.385524372230429,90.94138543516874,1.1046298793046032,2026-09-08,107.9,4.96,18.94,26.88,76.2,713.4,20.0,55.0,70.0,94.5,0.0,⚠️ SAHTE KÂR (FAALİYET KÂRI YETERSİZ),0.0,-13.654618473895578,10.256410256410255,Electronic Technology,Electronic Components,-5.46545983927873,
CALX,35.34,35.9,36.22,35.005,1301844.0,-1.7241379310344755,46007166.96,71.22,34.26,2225147323.6551723,6.90513815064886,47.02594810379242,3.133917787422118,-42.20768601798854,1.4817829829270632,2026-09-08,3.2,32.89,71.22,88.35,101.5,2225.1,100.0,30.0,14.8,51.9,0.0,⚠️ ELENDİ (ZOMBİ VEYA PRİMLİ),0.0,-7.24409448818897,-6.0606060606060455,Electronic Technology,Telecommunications Equipment,5.51161403133012,
MZTI,104.03,103.77,104.91,102.135,442584.0,-1.2904450137584207,46042013.52,185.56,102.135,2839082751.716102,18.641334148939,14.909992547153587,2.6958229127067,-43.60294914886697,0.9591786048192992,2026-09-08,1.9,98.05,185.56,260.07,78.4,2839.1,65.0,85.0,35.2,33.6,0.0,NÖTR,0.0,-5.31537271320652,-7.717555220438217,Consumer Non-Durables,Food: Specialty/Candy,11.5392447908435,
CAR,133.84,138.24,139.04,132.09,344446.0,-3.524832408275057,46100652.64,847.6999,85.96,4727998536.772148,12.0,15.0,2.0,-14.7570218457423,1.0000325170395097,2026-09-08,55.7,82.52,847.7,334.6,533.4,4728.0,20.0,70.0,10.0,35.0,0.0,⚠️ ELENDİ (ZOMBİ VEYA PRİMLİ),0.0,-4.399999999999998,-8.809702255229274,Finance,Finance/Rental/Leasing,11.2202203056955,
WU,7.0,7.21,7.21,7.0,6617607.0,-2.506963788300832,46323249.0,10.3507,6.27,2183152719.220056,43.9748651504198,5.645161290322581,2.386138580111194,-20.544835414301936,0.877705974830943,2026-09-08,11.6,6.02,10.35,17.5,47.9,2183.2,90.0,100.0,10.0,30.7,0.0,NÖTR,0.0,-2.912621359223301,-1.3806706114398404,Finance,Regional Banks,16.7651293253239,
PK,15.11,15.18,15.435,15.021,3067318.0,-0.9829619921363064,46347174.98,16.2,9.84,3042222259.57405,-5.01989592898684,15.0,0.9845925279136216,26.443514644351467,0.771052516077933,2026-09-08,53.6,9.45,16.2,37.77,7.2,3042.2,20.0,55.0,10.0,27.0,0.0,⚠️ ELENDİ (ZOMBİ VEYA PRİMLİ),0.0,3.210382513661194,-2.704443013522215,Finance,Real Estate Investment Trusts,11.9244391971665,
PUMP,12.03,11.81,12.195,11.704,3864830.0,4.882301656495193,46493904.9,18.5,4.53,1477571714.178727,-1.50207870447817,15.0,1.5432771869507766,152.20125786163524,1.3182827147353584,2026-09-08,165.6,4.35,18.5,30.07,53.8,1477.6,20.0,55.0,36.1,70.6,0.0,⚠️ SAHTE KÂR (FAALİYET KÂRI YETERSİZ),0.0,10.16483516483516,5.433829973707267,Industrial Services,Oilfield Services/Equipment,-0.863900724687028,
FHB,25.81,25.99,26.16,25.79,1812542.0,-0.9973149213655602,46781709.02,30.58,22.645,3140577114.652474,10.3224792064157,11.20517495875662,1.1113043897599824,0.3109211037699118,1.0375616075495413,2026-09-08,14.0,21.74,30.58,64.52,18.5,3140.6,90.0,55.0,10.4,36.3,0.0,⚠️ ELENDİ (ZOMBİ VEYA PRİMLİ),0.0,-6.077147016011651,1.0176125244618317,Finance,Regional Banks,40.91790804195535,
OPCH,23.74,23.87,24.045,23.645,1973892.0,-1.9413465510119885,46860196.08,36.8,18.01,3555901648.198265,15.9991083445363,17.963075060532685,2.8222225656547164,-18.615015426808377,1.2783324141443368,2026-09-08,31.8,17.29,36.8,59.35,55.0,3555.9,65.0,70.0,12.8,44.7,0.0,NÖTR,0.0,0.635862653666802,1.2366737739872031,Health Services,Medical/Nursing Services,5.86093022308184,
GLNG,51.46,52.69,52.69,51.07,911663.0,-1.2663085188027563,46914177.98,57.79,35.02,5227783414.186877,8.54908031695405,15.0,2.703760623136436,17.488584474885855,0.7650965842510263,2026-09-08,46.9,33.62,57.79,128.65,12.3,5227.8,20.0,55.0,10.0,26.8,0.0,⚠️ ELENDİ (ZOMBİ VEYA PRİMLİ),0.0,0.9019607843137272,-0.3678606001936064,Industrial Services,Oil & Gas Pipelines,45.5128205128209,
EQPT,19.4,19.51,20.3,19.36,2420210.0,-0.7672634271099853,46952074.0,35.5,15.7068,4923856036.173913,12.0,250.32258064516128,4.049673208071791,-42.17585692995529,1.2253011853000917,2026-09-08,23.5,15.08,35.5,48.5,83.0,4923.9,100.0,45.0,12.3,42.9,0.0,NÖTR,-44.2,-4.3863972400197175,11.430212521539335,Technology Services,Internet Software/Services,6.839056097216339,
CDNA,50.31,50.5,50.87,49.46,935076.0,-1.120283018867925,47043673.56,53.6712,13.1197,2602748784.601415,29.4865120430085,24.25045791959896,6.085759492139681,264.5652173913044,0.7820923929839552,2026-09-08,283.5,12.59,53.67,125.78,6.7,2602.7,20.0,40.0,22.2,27.4,0.0,⚠️ SAHTE KÂR (FAALİYET KÂRI YETERSİZ),0.0,12.09893048128342,0.7610654916883688,Health Technology,Medical Specialties,-0.396647812979574,
BMI,128.63,132.31,133.6,127.77,353984.0,-2.9134274284851784,45532961.92,204.0,112.09,3728578274.239867,18.4799099136182,30.103676659879707,5.460078350405187,-29.844559585492227,1.2975444144969386,2026-09-08,14.8,107.61,204.0,321.57,58.6,3728.6,100.0,60.0,13.0,45.4,0.0,NÖTR,0.0,-5.675735132360496,-3.3511157863100216,Producer Manufacturing,Industrial Machinery,18.5799501677157,
YOU,43.6,43.85,44.3,43.0,1207516.0,-1.646740356417769,52647697.6,69.07,29.435,5898560614.13941,90.2894542435177,29.761092150170647,21.58244891493743,25.82972582972584,0.7506865349259821,2026-09-08,48.1,28.26,69.07,109.0,58.4,5898.6,20.0,85.0,10.0,26.3,0.0,🪤 DÜŞEN BIÇAK (RÖLATİF ÇÖKÜŞ),0.0,-18.198874296435264,-0.1831501831501792,Technology Services,Packaged Software,25.1294088961371,
SAM,162.06,168.68,172.0325,160.3,330283.0,-3.981514397440454,53525662.98,264.46,158.68,1667869729.5492356,-8.6138700887756,15.0,2.334163286863713,-27.638864082871944,2.176281983701096,2026-09-08,2.1,152.33,264.46,405.15,63.2,1667.9,65.0,55.0,21.8,76.2,0.0,⚠️ ELENDİ (ZOMBİ VEYA PRİMLİ),0.0,-11.340882980469386,-8.368200836820089,Consumer Non-Durables,Beverages: Alcoholic,5.41168124164479,
HIVE,3.15,3.115,3.25,3.09,17010919.0,1.2861736334405156,53584394.85,7.84,1.73,863973629.262295,-66.1985644591504,15.0,2.0219582353550143,17.53731343283581,1.0325016634760784,2026-09-08,82.1,1.66,7.84,7.88,148.9,864.0,20.0,55.0,10.3,42.6,0.0,⚠️ SAHTE KÂR (FAALİYET KÂRI YETERSİZ),0.0,10.915492957746482,17.53731343283581,Technology Services,Information Technology Services,-43.9737973836664,
ALHC,13.46,13.45,13.55,13.055,3981106.0,-0.5908419497784217,53585686.760000005,25.12,12.7,2792077113.035451,20.0439302828381,72.09426888055705,10.517925796267935,-14.512543664655436,0.9454794449430582,2026-09-08,6.0,12.19,25.12,33.65,86.6,2792.1,100.0,30.0,54.0,33.1,0.0,⚠️ SAHTE KÂR (FAALİYET KÂRI YETERSİZ),0.0,-0.222386953298735,0.0743494423791937,Health Services,Managed Health Care,1.20157410577217,
MTH,64.43,66.32,66.4399,64.31,835268.0,-4.307143918015731,53816317.24,85.38,58.03,4199167064.915788,6.37674950913184,13.465276181320403,0.8302133221727649,-21.798761985677864,1.535708474482784,2026-09-08,11.0,55.71,85.38,161.08,32.5,4199.2,90.0,55.0,15.4,53.7,0.0,⚠️ ELENDİ (ZOMBİ VEYA PRİMLİ),0.0,-11.485094106333287,-6.338130542229974,Finance,Real Estate Development,7.14153495630717,
VAC,102.41,105.51,106.97,101.42,526265.0,-3.948602513599707,53894798.65,131.34,44.58,3522424903.3134494,-14.7104162078837,15.0,1.7123571119837409,30.09400406504065,0.9521460080844616,2026-09-08,129.7,42.8,131.34,256.02,28.2,3522.4,20.0,55.0,10.0,33.3,0.0,🪤 DÜŞEN BIÇAK (RÖLATİF ÇÖKÜŞ),0.0,-19.22864579225492,-1.0531400966183608,Consumer Services,Other Consumer Services,10.4009296920395,
FLO,6.32,6.26,6.36,6.1,8528061.0,0.7974481658692298,53897345.52,14.715,6.1,1340202882.9090912,4.01074854148486,24.50562233423808,1.0126192871929296,-56.9188820722563,1.1091064767635397,2026-09-08,3.6,5.86,14.71,15.8,132.8,1340.2,100.0,40.0,59.6,42.8,0.0,⚠️ ELENDİ (ZOMBİ VEYA PRİMLİ),0.0,-12.827586206896548,-8.670520231213867,Consumer Non-Durables,Food: Specialty/Candy,6.2909198943476605,
OLED,82.3,82.67,83.0,81.25,660020.0,-0.0425092609461305,54319646.0,153.38,76.42,3783070479.792312,11.5130538457713,19.91434171364968,2.2594390606224244,-43.42476111913109,0.8950673789017314,2026-09-08,7.7,73.36,153.38,205.75,86.4,3783.1,100.0,40.0,23.0,31.3,0.0,⚠️ ELENDİ (ZOMBİ VEYA PRİMLİ),0.0,-7.163000564015802,0.3291478727294843,Electronic Technology,Electronic Production Equipment,34.4015896972853,
BTU,29.45,29.32,29.948,29.2,1847274.0,2.0797227036395074,54402219.3,41.1399,18.2001,3589955092.892547,-5.31575961244708,15.0,1.1050776912769409,54.91846396633349,0.8551137033008557,2026-09-08,61.8,17.47,41.14,73.62,39.7,3590.0,20.0,55.0,10.0,40.3,0.0,⚠️ SAHTE KÂR (FAALİYET KÂRI YETERSİZ),0.0,27.10401381096244,-0.674536256323775,Energy Minerals,Coal,-3.71238375426962,
GLOB,37.12,38.12,38.12,36.23,1465843.0,-5.136723741374917,54412092.16,72.1,27.56,1602825088.098134,5.35762749296413,14.574008637612875,0.7412041412385257,-41.01382488479263,1.5828967932540208,2026-09-08,34.7,26.46,72.1,92.8,94.2,1602.8,65.0,55.0,15.8,55.4,0.0,⚠️ ELENDİ (ZOMBİ VEYA PRİMLİ),0.0,1.171981466339601,-7.246376811594216,Technology Services,Information Technology Services,9.70509735573294,
MDA,30.14,29.68,30.39,29.39,1809863.0,2.10027100271003,54549270.82,49.37,15.0,4884590902.568069,6.67528128841123,53.757533902561526,3.144207204448195,3.89520854877628,1.404301662795751,2026-09-08,100.9,14.4,49.37,75.35,63.8,4884.6,20.0,30.0,49.0,59.7,0.0,⚠️ ELENDİ (ZOMBİ VEYA PRİMLİ),0.0,-11.819777647747218,6.238984843144165,Electronic Technology,Electronic Production Equipment,5.49262662962171,
BTE,4.89,4.96,5.07,4.88,11194614.0,0.6172839506172707,54741662.45999999,5.36,2.1835,3419088069.026746,12.0,15.0,2.2867188119611948,121.26696832579184,0.7311594196461858,2026-09-08,124.0,2.1,5.36,12.22,9.6,3419.1,20.0,70.0,10.0,28.7,0.0,⚠️ ELENDİ (ZOMBİ VEYA PRİMLİ),0.0,19.26829268292683,-1.212121212121222,Energy Minerals,Integrated Oil,10.0,
GRAL,79.1,80.19,81.71,78.8505,693539.0,-1.543440378391846,54858934.9,118.84,35.39,3533098874.522031,-16.1236588991779,15.0,1.3895320280984105,111.38428647781932,1.3690627767335188,2026-09-08,123.5,33.97,118.84,197.75,50.2,3533.1,20.0,55.0,13.7,47.9,0.0,⚠️ SAHTE KÂR (FAALİYET KÂRI YETERSİZ),0.0,21.692307692307686,0.1265822784810054,Health Technology,Medical Specialties,-323.016646194248,
PAGP,28.07,27.94,28.19,27.65,1955909.0,0.6453926138400851,54902365.63,28.7,16.685,5555168780.446755,-0.27266530334015,10.26325411334552,3.515931289659129,52.1409214092141,1.1203574816926731,2026-09-08,68.2,16.02,28.7,70.17,2.2,5555.2,20.0,55.0,50.1,42.4,0.0,⚠️ SAHTE KÂR (FAALİYET KÂRI YETERSİZ),0.0,11.56597774244833,-2.195121951219509,Industrial Services,Oil & Gas Pipelines,2.82872419939056,
NESR,34.18,35.0,35.4,34.0925,1472088.0,-1.6402877697841736,50315967.84,36.94,9.5128,3447113186.307914,9.43773689973819,37.54393673110721,3.3080279198330693,259.7894736842105,0.8718883973753938,2026-09-08,259.3,9.13,36.94,85.45,8.1,3447.1,20.0,30.0,10.0,30.5,0.0,⚠️ ELENDİ (ZOMBİ VEYA PRİMLİ),0.0,18.43381843381844,-2.342857142857144,Industrial Services,Oilfield Services/Equipment,9.33736484003175,
TNGX,22.7,22.5,23.08,22.26,2424926.0,0.7992895204262865,55045820.2,34.39,6.25,3827455404.64476,-21.3404905276993,15.0,3.730705514212837,229.9418604651163,1.2312205215233565,2026-09-08,263.2,6.0,34.39,56.75,51.5,3827.5,20.0,55.0,17.4,47.1,0.0,⚠️ SAHTE KÂR (FAALİYET KÂRI YETERSİZ),0.0,-20.9334726576106,0.4424778761061852,Health Technology,Biotechnology,-253.37942056456896,
CVI,46.12,45.0,46.28,44.88,1193784.0,3.6404494382022414,55057318.08,46.28,19.62,4636471341.439101,13.9253279515641,67.17157005534517,8.831374741732075,46.83221903852276,1.1620941571715937,2026-09-08,135.1,18.84,46.28,115.3,0.3,4636.5,20.0,45.0,65.6,58.9,0.0,⚠️ ELENDİ (ZOMBİ VEYA PRİMLİ),0.0,49.8375568551007,7.405682347461575,Energy Minerals,Oil Refining/Marketing,6.79886685552408,
ARR,16.23,16.37,16.47,16.22,3395945.0,-0.7339449541284464,55116187.35,19.31,13.98,2297405885.8550463,20.3313718066215,4.355760714956657,0.8581725735871085,2.268431001890367,1.139035447417586,2026-09-08,16.1,13.42,19.31,40.58,19.0,2297.4,90.0,85.0,11.4,39.9,0.0,NÖTR,0.0,-2.2877784467188382,0.6199628022318749,Finance,Real Estate Investment Trusts,114.365802521491,
STNG,82.12,82.41,82.41,80.61,673547.0,-0.2792956891317423,55311679.64,87.39,48.93,4112680569.199757,24.6193235920985,5.170112568939032,1.1679092887756692,46.66904804429363,1.0264621302289147,2026-09-08,67.8,46.97,87.39,205.3,6.4,4112.7,20.0,85.0,57.7,35.9,0.0,⚠️ ELENDİ (ZOMBİ VEYA PRİMLİ),0.0,7.51505629746008,3.5169544938863058,Transportation,Marine Shipping,46.7231597053982,
ADT,7.22,7.39,7.43,7.22,7664242.0,-3.2171581769437028,55335827.24,8.935,6.24,4879382580.1689005,17.2045837228042,9.997230684021048,1.5231424834395173,-17.391304347826093,1.1992911199005234,2026-09-08,15.7,5.99,8.94,18.05,23.8,4879.4,90.0,85.0,12.0,42.0,0.0,NÖTR,0.0,-5.744125326370763,-1.768707482993196,Commercial Services,Miscellaneous Commercial Services,25.188275639873904,
BOOT,152.6,154.82,154.955,151.35,363921.0,-1.0953399442608065,55534344.6,210.25,133.1797,4621466908.802903,19.1754184326974,19.307168703661528,3.406559479845602,-16.539050535987755,0.6771159909603998,2026-09-08,14.6,127.85,210.25,381.5,37.8,4621.5,90.0,70.0,10.0,23.7,0.0,NÖTR,0.0,-6.294135707706479,2.237706016347316,Retail Trade,Apparel/Footwear Retail,13.611148688584098,
WTM,2052.48,2083.32,2091.42,2050.01,27066.0,-2.4250174709649093,55552423.68,2333.0,1648.0,4898696881.665575,21.8941870664221,4.671144788692647,0.9091359284186568,14.984873949579832,1.3399938609606608,2026-09-08,24.5,1582.08,2333.0,5131.2,13.7,4898.7,90.0,85.0,13.4,46.9,0.0,NÖTR,0.0,-3.72983114446529,-2.626847261427516,Finance,Multi-Line Insurance,24.2432360032146,
MAN,57.21,60.54,60.65,56.73,978863.0,-7.696030977734747,56000752.23,63.88,25.15,2660583609.302033,5.08205916063111,25.79467063438388,1.2631551057762684,39.1970802919708,1.4567517093184588,2026-09-08,127.5,24.14,63.88,143.03,11.7,2660.6,20.0,40.0,14.6,51.0,0.0,⚠️ SAHTE KÂR (FAALİYET KÂRI YETERSİZ),0.0,4.018181818181819,-9.118347895154889,Commercial Services,Personnel Services,1.83832760803714,
EWTX,43.82,42.845,44.92,42.21,1286438.0,1.7413512885999536,56371713.16,48.4,13.685,4759033100.622707,-38.0316020471524,15.0,10.540064029325528,182.34536082474227,1.3297881632709176,2026-09-08,220.2,13.14,48.4,109.55,10.5,4759.0,20.0,55.0,26.5,55.2,0.0,⚠️ BİYOTEK TUZAĞI (FDA RİSKİ),0.0,-0.4090909090909084,5.361865833132956,Health Technology,Biotechnology,10.0,
STWD,15.88,16.05,16.12,15.865,3563254.0,-1.2437810945273478,56584473.52,20.84,15.485,5878282823.293532,3.37543657994518,26.675625734923567,0.9056178532180514,-22.536585365853657,0.9127023849469912,2026-09-08,2.6,14.87,20.84,39.7,31.2,5878.3,65.0,40.0,10.0,31.9,0.0,⚠️ ELENDİ (ZOMBİ VEYA PRİMLİ),0.0,-0.2512562814070298,1.2755102040816395,Finance,Real Estate Investment Trusts,73.3316085149412,
FRSH,12.1,12.6,12.6,12.005,4682154.0,-4.948939512961514,56654063.4,13.99,6.79,3157141301.69678,19.6954671019922,18.53553921568628,3.549323868469684,-6.346749226006194,1.2150629319355395,2026-09-08,78.2,6.52,13.99,30.25,15.6,3157.1,20.0,40.0,12.2,42.5,0.0,⚠️ SAHTE KÂR (FAALİYET KÂRI YETERSİZ),0.0,2.1959459459459443,-12.191582002902756,Technology Services,Packaged Software,4.12770448782344,
FIGS,13.68,14.14,14.1636,13.45,4141894.0,-5.131761442441055,56661109.92,17.48,6.5,2272798480.5436893,14.7622589689306,42.32673267326733,5.12614898057834,98.26086956521738,1.804851121245611,2026-09-08,110.5,6.24,17.48,34.2,27.8,2272.8,20.0,45.0,18.0,63.2,0.0,⚠️ ELENDİ (ZOMBİ VEYA PRİMLİ),0.0,-9.999999999999996,-10.295081967213116,Consumer Non-Durables,Apparel/Footwear,9.60288869673473,
YETI,40.74,40.56,41.005,40.28,1399255.0,-0.1959823615874529,57005648.7,53.99,31.655,2973563692.039196,25.3208387266717,17.731545961002787,4.878229851557645,12.200495731203524,0.9621872919666364,2026-09-08,28.7,30.39,53.99,101.85,32.5,2973.6,65.0,85.0,28.4,33.7,0.0,🪤 DÜŞEN BIÇAK (RÖLATİF ÇÖKÜŞ),0.0,-20.78553373517402,1.3180800795821963,Producer Manufacturing,Miscellaneous Manufacturing,12.1822171802645,
FIVN,31.23,32.6,33.0563,31.09,1828554.0,-6.131650135256995,57105741.42,35.18,13.29,2333615987.302073,7.91715512311765,45.58458619179682,2.973501276329958,16.704035874439455,1.2171167691373064,2026-09-08,135.0,12.76,35.18,78.08,12.6,2333.6,20.0,30.0,12.2,42.6,0.0,⚠️ ELENDİ (ZOMBİ VEYA PRİMLİ),0.0,13.770491803278691,-7.630878438331859,Technology Services,Packaged Software,6.04688020453917,
SGML,10.43,10.775,11.1,10.2,5271819.0,-15.81920903954803,54985072.17,24.48,4.615,1174087536.733918,-31.7634710388389,15.0,14.227052296625448,59.23664122137405,3.724815037012381,2026-09-08,126.0,4.43,24.48,26.07,134.7,1174.1,20.0,55.0,30.0,100.0,0.0,⚠️ ELENDİ (ZOMBİ VEYA PRİMLİ),0.0,-6.457399103139019,-16.02254428341385,Non-Energy Minerals,Other Metals/Minerals,24.042592097907,
ICUI,160.89,166.06,166.59,160.06,311288.0,-3.992123165055511,50083126.31999999,192.85,112.5,4023382099.921589,1.41010449132504,135.90978205778003,1.8697279893829104,22.2196900638104,1.378996886173218,2026-09-08,43.0,108.0,192.85,402.22,19.9,4023.4,20.0,30.0,13.8,48.3,0.0,⚠️ ELENDİ (ZOMBİ VEYA PRİMLİ),0.0,-11.768576912530852,-7.0698319182117535,Health Technology,Medical Specialties,6.675750832200899,
RAMP,37.74,37.7,37.78,37.7,1332808.0,-0.0264900662251602,50300173.92,38.2295,21.71,2294402511.2090063,16.0547763905114,15.591819871927289,2.3472747605145345,32.88732394366198,1.3715061430305209,2026-09-08,73.8,20.84,38.23,94.35,1.3,2294.4,20.0,85.0,13.7,48.0,0.0,⚠️ ELENDİ (ZOMBİ VEYA PRİMLİ),0.0,-0.1587301587301459,0.0530222693531366,Technology Services,Packaged Software,12.9236249314989,
KLIC,83.07,82.41,83.9666,81.51,529619.0,1.7827605219628724,43995450.33,135.8,35.02,4346979303.427311,13.2312231670728,38.14575010332001,4.767003863184062,116.15925058548008,0.8455471073060727,2026-09-08,137.2,33.62,135.8,207.67,63.5,4347.0,20.0,45.0,27.4,38.5,0.0,⚠️ ELENDİ (ZOMBİ VEYA PRİMLİ),0.0,-10.677419354838715,5.72737686139748,Producer Manufacturing,Industrial Machinery,13.0568619877859,
VOYG,35.41,34.03,36.59,34.03,1421002.0,4.331172657631111,50317680.81999999,52.4,17.41,2161038876.4655275,-31.1136603705008,15.0,6.452976733929973,20.606267029972745,1.4851530369142054,2026-09-08,103.4,16.71,52.4,88.52,48.0,2161.0,20.0,55.0,20.3,73.6,0.0,⚠️ SAHTE KÂR (FAALİYET KÂRI YETERSİZ),0.0,-9.065228556753985,7.303030303030293,Technology Services,Information Technology Services,-83.7737473454629,
PGNY,27.15,26.0,27.61,25.87,1854427.0,4.664610639938309,50347693.05,33.065,16.1,2083132635.6996915,16.2418063388755,29.49163588963719,4.635660953050913,19.86754966887417,1.891988843713121,2026-09-08,68.6,15.46,33.06,67.88,21.8,2083.1,20.0,70.0,51.9,89.5,0.0,⚠️ ELENDİ (ZOMBİ VEYA PRİMLİ),0.0,6.220657276995306,6.512357787367596,Commercial Services,Miscellaneous Commercial Services,8.55462920861421,
ACIW,51.98,51.95,52.24,50.77,969211.0,-1.831916902738444,50379587.78,61.08,38.0545,5247653761.000566,15.6173773684003,23.784031114161515,3.5153711259399625,2.342980901752309,1.3471485378419763,2026-09-08,36.6,36.53,61.08,129.95,17.5,5247.7,20.0,70.0,58.7,47.2,0.0,NÖTR,0.0,-4.903036955726308,-1.3100436681222798,Technology Services,Packaged Software,19.0194551930603,
BDC,122.05,123.07,123.51,121.12,413127.0,-0.1880929015374582,50422150.35,159.99,98.0,4769493023.424518,18.6437034488736,19.83069573977188,3.435777976395741,-6.108162166320494,1.0664586721998772,2026-09-08,24.5,94.08,159.99,305.12,31.1,4769.5,90.0,70.0,10.7,37.3,0.0,NÖTR,0.0,-6.115384615384617,8.027969552133115,Producer Manufacturing,Electrical Products,12.6687640254908,
CHPT,9.37,9.91,10.4299,9.3,5388793.0,-5.257836198179993,50492990.41,12.61,4.44,251587550.6976744,-1015.07668312971,15.0,2.0,-8.317025440313126,0.872287014786278,2026-09-08,111.0,4.26,12.61,23.42,34.6,251.6,20.0,55.0,10.0,30.5,0.0,⚠️ SAHTE KÂR (FAALİYET KÂRI YETERSİZ),0.0,57.74410774410772,70.36363636363636,Producer Manufacturing,Electrical Products,-39.111271275711,
KD,12.79,13.0,13.0,12.51,3953618.0,-2.73764258555134,50566774.22,33.9,10.1,2785895564.852472,7.55208333333333,35.65653749651519,2.622546104729605,-60.958485958485966,1.2045421537411791,2026-09-08,26.6,9.7,33.9,31.97,165.1,2785.9,65.0,30.0,22.0,42.2,0.0,⚠️ SAHTE KÂR (FAALİYET KÂRI YETERSİZ),0.0,-10.43417366946779,-3.68975903614458,Technology Services,Data Processing Services,3.96873120865905,
MGNI,23.7,23.91,24.09,23.455,2134726.0,-1.822700911350461,50593006.2,26.19,10.82,3399152596.516156,19.5794080035665,21.7032967032967,3.629447221405469,-4.876580373269115,0.937841136821654,2026-09-08,119.0,10.39,26.19,59.25,10.5,3399.2,20.0,70.0,10.0,32.8,0.0,⚠️ ELENDİ (ZOMBİ VEYA PRİMLİ),0.0,-3.970826580226906,1.195559350982056,Technology Services,Packaged Software,15.647185342109102,
SMG,57.53,58.9,59.45,57.15,881922.0,-3.262148982680339,50736972.66,75.34,52.0,3349412320.868169,12.0,50.341267063353165,2.0,-8.406304728546411,1.1909113275946674,2026-09-08,10.6,49.92,75.34,143.82,31.0,3349.4,90.0,45.0,11.9,41.7,0.0,NÖTR,0.0,-7.1947088240038735,-2.9357179011304235,Process Industries,Chemicals: Agricultural,15.032311614395,
CECO,79.13,74.19,80.98,73.91,641187.0,6.788124156545211,50737127.31,101.2399,42.82,4634630396.947908,-2.57852888230334,15.0,2.2278693989341813,66.58947368421052,1.0395337243282898,2026-09-08,84.8,41.11,101.24,197.82,27.9,4634.6,20.0,55.0,43.8,70.3,0.0,⚠️ ELENDİ (ZOMBİ VEYA PRİMLİ),0.0,12.400568181818166,12.193392882461357,Producer Manufacturing,Industrial Machinery,5.81805016098816,
AI,10.51,10.2,10.56,10.06,4831540.0,0.4780114722753243,50779485.4,20.22,7.675,1645731359.4646268,-59.7719786840907,15.0,2.0,-32.929164007657945,0.7953603033008109,2026-09-08,36.9,7.37,20.22,26.27,92.4,1645.7,20.0,55.0,64.0,30.2,0.0,⚠️ SAHTE KÂR (FAALİYET KÂRI YETERSİZ),0.0,4.785643070787642,0.3820439350525229,Technology Services,Packaged Software,-198.131094490967,
VERA,35.28,35.8,35.995,34.885,1442838.0,-1.6996377821120074,50903324.64,56.05,22.72,2542394564.816941,-91.7531833773765,15.0,6.225757837784421,47.0,0.6938418397731138,2026-09-08,55.3,21.81,56.05,88.2,58.9,2542.4,20.0,55.0,10.0,24.3,0.0,⚠️ BİYOTEK TUZAĞI (FDA RİSKİ),0.0,7.528192624199935,4.595315742662332,Health Technology,Biotechnology,10.0,
NTLA,12.74,12.83,12.89,12.425,4126950.0,0.0,52577343.0,28.25,7.95,1785214046.0000002,-55.4380887633138,15.0,2.451310508310212,3.661513425549236,1.3771019704142058,2026-09-08,60.3,7.63,28.25,31.85,121.7,1785.2,20.0,55.0,38.6,48.2,0.0,⚠️ SAHTE KÂR (FAALİYET KÂRI YETERSİZ),0.0,7.239057239057233,1.757188498402561,Health Technology,Biotechnology,-711.657647968272,
BC,71.95,74.33,74.5705,71.55,708895.0,-3.3319897890635546,51004995.25,90.25,58.56,4662175248.098885,-4.82741300890142,15.0,2.7791640336388936,6.608386427618918,1.0139248666219558,2026-09-08,22.9,56.22,90.25,179.88,25.4,4662.2,90.0,55.0,10.1,35.5,0.0,⚠️ ELENDİ (ZOMBİ VEYA PRİMLİ),0.0,-11.106992834198168,-3.810160427807479,Producer Manufacturing,Trucks/Construction/Farm Machinery,5.88465159239063,
BKH,74.19,73.2,74.76,73.1994,689063.0,1.3386149433137606,51121583.97,78.69,58.1,5657220631.510449,7.88970248697144,18.69896158886985,1.434665018577742,24.54255497733758,0.9098234786937238,2026-09-08,27.7,55.78,78.69,185.47,6.1,5657.2,65.0,40.0,28.0,38.5,0.0,⚠️ ELENDİ (ZOMBİ VEYA PRİMLİ),0.0,3.070297304806882,3.127606338615513,Utilities,Gas Distributors,23.8561238691719,
VNT,32.57,33.25,33.26,32.47,1572186.0,-2.192192192192183,51206098.02,48.2,27.2525,4403463799.493994,29.0690389675479,13.528556593977154,3.727512752167897,-25.1264367816092,1.37516837696848,2026-09-08,19.5,26.16,48.2,81.42,48.0,4403.5,90.0,100.0,13.8,48.1,0.0,NÖTR,0.0,-7.36632536973833,1.5590894917368257,Transportation,Other Transportation,19.1506697519799,
RXRX,3.44,3.58,3.59,3.43,14952426.0,-5.234159779614324,51436001.44,7.18,2.77,1844772573.5757573,-56.5803541587952,15.0,2.0080555717704747,-26.49572649572649,0.9776409203320902,2026-09-08,24.2,2.66,7.18,8.6,108.7,1844.8,100.0,55.0,10.0,34.2,0.0,⚠️ SAHTE KÂR (FAALİYET KÂRI YETERSİZ),0.0,5.712793091791886,2.994011976047907,Health Technology,Biotechnology,-991.72181204995,
ABM,50.6,45.81,50.95,45.77,1019461.0,7.545164718384707,51584726.6,50.95,36.962,2964194563.8299685,8.87259292431706,19.496031440240422,1.69537581221401,7.021996615905246,2.763418475358689,2026-09-08,36.9,35.48,50.95,126.5,0.7,2964.2,20.0,40.0,88.2,100.0,0.0,⚠️ SAHTE KÂR (FAALİYET KÂRI YETERSİZ),0.0,3.1600407747196826,8.51383229680463,Commercial Services,Miscellaneous Commercial Services,4.1257953340403,
BKD,12.09,11.74,12.255,11.7,4267104.0,2.718776550552254,51589287.36,17.09,7.29,2887300610.536109,-362.056960368567,15.0,2.0,56.809338521400775,0.9645986021460043,2026-09-08,65.8,7.0,17.09,30.23,41.4,2887.3,20.0,55.0,38.0,47.4,0.0,⚠️ ELENDİ (ZOMBİ VEYA PRİMLİ),0.0,-15.572625698324028,2.0253164556962044,Health Services,Hospital/Nursing Management,5.00052938721873,
PFSI,72.04,72.47,73.314,71.94,716446.0,-1.7055532814845134,51612769.84,160.36,70.665,3742591049.426116,9.37660182001404,9.899275830321686,0.862836537989361,-38.50093904729383,1.5060837546586483,2026-09-08,1.9,67.84,160.36,180.1,122.6,3742.6,65.0,55.0,15.1,52.7,0.0,⚠️ ELENDİ (ZOMBİ VEYA PRİMLİ),0.0,-6.3442537701508,-0.5247169290251249,Finance,Finance/Rental/Leasing,30.0747091617069,
MIR,16.92,17.07,17.315,16.84,3056720.0,-0.0590667454223154,51719702.400000006,30.277,14.11,4213717053.4908457,1.49022231683951,191.8367346938776,2.307770996010502,-26.43478260869564,0.8093010419202858,2026-09-08,19.9,13.55,30.28,42.3,79.0,4213.7,100.0,30.0,10.0,28.3,0.0,⚠️ ELENDİ (ZOMBİ VEYA PRİMLİ),0.0,11.609498680738795,10.878112712975112,Electronic Technology,Aerospace & Defense,6.82017757830032,
WEN,7.61,7.92,8.05,7.55,6805737.0,-5.230386052303849,51791658.57,10.12,6.07,1450998173.0809467,108.042253219344,11.53205031065313,12.042854203921443,-26.116504854368937,0.8983376204674931,2026-09-08,25.4,5.83,10.12,19.03,33.0,1451.0,65.0,85.0,10.0,31.4,0.0,NÖTR,0.0,7.485875706214693,-6.683016554261178,Consumer Services,Restaurants,13.0959868366718,
GO,11.75,12.29,12.445,11.7,4407936.0,-5.088852988691444,51793248.0,17.95,5.655,1164242833.2390952,-38.059832238131,15.0,1.4257320982650965,-35.19029233314947,1.6887885987950502,2026-09-08,107.8,5.43,17.95,29.38,52.8,1164.2,20.0,55.0,16.9,59.1,0.0,⚠️ SAHTE KÂR (FAALİYET KÂRI YETERSİZ),0.0,21.63561076604555,-3.5303776683087005,Retail Trade,Food Retail,4.47030871246945,
GNW,10.42,10.26,10.515,10.19,4976571.0,0.6763285024154617,51855869.82,10.69,7.84,3937208020.030918,2.30646266270838,19.779802581624903,0.4517052523523786,21.586931155192527,1.5587099384139047,2026-09-08,32.9,7.53,10.69,26.05,2.6,3937.2,65.0,40.0,44.7,57.9,0.0,⚠️ ELENDİ (ZOMBİ VEYA PRİMLİ),0.0,7.42268041237114,4.408817635270536,Finance,Multi-Line Insurance,7.23081328751432,
CRI,32.28,33.6,33.73,32.17,1616066.0,-3.785394932935905,52166610.48,44.44,27.15,1185037039.5326378,20.1784475541203,6.043246279135075,1.1535418523423546,12.827682628451596,1.1320780622809448,2026-09-08,18.9,26.06,44.44,80.7,37.7,1185.0,90.0,85.0,11.3,39.6,0.0,🪤 DÜŞEN BIÇAK (RÖLATİF ÇÖKÜŞ),0.0,-19.681512814132866,3.2299328429804977,Retail Trade,Apparel/Footwear Retail,8.91881915104249,
VSNT,38.25,38.38,39.04,37.57,1370732.0,-0.932400932400931,52430499.0,59.0,27.17,5308805458.158508,8.15249582682677,7.194176948540476,0.6560511586120736,-30.454545454545453,0.9714004472433868,2026-09-08,40.8,26.08,59.0,95.62,54.2,5308.8,20.0,55.0,10.0,34.0,0.0,⚠️ ELENDİ (ZOMBİ VEYA PRİMLİ),0.0,0.5256241787122282,-6.820950060901334,Consumer Services,Cable/Satellite TV,19.2913385826772,
TMDX,88.27,89.14,89.55,86.15,594496.0,-1.9004223160702467,52476161.92,156.0,60.105,3060775092.2157145,36.2849427258615,22.9624619546838,5.900479952940548,-15.40967896502156,0.9215339201944706,2026-09-08,46.9,57.7,156.0,220.67,76.7,3060.8,20.0,70.0,26.5,32.3,0.0,⚠️ ELENDİ (ZOMBİ VEYA PRİMLİ),0.0,8.975308641975303,2.83084808946877,Health Technology,Medical Specialties,12.2079142157889,
PEB,17.64,17.92,18.1,17.555,2977703.0,-2.163061564059903,52526680.92,19.93,9.99,1990545657.50416,-1.84485893930202,15.0,0.820330429469022,49.74533106960952,1.5188088657706773,2026-09-08,76.6,9.59,19.93,44.1,13.0,1990.5,20.0,55.0,15.2,53.2,0.0,⚠️ ELENDİ (ZOMBİ VEYA PRİMLİ),0.0,-4.078303425774878,-2.05441421432538,Finance,Real Estate Investment Trusts,7.44619100203327,
EPR,59.9,59.85,60.6,59.562,850792.0,-0.1500250041673669,50962440.8,64.97,48.105,4588874727.569594,11.3464130597574,19.220895905532025,1.9856107858112693,13.404013631200298,1.147005785234494,2026-09-08,24.5,46.18,64.97,149.75,8.5,4588.9,90.0,40.0,11.5,40.1,0.0,⚠️ ELENDİ (ZOMBİ VEYA PRİMLİ),0.0,-2.044153720359771,1.2166272389320698,Finance,Real Estate Investment Trusts,36.6355102452811,
SONO,14.49,15.23,15.23,14.26,2374192.0,-5.664062499999996,34402042.08,19.82,12.44,1714079671.3359375,14.1764590116562,32.561797752808985,4.3604651162790695,-1.7627118644067783,1.757491293015914,2026-09-08,16.5,11.94,19.82,36.23,36.8,1714.1,90.0,45.0,17.6,61.5,0.0,NÖTR,0.0,-5.664062499999995,-5.847953216374271,Consumer Durables,Electronics/Appliances,6.279070391613241,
OBDC,11.17,11.43,11.47,11.16,3081566.0,-2.017543859649127,34421092.22,14.31,10.52,5508402072.837719,3.9230928365854,19.62403373155305,0.783360497311187,-22.10599721059972,1.0406416307239594,2026-09-08,6.2,10.1,14.31,27.93,28.1,5508.4,90.0,40.0,10.4,36.4,0.0,⚠️ ELENDİ (ZOMBİ VEYA PRİMLİ),0.0,-0.7992895204262865,-2.6155187445510086,Finance,Financial Conglomerates,54.1230698169734,
BL,30.14,32.25,32.415,29.91,1143094.0,-7.856924487924183,34452853.160000004,59.57,24.7,1751895614.1192298,9.52533548062847,53.81181931797893,5.564920689725207,-43.61085126286249,1.2606093944179777,2026-09-08,22.0,23.71,59.57,75.35,97.6,1751.9,100.0,30.0,12.6,44.1,0.0,⚠️ ELENDİ (ZOMBİ VEYA PRİMLİ),0.0,-1.374345549738214,-7.885085574572122,Technology Services,Packaged Software,6.72047708506269,
TH,20.25,19.55,20.47,19.24,1702062.0,3.739754098360658,34466755.5,20.85,5.97,2017374316.8288927,-9.77021850308212,15.0,5.48697216682563,130.6378132118451,1.232801256281571,2026-09-08,239.2,5.73,20.85,50.62,3.0,2017.4,20.0,55.0,57.3,61.8,0.0,⚠️ SAHTE KÂR (FAALİYET KÂRI YETERSİZ),0.0,25.077208153180965,9.756097560975611,Consumer Services,Hotels/Resorts/Cruise lines,-9.4395568964326,
PECO,39.08,38.8,39.09,38.79,887118.0,0.3080082135523548,34668571.44,44.375,32.98,5514187751.236138,6.16173762673304,36.03836222796016,2.1138298453518187,8.43507214206437,1.2017680302864866,2026-09-08,18.5,31.66,44.38,97.7,13.6,5514.2,90.0,30.0,77.4,43.6,0.0,⚠️ ELENDİ (ZOMBİ VEYA PRİMLİ),0.0,-4.0275049115913575,1.1125485122897794,Finance,Real Estate Investment Trusts,28.91394076569369,
SFNC,23.21,23.45,23.56,23.19,1494909.0,-2.0261713803292545,34696837.89,24.32,17.0,3354164878.6720133,-9.94099190322268,15.0,0.9628504022524312,10.893454371715247,1.339726473038268,2026-09-08,36.5,16.32,24.32,58.03,4.8,3354.2,20.0,55.0,13.4,46.9,0.0,⚠️ SAHTE KÂR (FAALİYET KÂRI YETERSİZ),0.0,-1.1077971878994377,2.926829268292684,Finance,Major Banks,-273.8841558163211,
XRAY,10.99,11.24,11.28,10.935,3158045.0,-3.427065026362044,34706914.55,14.755,9.405,2190899183.3057995,-32.9809725158562,15.0,1.6204348781282576,-25.28891910265126,0.9135746405013516,2026-09-08,16.9,9.03,14.76,27.48,34.3,2190.9,90.0,55.0,10.0,32.0,0.0,🪤 DÜŞEN BIÇAK (RÖLATİF ÇÖKÜŞ),0.0,-17.739520958083826,-1.523297491039426,Health Technology,Medical Specialties,5.07823222618721,
WSC,19.87,20.03,20.19,19.82,1747448.0,-0.5505505505505477,34721791.760000005,29.77,14.91,3600264064.122122,-7.08267403639833,15.0,3.95051026595861,-15.69792108612643,0.6451642915914815,2026-09-08,33.3,14.31,29.77,49.68,49.8,3600.3,65.0,55.0,10.0,22.6,0.0,🪤 DÜŞEN BIÇAK (RÖLATİF ÇÖKÜŞ),0.0,-24.41993153290224,-3.0258662762322963,Finance,Finance/Rental/Leasing,20.552007746804,
NEOG,11.885,11.94,12.36,11.79,2922087.0,0.464919695688924,34729003.995,12.85,4.9,2592189827.079036,-0.37875640526263,15.0,1.2362578780884343,105.26770293609673,1.922853619328565,2026-09-08,142.6,4.7,12.85,29.71,8.1,2592.2,20.0,55.0,19.2,69.6,0.0,⚠️ SAHTE KÂR (FAALİYET KÂRI YETERSİZ),0.0,5.363475177304968,1.5811965811965856,Health Technology,Medical Specialties,-1.7283255589512598,
BHF,52.24,53.65,53.7154,51.92,665714.0,-2.500933184023882,34776899.36,66.8,44.51,3004404119.8178425,13.5973165344024,4.170159095081862,0.4586607825100632,20.646651270207865,0.8222486898581951,2026-09-08,17.4,42.73,66.8,130.6,27.9,3004.4,90.0,70.0,10.0,28.8,0.0,NÖTR,0.0,-15.864068287969078,-1.4525561214865046,Finance,Life/Health Insurance,16.9371806432221,
AMRX,17.05,17.27,17.395,16.98,2040122.0,-2.236238532110095,34784080.1,19.26,9.49,5444984372.368119,12.0,35.580133555926544,164.8617288725585,77.05088265835928,1.2518854630119116,2026-09-08,79.7,9.11,19.26,42.62,13.0,5445.0,20.0,45.0,12.5,43.8,0.0,⚠️ BİYOTEK TUZAĞI (FDA RİSKİ),0.0,-6.060606060606049,-2.959590210586224,Health Technology,Pharmaceuticals: Major,15.298818173769902,
VSTS,13.65,13.06,13.8007,13.05,2579054.0,2.94117647058824,35204087.1,16.9,3.98,1803985538.9705884,-0.602080005727601,15.0,2.055370011775087,198.6870897155361,2.452008570346358,2026-09-08,243.0,3.82,16.9,34.12,23.8,1804.0,20.0,55.0,66.4,100.0,0.0,⚠️ SAHTE KÂR (FAALİYET KÂRI YETERSİZ),0.0,-1.5861571737563005,9.200000000000005,Consumer Non-Durables,Apparel/Footwear,4.17682335502442,
QMCO,24.46,24.73,25.75,24.33,1442035.0,-1.091791346542659,35272176.1,27.7999,4.19,963968578.240194,12.0,15.0,2.0,228.3221476510068,1.5696987568657683,2026-09-08,483.8,4.02,27.8,61.15,13.7,964.0,20.0,55.0,15.7,54.9,0.0,⚠️ SAHTE KÂR (FAALİYET KÂRI YETERSİZ),0.0,105.89225589225587,2.5576519916142533,Electronic Technology,Computer Peripherals,-0.3917621868435449,
VSTM,8.08,8.2,8.54,7.89,4366259.0,-1.463414634146332,35279372.72,10.8213,3.43,731752565.6390245,-471.160595988006,15.0,14.626022735500689,-24.06015037593985,2.181289582237383,2026-09-08,135.6,3.29,10.82,20.2,33.9,731.8,20.0,55.0,21.8,76.3,0.0,⚠️ SAHTE KÂR (FAALİYET KÂRI YETERSİZ),0.0,21.50375939849624,12.37830319888734,Health Technology,Biotechnology,-182.569750702648,
KMT,30.47,31.02,31.15,30.2415,1432806.0,-1.773049645390073,43657598.82,43.81,20.35,2322393715.8156023,23.9951111193651,6.922325465161188,1.4792619322840783,38.87876025524155,0.995292939854355,2026-09-08,49.7,19.54,43.81,76.17,43.8,2322.4,20.0,85.0,10.0,34.8,0.0,⚠️ ELENDİ (ZOMBİ VEYA PRİMLİ),0.0,-11.32130384167637,2.282645182947297,Producer Manufacturing,Industrial Machinery,20.4437310168719,
BW,7.74,7.35,7.92,7.26,4564478.0,9.014084507042265,35329059.72,22.03,2.15,1152989528.425352,12.0,15.0,20.12428173994436,256.6820276497696,0.999858733266524,2026-09-08,260.0,2.06,22.03,19.35,184.6,1153.0,20.0,55.0,41.8,80.1,0.0,⚠️ SAHTE KÂR (FAALİYET KÂRI YETERSİZ),0.0,-20.04132231404958,5.882352941176479,Electronic Technology,Electronic Equipment/Instruments,4.00466272814613,
COLM,57.71,57.6,57.96,57.005,612636.0,-0.0173250173250138,35355223.56,69.06,47.47,2954359366.03569,12.6576344950075,14.964345909503436,1.8446203792994664,1.9611307420494688,1.0150096963682318,2026-09-08,21.6,45.57,69.06,144.28,19.7,2954.4,90.0,70.0,43.5,35.5,0.0,NÖTR,0.0,0.7506983240223458,1.6021126760563449,Consumer Non-Durables,Apparel/Footwear,7.641644094935731,
BH.A,1777.18,1952.21,1969.99,1763.44,19960.0,-7.8326530823924765,35472512.800000004,2513.0,1238.0,1128195130.0862353,-5.25102508750532,15.0,10.25878379283258,15.445527832091514,1.0952890498532115,2026-09-08,43.6,1188.48,2513.0,4442.95,41.4,1128.2,20.0,55.0,11.0,38.3,0.0,⚠️ ELENDİ (ZOMBİ VEYA PRİMLİ),0.0,-7.261275458819716,-9.727329987605907,Consumer Services,Restaurants,5.17415658313856,
CNS,78.18,79.55,80.875,77.44,453859.0,-2.1649355524965457,35482696.620000005,86.56,58.39,4020135531.113753,30.110853082095,24.005158437730287,6.820394532517701,7.286949361877318,2.117885264551919,2026-09-08,33.9,56.05,86.56,195.45,10.7,4020.1,65.0,85.0,21.2,74.1,0.0,NÖTR,0.0,-7.028184088476628,-2.3970037453183366,Finance,Investment Managers,33.5624672733768,
WSBC,40.52,41.12,41.39,40.48,876086.0,-1.9598354706024563,35499004.720000006,43.02,29.57,3886106892.508106,8.97967626046724,11.757878242702107,0.9997742365680012,25.293753865182435,1.0062886869106868,2026-09-08,37.0,28.39,43.02,101.3,6.2,3886.1,20.0,55.0,10.1,35.2,0.0,⚠️ ELENDİ (ZOMBİ VEYA PRİMLİ),0.0,-2.4319768841801057,1.4267834793491871,Finance,Regional Banks,44.145186873256286,
APLE,15.26,15.56,15.7,15.26,2329054.0,-2.179487179487179,35541364.04,17.28,10.85,3602622130.144871,5.52937544787701,20.58823529411765,1.1470225894298034,17.837837837837842,1.1160980010041297,2026-09-08,40.6,10.42,17.28,38.15,13.2,3602.6,20.0,40.0,11.2,39.1,0.0,⚠️ ELENDİ (ZOMBİ VEYA PRİMLİ),0.0,-5.976586568083799,-2.554278416347384,Finance,Real Estate Investment Trusts,17.814214553855,
PBI,16.99,17.14,17.22,16.9,2093551.0,-2.356321839080461,35569431.489999995,19.07,8.95,2329162875.8810344,12.0,13.841140529531566,2.0,35.91999999999999,1.4667122234297207,2026-09-08,89.8,8.59,19.07,42.47,12.2,2329.2,20.0,70.0,14.7,51.3,0.0,⚠️ ELENDİ (ZOMBİ VEYA PRİMLİ),0.0,-5.242610150585618,1.1309523809523674,Technology Services,Packaged Software,24.0031807764503,
SMR,11.18,9.97,11.37,9.895,53850294.0,15.257731958762893,602046286.92,57.42,7.21,4804306135.548453,-30.1869885047455,15.0,2.225726048559848,-67.98396334478808,1.5595862567970475,2026-09-08,55.1,6.92,57.42,27.95,413.6,4804.3,20.0,55.0,67.6,100.0,0.0,⚠️ SAHTE KÂR (FAALİYET KÂRI YETERSİZ),0.0,15.436241610738245,25.61797752808988,Producer Manufacturing,Electrical Products,-6853.966323666981,
INTR,5.62,5.78,5.82,5.61,6340788.0,-0.7067137809187285,35635228.56,10.36,5.04,2472829446.416961,15.5033206842782,8.616988653787182,1.220219161783257,-35.69794050343249,1.7282220658354424,2026-09-08,11.5,4.84,10.36,14.05,84.3,2472.8,100.0,85.0,17.3,60.5,0.0,NÖTR,0.0,-3.2702237521514546,3.690036900369007,Finance,Major Banks,19.237100392899947,
CLBK,11.63,11.66,11.745,11.54,3064464.0,-0.5982905982905856,35639716.32,12.0,6.20908497,3134809874.822222,5.01925402625384,44.7652040030793,2.2256754532684706,69.66859725604594,1.0645322922690814,2026-09-08,87.3,5.96,12.0,29.08,3.2,3134.8,20.0,30.0,10.6,37.3,0.0,⚠️ ELENDİ (ZOMBİ VEYA PRİMLİ),0.0,7.386888273314873,0.8673026886383471,Finance,Savings Banks,29.19209238993395,
HCC,105.58,105.03,107.055,103.77,337678.0,1.081857348013399,35652043.24,111.42,57.53,5574844064.300813,10.036828704424,25.392015392015388,2.4341911870659096,74.22442244224422,0.6420425928042053,2026-09-08,83.5,55.23,111.42,263.95,5.5,5574.8,20.0,40.0,13.6,27.9,0.0,⚠️ ELENDİ (ZOMBİ VEYA PRİMLİ),0.0,18.8963963963964,-2.2588409553786315,Energy Minerals,Coal,13.60963895576,
AZTA,30.82,30.82,31.655,30.655,1159909.0,-1.627832748164692,35748395.38,41.73,15.93,1350174742.4091923,-7.04116481032037,15.0,0.8931883520356116,2.188328912466844,1.3076086245809124,2026-09-08,93.5,15.29,41.73,77.05,35.4,1350.2,20.0,55.0,13.1,45.8,0.0,⚠️ SAHTE KÂR (FAALİYET KÂRI YETERSİZ),0.0,0.2602472348731355,-5.34398034398035,Health Services,Medical/Nursing Services,-2.56644189460205,
BELFB,247.76,245.43,252.2599,243.085,144334.0,1.628450715779974,35760191.84,335.285,129.9359,3488584411.70089,8.1667191735268,64.3098167471318,3.906614628928374,70.96329009108474,0.93498312827499,2026-09-08,90.7,124.74,335.29,619.4,35.3,3488.6,20.0,30.0,10.7,40.9,0.0,⚠️ ELENDİ (ZOMBİ VEYA PRİMLİ),0.0,-14.876657733800592,0.4622496147919821,Electronic Technology,Electronic Components,16.4770848844366,
FSM,12.16,12.28,12.43,12.145,2945854.0,-1.2185215272136505,35821584.64,13.85,7.69,3598841421.2879767,22.9591595370397,10.836769730050362,2.039193951707809,54.90445859872612,0.5367080008181103,2026-09-08,58.1,7.38,13.85,30.4,13.9,3598.8,20.0,85.0,10.0,18.8,0.0,⚠️ ELENDİ (ZOMBİ VEYA PRİMLİ),0.0,18.86608015640273,4.198800342759213,Non-Energy Minerals,Precious Metals,48.6178845518833,
EYE,17.0,16.71,17.11,16.4801,2075591.0,1.553166069295111,35285047.0,30.02,14.75,1344178303.1063323,5.75493955345029,27.47252747252747,1.4983201187374626,-27.996611605252014,0.9681372051713004,2026-09-08,15.3,14.16,30.02,42.5,76.6,1344.2,100.0,40.0,55.2,41.7,0.0,⚠️ SAHTE KÂR (FAALİYET KÂRI YETERSİZ),0.0,-24.24242424242425,-0.4100761570005874,Retail Trade,Specialty Stores,4.24716709631922,
ZIM,30.08,30.19,30.4,29.41,4411492.0,5.248425472358293,132697679.36,30.4,12.33,3625231391.9552135,3.56362327411099,26.17245279735491,0.9340495207717336,119.8830409356725,4.034861855006293,2026-09-08,144.0,11.84,30.4,75.2,1.1,3625.2,20.0,40.0,54.7,100.0,0.0,⚠️ ELENDİ (ZOMBİ VEYA PRİMLİ),0.0,13.896251419916693,9.941520467836254,Transportation,Marine Shipping,5.6731530803951,
HTFL,47.75,48.48,50.17,47.14,2805453.0,-2.3717031281946364,133960380.75,51.778,20.13,4152035750.199346,-154.233931386728,15.0,14.802850827564614,45.13898387513487,1.5974155086562525,2026-09-08,137.2,19.32,51.78,119.38,8.4,4152.0,20.0,55.0,16.0,55.9,0.0,⚠️ SAHTE KÂR (FAALİYET KÂRI YETERSİZ),0.0,73.3841684822077,-5.031821797931586,Technology Services,Packaged Software,-34.3138040787457,
GPRO,1.455,1.565,1.58,1.41,92327293.0,-14.411764705882346,134336211.315,3.05,0.5701,272292680.7088236,-497.152228557415,15.0,2.0,-2.999999999999995,0.6156474173258047,2026-09-08,155.2,0.55,3.05,3.64,109.6,272.3,20.0,55.0,10.0,21.5,0.0,⚠️ SAHTE KÂR (FAALİYET KÂRI YETERSİZ),0.0,100.68965517241382,7.777777777777776,Consumer Durables,Electronics/Appliances,-20.2543133013243,
LEU,185.53,176.49,191.205,175.0058,734162.0,6.693886940019561,136209075.86,464.25,142.13,3701853701.400944,8.05313408053134,84.65118401241045,4.378819193922474,-9.717761557177615,1.0912525826062398,2026-09-08,30.5,136.44,464.25,463.82,150.2,3701.9,65.0,30.0,31.9,71.7,0.0,⚠️ SAHTE KÂR (FAALİYET KÂRI YETERSİZ),0.0,1.2828911453215386,11.182357523820937,Non-Energy Minerals,Other Metals/Minerals,1.56151086727158,
ASO,44.71,45.15,45.43,44.425,3106314.0,-0.5117935024477012,138883298.94,62.445,41.29,2772841308.970628,18.848001006834,7.867323596691889,1.338730975258479,-12.33333333333333,1.4855972372406263,2026-09-08,8.3,39.64,62.45,111.78,39.7,2772.8,90.0,85.0,14.9,52.0,0.0,NÖTR,-79.2,-5.714888232813161,5.125793557488831,Retail Trade,Specialty Stores,8.42404502077471,
SIG,82.67,84.33,84.86,80.0,1680644.0,-3.0832356389214484,138938839.48,110.2,71.615,3251393076.389332,15.9329140461216,11.592394200297276,1.729917358623147,-11.23161172554493,2.432986765570216,2026-09-08,15.4,68.75,110.2,206.68,33.3,3251.4,90.0,70.0,31.2,85.2,0.0,NÖTR,0.0,-12.15598767399851,2.2131552917903146,Retail Trade,Specialty Stores,7.187646507266759,
GTX,27.99,27.96,28.38,27.685,5052817.0,0.0715051841258476,141428347.82999998,36.25,12.2644,5219950367.07222,12.0,15.314329485145263,2.0,112.85171102661594,1.603214248455236,2026-09-08,128.2,11.77,36.25,69.97,29.5,5220.0,20.0,70.0,16.0,56.5,0.0,⚠️ ELENDİ (ZOMBİ VEYA PRİMLİ),0.0,-8.139153265507058,4.362416107382543,Producer Manufacturing,Auto Parts: OEM,14.8108684070325,
M,22.45,23.21,23.375,22.33,6374472.0,-2.6030368763557545,143106896.4,26.585,16.41,5905202092.915401,14.3841515934539,9.2360225449459,1.2208398725758578,27.123442808607013,1.1875602678538162,2026-09-08,36.8,15.75,26.59,56.12,18.4,5905.2,20.0,55.0,11.9,41.6,0.0,⚠️ SAHTE KÂR (FAALİYET KÂRI YETERSİZ),0.0,-11.544523246650906,2.887259395050408,Retail Trade,Department Stores,3.8688380281690105,
UPST,26.98,27.76,27.83,26.915,5464868.0,-3.814616755793227,147442138.64000002,71.38,23.965,2625505999.066667,7.94130693163137,49.12600145666424,3.292010347015472,-59.731343283582085,1.544338841269133,2026-09-08,12.6,23.01,71.38,67.45,164.6,2625.5,100.0,30.0,15.4,54.1,0.0,⚠️ SAHTE KÂR (FAALİYET KÂRI YETERSİZ),0.0,-10.76566892674053,-3.711634546752317,Finance,Finance/Rental/Leasing,3.9888710289643794,
POET,8.31,8.0,8.75,8.0,17871254.0,4.924242424242432,148510120.74,20.81,3.87,1438112743.8484848,-16.886127027807,15.0,1.696648965166633,56.20300751879699,2.406463023351476,2026-09-08,114.7,3.72,20.81,20.78,150.4,1438.1,20.0,55.0,24.1,100.0,0.0,⚠️ SAHTE KÂR (FAALİYET KÂRI YETERSİZ),0.0,-7.563959955506115,15.41666666666667,Producer Manufacturing,Electrical Products,-3624.609941913271,
SEDG,36.43,35.04,37.4,34.95,4216031.0,6.5204678362573,153590009.33,81.25,28.21,2241382954.2622805,-58.4240422607057,15.0,5.4379708591635705,5.839628123184189,1.5723726753922018,2026-09-08,29.1,27.08,81.25,91.08,123.0,2241.4,65.0,55.0,30.3,87.6,0.0,⚠️ SAHTE KÂR (FAALİYET KÂRI YETERSİZ),0.0,6.8328445747800535,14.308126764982738,Producer Manufacturing,Electrical Products,-9.9682424353421,
CAKE,107.21,107.36,109.46,106.6,1442002.0,-0.3439300985313298,154597034.42,118.46,43.07,5334837400.010597,38.8335329914143,29.098360655737704,10.282985931271556,76.47736625514402,0.96271005843682,2026-09-08,148.9,41.35,118.46,268.02,10.5,5334.8,20.0,55.0,10.0,33.7,0.0,⚠️ ELENDİ (ZOMBİ VEYA PRİMLİ),0.0,0.6666666666666607,-1.1889400921659043,Consumer Services,Restaurants,6.98311947901219,
TARS,87.22,89.67,90.75,87.01,1818523.0,-3.9215686274509833,158611576.06,91.53,48.2,3827474824.7647057,-13.6826114604677,15.0,10.884852932183698,51.66058076856199,2.118149428223364,2026-09-08,81.0,46.27,91.53,218.05,4.9,3827.5,20.0,55.0,21.2,74.1,0.0,⚠️ SAHTE KÂR (FAALİYET KÂRI YETERSİZ),0.0,33.50681157201898,18.08827511508259,Health Technology,Pharmaceuticals: Major,-8.0047037014436,
SHAZ,57.63,56.77,60.04,55.19,2782709.0,3.021094029317134,160367519.67000002,97.48,16.55,2063355933.7068288,12.0,15.0,1.826248736789168,90.57539682539684,2.068667157310972,2026-09-08,248.2,15.89,97.48,144.08,69.1,2063.4,20.0,70.0,21.1,87.5,0.0,⚠️ ELENDİ (ZOMBİ VEYA PRİMLİ),0.0,5.607476635514023,9.68785687095547,Technology Services,Data Processing Services,10.0,
UAMY,5.44,5.28,5.62,5.28,6303731.0,4.615384615384619,34292296.64,19.71,4.355,814201439.7538462,-14.8739029203797,15.0,4.492081055639049,21.9730941704036,0.8476750477614137,2026-09-08,24.9,4.18,19.71,13.6,262.3,814.2,100.0,55.0,10.0,52.7,0.0,⚠️ SAHTE KÂR (FAALİYET KÂRI YETERSİZ),0.0,-18.44077961019489,14.76793248945148,Non-Energy Minerals,Other Metals/Minerals,-65.1848637227394,
KRMN,39.69,41.16,41.83,39.65,4103980.0,-0.7253626813406683,162886966.2,118.38,39.195,5260262757.505753,9.50274351051786,141.34615384615384,12.491777584041746,-37.11977186311787,1.6206280738378176,2026-09-08,1.3,37.63,118.38,99.22,198.3,5260.3,65.0,30.0,16.2,56.7,0.0,🪤 DÜŞEN BIÇAK (RÖLATİF ÇÖKÜŞ),0.0,-29.251336898395728,-2.0000000000000058,Electronic Technology,Aerospace & Defense,19.451040790295,
NVTS,12.0,12.19,12.63,11.98,13584496.0,1.6949152542372818,163013952.0,34.17,5.63,3133121754.9152546,-52.6010069823379,15.0,3.9093041438623928,112.01413427561836,1.105239307751346,2026-09-08,113.1,5.4,34.17,30.0,184.8,3133.1,20.0,55.0,11.1,47.2,0.0,⚠️ SAHTE KÂR (FAALİYET KÂRI YETERSİZ),0.0,-6.687402799377912,8.059432687978385,Electronic Technology,Semiconductors,-269.300670589845,
KEEL,3.73,3.54,3.9,3.52,43837795.0,7.492795389048985,163514975.35,7.37,1.62,2303547984.403458,-75.620643336011,15.0,6.998255126737838,189.14728682170545,1.2934437388333626,2026-09-08,130.2,1.56,7.37,9.32,97.6,2303.5,20.0,55.0,20.3,82.7,0.0,⚠️ SAHTE KÂR (FAALİYET KÂRI YETERSİZ),0.0,-6.982543640897751,22.69736842105263,Technology Services,Data Processing Services,-121.100356651355,
TE,5.06,4.78,5.29,4.75,32454793.0,10.0,164221252.57999998,12.49,1.7,1490051220.9,-123.159322807385,15.0,7.0366713485099215,152.99999999999997,1.6435855329417688,2026-09-08,197.6,1.63,12.49,12.65,146.8,1490.1,20.0,55.0,26.8,100.0,0.0,⚠️ SAHTE KÂR (FAALİYET KÂRI YETERSİZ),0.0,-12.758620689655178,16.859122401847564,Producer Manufacturing,Electrical Products,-16.9750544464509,
BEAM,26.83,26.76,27.3,25.035,6175869.0,-9.541469993256918,165698565.26999998,38.26,19.57,2771208072.84592,-8.08104982606166,15.0,2.595540661858032,29.052429052429048,4.617965538149833,2026-09-08,37.1,18.79,38.26,67.07,42.6,2771.2,20.0,55.0,70.9,100.0,0.0,⚠️ SAHTE KÂR (FAALİYET KÂRI YETERSİZ),0.0,-3.1757488271382264,-6.904927133934774,Health Technology,Biotechnology,-242.268721761143,
CHEF,108.86,114.638,115.15,107.81,1564266.0,-4.809373906960476,170285996.76,117.65,53.2,4441061460.32354,15.2520040167403,51.75922403955876,6.848935854298736,69.56386292834891,2.187899671367333,2026-09-08,104.6,51.07,117.65,272.15,8.1,4441.1,20.0,30.0,21.9,76.6,0.0,⚠️ SAHTE KÂR (FAALİYET KÂRI YETERSİZ),0.0,-0.6479875878433822,-3.54421407052986,Distribution Services,Food Distributors,4.14302064029971,
DYN,20.31,17.08,20.91,17.002,17153507.0,-16.350906095551903,348387727.17,27.305,11.92,3792820399.5,-81.5652687351405,15.0,4.79209481316493,42.97782470960929,10.598973524728343,2026-09-08,70.4,11.44,27.3,50.77,34.4,3792.8,20.0,55.0,78.5,100.0,0.0,⚠️ BİYOTEK TUZAĞI (FDA RİSKİ),0.0,-22.48091603053436,-18.72749099639856,Health Technology,Biotechnology,10.0,
PLUG,2.26,2.2,2.33,2.19,76244299.0,4.1474654377880125,172312115.73999998,4.58,1.41,3157661241.56682,-145.071258461238,15.0,5.42669163905297,53.74149659863945,1.443825586204732,2026-09-08,60.3,1.35,4.58,5.65,102.7,3157.7,20.0,55.0,14.4,71.3,0.0,⚠️ SAHTE KÂR (FAALİYET KÂRI YETERSİZ),0.0,5.85480093676815,7.1090047393364895,Electronic Technology,Electronic Production Equipment,-67.4990962078359,
HRI,146.27,149.99,153.425,144.61,1227421.0,3.7964802724950495,179534869.67000002,188.35,88.45,4890017554.189612,2.57826887661142,99.63217764457464,2.5848770818227496,5.946689844994936,2.887300751663921,2026-09-08,65.4,84.91,188.35,365.68,28.8,4890.0,20.0,30.0,28.9,100.0,0.0,⚠️ ELENDİ (ZOMBİ VEYA PRİMLİ),0.0,-13.597967983932886,-2.362993124624519,Finance,Finance/Rental/Leasing,13.1177924217463,
AEO,17.22,17.39,17.5,16.97,10931941.0,-0.9775733179988596,188248024.02,28.46,14.055,2885612705.268545,17.9812452086212,10.646058732612056,1.7540106951871657,-7.963655799037958,2.161559789329434,2026-09-08,22.5,13.49,28.46,43.05,65.3,2885.6,100.0,70.0,21.6,75.7,0.0,NÖTR,0.0,-2.9859154929577527,5.000000000000002,Retail Trade,Apparel/Footwear Retail,7.570073690382589,
INBX,114.34,117.22,120.1825,94.0001,1672164.0,-5.63670875629281,191195231.76,155.29,26.19,1682817213.0713873,-1773.59774098319,15.0,2.0,309.6739519885345,5.682889180255664,2026-09-08,336.6,25.14,155.29,285.85,35.8,1682.8,20.0,55.0,68.8,100.0,0.0,⚠️ BİYOTEK TUZAĞI (FDA RİSKİ),0.0,31.75846969347776,-8.513362137942071,Health Technology,Biotechnology,10.0,
ALM,19.12,17.72,19.45,17.46,10304749.0,8.821855435401256,197026800.88000005,24.41,4.32,5515751718.547525,39.5798640352166,77.97716150081567,14.176509405283568,347.7751756440282,1.8823632931641896,2026-09-08,342.6,4.15,24.41,47.8,27.7,5515.8,20.0,45.0,65.6,100.0,0.0,⚠️ ELENDİ (ZOMBİ VEYA PRİMLİ),0.0,37.65298776097912,10.937046707281704,Non-Energy Minerals,Other Metals/Minerals,5.26520780181653,
BRZE,30.31,31.575,31.575,29.67,6593800.0,-5.162703379224037,199858078.0,37.3273,15.26,3413865761.9771585,-23.121317224995,15.0,5.82485836619545,-5.957182748991618,2.560438013600556,2026-09-08,98.6,14.65,37.33,75.77,23.2,3413.9,20.0,55.0,25.6,89.6,0.0,⚠️ SAHTE KÂR (FAALİYET KÂRI YETERSİZ),0.0,14.89764973464746,-10.33870729182074,Technology Services,Internet Software/Services,-16.4257891406923,
EOSE,4.3,3.99,4.59,3.97,46673908.0,10.824742268041236,200697804.4,19.86,3.01,1565921393.7113402,12.0,15.0,2.0,-40.277777777777786,1.8721057715774163,2026-09-08,42.9,2.89,19.86,10.75,361.9,1565.9,20.0,55.0,23.2,100.0,0.0,⚠️ SAHTE KÂR (FAALİYET KÂRI YETERSİZ),0.0,6.041923551171396,37.16108452950559,Producer Manufacturing,Electrical Products,-158.780945446399,
ONDS,7.62,7.61,7.88,7.58,42897901.0,0.0,326882005.62,15.28,4.95,4354484373.999999,7.6644984051379,85.23489932885907,2.571587668528424,35.34635879218473,0.7187697837868546,2026-09-08,53.9,4.75,15.28,19.05,100.5,4354.5,20.0,30.0,10.0,25.2,0.0,⚠️ SAHTE KÂR (FAALİYET KÂRI YETERSİZ),0.0,-14.765100671140932,2.4882313382649697,Electronic Technology,Telecommunications Equipment,-127.283223541317,
WIX,72.72,75.16,75.215,69.27,2224828.0,-4.579451515549135,161789492.16,190.93,40.16,3043296344.203648,12.0,15.0,2.0,-51.68106312292359,1.436177069728269,2026-09-08,81.1,38.55,190.93,181.8,162.6,3043.3,20.0,55.0,25.6,50.3,0.0,⚠️ SAHTE KÂR (FAALİYET KÂRI YETERSİZ),0.0,14.646066530033105,-15.872281351226285,Technology Services,Packaged Software,-3.1386910575716795,
VISN,6.47,6.4,6.58,6.355,6266613.0,1.093749999999991,40544986.11,20.55,6.0003,1492152854.5031247,47.4029400678477,7.024972855591748,0.5764602843811337,-59.76368159203981,0.539739813840364,2026-09-08,7.8,5.76,20.55,16.18,217.6,1492.2,100.0,85.0,10.0,24.4,0.0,🪤 DÜŞEN BIÇAK (RÖLATİF ÇÖKÜŞ),0.0,-36.56862745098039,4.186795491143314,Electronic Technology,Telecommunications Equipment,12.324567379752,
VCYT,42.45,41.81,43.28,41.57,962011.0,-0.1881025158711457,40837366.95,60.91,29.455,3412586467.639314,8.77445908348854,30.119199659429547,2.457102008803892,32.24299065420561,0.7458460840931068,2026-09-08,44.1,28.28,60.91,106.12,43.5,3412.6,20.0,30.0,10.0,26.1,0.0,⚠️ ELENDİ (ZOMBİ VEYA PRİMLİ),0.0,-9.68085106382978,-1.2101466139166768,Health Technology,Medical Specialties,17.2233493504182,
FLG,13.5,13.66,13.66,13.465,3029660.0,-0.147928994082837,40900410.0,15.44,10.57,5603753455.029587,0.59124222454887,668.3168316831683,0.7371683561473288,4.16666666666666,0.7806069495625457,2026-09-08,27.7,10.15,15.44,33.75,14.4,5603.8,65.0,30.0,10.0,27.3,0.0,⚠️ ELENDİ (ZOMBİ VEYA PRİMLİ),0.0,-4.593639575971733,1.5801354401805934,Finance,Major Banks,5.645933014354067,
MDU,19.84,19.59,19.975,19.59,2066384.0,1.379662749105772,40997058.56,22.98,15.76,4173333157.445069,6.89082859236174,20.86444421074772,1.425843558227096,22.77227722772277,1.3220456139978232,2026-09-08,25.9,15.13,22.98,49.6,15.8,4173.3,65.0,40.0,34.1,53.2,0.0,⚠️ ELENDİ (ZOMBİ VEYA PRİMLİ),0.0,1.743589743589743,-0.7007007007007036,Utilities,Gas Distributors,16.983078331829,
SHOO,43.16,43.29,43.92,43.02,950970.0,-1.1904761904761978,41043865.2,49.7,29.99,3158323378.1071424,16.1621540212756,21.63842374410909,3.36092049974614,41.27659574468083,1.1172167713272954,2026-09-08,43.9,28.79,49.7,107.9,15.2,3158.3,20.0,70.0,11.2,39.1,0.0,NÖTR,0.0,-10.78958247209592,1.4813073124852938,Consumer Non-Durables,Apparel/Footwear,9.03436408060321,
MPT,3.99,4.0,4.01,3.945,10380680.0,-0.4987531172069719,41418913.2,6.47,3.8901,2382828185.0723195,-0.677289705254348,15.0,0.5292858223032291,-12.3076923076923,1.3595319901609335,2026-09-08,2.6,3.73,6.47,9.98,62.2,2382.8,65.0,55.0,40.5,47.6,0.0,⚠️ ELENDİ (ZOMBİ VEYA PRİMLİ),0.0,-13.44902386117137,1.5267175572519096,Finance,Real Estate Investment Trusts,57.345478663909,
SLGN,39.31,40.6,40.71,39.26,1059635.0,-4.541039339485181,41654251.85,49.55,35.68,4154360319.2234097,11.747678519816,15.449614840433895,1.7459897976632786,-12.87677304964538,0.9916982177443168,2026-09-08,10.2,34.25,49.55,98.28,26.0,4154.4,90.0,55.0,10.0,34.7,0.0,⚠️ ELENDİ (ZOMBİ VEYA PRİMLİ),0.0,-4.86447241045498,-4.749212503028836,Process Industries,Containers/Packaging,9.59068918772092,
SEZL,118.35,120.23,120.7205,117.0,352653.0,-1.8493945928014628,41736482.55,195.71,49.5,3985438026.525957,88.8405817041124,25.736093593702428,17.101785608489767,35.95634692705342,0.884062566980989,2026-09-08,139.1,47.52,195.71,295.88,65.4,3985.4,20.0,85.0,10.0,30.9,0.0,⚠️ ELENDİ (ZOMBİ VEYA PRİMLİ),0.0,-10.584768812330022,2.9130434782608647,Technology Services,Packaged Software,40.3854578134077,
SXI,271.63,276.05,277.11,270.49,153715.0,-1.5048226847487047,41753605.45,363.89,198.74,3292010228.997897,14.2855876817023,31.33710198431011,4.335536668508055,30.090996168582365,1.250208415513434,2026-09-08,36.7,190.79,363.89,679.08,34.0,3292.0,20.0,45.0,12.5,43.8,0.0,🪤 DÜŞEN BIÇAK (RÖLATİF ÇÖKÜŞ),0.0,-20.10177368591347,-4.654428024851694,Electronic Technology,Electronic Equipment/Instruments,17.131506723329,
KNF,61.43,61.64,62.5878,60.885,681266.0,-0.6469351447517363,41850170.38,96.28,58.72,3486977000.285784,9.12016772062648,25.029539991036145,2.171369592342414,-23.38488401097532,0.7538210499072586,2026-09-08,4.6,56.37,96.28,153.57,56.7,3487.0,100.0,40.0,10.0,26.4,0.0,⚠️ ELENDİ (ZOMBİ VEYA PRİMLİ),0.0,-8.898116565327015,-0.5343264248704636,Non-Energy Minerals,Construction Materials,8.96395654165413,
OZK,49.26,50.07,50.175,49.235,849831.0,-2.3200475907198133,41862675.06,53.41,42.37,5587655429.164783,11.329693173196,8.138651158179956,0.9044039847385956,-6.171428571428576,0.8874642776807639,2026-09-08,16.3,40.68,53.41,123.15,8.4,5587.7,90.0,55.0,10.0,31.1,0.0,⚠️ ELENDİ (ZOMBİ VEYA PRİMLİ),0.0,-3.976608187134501,0.4895960832313237,Finance,Regional Banks,51.54008299280212,
KBH,50.2,51.34,51.755,50.14,834232.0,-3.9234449760765497,41878446.400000006,68.41,44.025,3077748281.228708,6.94834749904589,12.187424132070891,0.8106142017347467,-25.70667455971584,1.0960153840918851,2026-09-08,14.0,42.26,68.41,125.5,36.3,3077.7,90.0,55.0,11.0,38.4,0.0,⚠️ ELENDİ (ZOMBİ VEYA PRİMLİ),0.0,-12.31441048034934,-5.283018867924523,Consumer Durables,Homebuilding,5.96493867156175,
DLB,62.32,61.64,62.41,60.68,672478.0,0.5810200129115549,41908828.96,73.01,48.26,5837439156.344739,8.71872759373049,26.426935798490373,2.2589040400745235,-14.816839803171126,0.6256066140643759,2026-09-08,29.1,46.33,73.01,155.8,17.2,5837.4,65.0,40.0,69.0,24.8,0.0,⚠️ ELENDİ (ZOMBİ VEYA PRİMLİ),0.0,1.3333333333333337,2.230971128608923,Technology Services,Packaged Software,19.3325974356797,
KAI,299.54,299.07,302.135,297.72,140552.0,0.2610791270585184,42100946.080000006,354.07,244.87,3537303116.8084755,11.2596679073194,32.2342509093257,3.457925152555521,-8.37794023185391,0.9619272490846252,2026-09-08,22.3,235.08,354.07,748.85,18.2,3537.3,90.0,30.0,10.0,35.0,0.0,⚠️ ELENDİ (ZOMBİ VEYA PRİMLİ),0.0,-10.19367991845056,1.6423481506617008,Producer Manufacturing,Industrial Machinery,15.5435355261593,
TRIP,9.085,9.19,9.2788,8.97,3947309.0,-2.573726541554944,35861302.265,20.16,8.97,1064755989.7731909,0.837533927879023,899.5049504950496,1.6059323157420258,-48.35133598635588,1.4528161908860604,2026-09-08,1.3,8.61,20.16,22.71,121.9,1064.8,65.0,30.0,14.5,50.8,0.0,⚠️ SAHTE KÂR (FAALİYET KÂRI YETERSİZ),0.0,-14.85473289597,-3.1449893390191885,Consumer Services,Other Consumer Services,4.95442599116479,
VRDN,23.17,22.38,23.835,22.2201,1829318.0,1.0907504363001743,42385298.06,34.29,13.18,2624981831.808464,-62.6191531905279,15.0,4.651396221869794,23.804434945231108,1.857084571385992,2026-09-08,75.8,12.65,34.29,57.93,48.0,2625.0,20.0,55.0,30.9,70.5,0.0,⚠️ SAHTE KÂR (FAALİYET KÂRI YETERSİZ),0.0,0.8268059181897357,0.6516072980017469,Health Technology,Pharmaceuticals: Major,-569.683805024815,
KFY,82.04,84.71,84.71,81.54,516654.0,-3.8781487990626697,42386294.16,87.51,58.95,4476008232.306035,14.2763518797039,15.654994752409122,2.088840388049715,12.275899822088428,1.3006615914446258,2026-09-08,39.2,56.59,87.51,205.1,6.7,4476.0,20.0,70.0,13.0,45.5,0.0,NÖTR,0.0,-1.2993262752646757,-4.1364804860948725,Commercial Services,Personnel Services,13.100035016186098,
BLSH,35.53,35.9,35.97,34.57,1197198.0,-1.3055555555555522,42536444.940000005,74.98,20.55,5340237176.85639,-55.7258066802243,15.0,2.2112493029554687,-31.8042226487524,0.7893969022647592,2026-09-08,72.9,19.73,74.98,88.83,111.0,5340.2,20.0,55.0,33.9,27.6,0.0,⚠️ ELENDİ (ZOMBİ VEYA PRİMLİ),0.0,52.03252032520325,8.65443425076452,Technology Services,Packaged Software,18.0882394505508,
REZI,19.64,19.8,19.87,19.34,2171429.0,-1.2072434607645797,42646865.56,31.50191285,18.58536347,2982282448.9517097,15.1957295373665,8.688727658821447,1.1789755758761429,-20.81816911903467,1.0468062302891847,2026-09-08,5.7,17.84,31.5,49.1,60.4,2982.3,100.0,85.0,19.7,36.6,0.0,🪤 DÜŞEN BIÇAK (RÖLATİF ÇÖKÜŞ),0.0,-23.57976653696498,0.6147540983606609,Distribution Services,Electronics Distributors,8.33768949294302,
CNR,100.17,100.0,101.0955,97.5,427254.0,0.552097972294717,42798033.18,114.8,71.83,4972064018.198355,2.67490803066815,50.56792367105861,1.3427345754086146,32.64036016949154,0.9283583497039384,2026-09-08,39.5,68.96,114.8,250.43,14.6,4972.1,20.0,30.0,43.2,35.3,0.0,⚠️ SAHTE KÂR (FAALİYET KÂRI YETERSİZ),0.0,14.388489208633104,-2.7947598253275068,Energy Minerals,Coal,-1.32491862398426,
DV,13.35,13.36,13.36,13.35,3210849.0,-0.074850299401196,42864834.15,14.15,7.64,2069084335.0935628,5.38887095925089,37.052456286427976,1.8898828272647088,-11.000000000000002,1.6256577616328345,2026-09-08,74.7,7.33,14.15,33.38,6.0,2069.1,20.0,30.0,16.3,56.9,0.0,⚠️ ELENDİ (ZOMBİ VEYA PRİMLİ),0.0,0.907029478458044,-0.074850299401196,Technology Services,Packaged Software,12.6866652012232,
TDC,27.76,27.75,27.9399,27.2,1549584.0,-1.033868092691619,43016451.84,41.7799,20.33,2581679929.7340465,119.115734720416,5.845810432328848,4.372314554641332,31.93916349809887,0.8276847379522314,2026-09-08,36.5,19.52,41.78,69.4,50.5,2581.7,20.0,70.0,44.2,29.0,0.0,NÖTR,0.0,1.2399708242159002,-2.9031129765652266,Technology Services,Packaged Software,7.924305144884681,
NVAX,10.19,10.099,10.3599,9.75,4228856.0,-0.2935420743640032,43092042.64,11.97,6.2,1680796976.1369858,12.0,15.0,2.0,29.64376590330788,0.7273627426303467,2026-09-08,64.4,5.95,11.97,25.47,17.5,1680.8,20.0,55.0,38.3,25.5,0.0,⚠️ SAHTE KÂR (FAALİYET KÂRI YETERSİZ),0.0,31.48387096774193,10.760869565217396,Health Technology,Biotechnology,-28.8202399249872,
STUB,6.11,6.56,6.59,6.045,7078907.0,-7.424242424242414,43252121.77,27.89,5.74,2334569657.451515,-102.253840659393,15.0,1.4301965759549078,-75.8974358974359,1.2016162332592664,2026-09-08,6.4,5.51,27.89,15.28,356.5,2334.6,100.0,55.0,12.0,42.1,0.0,⚠️ SAHTE KÂR (FAALİYET KÂRI YETERSİZ),0.0,-32.486187845303874,-3.0158730158730083,Technology Services,Internet Software/Services,-64.5398494835001,
CLBT,11.45,11.33,11.53,11.15,3783411.0,0.0,43320055.95,19.98,9.58,2856085884.0,12.3075297672502,49.374730487279,5.307757206033691,-31.231231231231227,1.658060704811798,2026-09-08,19.5,9.2,19.98,28.62,74.5,2856.1,100.0,45.0,57.1,58.0,0.0,🪤 DÜŞEN BIÇAK (RÖLATİF ÇÖKÜŞ),0.0,-27.66898294377764,-3.619528619528632,Technology Services,Packaged Software,11.3556774498385,
SLG,52.8,55.56,55.99,52.76,825825.0,-4.967602591792666,43603560.0,66.29,34.77,4033756784.708423,-4.42569714863409,15.0,1.2623114213124549,-12.000000000000004,1.1513509421398838,2026-09-08,51.9,33.38,66.29,132.0,25.5,4033.8,20.0,55.0,11.5,40.3,0.0,⚠️ ELENDİ (ZOMBİ VEYA PRİMLİ),0.0,-4.503526858383075,-5.10424155283969,Finance,Real Estate Investment Trusts,11.1519513564185,
SLM,26.28,26.78,26.86,26.25,1660548.0,-2.9542097488921613,43639201.440000005,31.06,17.77,4939246107.053177,30.3326256542732,7.356810928839371,2.22128494741353,-15.634028892455852,0.9231744787133438,2026-09-08,47.9,17.06,31.06,65.7,18.2,4939.2,20.0,100.0,10.0,32.3,0.0,⚠️ ELENDİ (ZOMBİ VEYA PRİMLİ),0.0,-3.9473684210526256,1.3107170393215106,Finance,Finance/Rental/Leasing,42.4341926915002,
DFTX,38.23,38.0,39.26,37.695,1494237.0,0.3675505381989851,57124680.51,49.7,8.7732,5136848848.280913,-64.0868995790911,15.0,5.591519260977543,313.29729729729723,0.9239793796060632,2026-09-08,335.8,8.42,49.7,95.57,30.0,5136.8,20.0,55.0,10.0,34.2,0.0,⚠️ BİYOTEK TUZAĞI (FDA RİSKİ),0.0,-17.429805615550755,-2.9202640934484654,Health Technology,Pharmaceuticals: Major,10.0,
CVLT,133.36,135.68,135.68,131.33,327816.0,-2.2323228620651645,43717541.760000005,198.1799,71.75,5527046605.875737,32.774298807553,85.05102040816327,106.14791938616322,-25.60941596474592,0.7141352446883066,2026-09-08,85.9,68.88,198.18,333.4,48.6,5527.0,20.0,60.0,10.0,25.0,0.0,⚠️ ELENDİ (ZOMBİ VEYA PRİMLİ),0.0,-2.656934306569333,-1.009501187648445,Technology Services,Packaged Software,9.00996263497837,
BBAI,2.92,2.93,2.98,2.88,15038534.0,0.0,43912519.28,9.39,2.59,1400123997.0,-16.5537953502547,15.0,1.817581993489073,-41.48296593186373,0.9549414815900894,2026-09-08,12.7,2.49,9.39,7.3,221.6,1400.1,100.0,55.0,10.0,33.4,0.0,⚠️ SAHTE KÂR (FAALİYET KÂRI YETERSİZ),0.0,-5.501618122977344,-3.947368421052635,Technology Services,Packaged Software,-71.1654903629195,
PSNL,16.6,17.2,17.35,16.46,2548523.0,-3.488372093023244,42305481.8,18.89,4.955,1772877976.1511629,-50.3199605624545,15.0,7.508458323533137,214.3939393939393,0.8092840379381058,2026-09-08,235.0,4.76,18.89,41.5,13.8,1772.9,20.0,55.0,10.0,28.3,0.0,⚠️ SAHTE KÂR (FAALİYET KÂRI YETERSİZ),0.0,25.37764350453173,-2.35294117647058,Health Services,Medical/Nursing Services,-164.074408991086,
BFH,108.2,109.57,110.84,107.185,352415.0,-2.408225850094707,38131303.0,114.53,53.83,4156965069.724903,17.3939672331955,8.45860987984396,1.2443804491960404,63.09918601145613,0.8459453601127815,2026-09-08,101.0,51.68,114.53,270.5,5.9,4157.0,20.0,85.0,10.0,29.6,0.0,⚠️ ELENDİ (ZOMBİ VEYA PRİMLİ),0.0,-1.2052593133674152,5.048543689320391,Finance,Finance/Rental/Leasing,17.26055092241597,
XMTR,92.45,92.56,95.38,91.95,412534.0,-0.0864584459094329,38138768.3,106.08,35.86,5299564327.157138,-7.12043215761042,15.0,8.862018987438843,84.82606957217112,0.8023814664184837,2026-09-08,157.8,34.43,106.08,231.12,14.7,5299.6,20.0,55.0,10.0,28.1,0.0,⚠️ SAHTE KÂR (FAALİYET KÂRI YETERSİZ),0.0,5.11654349061967,2.437673130193909,Technology Services,Information Technology Services,-3.75787431070758,
LIVN,80.7,81.44,81.83,80.155,472956.0,-1.489257812499999,38167549.2,85.76,48.82,4446046131.694336,15.4023366927257,23.94516645896386,3.3521502361458992,38.80288957688339,0.7660656729994715,2026-09-08,65.3,46.87,85.76,201.75,6.3,4446.0,20.0,70.0,10.0,26.8,0.0,⚠️ ELENDİ (ZOMBİ VEYA PRİMLİ),0.0,6.986610102081393,1.4201332160362068,Health Technology,Medical Specialties,15.0091947117835,
NUTX,190.66,193.0,196.5,185.53,201950.0,-1.335127302835858,38503787.0,204.0,80.53,1305634635.2650588,57.1561996677076,7.54240774732578,3.3091123296629825,126.97619047619048,1.2718239510994869,2026-09-08,136.8,77.31,204.0,476.65,7.0,1305.6,20.0,100.0,12.7,44.5,0.0,⚠️ ELENDİ (ZOMBİ VEYA PRİMLİ),0.0,15.726858877086492,0.3526501394810187,Health Services,Medical/Nursing Services,43.0210695389267,
INSP,62.14,64.03,64.12,61.61,621534.0,-1.4901712111604275,38622122.76,147.03,38.91,1796490791.158846,17.9649274043565,13.495200451722193,2.175791639413832,-26.9714420025855,1.4387344459092062,2026-09-08,59.7,37.35,147.03,155.35,136.6,1796.5,20.0,70.0,14.4,50.4,0.0,⚠️ ELENDİ (ZOMBİ VEYA PRİMLİ),0.0,5.950554134697361,-1.3650793650793642,Health Technology,Medical Specialties,6.02208420214033,
WYFI,20.57,20.0,21.16,19.6,1879684.0,5.271238485158655,38665099.88,46.8699,10.5101,799105821.2415558,-13.7709352089862,15.0,298.2456140350877,24.29003021148036,0.7569229421161036,2026-09-08,95.7,10.09,46.87,51.42,127.9,799.1,20.0,55.0,24.6,52.8,0.0,⚠️ SAHTE KÂR (FAALİYET KÂRI YETERSİZ),0.0,-20.271317829457363,12.588943623426385,Technology Services,Data Processing Services,-37.1282760267232,
GVA,119.08,118.76,119.57,117.09,324768.0,-0.1844090528080459,38673373.44,162.08,97.26,5211478116.309472,-18.1660548962928,15.0,6.923207512505727,10.18784121402795,0.8158819226162244,2026-09-08,22.4,93.37,162.08,297.7,36.1,5211.5,90.0,55.0,50.5,28.6,0.0,⚠️ ELENDİ (ZOMBİ VEYA PRİMLİ),0.0,-4.214929214929212,-0.3681392235609084,Industrial Services,Engineering & Construction,6.15752722104282,
HOG,27.18,28.38,28.39,27.07,1424088.0,-3.95759717314488,38706711.84,31.25,17.09,2828690739.2035336,6.31666883567755,16.810984661058882,0.9150030197119524,-10.237780713342143,0.8605419084902864,2026-09-08,59.0,16.41,31.25,67.95,15.0,2828.7,20.0,55.0,10.0,30.1,0.0,⚠️ ELENDİ (ZOMBİ VEYA PRİMLİ),0.0,5.02318392581144,-1.0196649672250588,Consumer Durables,Motor Vehicles,6.24462832996371,
BRUN,18.82,18.35,19.37,17.75,2062739.0,6.689342403628117,38820747.98,42.0,10.29,1577965487.2165532,-65.3572920098377,15.0,14.4485816283444,81.83574879227055,0.9046379547455384,2026-09-08,82.9,9.88,42.0,47.05,123.2,1578.0,20.0,55.0,31.5,65.1,0.0,⚠️ SAHTE KÂR (FAALİYET KÂRI YETERSİZ),0.0,1.6747703943814083,12.02380952380952,Technology Services,Packaged Software,-47.1024022095189,
SPSC,79.0,81.23,81.915,77.83,492809.0,-4.819277108433735,38931911.0,114.87,49.04,2844013863.072289,8.26188314969003,38.12925334234278,3.04680039677826,-28.29263864936008,1.2537193673717353,2026-09-08,61.1,47.08,114.87,197.5,45.4,2844.0,20.0,30.0,12.5,43.9,0.0,⚠️ ELENDİ (ZOMBİ VEYA PRİMLİ),0.0,9.206524744263197,-6.938390858758393,Technology Services,Packaged Software,15.832267518628,
INVX,29.8,30.72,30.815,29.59,1314309.0,-0.897904888593281,39166408.2,33.71,16.3,2084087688.313934,5.99361651993231,33.6685120325387,1.9390664631297567,76.95961995249407,1.734885492797562,2026-09-08,82.8,15.65,33.71,74.5,13.1,2084.1,20.0,30.0,17.3,60.7,0.0,⚠️ ELENDİ (ZOMBİ VEYA PRİMLİ),0.0,4.745166959578213,-3.7156704361873945,Industrial Services,Oilfield Services/Equipment,11.1833340183594,
LFST,12.8,12.61,12.905,12.485,3072999.0,0.5498821681068365,39334387.2,13.15,4.77,4890311543.25216,3.42926580164679,98.46153846153848,3.31035053508713,137.91821561338293,0.8814999490978793,2026-09-08,168.3,4.58,13.15,32.0,2.7,4890.3,20.0,30.0,43.8,33.6,0.0,⚠️ ELENDİ (ZOMBİ VEYA PRİMLİ),0.0,17.43119266055046,4.319478402607996,Health Services,Medical/Nursing Services,5.07012090856203,
AAMI,92.15,93.71,94.65,91.77,427219.0,-1.5281042957896906,39368230.85,98.52,41.47,3270415318.596923,200.395256916996,32.51243693328159,35.547994614758494,105.3710719857366,1.0377392864013617,2026-09-08,122.2,39.81,98.52,230.38,6.9,3270.4,20.0,75.0,10.4,36.3,0.0,⚠️ ELENDİ (ZOMBİ VEYA PRİMLİ),0.0,0.097762328915928,-1.4438502673796731,Finance,Investment Managers,26.6043165467626,
ESAB,74.74,75.16,75.485,73.7358,526934.0,-0.3732338043188498,39383047.16,137.42,73.205,4646421801.391362,8.57984628207602,26.9226612874176,1.962511668331852,-36.41313595371789,0.7383039133046979,2026-09-08,2.1,70.28,137.42,186.85,83.9,4646.4,65.0,40.0,17.8,25.8,0.0,🪤 DÜŞEN BIÇAK (RÖLATİF ÇÖKÜŞ),0.0,-20.497819380916933,-0.1002472766156557,Producer Manufacturing,Industrial Machinery,14.1529718809282,
MMYT,53.9,55.06,55.27,52.88,751565.0,-3.0924128011506635,40509353.5,103.235,32.67,5069761674.960445,12.0,162.05652435357786,2.0,-46.34146341463415,1.953504124747288,2026-09-08,65.0,31.36,103.23,134.75,91.5,5069.8,20.0,45.0,19.5,68.4,0.0,⚠️ ELENDİ (ZOMBİ VEYA PRİMLİ),0.0,-10.301214844400072,-5.818626594443471,Technology Services,Internet Software/Services,14.9457351771055,
PENN,16.95,16.94,17.115,16.749,2327577.0,-0.7029876977152958,39452430.15,22.36,11.65,2272428648.5676627,-37.3984410442529,15.0,1.2189868529211456,-17.114914425427873,0.96326475984214,2026-09-08,45.5,11.18,22.36,42.38,31.9,2272.4,20.0,55.0,16.5,33.7,0.0,🪤 DÜŞEN BIÇAK (RÖLATİF ÇÖKÜŞ),0.0,-16.005946481665017,1.0733452593917694,Consumer Services,Casinos/Gaming,6.02513966480447,
AMLX,33.88,33.49,34.72,33.1,1166454.0,-0.6451612903225773,39519461.52,41.14,10.83,4252381817.058065,-74.7300046186653,15.0,15.77626389386877,232.48282630029445,0.5565226501961908,2026-09-08,212.8,10.4,41.14,84.7,21.4,4252.4,20.0,55.0,10.0,19.5,0.0,⚠️ BİYOTEK TUZAĞI (FDA RİSKİ),0.0,40.05787515502274,1.1645267243953434,Health Technology,Pharmaceuticals: Major,10.0,
STNE,10.02,10.25,10.401,10.0,3951476.0,-0.8902077151335298,39593789.52,19.95,9.08,2437146751.317508,34.180599463206,4.050939963614312,1.3295102174585125,-42.64453348597596,0.5063527830152189,2026-09-08,10.4,8.72,19.95,25.05,99.1,2437.1,100.0,55.0,10.0,17.7,0.0,⚠️ SAHTE KÂR (FAALİYET KÂRI YETERSİZ),0.0,-9.89208633093525,4.266389177939648,Commercial Services,Miscellaneous Commercial Services,-130.086433436487,
RCUS,29.06,29.21,29.5,28.79,1363506.0,-2.02292650033716,39623484.36,31.735,11.16,3700307829.98112,-90.8193484698914,15.0,7.953929613470771,138.001638001638,1.388912685295773,2026-09-08,160.4,10.71,31.73,72.65,9.2,3700.3,20.0,55.0,13.9,48.6,0.0,⚠️ SAHTE KÂR (FAALİYET KÂRI YETERSİZ),0.0,0.2760524499654875,-0.4112405757368094,Health Technology,Biotechnology,-415.38461538461496,
CSW,302.96,310.44,313.33,301.83,130973.0,-1.7830512870388382,39679580.08,355.4825,230.45,4936274850.965442,11.0722529586341,41.52696867932287,4.5999399044027545,13.762156884833455,1.0228637655081714,2026-09-08,31.5,221.23,355.48,757.4,17.3,4936.3,65.0,30.0,10.2,35.8,0.0,⚠️ ELENDİ (ZOMBİ VEYA PRİMLİ),0.0,-13.239210744866696,-0.8508967142296187,Process Industries,Industrial Specialties,18.1727548901161,
ROAD,103.1,103.67,105.085,102.63,385187.0,-1.5093618647306195,39712779.7,151.0,93.42,5851497650.177684,15.0480659576445,40.56180659375246,5.594555862264314,-16.233344166395845,0.6885492820934321,2026-09-08,10.4,89.68,151.0,257.75,46.5,5851.5,90.0,60.0,10.0,24.1,0.0,NÖTR,0.0,-6.44283121597097,-1.8095238095238149,Industrial Services,Engineering & Construction,8.78852720524726,
EEFT,71.88,73.36,73.7,71.71,552754.0,-2.6148218398591068,39731957.52,91.58,62.5,2688570317.106625,22.3427331887202,11.28627056902399,2.1857498113163945,-21.23602892833663,0.8921178668409734,2026-09-08,15.0,60.0,91.58,179.7,27.4,2688.6,90.0,85.0,10.0,31.2,0.0,NÖTR,0.0,-1.5207562679819149,4.189012900420352,Commercial Services,Miscellaneous Commercial Services,11.5507703561469,
WAY,24.24,25.0,25.04,24.1375,1650400.0,-3.310729956122864,40005696.0,40.975,17.26,4647981846.414041,3.76529706055634,34.51516445963263,1.16707350540927,-36.92427790788447,0.6905141744937352,2026-09-08,40.4,16.57,40.98,60.6,69.1,4648.0,20.0,30.0,10.0,24.2,0.0,⚠️ ELENDİ (ZOMBİ VEYA PRİMLİ),0.0,-0.0412371134020683,-6.40926640926641,Technology Services,Packaged Software,25.363823122289496,
SG,6.95,7.29,7.36,6.61,5756256.0,1.6081871345029288,40005979.2,10.63,4.49,827337168.1067252,3.06896586558374,69.5,1.7691365849809215,-21.73423423423424,1.384964582718095,2026-09-08,54.8,4.31,10.63,17.38,52.9,827.3,20.0,30.0,13.8,56.5,0.0,⚠️ SAHTE KÂR (FAALİYET KÂRI YETERSİZ),0.0,27.99263351749541,0.8708272859216328,Consumer Services,Restaurants,-17.9061853704328,
CBZ,54.65,54.67,54.785,54.63,732268.0,-0.3646308113035603,40018446.2,58.165,24.29,2965520842.7292614,6.96594694879076,25.58520599250936,1.579166673890668,-8.351500922354527,0.7184803618559836,2026-09-08,125.0,23.32,58.16,136.62,6.4,2965.5,20.0,40.0,10.0,25.1,0.0,⚠️ ELENDİ (ZOMBİ VEYA PRİMLİ),0.0,0.3673094582185413,0.0915750915750863,Commercial Services,Miscellaneous Commercial Services,10.8962058580563,
EBC,21.74,22.05,22.09,21.725,1844517.0,-2.248201438848921,40099799.58,23.775,16.615,4967841065.719424,9.4417984951874,12.324263038548752,1.1615996734269916,25.59214326978625,1.0492666691923924,2026-09-08,30.8,15.95,23.77,54.35,9.3,4967.8,65.0,55.0,10.5,36.7,0.0,⚠️ ELENDİ (ZOMBİ VEYA PRİMLİ),0.0,-5.065502183406115,-0.4578754578754644,Finance,Regional Banks,35.93844099805189,
FHI,61.45,62.09,62.67,61.2831,653564.0,-1.5224358974358907,40161507.8,67.2,46.6601,4587874519.158654,33.2300854108615,11.425330953443405,3.675058998302715,16.360537776936187,1.2317568013268123,2026-09-08,31.7,44.79,67.2,153.62,9.4,4587.9,65.0,100.0,12.3,43.1,0.0,NÖTR,0.0,-2.040490993145216,-2.8304870335230854,Finance,Investment Managers,27.9822193427636,
MIDD,108.63,111.19,112.85,108.47,369844.0,-2.791946308724836,40176153.72,148.545,89.1447162,4912503582.557315,-9.85490120975381,15.0,2.222902050500782,-6.641496682479419,0.8528743149337644,2026-09-08,21.9,85.58,148.54,271.57,36.7,4912.5,90.0,55.0,10.0,29.9,0.0,🪤 DÜŞEN BIÇAK (RÖLATİF ÇÖKÜŞ),0.0,-18.769161743812155,-1.9142212189616288,Producer Manufacturing,Industrial Machinery,17.098646946574,
ACAD,27.58,27.63,28.09,27.1001,1457671.0,-1.570306923625986,40202566.18,30.96,19.69,4752186083.718772,35.7431290221518,12.421185372005043,3.6333839214198393,9.792993630573235,1.0628950798798644,2026-09-08,40.1,18.9,30.96,68.95,12.3,4752.2,20.0,70.0,10.6,37.2,0.0,⚠️ BİYOTEK TUZAĞI (FDA RİSKİ),0.0,-3.46517325866294,-4.368932038834957,Health Technology,Pharmaceuticals: Major,7.58508154004372,
COLD,13.98,14.2,14.245,13.81,2882046.0,-1.6877637130801704,40291003.08,16.88,10.1,3991018308.236286,-16.5000468510827,15.0,1.6526541767938037,1.6727272727272755,0.8313943336447599,2026-09-08,38.4,9.7,16.88,34.95,20.7,3991.0,20.0,55.0,10.0,29.1,0.0,⚠️ ELENDİ (ZOMBİ VEYA PRİMLİ),0.0,-3.2525951557093347,-6.2374245472837,Finance,Real Estate Investment Trusts,6.417393086790281,
ENVA,225.79,227.4,228.485,224.84,174720.0,-2.077370110157004,39450028.8,267.4499,103.02,5621803174.204571,26.0809653681655,16.741927112297482,3.753218760342379,88.07996668054977,0.6659150729602349,2026-09-08,119.2,98.9,267.45,564.48,18.5,5621.8,20.0,100.0,10.0,23.3,0.0,⚠️ ELENDİ (ZOMBİ VEYA PRİMLİ),0.0,-11.454901960784316,-0.3134657836644626,Finance,Finance/Rental/Leasing,24.1373676852175,
UEC,11.89,11.6,12.26,11.4801,7919390.0,3.0329289428076383,94161547.1,20.34,8.905,5884032524.840555,-8.95953070359461,15.0,4.126366056214363,5.501330967169485,0.8905499724841593,2026-09-08,33.5,8.55,20.34,29.73,71.1,5884.0,65.0,55.0,12.5,46.3,0.0,⚠️ SAHTE KÂR (FAALİYET KÂRI YETERSİZ),0.0,7.40740740740741,2.500000000000008,Non-Energy Minerals,Other Metals/Minerals,-629.317326732673,
ACI,12.14,12.52,12.57,12.055,7765576.0,-3.266932270916336,94274092.64,20.0,10.86,5891853888.691632,2.71655985114741,162.2994652406417,3.678654109547532,-36.30640083945435,1.3189667154011222,2026-09-08,11.8,10.43,20.0,30.35,64.7,5891.9,100.0,30.0,13.2,46.2,0.0,⚠️ SAHTE KÂR (FAALİYET KÂRI YETERSİZ),0.0,1.5050167224080242,-2.096774193548385,Retail Trade,Food Retail,1.96399758269827,
CCC,7.08,7.525,7.5328,6.99,13454282.0,-5.72569906790945,95256316.56,9.9,4.08,4170082531.6218367,2.16700461357651,100.42553191489364,2.3479939243999017,-27.82874617737004,1.902694933968084,2026-09-08,73.5,3.92,9.9,17.7,39.8,4170.1,20.0,30.0,19.0,66.6,0.0,⚠️ ELENDİ (ZOMBİ VEYA PRİMLİ),0.0,7.92682926829269,-3.934871099050204,Technology Services,Packaged Software,15.4880011508825,
PRIM,75.45,75.55,77.26,74.925,1262857.0,1.3704151551793575,95282560.65,205.5,65.0,4061649224.600968,8.8903704368773,29.69186572744087,2.5284056065258,-35.929008152173914,1.1621199136197748,2026-09-08,16.1,62.4,205.5,188.62,172.4,4061.6,100.0,40.0,11.6,47.5,0.0,⚠️ SAHTE KÂR (FAALİYET KÂRI YETERSİZ),0.0,-8.964768339768332,5.731502242152471,Industrial Services,Engineering & Construction,3.02873800386644,
RLAY,19.11,18.775,19.28,18.3141,5029434.0,0.3676470588235309,96112483.74,21.27,3.865,4187796789.981618,-36.7735511520139,15.0,4.6922304422875305,362.7118644067797,1.9539060160232888,2026-09-08,394.4,3.71,21.27,47.77,11.3,4187.8,20.0,55.0,64.9,70.2,0.0,⚠️ SAHTE KÂR (FAALİYET KÂRI YETERSİZ),0.0,-0.010464629552108,5.289256198347113,Health Technology,Biotechnology,-2999.37198067633,
RNG,70.19,72.07,72.07,69.3175,1373049.0,-4.360267066357818,96374309.31,77.95,24.14,5861297579.468455,12.0,55.90156100669002,2.0,120.3767660910518,0.9552709139988392,2026-09-08,190.8,23.17,77.95,175.47,11.1,5861.3,20.0,45.0,10.0,33.4,0.0,⚠️ ELENDİ (ZOMBİ VEYA PRİMLİ),0.0,11.41269841269841,0.2571061276960328,Technology Services,Packaged Software,7.43283984120116,
NAMS,25.63,24.02,26.19,23.24,3801422.0,0.9055118110236238,97430445.86,42.205,23.05,3063737631.7830706,-36.8111926997225,15.0,4.775586560534239,-3.863465866466621,3.766152732887059,2026-09-08,11.2,22.13,42.2,64.08,64.7,3063.7,100.0,55.0,73.4,100.0,0.0,⚠️ SAHTE KÂR (FAALİYET KÂRI YETERSİZ),0.0,-8.627450980392164,1.4246141669964365,Health Technology,Pharmaceuticals: Major,-3432.20053363292,
DNN,3.35,3.42,3.48,3.33,29137323.0,-2.0467836257309897,97610032.05,4.43,2.2,3032473885.3177967,-66.8238032882293,15.0,14.908586776341648,41.94915254237289,1.0846862743249843,2026-09-08,52.3,2.11,4.43,8.38,32.2,3032.5,20.0,55.0,10.8,38.0,0.0,⚠️ SAHTE KÂR (FAALİYET KÂRI YETERSİZ),0.0,6.012658227848099,1.823708206686932,Non-Energy Minerals,Other Metals/Minerals,-2100.65966283899,
PTEN,12.66,12.725,13.045,12.63,7816794.0,1.932367149758456,98960612.04,13.305,5.1,4828332707.603865,-2.785530021401,15.0,1.5575710749454972,121.71628721541155,0.882197285074369,2026-09-08,148.2,4.9,13.3,31.65,5.1,4828.3,20.0,55.0,10.0,40.5,0.0,⚠️ SAHTE KÂR (FAALİYET KÂRI YETERSİZ),0.0,27.87878787878788,-0.7448059584476725,Energy Minerals,Oil & Gas Production,-0.709771803260443,
RHI,39.21,41.94,42.15,38.91,2545834.0,-7.914513856270544,99822151.14,46.699,21.83,4013607592.4330673,9.11105316487648,34.12532637075718,3.323461553457637,6.664853101196961,1.2157678272626062,2026-09-08,79.6,20.96,46.7,98.03,19.1,4013.6,20.0,30.0,12.2,42.6,0.0,⚠️ SAHTE KÂR (FAALİYET KÂRI YETERSİZ),0.0,-4.167175852376875,-13.672391017173052,Commercial Services,Personnel Services,0.201212831072657,
G,35.35,36.79,36.91,35.3,2829921.0,-5.278670953912108,100037707.35,48.64,26.85,5940016294.800375,22.4468583474849,10.529921658574365,2.2803376834994507,-21.636000886721344,1.4374712275498696,2026-09-08,31.7,25.78,48.64,88.38,37.6,5940.0,65.0,85.0,14.4,50.3,0.0,NÖTR,0.0,0.7553085364115735,-7.0226196738558695,Commercial Services,Miscellaneous Commercial Services,16.0680523916373,
FLNC,11.04,10.66,11.37,10.62,9146798.0,6.666666666666663,100980649.92,33.51,6.6024,2037944005.3333333,-20.7196058386306,15.0,4.2341678939617085,45.64643799472294,1.6738249716118725,2026-09-08,67.2,6.34,33.51,27.6,203.5,2037.9,20.0,55.0,25.1,91.9,0.0,⚠️ SAHTE KÂR (FAALİYET KÂRI YETERSİZ),0.0,-17.42707554225879,4.328104328104312,Producer Manufacturing,Electrical Products,-3.7398209025998304,
ATRC,53.73,54.31,55.72,51.735,1880222.0,4.289596273291913,101024328.06,55.72,25.36,2733046047.6620727,2.15144088634797,248.17551963048496,5.291818216737037,51.82254874258264,2.405619067346694,2026-09-08,111.9,24.35,55.72,134.32,3.7,2733.0,20.0,30.0,24.1,100.0,0.0,⚠️ SAHTE KÂR (FAALİYET KÂRI YETERSİZ),0.0,36.19771863117869,10.943629981416471,Health Technology,Medical Specialties,2.43845918872515,
BBWI,18.9,19.65,19.73,18.69,5359331.0,-3.126601742696068,101291355.9,28.36,14.275,3811096392.808816,12.0,4.910238757112052,2.0,-36.12706995606624,0.6814407562637722,2026-09-08,32.4,13.7,28.36,47.25,50.1,3811.1,65.0,70.0,10.0,23.9,0.0,NÖTR,0.0,-6.435643564356439,0.6925945657964785,Retail Trade,Specialty Stores,14.8682385575589,
HP,43.71,44.94,45.56,43.64,1321213.0,-1.46528403967538,57750220.23,48.17,19.91,4368331212.83724,-5.22621458655978,15.0,1.6969821205404718,116.27906976744184,0.9083266027626828,2026-09-08,119.5,19.11,48.17,109.28,10.2,4368.3,20.0,55.0,10.0,31.8,0.0,⚠️ SAHTE KÂR (FAALİYET KÂRI YETERSİZ),0.0,19.13327882256747,-1.6647919010123775,Industrial Services,Contract Drilling,2.67805841453136,
NUAI,6.6,5.6,6.71,5.6,15409009.0,21.99630314232901,101699459.4,9.445,0.3599,703291583.7338263,-77.9011692822402,15.0,5.071539442745393,1930.7692307692307,3.086363136078811,2026-09-08,1733.8,0.35,9.45,16.5,43.2,703.3,20.0,55.0,86.1,100.0,0.0,⚠️ SAHTE KÂR (FAALİYET KÂRI YETERSİZ),0.0,24.06015037593984,43.79084967320261,Industrial Services,Engineering & Construction,-3824.7550545834,
FRVO,18.9,18.62,19.2748,17.84,5461888.0,4.074889867841401,103229683.2,42.65,14.6,5571024342.621146,12.0,15.0,1.9940410877968904,-47.50000000000001,0.5732485567185086,2026-09-08,29.5,14.02,42.65,47.25,125.7,5571.0,65.0,70.0,39.2,40.4,0.0,🪤 DÜŞEN BIÇAK (RÖLATİF ÇÖKÜŞ),0.0,-18.674698795180724,14.754098360655735,Utilities,Alternative Power Generation,10.0,
HRB,45.89,48.67,49.0187,45.85,2280872.0,-6.461475743986958,104669216.08,58.67,28.16,5656673343.616184,707.453097139313,8.020063265698457,48.501823178143,-9.86053820467491,1.6691549277118758,2026-09-08,63.0,27.03,58.67,114.72,27.8,5656.7,20.0,100.0,16.7,58.4,0.0,⚠️ ELENDİ (ZOMBİ VEYA PRİMLİ),0.0,0.3937869175235172,-11.800884105323853,Consumer Services,Other Consumer Services,23.9451491765584,
TREX,45.78,45.87,46.4,45.51,2307496.0,0.328731097961864,105637166.88,62.45,29.77,4663388443.648914,17.7409722618187,27.05034270857953,4.616832175427521,-28.913043478260875,1.8289353208088888,2026-09-08,53.8,28.58,62.45,114.45,36.4,4663.4,20.0,70.0,18.3,65.7,0.0,⚠️ ELENDİ (ZOMBİ VEYA PRİMLİ),0.0,-5.879934210526314,1.755945765725715,Non-Energy Minerals,Forest Products,20.1669847130752,
MTN,132.99,135.7,137.4,132.25,797535.0,-1.4596917605216353,106064179.65,163.34,118.51,4738902838.58269,21.0392909414817,30.213326669241432,8.58908780903666,-15.620836241355246,1.5242983518232007,2026-09-08,12.2,113.77,163.34,332.48,22.8,4738.9,90.0,60.0,15.2,53.4,0.0,NÖTR,0.0,-9.61054849452864,-2.2276135862373185,Consumer Services,Hotels/Resorts/Cruise lines,16.1432494238767,
CRGY,14.19,14.25,14.4,14.05,7479234.0,3.0501089324618733,106130330.46,14.535,7.68,4688428467.962962,1.13592440283054,15.0,0.9098696815263752,60.70215175537939,1.564509622845117,2026-09-08,84.8,7.37,14.54,35.48,2.5,4688.4,20.0,55.0,15.6,70.0,0.0,⚠️ ELENDİ (ZOMBİ VEYA PRİMLİ),0.0,27.26457399103138,1.3571428571428537,Energy Minerals,Integrated Oil,24.6725653859809,
CVCO,548.04,561.41,564.48,546.03,194368.0,-3.205637683463164,106521438.72,713.005,443.335,4214099685.867005,16.6584759581635,23.84493223399395,3.804982232793623,0.5707155047437311,2.177975740258285,2026-09-08,23.6,425.6,713.0,1370.1,30.1,4214.1,90.0,70.0,21.8,76.2,0.0,NÖTR,0.0,-6.196083801177606,-0.2112163146394904,Consumer Durables,Homebuilding,9.6172234851304,
BB,7.87,7.71,8.005,7.53,13600750.0,2.207792207792207,107037902.5,13.59,3.1201,4612610799.641918,8.11825120808079,80.94384430806382,6.156088219106491,102.83505154639175,1.4443853317504312,2026-09-08,152.2,3.0,13.59,19.68,72.7,4612.6,20.0,30.0,44.7,61.6,0.0,⚠️ ELENDİ (ZOMBİ VEYA PRİMLİ),0.0,-12.45828698553949,-1.992528019925271,Technology Services,Packaged Software,13.235635137979198,
ARQT,24.39,24.84,25.13,24.09,4560261.0,2.0502092050209293,111224765.79,31.77,16.57,3065626932.9740586,15.8635861750563,117.76919362626752,13.886911912909309,40.90121317157714,2.981423265695511,2026-09-08,47.2,15.91,31.77,60.98,30.3,3065.6,20.0,45.0,29.8,100.0,0.0,⚠️ BİYOTEK TUZAĞI (FDA RİSKİ),0.0,-8.480300187617253,2.522068095838594,Health Technology,Pharmaceuticals: Major,7.382414366105511,
BULL,9.57,9.935,10.01,9.45,11703276.0,-1.7453798767967137,112000351.32,16.04,4.5,5069845194.02464,4.74634414724858,116.84981684981685,4.858361254949741,-25.409197194076384,0.6299958751665833,2026-09-08,112.7,4.32,16.04,23.93,67.6,5069.8,20.0,30.0,10.0,22.0,0.0,⚠️ ELENDİ (ZOMBİ VEYA PRİMLİ),0.0,30.648464163822524,2.79269602577873,Technology Services,Packaged Software,12.4378606947845,
CE,44.53,45.2,45.7,44.32,2522358.0,-0.3134094470561911,112320601.74,70.7,35.13,4887119736.167003,-24.5684634120513,15.0,1.172813688813786,-6.918896321070238,1.8700563509910448,2026-09-08,26.8,33.72,70.7,111.33,58.8,4887.1,65.0,55.0,18.7,65.5,0.0,⚠️ ELENDİ (ZOMBİ VEYA PRİMLİ),0.0,0.9064128710627658,-1.678074630161179,Process Industries,Chemicals: Specialty,8.74176276771005,
TENB,33.7,33.68,34.55,32.84,3409844.0,-1.605839416058386,114911742.8,43.67,15.725,3711717464.735767,2.45566365202569,583.044982698962,18.759637276568267,8.60457621656462,0.6348343433836056,2026-09-08,114.3,15.1,43.67,84.25,29.6,3711.7,20.0,30.0,10.0,22.2,0.0,⚠️ SAHTE KÂR (FAALİYET KÂRI YETERSİZ),0.0,-6.232609905397871,-9.554482018250123,Technology Services,Packaged Software,4.20405945537254,
RELY,24.83,25.96,26.05,24.695,4682950.0,-5.1203668322506815,116277648.5,27.479,12.08,5256115014.158196,32.2455689645147,17.871023463365482,4.664154572674779,26.5545361875637,1.3205274733133157,2026-09-08,105.5,11.6,27.48,62.07,10.7,5256.1,20.0,85.0,13.2,46.2,0.0,⚠️ ELENDİ (ZOMBİ VEYA PRİMLİ),0.0,-4.0571870170015485,-5.409523809523816,Commercial Services,Miscellaneous Commercial Services,10.3629528483463,
VAL,85.51,87.61,89.325,85.3,1362283.0,-1.4180308969333524,116488819.33,114.12,46.7,5937455648.384599,33.8570193139768,6.384726235542714,1.8399238296064,70.54248105305146,1.6305414774687903,2026-09-08,83.1,44.83,114.12,213.78,33.5,5937.5,20.0,85.0,16.3,57.1,0.0,⚠️ ELENDİ (ZOMBİ VEYA PRİMLİ),0.0,11.051948051948058,-2.441528807758129,Industrial Services,Contract Drilling,12.0877578706201,
FND,47.92,49.57,50.135,47.565,2557638.0,-4.598845311566784,122562012.96,92.405,42.64,5102999188.674498,9.6935086016998,22.35804600382588,2.052178083834387,-44.86884491486424,1.0834990619713196,2026-09-08,12.4,40.93,92.41,119.8,92.8,5103.0,100.0,40.0,10.8,37.9,0.0,🪤 DÜŞEN BIÇAK (RÖLATİF ÇÖKÜŞ),0.0,-21.13232389730085,-4.370385152664134,Retail Trade,Home Improvement Chains,6.5571446338576,
CROX,114.35,117.02,117.3,114.04,887937.0,-2.7056921637028903,101535595.95,141.28,73.205,5482519381.950992,42.2996417078699,9.87922037529806,3.972223959093214,31.95245788137549,0.9742087366172568,2026-09-08,56.2,70.28,141.28,285.88,23.6,5482.5,20.0,100.0,10.0,34.1,0.0,⚠️ ELENDİ (ZOMBİ VEYA PRİMLİ),0.0,-14.791356184798806,-3.0767926767248768,Consumer Non-Durables,Apparel/Footwear,20.8115385317295,
FOUR,42.29,45.3,45.71,41.51,1935310.0,-7.945145842403131,81844259.89999999,88.51,34.56,3339223101.2414017,6.54103722161657,68.03410553410554,5.447292390406892,-51.89945404913558,0.9546745761899186,2026-09-08,22.4,33.18,88.51,105.72,109.3,3339.2,100.0,30.0,10.0,33.4,0.0,⚠️ ELENDİ (ZOMBİ VEYA PRİMLİ),0.0,-3.2265446224256373,1.3662511984659642,Commercial Services,Miscellaneous Commercial Services,9.66352286747945,
EXK,11.13,11.065,11.29,11.045,7421607.0,0.0899280575539709,82602485.91000001,15.15,5.75,3296087871.6000004,10.4055395872668,65.08711029604402,4.632283431218657,81.27035830618895,0.8031111589699234,2026-09-08,93.6,5.52,15.15,27.83,36.1,3296.1,20.0,30.0,10.0,28.6,0.0,⚠️ ELENDİ (ZOMBİ VEYA PRİMLİ),0.0,17.157894736842113,8.904109589041097,Non-Energy Minerals,Precious Metals,26.264271972937404,
IOVA,8.7,8.69,8.91,8.48,9535867.0,-1.0238907849829335,82962042.89999999,9.36,1.76,3940851471.9795218,-40.3639372534476,15.0,5.354109740787239,250.8064516129032,0.8922958526388028,2026-09-08,394.3,1.69,9.36,21.75,7.6,3940.9,20.0,55.0,10.6,31.2,0.0,⚠️ SAHTE KÂR (FAALİYET KÂRI YETERSİZ),0.0,32.4200913242009,8.4788029925187,Health Technology,Biotechnology,-91.1719896955763,
BOX,34.3,34.86,34.87,33.85,2419346.0,-2.529127593066214,82983567.8,36.34,21.34,4705985880.466041,70.2265998205256,49.50209265406264,2.0,4.764813683567486,0.6111392092216635,2026-09-08,60.7,20.49,36.34,85.75,5.9,4706.0,20.0,60.0,10.0,21.4,0.0,⚠️ ELENDİ (ZOMBİ VEYA PRİMLİ),0.0,6.787048567870485,-3.894648360885404,Technology Services,Information Technology Services,9.44460200798982,
QUBT,8.22,8.33,8.595,8.21,10169338.0,2.621722846441958,83591958.36,25.84,6.18,1860571265.550562,-1.50672528445388,15.0,1.1686677614041074,-45.2,1.6955941577793214,2026-09-08,33.0,5.93,25.84,20.55,214.4,1860.6,65.0,55.0,17.0,72.5,0.0,⚠️ SAHTE KÂR (FAALİYET KÂRI YETERSİZ),0.0,-8.053691275167774,2.801400700350177,Technology Services,Information Technology Services,-775.47842019544,
LOPE,151.53,152.52,152.735,149.425,553828.0,-0.7467085871487433,83921556.84,223.04,134.27,3949634975.4307337,30.9786975339986,18.30536730330156,5.937542367634693,-25.992673992674,1.6756485926836735,2026-09-08,12.9,128.9,223.04,378.82,47.2,3949.6,90.0,85.0,35.8,58.6,0.0,NÖTR,0.0,1.875756353368288,1.6775145943769711,Commercial Services,Miscellaneous Commercial Services,27.7673969805598,
SLS,13.96,13.77,14.37,13.32,6031101.0,0.7215007215007319,84194169.96000001,15.8765,1.39,2819162031.425686,-39.6337108146882,15.0,20.47701469768533,623.3160621761658,0.8208358819286758,2026-09-08,904.3,1.33,15.88,34.9,13.8,2819.2,20.0,55.0,23.5,32.3,0.0,⚠️ BİYOTEK TUZAĞI (FDA RİSKİ),0.0,16.820083682008384,7.219662058371746,Health Technology,Pharmaceuticals: Major,10.0,
FBIN,42.19,42.96,43.165,42.12,2023875.0,-2.134075620505687,85387286.25,64.84,32.34,5036282611.234052,6.40622983263778,34.16747651441529,2.184239204996984,-30.26446280991736,1.0540204248860423,2026-09-08,30.5,31.05,64.84,105.47,53.7,5036.3,65.0,30.0,10.5,36.9,0.0,🪤 DÜŞEN BIÇAK (RÖLATİF ÇÖKÜŞ),0.0,-16.156597774244837,-3.982703686845699,Producer Manufacturing,Building Products,15.1597258589676,
UMAC,25.98,24.0,26.12,23.76,3305143.0,9.34343434343434,85867615.14,34.9264,7.245,1297870007.7727273,-2.94215750942946,15.0,3.3446753617926843,168.11145510835914,1.0362807352114087,2026-09-08,258.6,6.96,34.93,64.95,34.4,1297.9,20.0,55.0,72.1,83.0,0.0,⚠️ SAHTE KÂR (FAALİYET KÂRI YETERSİZ),0.0,3.0952380952381,13.202614379084972,Electronic Technology,Electronic Equipment/Instruments,-93.5187883201197,
INSW,103.81,105.69,106.73,102.89,828402.0,-0.6602870813397108,85996411.62,106.73,42.26,5141845398.38689,37.4116050605098,6.629202720393372,2.2692982160837083,119.14713953979314,1.4483003142405482,2026-09-08,145.6,40.57,106.73,259.52,2.8,5141.8,20.0,100.0,14.5,50.7,0.0,⚠️ ELENDİ (ZOMBİ VEYA PRİMLİ),0.0,11.69571766731225,3.437624551614192,Transportation,Marine Shipping,55.6529596108849,
CLMT,53.91,53.93,54.68,53.45,1604262.0,1.468097120271022,86485764.42,54.695,17.08,4738593755.955956,12.0,15.0,2.0,200.16703786191533,1.4306115132934183,2026-09-08,215.6,16.4,54.7,134.77,1.5,4738.6,20.0,55.0,14.3,57.4,0.0,⚠️ SAHTE KÂR (FAALİYET KÂRI YETERSİZ),0.0,31.970624235006103,5.80961727183512,Energy Minerals,Oil Refining/Marketing,1.19353574073267,
KSS,18.61,19.32,19.465,18.525,4671663.0,-4.26954732510289,86939648.42999999,25.22,11.38,2109935642.598765,6.67078443483632,8.117421268428856,0.5045416885364657,10.905840286054817,0.807170966633634,2026-09-08,63.5,10.92,25.22,46.52,35.5,2109.9,20.0,55.0,10.0,28.3,0.0,⚠️ SAHTE KÂR (FAALİYET KÂRI YETERSİZ),0.0,0.2154011847065113,6.831228473019504,Retail Trade,Department Stores,3.86260531432275,
RH,142.45,147.19,148.085,142.08,613314.0,-3.7434961821744848,87366579.3,248.44,106.3037,2692443070.329076,12.0,27.478780864197528,47.29588397982661,-43.541674923704974,0.926306333220109,2026-09-08,34.0,102.05,248.44,356.12,74.4,2692.4,65.0,55.0,10.0,32.4,0.0,🪤 DÜŞEN BIÇAK (RÖLATİF ÇÖKÜŞ),0.0,-25.80729166666667,-2.290966458604845,Retail Trade,Specialty Stores,11.6693306774955,
CELC,93.02,93.62,97.43,92.61,940739.0,-2.800417972831773,87507541.78,151.02,44.42,4551645904.673563,-1433.70260175983,15.0,2.0,66.76228038723556,1.3424532269271223,2026-09-08,109.4,42.64,151.02,232.55,62.4,4551.6,20.0,55.0,13.4,47.0,0.0,⚠️ ELENDİ (ZOMBİ VEYA PRİMLİ),0.0,-2.0739025160543205,4.516853932584265,Health Technology,Medical Specialties,10.0,
UUUU,14.62,14.59,15.14,14.34,6438662.0,1.0366275051831275,94133238.44,27.9,10.69,3870330077.9253626,-11.4111863044592,15.0,4.610082268841582,25.817555938037867,1.1131040313163945,2026-09-08,36.8,10.26,27.9,36.55,90.8,3870.3,20.0,55.0,11.1,44.1,0.0,⚠️ SAHTE KÂR (FAALİYET KÂRI YETERSİZ),0.0,5.407354001441961,2.5964912280701697,Non-Energy Minerals,Other Metals/Minerals,-78.6465326499699,
RARE,14.88,15.097,15.25,14.6283,5915851.0,-2.7450980392156854,88027862.88000001,39.8899,13.81,1467002476.0470586,12.0,15.0,2.0,-53.16336166194523,0.9960466928009232,2026-09-08,7.7,13.26,39.89,37.2,168.1,1467.0,100.0,55.0,10.0,34.9,0.0,⚠️ SAHTE KÂR (FAALİYET KÂRI YETERSİZ),0.0,-43.50797266514807,-40.98750743604997,Health Technology,Pharmaceuticals: Major,-73.7711892185183,
VSH,31.47,32.09,32.665,31.38,2799023.0,-1.0377358490566095,88085253.81,69.47,11.77,4826850292.970754,1.1341307952574,164.42006269592477,1.6570579770202338,100.95785440613024,0.6120603812394168,2026-09-08,167.4,11.3,69.47,78.67,120.7,4826.9,20.0,30.0,10.0,21.4,0.0,⚠️ SAHTE KÂR (FAALİYET KÂRI YETERSİZ),0.0,-4.953186348535188,6.497461928934004,Electronic Technology,Electronic Production Equipment,3.3013705274390204,
BILL,47.6,48.44,48.44,46.935,1877149.0,-3.1733116354759874,89352292.4,57.21,31.41,4059174675.907242,-0.301962135989884,15.0,1.241204333263363,-6.976744186046512,1.037104452990715,2026-09-08,51.5,30.15,57.21,119.0,20.2,4059.2,20.0,55.0,10.4,36.3,0.0,⚠️ SAHTE KÂR (FAALİYET KÂRI YETERSİZ),0.0,-0.8333333333333304,-2.1381578947368403,Technology Services,Packaged Software,1.05543259246982,
JBLU,4.52,4.575,4.64,4.5,19771308.0,-2.3758099352051905,89366312.16,6.62,3.87,1705451162.548596,-44.3554443053817,15.0,1.073748975543704,-11.71875000000001,1.018939397550837,2026-09-08,16.8,3.72,6.62,11.3,46.5,1705.5,90.0,55.0,10.2,35.7,0.0,⚠️ SAHTE KÂR (FAALİYET KÂRI YETERSİZ),0.0,-25.59670781893005,0.444444444444435,Transportation,Airlines,-5.88235294117647,
ALK,40.74,41.53,41.9,40.61,2210884.0,-3.092293054234056,90071414.16000001,65.88,33.03,4546711163.262132,-4.59800315291645,15.0,1.2384845861260545,-35.51756885090219,1.0346403212485746,2026-09-08,23.3,31.71,65.88,101.85,61.7,4546.7,100.0,55.0,10.3,36.2,0.0,⚠️ SAHTE KÂR (FAALİYET KÂRI YETERSİZ),0.0,-20.73929961089493,0.3201181974883096,Transportation,Airlines,-0.318363476258213,
SON,49.87,51.89,51.89,49.84,1814946.0,-4.003849855630424,90511357.02,60.67,38.65,4930896321.997112,18.9251949473233,7.688749788008201,1.376853727720342,7.850346020761235,1.7168488614399315,2026-09-08,29.0,37.1,60.67,124.67,21.7,4930.9,65.0,85.0,17.2,60.1,0.0,NÖTR,0.0,-12.539459838653114,-9.47540388455256,Process Industries,Containers/Packaging,9.95874064793606,
TDS,37.93,37.75,38.41,37.6,2391927.0,0.2643404705260413,90725791.11,49.12,31.51,4081268139.3674335,10.5558163893218,13.93665490887713,1.0658278669729928,-2.518632742225641,2.0666561890681785,2026-09-08,20.4,30.25,49.12,94.83,29.5,4081.3,90.0,55.0,20.7,73.7,0.0,⚠️ SAHTE KÂR (FAALİYET KÂRI YETERSİZ),0.0,7.694491766042025,13.122576796898295,Communications,Wireless Telecommunications,-2.69204842109949,
RRR,56.12,56.94,57.34,56.11,1619456.0,-1.8022747156605443,90883870.72,68.99,50.52,5893508760.046894,90.2181750206959,19.857051871771283,19.39787770903183,-10.46585832801532,1.8861057025879309,2026-09-08,11.1,48.5,68.99,140.3,22.9,5893.5,90.0,85.0,18.9,66.0,0.0,NÖTR,0.0,-9.571382533032557,-0.0712250712250697,Consumer Services,Hotels/Resorts/Cruise lines,28.5773568154499,
SITE,99.52,100.69,102.29,99.52,913525.0,-1.0538874527739135,90914008.0,168.56,90.07,4344584659.967389,9.81343620965069,27.23590585659551,2.5802463886402784,-34.805109728136266,1.368463201705806,2026-09-08,10.5,86.47,168.56,248.8,69.4,4344.6,100.0,40.0,13.7,47.9,0.0,⚠️ SAHTE KÂR (FAALİYET KÂRI YETERSİZ),0.0,-3.5658914728682234,2.6720313628391508,Distribution Services,Wholesale Distributors,4.8611402002262,
IOND,81.96,76.0,85.0,75.25,1109515.0,7.601417881055523,90935849.4,85.0,50.0,3687886633.466719,12.0,15.0,7.2232773549902385,63.91999999999999,2.3598768924489213,2026-09-08,63.9,48.0,85.0,204.9,3.7,3687.9,20.0,70.0,49.9,100.0,0.0,⚠️ ELENDİ (ZOMBİ VEYA PRİMLİ),0.0,43.512519698826814,15.43661971830985,Technology Services,Data Processing Services,10.0,
PEGA,35.8,36.925,37.12,34.8,2566528.0,-4.1755888650963655,91881702.4,68.1,25.1,5885696866.948607,54.693035683241,20.22484605389526,10.499980935788802,-35.92267764453195,1.1275871725430753,2026-09-08,42.6,24.1,68.1,89.5,90.2,5885.7,20.0,70.0,11.3,39.5,0.0,NÖTR,0.0,10.8359133126935,-1.2686155543298423,Technology Services,Information Technology Services,11.3180707182168,
PI,171.82,172.95,176.25,171.48,537823.0,-0.4346062467404531,92408747.86,247.0635,87.36,5249859437.395608,-12.8746049728698,15.0,22.665871650643226,-10.51041666666667,1.624251103676425,2026-09-08,96.7,83.87,247.06,429.55,43.8,5249.9,20.0,55.0,16.2,56.8,0.0,⚠️ SAHTE KÂR (FAALİYET KÂRI YETERSİZ),0.0,-1.817142857142861,0.9458903707185154,Electronic Technology,Semiconductors,-1.80499293452661,
VRNS,45.46,45.76,45.98,44.66,2033149.0,-1.3668908656975538,92426953.54,63.9,19.7,5221557495.563896,-35.9749208643345,15.0,11.746557555806485,-18.864893806889167,1.027194873233335,2026-09-08,130.8,18.91,63.9,113.65,40.6,5221.6,20.0,55.0,25.1,36.0,0.0,⚠️ SAHTE KÂR (FAALİYET KÂRI YETERSİZ),0.0,4.626006904487912,5.7947405166395205,Technology Services,Packaged Software,-24.0147745746219,
POST,82.36,84.39,84.39,82.13,1123050.0,-2.693761814744803,92494398.0,117.28,75.4,3620282530.638941,8.28644935116338,15.124970157750722,1.1761800966507,-23.400297619047617,1.3191691648128054,2026-09-08,9.2,72.38,117.28,205.9,42.4,3620.3,90.0,55.0,13.2,46.2,0.0,⚠️ ELENDİ (ZOMBİ VEYA PRİMLİ),0.0,-3.604868913857676,-0.9977160716432244,Consumer Non-Durables,Food: Specialty/Candy,10.2930163447251,
QLYS,170.32,169.73,173.035,165.51,550990.0,-0.7748325080104936,93844616.8,201.54,74.51,5892220398.015497,38.5922887919357,29.501325065387213,10.497186492699672,25.911140681599747,0.9046428393756965,2026-09-08,128.6,71.53,201.54,425.8,18.3,5892.2,20.0,85.0,28.5,31.7,0.0,⚠️ ELENDİ (ZOMBİ VEYA PRİMLİ),0.0,-7.15726355955301,-7.0559345156889535,Technology Services,Packaged Software,35.0435843966584,
BCRX,9.065,9.122,9.4,8.96,9687048.0,-8.985943775100415,87813090.11999999,11.22,6.0,2316425785.256024,12.0,15.0,2.0,9.745762711864405,4.01827015882355,2026-09-08,51.1,5.76,11.22,22.66,23.8,2316.4,20.0,70.0,30.0,100.0,0.0,⚠️ BİYOTEK TUZAĞI (FDA RİSKİ),0.0,-4.5789473684210575,-6.738683127572028,Health Technology,Biotechnology,40.8886545263567,
IRT,15.91,16.22,16.22,15.91,2351419.0,-1.1187072715972637,37411076.29,17.94,14.6,3845227651.6283407,1.28578245904701,86.93989071038251,1.1165460759475905,-10.918253079507275,1.1291031697320204,2026-09-08,9.0,14.02,17.94,39.77,12.8,3845.2,90.0,30.0,11.3,39.5,0.0,⚠️ ELENDİ (ZOMBİ VEYA PRİMLİ),0.0,-6.301531213191992,-1.547029702970297,Finance,Real Estate Investment Trusts,17.0430755757107,
PLSE,48.79,52.93,53.105,47.7,769434.0,-8.358377160030058,37540684.86,55.37,12.56,3479830200.1840715,-78.4912764048689,15.0,34.71683613567957,220.9868421052632,1.3982489042021935,2026-09-08,288.5,12.06,55.37,121.97,13.5,3479.8,20.0,55.0,14.0,48.9,0.0,⚠️ SAHTE KÂR (FAALİYET KÂRI YETERSİZ),0.0,28.93763213530654,-2.2831964750650924,Health Technology,Medical Specialties,-7007.76371308017,
SEI,63.96,61.85,65.26,60.3,4993352.0,16.290909090909093,319374793.92,86.19,26.19,4897195600.695272,8.08983064525426,81.26032270359548,4.454203393300728,136.88888888888889,2.577097417427733,2026-09-08,144.2,25.14,86.19,159.9,34.8,4897.2,20.0,30.0,59.1,100.0,0.0,⚠️ ELENDİ (ZOMBİ VEYA PRİMLİ),0.0,10.409114448472296,29.21212121212121,Industrial Services,Oilfield Services/Equipment,24.2636948558353,
SHC,18.59,18.85,19.1,18.56,2024895.0,-1.6402116402116331,37642798.05,19.85,13.09,5305117172.003175,27.7803881450994,32.69433696799156,7.969510940393717,18.25699745547073,1.1608025327788938,2026-09-08,42.0,12.57,19.85,46.48,6.8,5305.1,20.0,75.0,11.6,40.6,0.0,NÖTR,0.0,-6.054174247018397,-1.483836777954431,Health Technology,Medical Specialties,36.8957376952128,
PJT,182.13,181.82,183.485,179.4455,206777.0,-0.3283533081595766,37660295.01,195.62,127.73,4656143584.500411,83.2257903056947,37.802777143568775,14.933082767798064,0.5687465488680293,0.5322058990827435,2026-09-08,42.6,122.62,195.62,455.32,7.4,4656.1,20.0,75.0,28.4,18.6,0.0,NÖTR,0.0,3.45356432831581,1.8795099848967864,Finance,Investment Banks/Brokers,21.0196369418312,
ICHR,58.17,58.34,59.0,56.5,650446.0,3.174884710890385,37836443.82,113.58,14.06,2178712674.243171,-5.16592247974538,15.0,2.512548705737224,240.1754385964912,1.0474575506943908,2026-09-08,313.7,13.5,113.58,145.43,95.3,2178.7,20.0,55.0,34.0,52.5,0.0,⚠️ SAHTE KÂR (FAALİYET KÂRI YETERSİZ),0.0,-13.886010362694297,10.694576593720276,Producer Manufacturing,Industrial Machinery,1.32231290825979,
HUBG,36.06,36.87,37.43,35.85,1054835.0,-1.6902944383860343,38037350.1,53.26,32.9,2205195540.320611,12.0,15.0,2.0,-3.839999999999994,1.09736799588948,2026-09-08,9.6,31.58,53.26,90.15,47.7,2205.2,90.0,70.0,11.0,38.4,0.0,🪤 DÜŞEN BIÇAK (RÖLATİF ÇÖKÜŞ),0.0,-21.99870214146657,-9.145880574451992,Transportation,Air Freight/Couriers,10.0,
HGV,40.55,41.62,41.98,40.51,938102.0,-3.567181926278241,38040036.1,55.4,36.79,3151714290.696789,11.6557313778464,22.927739454936106,2.870804589889104,-13.961383407596022,1.106862568692056,2026-09-08,10.2,35.32,55.4,101.38,36.6,3151.7,90.0,40.0,11.1,38.7,0.0,⚠️ ELENDİ (ZOMBİ VEYA PRİMLİ),0.0,-11.88613646240766,-3.681710213776732,Finance,Real Estate Development,12.1683093252464,
PRCT,21.35,22.485,22.56,20.85,1782633.0,-6.195079086115993,38059214.55,40.1,16.665,1222792626.3664322,-30.2411188842018,15.0,3.5940340717796784,-48.56661045531197,1.9079741159942447,2026-09-08,28.1,16.0,40.1,53.38,87.8,1222.8,65.0,55.0,19.1,66.8,0.0,⚠️ SAHTE KÂR (FAALİYET KÂRI YETERSİZ),0.0,6.536926147704603,0.9456264775413846,Health Technology,Medical Specialties,-33.8616825754432,
SR,83.44,82.53,84.11,82.53,456192.0,0.919206579583927,38064660.48,95.31,74.81,4932705358.047411,6.49847094801223,9.298904503460342,1.37648678801988,10.341179582121123,0.9194134676079432,2026-09-08,11.5,71.82,95.31,208.6,14.2,4932.7,90.0,55.0,19.8,36.8,0.0,⚠️ ELENDİ (ZOMBİ VEYA PRİMLİ),0.0,3.949171546032144,1.4591439688715988,Utilities,Gas Distributors,19.7082594125764,
MARA,11.83,11.13,12.06,11.0,53448849.0,4.597701149425284,632299883.67,23.45,6.66,4569921082.999999,-107.12050599717,15.0,2.720615967692973,-22.171052631578945,1.2026405939011495,2026-09-08,77.6,6.39,23.45,29.57,98.2,4569.9,20.0,55.0,51.6,65.1,0.0,⚠️ SAHTE KÂR (FAALİYET KÂRI YETERSİZ),0.0,8.382959230416866,12.881679389312971,Technology Services,Data Processing Services,-122.795159030065,
RGTI,15.81,16.385,17.05,15.37,42210471.0,4.0131578947368505,667347546.51,58.1501,12.53,5276883678.507237,-43.765041986913,15.0,9.815973774400238,3.944773175542404,3.0108396507536304,2026-09-08,26.2,12.03,58.15,39.52,267.8,5276.9,65.0,55.0,30.0,100.0,0.0,⚠️ SAHTE KÂR (FAALİYET KÂRI YETERSİZ),0.0,-5.7526080476900034,5.273671594087094,Electronic Technology,Computer Processing Hardware,-727.619261589156,
ATAI,7.28,7.32,7.4,7.23,119749592.0,-1.488497970230033,871777029.76,7.45,3.265,2699894636.730717,12.0,15.0,15.240328253223916,60.70640176600441,14.833322864295544,2026-09-08,123.0,3.13,7.45,18.2,2.3,2699.9,20.0,55.0,30.0,100.0,0.0,⚠️ SAHTE KÂR (FAALİYET KÂRI YETERSİZ),0.0,1.111111111111112,-0.9523809523809442,Health Technology,Pharmaceuticals: Major,-3274.31254191875,
AXTI,69.56,64.48,70.59,62.31,13759623.0,12.84879948085659,957119375.88,143.16,3.08,4561272558.243348,0.759896081305507,3739.78494623656,5.161064384203997,2040.3076923076924,1.8581213376214976,2026-09-08,2158.4,2.96,143.16,173.9,105.8,4561.3,20.0,30.0,71.2,100.0,0.0,⚠️ SAHTE KÂR (FAALİYET KÂRI YETERSİZ),0.0,-12.105130149102854,19.869033258659314,Electronic Technology,Electronic Production Equipment,3.0930052824897,
MNDY,83.67,89.34,89.55,83.5,1465761.0,-8.125617656747549,122640222.87,220.8,57.5,3537075316.847041,13.3938519172987,35.66952295689986,5.723655587387846,-55.11025269596008,1.2713834994699391,2026-09-08,45.5,55.2,220.8,209.18,163.9,3537.1,20.0,30.0,12.7,44.5,0.0,⚠️ SAHTE KÂR (FAALİYET KÂRI YETERSİZ),0.0,-9.974176888315036,-15.219373796737251,Technology Services,Packaged Software,2.90154022445153,
RDW,11.23,10.72,11.36,10.62,15266821.0,6.647673314339992,171446399.83,26.64,4.87,2807416992.91643,-19.2396379198163,15.0,1.7100368350766169,34.169653524492254,1.5666568536104502,2026-09-08,130.6,4.68,26.64,28.08,137.2,2807.4,20.0,55.0,61.1,88.1,0.0,⚠️ SAHTE KÂR (FAALİYET KÂRI YETERSİZ),0.0,-9.581320450885665,7.773512476007683,Electronic Technology,Aerospace & Defense,-40.6472862397718,
LPG,53.49,54.84,55.11,52.5622,672326.0,-3.097826086956524,35962717.74,55.28,23.76,2288445612.310326,28.34202271141,7.097647386648621,1.850715841940771,69.11160290863106,1.2801964148650895,2026-09-08,125.1,22.81,55.28,133.72,3.3,2288.4,20.0,100.0,12.8,44.8,0.0,⚠️ ELENDİ (ZOMBİ VEYA PRİMLİ),0.0,20.06734006734008,5.191740412979352,Transportation,Marine Shipping,52.01965339032329,
IRON,76.84,76.71,79.13,74.5,463325.0,-3.0165341411081665,35601893.0,99.5,40.0001,2950106346.2072444,-39.081671009728,15.0,4.574117187644169,25.94656613669891,0.9577635226927896,2026-09-08,92.1,38.4,99.5,192.1,29.5,2950.1,20.0,55.0,10.3,33.5,0.0,⚠️ BİYOTEK TUZAĞI (FDA RİSKİ),0.0,-1.9397651863195453,-2.1894093686354363,Health Technology,Biotechnology,10.0,
ACHR,5.83,5.7,5.89,5.67,22557503.0,2.101576182136604,131510242.49,14.62,4.3,4489238806.071804,-44.7609985447218,15.0,2.372319949867956,-32.05128205128205,1.0129542859124083,2026-09-08,35.6,4.13,14.62,14.57,150.8,4489.2,20.0,55.0,41.9,46.0,0.0,⚠️ SAHTE KÂR (FAALİYET KÂRI YETERSİZ),0.0,8.768656716417905,3.552397868561282,Electronic Technology,Aerospace & Defense,-13569.5652173913,
DJCO,638.02,622.29,638.85,610.0,58967.0,1.6165766798859602,37622125.34,674.75,348.63,879160915.4889706,-3.30791583823112,15.0,2.603363023390646,29.33711737279545,0.8895187725615432,2026-09-08,83.0,334.68,674.75,1595.05,5.8,879.2,20.0,55.0,74.9,39.2,0.0,⚠️ ELENDİ (ZOMBİ VEYA PRİMLİ),0.0,9.6254295532646,2.565668906536353,Consumer Services,Publishing: Newspapers,13.4528137641456,
PURR,11.93,11.73,12.41,11.43,17482886.0,-2.052545155993432,208570829.98,14.14,3.01,2360202635.583744,33.9402330000844,18.36514778325123,1.277487942569796,180.7058823529412,0.5716741825815185,2026-09-08,296.3,2.89,14.14,29.82,18.5,2360.2,20.0,40.0,10.0,20.0,0.0,⚠️ SAHTE KÂR (FAALİYET KÂRI YETERSİZ),0.0,74.9266862170088,1.7050298380221591,Finance,Financial Conglomerates,-60.10487315010571,
INFQ,13.66,13.4,14.47,13.3803,15432684.0,6.303501945525296,210810463.44,27.5,8.52,3078377263.136187,-25.0357163430747,15.0,5.3433681212936746,32.36434108527132,2.090120110216716,2026-09-08,60.3,8.18,27.5,34.15,101.3,3078.4,20.0,55.0,20.9,100.0,0.0,⚠️ SAHTE KÂR (FAALİYET KÂRI YETERSİZ),0.0,21.74688057040997,7.728706624605682,Electronic Technology,Computer Processing Hardware,-314.960533066655,
AMBA,63.48,63.83,66.66,61.5896,3419881.0,0.9381459691524824,217094045.88,96.69,48.3,2802068884.310383,-9.41215003559385,15.0,4.517162442085608,-24.50047573739296,2.140371177059229,2026-09-08,31.4,46.37,96.69,158.7,52.3,2802.1,65.0,55.0,21.4,79.6,0.0,⚠️ SAHTE KÂR (FAALİYET KÂRI YETERSİZ),0.0,-26.37439109255393,-6.53710247349824,Electronic Technology,Semiconductors,-14.6064753315574,
PHVS,37.84,40.96,43.25,37.6,6326871.0,7.347517730496464,239408798.64,43.25,20.65,2643641863.748085,-71.1375670589695,15.0,7.724372190627054,57.73238849520636,11.804108256719497,2026-09-08,83.2,19.82,43.25,94.6,14.3,2643.6,20.0,55.0,30.0,100.0,0.0,⚠️ BİYOTEK TUZAĞI (FDA RİSKİ),0.0,8.114285714285725,9.84034833091437,Health Technology,Biotechnology,10.0,
DK,75.67,75.53,77.13,75.04,3184118.0,5.301976064570001,240942209.06,77.4,25.85,4633438639.602699,212.705882352941,21.27414321459698,24.83084051427109,139.99365683476054,1.899280656215324,2026-09-08,192.7,24.82,77.4,189.18,2.3,4633.4,20.0,55.0,19.0,93.0,0.0,⚠️ ELENDİ (ZOMBİ VEYA PRİMLİ),0.0,32.08238785128295,-1.7017407118732166,Energy Minerals,Oil Refining/Marketing,6.05814291046324,
ASST,27.16,26.44,27.6546,25.6,8954559.0,0.0736919675755327,243205822.44,252.0,7.02,2533011255.292557,-137.872221995685,15.0,3.4444100623443297,-70.41394335511983,0.7185834988925325,2026-09-08,286.9,6.74,252.0,67.9,827.8,2533.0,20.0,55.0,43.5,25.5,0.0,⚠️ SAHTE KÂR (FAALİYET KÂRI YETERSİZ),0.0,113.85826771653544,15.771526001705029,Finance,Financial Conglomerates,-14415.5789473684,
MKTX,163.32,163.35,163.54,163.1,1502889.0,-0.0367242012486242,245451831.48,195.965,108.75,5747702993.526993,23.3438637218149,19.24808485562757,4.639096631655671,-13.132280197861816,1.7563050222464205,2026-09-08,50.2,104.4,195.97,408.3,20.0,5747.7,20.0,70.0,17.6,61.5,0.0,⚠️ ELENDİ (ZOMBİ VEYA PRİMLİ),0.0,0.4119274515831463,0.3810694529809493,Finance,Investment Banks/Brokers,40.2812961790163,
FCEL,17.76,15.175,18.08,15.12,13896815.0,18.795986622073595,246807434.40000004,37.88,5.0,1419986451.820736,-21.2116935544929,15.0,1.4551127220767477,327.9518072289157,1.931188115207016,2026-09-08,255.2,4.8,37.88,44.4,113.3,1420.0,20.0,55.0,74.2,100.0,0.0,⚠️ SAHTE KÂR (FAALİYET KÂRI YETERSİZ),0.0,-13.78640776699029,5.275637225844698,Electronic Technology,Electronic Equipment/Instruments,-87.9483835808404,
ENPH,38.83,37.69,39.225,37.11,6460241.0,6.763816332141878,250851158.03,73.74,25.775,5131176145.074237,12.9964368018393,38.479833515013375,4.341249246737913,-1.89489641232946,1.578009610061991,2026-09-08,50.6,24.74,73.74,97.07,89.9,5131.2,20.0,45.0,59.6,89.0,0.0,⚠️ ELENDİ (ZOMBİ VEYA PRİMLİ),0.0,-5.637910085054679,8.889512058328664,Producer Manufacturing,Electrical Products,25.6314254701912,
CLSK,13.48,12.7,13.69,12.53,18690459.0,6.225374310480701,251947387.32,23.61,8.0,3461894091.5965333,-68.6218932793154,15.0,4.547095155049873,45.57235421166308,1.139926068735866,2026-09-08,68.5,7.68,23.61,33.7,75.1,3461.9,20.0,55.0,56.1,71.0,0.0,⚠️ SAHTE KÂR (FAALİYET KÂRI YETERSİZ),0.0,-3.507516105941304,19.08127208480565,Technology Services,Data Processing Services,-51.8287925140523,
STAA,24.16,23.14,24.355,22.66,1403652.0,2.939923306348536,33912232.32,35.87,15.585,1211478660.151683,1.09377737826776,363.3082706766917,3.314115305423983,-13.898788310762647,1.924978801469436,2026-09-08,55.0,14.96,35.87,60.4,48.5,1211.5,20.0,30.0,73.1,82.1,0.0,⚠️ ELENDİ (ZOMBİ VEYA PRİMLİ),0.0,5.134899912967796,6.949977866312529,Health Technology,Medical Specialties,17.9952295415059,
LUNR,15.68,14.98,15.7815,14.745,7870968.0,5.874409182984464,123416778.24,46.75,7.78,3589529417.9176226,12.0,15.0,2.0,84.57916421424368,1.4362116876977378,2026-09-08,101.5,7.47,46.75,39.2,198.2,3589.5,20.0,55.0,70.7,79.6,0.0,⚠️ SAHTE KÂR (FAALİYET KÂRI YETERSİZ),0.0,3.978779840848804,4.953145917001341,Electronic Technology,Aerospace & Defense,-19.6221333550967,
MMSI,87.38,88.47,88.91,86.715,1422090.0,-2.4776785714285703,124262224.2,94.7482,59.74,5217496630.279911,9.18976012768273,36.01665224022093,3.10599298823327,-6.274804247559808,2.3442522638241137,2026-09-08,46.3,57.35,94.75,218.45,8.4,5217.5,20.0,30.0,23.4,82.0,0.0,⚠️ ELENDİ (ZOMBİ VEYA PRİMLİ),0.0,-0.8059938699057871,-3.893532776066879,Health Technology,Medical Specialties,12.6909810437966,
SHAK,67.4,71.0,71.78,67.01,1846116.0,-2.881844380403458,124428218.4,107.46,51.6,2884648532.6916423,7.65048371657656,71.04458733003058,4.998831875340703,-32.593259325932586,2.108449256492839,2026-09-08,30.6,49.54,107.46,168.5,59.4,2884.6,65.0,30.0,21.1,73.8,0.0,⚠️ ELENDİ (ZOMBİ VEYA PRİMLİ),0.0,-4.478458049886616,0.1634715410908001,Consumer Services,Restaurants,5.44953704091421,
EPAM,115.31,115.28,115.69,111.2401,1080485.0,-1.4781271360218762,124590725.35,222.53,73.055,5948494584.785458,11.1784611672526,15.61852388627775,1.690463533867765,-32.11068589932293,1.1100130111151805,2026-09-08,57.8,70.13,222.53,288.27,93.0,5948.5,20.0,55.0,69.1,38.9,0.0,⚠️ ELENDİ (ZOMBİ VEYA PRİMLİ),0.0,21.04765903842116,-1.258777187874635,Technology Services,Information Technology Services,9.80168421270027,
FSLY,21.49,20.35,22.73,19.92,5815269.0,4.371053909664879,124970130.81,34.82,7.285,3423357090.8028173,-8.38939850961797,15.0,3.450180295601301,187.68406961178047,1.6503626983178064,2026-09-08,195.0,6.99,34.82,53.72,62.0,3423.4,20.0,55.0,24.7,79.6,0.0,⚠️ SAHTE KÂR (FAALİYET KÂRI YETERSİZ),0.0,-7.050173010380633,-4.911504424778774,Technology Services,Information Technology Services,-11.9629263664317,
BTDR,12.67,12.44,12.95,12.27,9918003.0,2.3424878836833534,125661098.01,27.8,6.9157,3443481091.125202,-49.508997204873,15.0,3.1224585356236294,2.591093117408909,0.8488911984748105,2026-09-08,83.2,6.64,27.8,31.68,119.4,3443.5,20.0,55.0,20.8,41.4,0.0,⚠️ SAHTE KÂR (FAALİYET KÂRI YETERSİZ),0.0,14.920634920634916,19.190968955785504,Technology Services,Data Processing Services,-29.9514808736638,
DAVE,376.38,373.56,379.09,365.01,335784.0,-1.1321547715989393,126382381.92,458.25,152.21,4800917518.194278,104.778757730067,24.413785051275564,23.09314936367753,92.60055265581823,0.9606701551507592,2026-09-08,147.3,146.12,458.25,940.95,21.8,4800.9,20.0,85.0,52.7,33.6,0.0,⚠️ ELENDİ (ZOMBİ VEYA PRİMLİ),0.0,3.114983151146545,7.6663424681045855,Finance,Major Banks,33.5354087755223,
WAFD,34.28,36.69,37.16,33.8,3712887.0,-5.564738292011008,127277766.36,39.4857,26.31,2536556487.2330585,8.49678659257559,10.802294069452325,0.9311601554722364,7.697141061891306,9.267817628359936,2026-09-08,30.3,25.26,39.49,85.7,15.2,2536.6,65.0,55.0,30.0,100.0,0.0,⚠️ ELENDİ (ZOMBİ VEYA PRİMLİ),0.0,-8.415709324071598,-3.950686466797413,Finance,Major Banks,41.92724307855886,
CRUS,110.76,114.14,114.55,110.405,1153684.0,-2.164119777404813,127782039.84,180.42,106.26,5551021048.719019,20.9040361313439,13.55193931237,2.552286031165265,-4.853534919680432,1.2691611671120215,2026-09-08,4.2,102.01,180.42,276.9,62.9,5551.0,100.0,85.0,12.7,44.4,0.0,NÖTR,0.0,-11.948485571190078,2.650602409638553,Electronic Technology,Semiconductors,23.0468868150042,
SRPT,20.94,19.86,21.32,19.51,6241899.0,-6.933333333333327,130705365.06,25.32,14.68,2211829836.026666,-18.4462476037049,15.0,1.447675250629642,11.561001598295162,1.9011186080248483,2026-09-08,42.6,14.09,25.32,52.35,20.9,2211.8,20.0,55.0,59.6,66.5,0.0,⚠️ SAHTE KÂR (FAALİYET KÂRI YETERSİZ),0.0,24.162466646901887,0.2873563218390914,Health Technology,Pharmaceuticals: Major,-3.15238884409201,
AEHR,90.79,90.39,94.63,89.34,3876280.0,5.251565035937864,351927461.20000005,147.4,18.7,2961610643.922328,-4.16260200594657,15.0,13.433772198498447,248.38833461243289,1.4605716896165717,2026-09-08,385.5,17.95,147.4,226.98,62.4,2961.6,20.0,55.0,14.6,77.4,0.0,⚠️ SAHTE KÂR (FAALİYET KÂRI YETERSİZ),0.0,-10.37512339585389,16.546854942233633,Electronic Technology,Electronic Production Equipment,-28.2854342913142,
PII,61.38,63.08,63.09,61.28,586300.0,-1.823416506717851,35987094.0,77.9799,47.14,3492738235.888675,-25.7617728531856,15.0,4.175160853887736,3.33333333333334,0.7138122859963251,2026-09-08,30.2,45.25,77.98,153.45,27.0,3492.7,65.0,55.0,10.0,25.0,0.0,⚠️ SAHTE KÂR (FAALİYET KÂRI YETERSİZ),0.0,-12.339331619537266,-2.2455805064500662,Consumer Durables,Recreational Products,1.75957018132975,
DAN,31.29,32.06,32.21,31.11,1151216.0,-2.3408239700374533,36021548.64,39.56,17.74,3366074508.416667,-2.8809218950064,15.0,1.7531552873124,51.89320388349513,0.8483582226818005,2026-09-08,76.4,17.03,39.56,78.22,26.4,3366.1,20.0,55.0,10.0,29.7,0.0,⚠️ SAHTE KÂR (FAALİYET KÂRI YETERSİZ),0.0,12.838081500180303,4.578877005347585,Producer Manufacturing,Auto Parts: OEM,4.0198381623597,
CBRL,52.76,54.74,55.0,52.45,683237.0,-3.52898153227281,36047584.12,60.26,24.85,1179263074.5554943,5.61093988859423,45.69547895375021,2.533488531114466,-0.5466540999057478,0.8683345870887216,2026-09-08,112.3,23.86,60.26,131.9,14.2,1179.3,20.0,30.0,10.0,30.4,0.0,⚠️ SAHTE KÂR (FAALİYET KÂRI YETERSİZ),0.0,-8.035558654348963,-2.548947173993356,Consumer Services,Restaurants,-0.0465934216081413,
TNL,64.81,65.89,66.125,64.77,576330.0,-2.291572440826166,37351947.3,81.0,58.07,3966646337.906226,12.0,17.642094947735192,2.0,3.266411727214793,1.0509391767105185,2026-09-08,11.6,55.75,81.0,162.03,25.0,3966.6,90.0,70.0,10.5,36.8,0.0,NÖTR,0.0,-15.710755624918711,-4.984606362703404,Consumer Services,Hotels/Resorts/Cruise lines,17.5867122618466,
XENE,59.55,58.95,60.36,58.27,608494.0,-0.3347280334728081,36235817.7,72.66,35.6,5766847678.757322,-43.6155052246616,15.0,4.637518184055348,53.16358024691357,0.9724461809256756,2026-09-08,67.3,34.18,72.66,148.88,22.0,5766.8,20.0,55.0,25.5,34.0,0.0,⚠️ BİYOTEK TUZAĞI (FDA RİSKİ),0.0,-5.476190476190481,-1.5376984126984123,Health Technology,Pharmaceuticals: Major,10.0,
CRML,7.32,7.31,7.455,7.2,4951026.0,0.5494505494505499,36241510.32,32.15,5.115,1075225667.0934064,-138.75395700713,15.0,6.173255970854137,25.9896729776248,0.555092856030579,2026-09-08,43.1,4.91,32.15,18.3,339.2,1075.2,20.0,55.0,10.0,22.2,0.0,⚠️ ELENDİ (ZOMBİ VEYA PRİMLİ),0.0,4.721030042918456,6.550218340611356,Non-Energy Minerals,Precious Metals,10.0,
TCBI,97.69,98.23,98.625,97.31,373634.0,-0.9630981346309844,36500305.46,108.92,75.41,4247011085.663422,10.1876602190876,12.708138203767302,1.268510198463608,12.66289931957099,0.915627550921634,2026-09-08,29.5,72.39,108.92,244.22,11.5,4247.0,65.0,55.0,10.0,32.0,0.0,⚠️ ELENDİ (ZOMBİ VEYA PRİMLİ),0.0,-1.133488513308374,1.0760475944128216,Finance,Major Banks,35.902832092324424,
DNLI,22.08,21.79,22.25,21.66,1653767.0,-0.8976660682226338,36515175.36,27.3,12.58,3529430968.588868,-54.9288460991144,15.0,4.223533574987806,42.912621359223294,1.4463114168791182,2026-09-08,75.5,12.08,27.3,55.2,23.6,3529.4,20.0,55.0,44.1,50.6,0.0,⚠️ SAHTE KÂR (FAALİYET KÂRI YETERSİZ),0.0,-13.105076741440383,-5.802047781569978,Health Technology,Biotechnology,-15058.1853496115,
HOMB,29.79,30.17,30.2,29.77,1226523.0,-1.1940298507462668,36538120.17,31.7,25.5,5959478151.14627,11.1057297957511,12.320099255583123,1.3132031356416731,-0.2344273275284671,0.9263186085044648,2026-09-08,16.8,24.48,31.7,74.47,6.4,5959.5,90.0,55.0,10.0,32.4,0.0,⚠️ ELENDİ (ZOMBİ VEYA PRİMLİ),0.0,-2.932551319648101,1.1201629327902185,Finance,Regional Banks,56.52895277794149,
HAWK,17.83,17.51,17.87,16.91,2052868.0,2.7073732718893946,36602636.44,35.73,16.91,1746725876.6676266,12.0,15.0,2.1975340291164014,-47.248520710059175,1.7411951185047254,2026-09-08,5.4,16.23,35.73,44.57,100.4,1746.7,100.0,55.0,81.6,74.5,0.0,⚠️ SAHTE KÂR (FAALİYET KÂRI YETERSİZ),0.0,-28.04681194511704,-4.805125467164987,Technology Services,Data Processing Services,-8.36136960152708,
LCID,4.63,4.67,4.79,4.59,7910250.0,-1.0683760683760646,36624457.5,25.23,2.37,1824544915.196581,-125.9916264669,15.0,2.0,-74.27777777777777,0.6118767463607471,2026-09-08,95.4,2.28,25.23,11.57,444.9,1824.5,20.0,55.0,10.0,21.4,0.0,⚠️ SAHTE KÂR (FAALİYET KÂRI YETERSİZ),0.0,-34.6045197740113,-4.140786749482405,Consumer Durables,Motor Vehicles,-258.985199615803,
WGS,85.87,85.31,86.57,83.0,426526.0,-0.1395511105942439,36625787.620000005,170.87,32.21,2560861470.255263,-40.8003007553409,15.0,10.479018167129784,-35.67790262172284,0.9389776576566264,2026-09-08,166.6,30.92,170.87,214.68,99.0,2560.9,20.0,55.0,51.9,32.9,0.0,⚠️ SAHTE KÂR (FAALİYET KÂRI YETERSİZ),0.0,21.05448650172693,2.4212786259542,Health Services,Medical/Nursing Services,-12.4876217469951,
HYMC,22.96,22.45,23.4199,22.2,1595205.0,1.1899515204936075,36625906.8,58.7299,5.3,2139451394.859409,-73.1797383678979,15.0,8.523876878983966,307.81527531083486,0.8535955056239899,2026-09-08,333.2,5.09,58.73,57.4,155.8,2139.5,20.0,55.0,25.8,35.8,0.0,⚠️ ELENDİ (ZOMBİ VEYA PRİMLİ),0.0,-13.129020052970104,3.774011299435032,Non-Energy Minerals,Precious Metals,10.0,
CWST,92.07,92.44,93.14,91.45,398616.0,-1.5609964717203122,36700575.12,107.961,74.05,5859320714.362985,0.363983849173873,1028.7150837988827,3.708325143628624,-2.807980576374972,0.9260269810107042,2026-09-08,24.3,71.09,107.96,230.17,17.3,5859.3,90.0,30.0,10.0,32.4,0.0,⚠️ SAHTE KÂR (FAALİYET KÂRI YETERSİZ),0.0,2.8715083798882604,-0.1951219512195195,Industrial Services,Environmental Services,4.81707323309547,
PNRG,215.52,217.35,222.52,210.47,170840.0,-0.8419599723947476,36819436.8,278.9,126.4,341081960.92422366,11.7155009228707,20.763605884563137,1.5658646163566303,39.59453332469722,1.4982639817654502,2026-09-08,70.5,121.34,278.9,538.8,29.4,341.1,20.0,40.0,15.0,52.4,0.0,⚠️ ELENDİ (ZOMBİ VEYA PRİMLİ),0.0,17.809117743522474,0.9934395501405832,Energy Minerals,Oil & Gas Production,15.34687163197,
LAUR,36.38,36.59,36.92,36.29,1013830.0,-1.033732317736658,36883135.400000006,40.925,24.9769,5011321455.924919,29.3492407611268,16.3307447142793,4.390564751175183,30.534625044851097,1.0171276294875615,2026-09-08,45.7,23.98,40.92,90.95,12.5,5011.3,20.0,100.0,10.2,35.6,0.0,⚠️ ELENDİ (ZOMBİ VEYA PRİMLİ),0.0,-2.544870077685496,-2.7792624265098853,Commercial Services,Miscellaneous Commercial Services,24.4169266269855,
BXSL,24.49,24.74,24.9667,24.48,1510689.0,-0.9304207119741118,36996773.61,29.0,22.47,5705436666.169498,4.79815660860868,19.29105947223316,0.9594045345477692,-16.416382252559735,1.1986398865064554,2026-09-08,9.0,21.57,29.0,61.22,18.4,5705.4,90.0,40.0,12.0,42.0,0.0,⚠️ ELENDİ (ZOMBİ VEYA PRİMLİ),0.0,3.8592027141645473,-1.88301282051283,Miscellaneous,Investment Trusts/Mutual Funds,59.1223118348049,
GEO,32.04,31.56,32.05,30.85,1159677.0,0.8498583569405086,37156051.08,33.15,12.51,4217091503.954674,20.1101792508045,15.116772823779192,2.794982291466755,54.78260869565218,0.5260335764587754,2026-09-08,156.1,12.01,33.15,80.1,3.5,4217.1,20.0,85.0,74.1,22.7,0.0,⚠️ ELENDİ (ZOMBİ VEYA PRİMLİ),0.0,6.622296173044919,1.8112488083889429,Commercial Services,Miscellaneous Commercial Services,12.4900922109658,
VGNT,47.39,50.0,50.19,47.3,784575.0,-5.635205097570686,37181009.25,50.885,26.34,3356883343.008562,12.0,15.0,39.48179621761226,57.96666666666667,1.3073003537454866,2026-09-08,79.9,25.29,50.88,118.47,7.4,3356.9,20.0,70.0,13.1,45.8,0.0,⚠️ ELENDİ (ZOMBİ VEYA PRİMLİ),0.0,9.928090930178616,2.1996980806556032,Producer Manufacturing,Electrical Products,10.0,
ACHC,27.5,27.71,28.45,27.445,1316303.0,-2.239601848560252,36198332.5,35.83,11.43,2560257434.67828,-44.5408719766317,15.0,1.2626187263345077,14.631096290120892,0.902918664383092,2026-09-08,140.6,10.97,35.83,68.75,30.3,2560.3,20.0,55.0,10.0,31.6,0.0,⚠️ ELENDİ (ZOMBİ VEYA PRİMLİ),0.0,-9.180977542932633,-1.043540842029504,Health Services,Medical/Nursing Services,10.0595277510613,
SUNC,81.52,80.0,82.05,79.255,762531.0,2.476429918290382,62161527.12,82.05,47.0,4199682343.829038,12.0,15.0,1.6488739841180586,59.843137254901954,1.916396727505496,2026-09-08,73.4,45.12,82.05,203.8,0.7,4199.7,20.0,70.0,62.6,79.5,0.0,⚠️ ELENDİ (ZOMBİ VEYA PRİMLİ),0.0,13.143650242886885,3.886835733401296,Distribution Services,Wholesale Distributors,10.0,
GPK,9.89,10.32,10.33,9.89,6304676.0,-5.177372962607854,62353245.64,21.24,8.785,2928147850.9108343,6.01177564301209,15.164060104262497,0.904815098427232,-54.04275092936803,1.4952740744619777,2026-09-08,12.6,8.43,21.24,24.73,114.8,2928.1,100.0,55.0,15.0,52.3,0.0,🪤 DÜŞEN BIÇAK (RÖLATİF ÇÖKÜŞ),0.0,-16.540084388185647,-11.141060197663974,Process Industries,Containers/Packaging,6.93527845316661,
LGND,288.83,285.05,289.28,278.3953,216420.0,1.1309523809523674,62508588.6,326.63,161.82,5758002307.091665,21.9615878221314,30.87868971636892,5.946665107407688,72.43582089552238,1.24481184601651,2026-09-08,78.5,155.35,326.63,722.07,13.1,5758.0,20.0,60.0,76.7,49.2,0.0,⚠️ ELENDİ (ZOMBİ VEYA PRİMLİ),0.0,-5.105628018530085,0.8907363420427594,Health Technology,Pharmaceuticals: Major,34.4518176373812,
INDV,34.32,34.35,34.8399,33.84,1823831.0,-1.7744705208929523,62593879.92,42.81,22.22,4050228274.495707,12.0,12.19009732187256,2.0,37.28,0.9481354597310508,2026-09-08,54.5,21.33,42.81,85.8,24.7,4050.2,20.0,70.0,10.0,33.2,0.0,⚠️ BİYOTEK TUZAĞI (FDA RİSKİ),0.0,-11.614730878186965,-1.942857142857142,Health Technology,Pharmaceuticals: Major,39.9399399399308,
COCO,53.27,54.74,55.49,53.16,1178701.0,-3.3738436423000167,62789402.27,85.83,37.63,3057542686.015055,31.3695200782984,29.40169996688376,7.6266151258098,38.327707089067786,1.158400608535716,2026-09-08,41.6,36.12,85.83,133.18,61.1,3057.5,20.0,85.0,11.6,40.5,0.0,🪤 DÜŞEN BIÇAK (RÖLATİF ÇÖKÜŞ),0.0,-16.726590589338745,-9.111073195700389,Consumer Non-Durables,Food: Specialty/Candy,19.0983799279905,
LMND,50.55,53.35,53.76,50.4,1242471.0,-5.354802471447294,62806909.05,99.9,46.16,3912398830.3744617,-26.9627897915449,15.0,7.825561954300575,1.160696417850707,1.4574186864556486,2026-09-08,9.5,44.31,99.9,126.38,97.6,3912.4,100.0,55.0,14.6,51.0,0.0,⚠️ SAHTE KÂR (FAALİYET KÂRI YETERSİZ),0.0,-3.622497616777894,-1.1150234741784044,Finance,Multi-Line Insurance,-13.7939001848429,
VKTX,33.68,34.63,34.81,33.53,1865176.0,-3.4126756524232804,62819127.68,43.15,22.959,3928870860.024089,-88.8529280315806,15.0,9.622114865424669,26.047904191616773,1.0713915419522797,2026-09-08,46.7,22.04,43.15,84.2,28.1,3928.9,20.0,55.0,10.7,37.5,0.0,⚠️ BİYOTEK TUZAĞI (FDA RİSKİ),0.0,-0.4139562389118881,3.2812020852499244,Health Technology,Pharmaceuticals: Major,10.0,
BFAM,66.61,69.47,69.47,66.53,943361.0,-5.181494661921708,62837276.21,115.32,57.63,3239597566.253524,14.9433971929106,21.06977921174164,3.476519013338747,-42.87796929937398,1.5308295430185916,2026-09-08,15.6,55.32,115.32,166.53,73.1,3239.6,100.0,55.0,15.3,53.6,0.0,NÖTR,0.0,-9.423443024204524,-10.566595059076269,Commercial Services,Miscellaneous Commercial Services,10.9054430283595,
APPN,34.58,37.4,37.5,34.11,1823002.0,-9.877508470158975,63039409.16,46.059,18.63,2476906396.804796,12.0,15.0,2.0,13.75,1.95899188647273,2026-09-08,85.6,17.88,46.06,86.45,33.2,2476.9,20.0,55.0,19.6,68.6,0.0,⚠️ SAHTE KÂR (FAALİYET KÂRI YETERSİZ),0.0,9.430379746835431,-17.8036605657238,Technology Services,Packaged Software,4.36988483692461,
LAZ,44.05,44.22,44.75,43.79,1431963.0,-2.1111111111111174,63077970.15,58.75,38.67,4292697571.302223,26.4542474581921,21.592078819665705,4.6950408431248825,-21.813986510472144,1.3913451818375793,2026-09-08,13.9,37.12,58.75,110.12,33.4,4292.7,90.0,70.0,13.9,48.7,0.0,NÖTR,0.0,0.9163802978235936,3.9650696247344817,Finance,Investment Banks/Brokers,12.0358582484255,
CHDN,85.83,87.04,87.64,85.53,735145.0,-1.4241414953485645,63097495.35,118.35,79.4,5982371671.357529,34.3070595148157,14.72743183651058,4.480313867310048,-15.96005091549985,0.8204594961564311,2026-09-08,8.1,76.22,118.35,214.57,37.9,5982.4,90.0,100.0,10.0,28.7,0.0,NÖTR,0.0,-0.6597222222222308,-1.0947222862410726,Consumer Services,Movies/Entertainment,25.80968615261209,
DBRG,15.92,15.92,15.93,15.91,3974477.0,-0.0627746390458241,63273673.84,15.98,8.94,3029261351.64344,15.873708408532,10.344379467186483,1.9163083619415384,41.3854351687389,0.8655646886763905,2026-09-08,78.1,8.58,15.98,39.8,0.4,3029.3,20.0,85.0,10.0,30.3,0.0,⚠️ ELENDİ (ZOMBİ VEYA PRİMLİ),0.0,-0.0627746390458241,0.0,Finance,Investment Managers,34.5550360899258,
FRPT,67.28,70.27,70.27,67.28,941824.0,-4.214123006833705,63365918.72,86.0,46.45,3233347184.466971,17.6217550392968,17.729991830711256,2.643209881393421,23.04316020482809,0.8616702289634952,2026-09-08,44.8,44.59,86.0,168.2,27.8,3233.3,20.0,85.0,10.0,30.2,0.0,NÖTR,0.0,0.1786777843954802,-3.9817325531611134,Consumer Non-Durables,Food: Specialty/Candy,8.26096484522317,
QURE,45.68,43.375,46.25,43.05,1393554.0,2.6516853932584263,63657546.72,71.5,8.73,3168657924.967191,-157.607476402086,15.0,9.77384085414126,151.5418502202643,1.0865246304848362,2026-09-08,423.3,8.38,71.5,114.2,56.5,3168.7,20.0,55.0,55.9,51.3,0.0,⚠️ SAHTE KÂR (FAALİYET KÂRI YETERSİZ),0.0,-1.9532088430993853,-6.066214271026121,Health Technology,Biotechnology,-1093.17694944299,
NTSK,14.35,13.79,14.485,13.31,5673305.0,2.9411764705882364,81411926.75,27.99,7.665,5863233656.617648,12.0,15.0,37.339647680258125,-37.60869565217392,0.9484358328715536,2026-09-08,87.2,7.36,27.99,35.88,95.1,5863.2,20.0,55.0,63.4,47.9,0.0,⚠️ SAHTE KÂR (FAALİYET KÂRI YETERSİZ),0.0,1.7009213323883787,-4.460719041278296,Technology Services,Packaged Software,-94.6620884186605,
HLNE,101.17,102.92,103.07,101.0,635861.0,-1.8338831748496025,64330057.370000005,155.66,71.88,5583128726.584515,32.4948206392374,15.414032147482288,4.669127454210983,-30.95611820105098,1.22456899133351,2026-09-08,40.7,69.0,155.66,252.93,53.9,5583.1,20.0,100.0,12.2,42.9,0.0,NÖTR,0.0,1.4438985260202524,-4.817010066798386,Finance,Investment Managers,54.6159796636866,
LASR,41.53,41.03,42.435,40.175,1549678.0,3.669495756365448,64358127.34,86.95,27.22,2395873963.495507,-3.80452017368395,15.0,5.443330642032526,42.51887439945092,1.0061777215442025,2026-09-08,52.6,26.13,86.95,103.83,109.4,2395.9,20.0,55.0,24.0,53.6,0.0,⚠️ SAHTE KÂR (FAALİYET KÂRI YETERSİZ),0.0,-28.728333619358164,-0.930343511450383,Electronic Technology,Semiconductors,-4.6176524546265,
UNFI,44.93,45.21,47.73,43.6,1433044.0,2.276348736626451,64386666.92,57.02,27.97,2719125075.5677214,-2.35805150480918,15.0,1.7066654916643844,55.57479224376731,2.420133814260349,2026-09-08,60.6,26.85,57.02,112.33,26.9,2719.1,20.0,55.0,24.2,96.1,0.0,⚠️ SAHTE KÂR (FAALİYET KÂRI YETERSİZ),0.0,-4.76896990250106,1.8359020852221268,Distribution Services,Food Distributors,0.935717490226239,
CXW,35.05,34.49,35.26,34.17,1837329.0,0.979544799769508,64398381.45,35.26,15.735,3466216860.9536147,8.77233232133371,27.92606166839295,2.409631927863664,78.91781521184276,1.2054597746397258,2026-09-08,122.8,15.11,35.26,87.62,0.6,3466.2,20.0,40.0,55.1,47.1,0.0,⚠️ ELENDİ (ZOMBİ VEYA PRİMLİ),0.0,8.379715522572646,4.814593301435405,Commercial Services,Miscellaneous Commercial Services,9.94240824207057,
WT,24.42,25.2,25.9,24.22,2637301.0,-1.888308557653672,64402890.42,25.91,10.69,3699925769.467256,18.5636224052024,46.87140115163148,8.851385883453128,81.42644873699851,0.9905402000745468,2026-09-08,128.4,10.26,25.91,61.05,6.1,3699.9,20.0,60.0,10.0,34.7,0.0,⚠️ ELENDİ (ZOMBİ VEYA PRİMLİ),0.0,12.018348623853216,2.777777777777778,Finance,Investment Managers,39.7485566198662,
CRC,55.57,55.31,56.07,55.015,1166787.0,2.489856141645152,64838353.59,71.98,43.245,4935721559.103099,-3.55411954765751,15.0,1.450829364243283,12.262626262626265,1.6225072688940838,2026-09-08,28.5,41.52,71.98,138.93,29.5,4935.7,65.0,55.0,19.9,69.2,0.0,⚠️ ELENDİ (ZOMBİ VEYA PRİMLİ),0.0,6.435548745451062,3.3091652723554588,Energy Minerals,Integrated Oil,21.5796519410977,
VFC,13.2,13.5,13.65,13.165,4918619.0,-1.858736059479554,64925770.8,22.2699,12.94,5189376012.401486,17.9381726585757,19.22516749198952,2.940665392378329,-13.328956007879192,0.7971617934304501,2026-09-08,2.0,12.42,22.27,33.0,68.7,5189.4,65.0,55.0,10.0,27.9,0.0,NÖTR,0.0,-11.051212938005396,-0.6772009029345363,Consumer Non-Durables,Apparel/Footwear,7.125173979090441,
ASAN,8.79,8.73,8.97,8.69,7423276.0,-0.2270147559591526,65250596.03999999,15.48,5.38,2012647452.377979,-93.7974148547034,15.0,19.436152570480928,-34.743875278396445,1.2000299196119777,2026-09-08,63.4,5.16,15.48,21.97,76.1,2012.6,20.0,55.0,12.0,42.0,0.0,⚠️ SAHTE KÂR (FAALİYET KÂRI YETERSİZ),0.0,-2.333333333333343,-12.624254473161049,Technology Services,Packaged Software,-14.9699261103671,
NKTR,75.44,74.1,77.755,74.0,867160.0,1.6848631891090444,65418550.4,109.0,33.4,2575747546.816552,-35.7549692232424,15.0,2.8509376085304408,85.31073446327683,1.769192193487393,2026-09-08,125.9,32.06,109.0,188.6,44.5,2575.7,20.0,55.0,17.7,70.3,0.0,⚠️ SAHTE KÂR (FAALİYET KÂRI YETERSİZ),0.0,1.1938296445338707,7.14387160914643,Health Technology,Pharmaceuticals: Major,-239.32110864826203,
PARR,82.08,83.53,85.33,81.44,799869.0,0.9345794392523428,65653247.52,87.03,32.24,4112177487.476636,54.7397900126994,4.7900277784262,2.0401224073444406,141.76730486008836,0.942978867683583,2026-09-08,154.6,30.95,87.03,205.2,6.0,4112.2,20.0,85.0,10.0,37.7,0.0,⚠️ ELENDİ (ZOMBİ VEYA PRİMLİ),0.0,21.6,1.2708204811844557,Energy Minerals,Oil Refining/Marketing,13.307092232730898,
BETA,21.14,22.71,23.21,20.81,3111821.0,-4.774774774774769,65783895.940000005,39.5,13.43,4945514161.712613,12.0,15.0,3.060658664168721,-37.8235294117647,1.4395715936386706,2026-09-08,57.4,12.89,39.5,52.85,86.8,4945.5,20.0,55.0,14.4,50.4,0.0,⚠️ SAHTE KÂR (FAALİYET KÂRI YETERSİZ),0.0,-8.840017248814146,7.802141764405921,Electronic Technology,Aerospace & Defense,-1129.30957584408,
SBET,8.82,8.69,8.9399,8.45,7512548.0,1.6129032258064582,66260673.36,19.535,4.46,1915912239.387097,-183.577843699579,15.0,1.3567999212379185,-41.8013856812933,0.8348474303704743,2026-09-08,97.8,4.28,19.54,22.05,121.5,1915.9,20.0,55.0,44.1,37.3,0.0,⚠️ SAHTE KÂR (FAALİYET KÂRI YETERSİZ),0.0,37.597503900156006,6.39324487334139,Commercial Services,Advertising/Marketing Services,-18.644703601145,
KLAR,14.26,14.32,14.42,14.165,4650289.0,-1.0409437890353943,66313121.14,57.2,12.06,5383262654.98959,-5.98451558903536,15.0,2.2150045589329457,-72.57692307692308,0.612662162584109,2026-09-08,18.2,11.58,57.2,35.65,301.1,5383.3,100.0,55.0,10.0,21.4,0.0,⚠️ SAHTE KÂR (FAALİYET KÂRI YETERSİZ),0.0,-30.57448880233689,-0.972222222222226,Commercial Services,Miscellaneous Commercial Services,-1.23793018073781,
NVST,26.81,27.1,27.35,26.67,2475325.0,-1.722873900293264,66363463.25,30.4199,18.77,4306160814.141496,3.0569723102666,46.57748436414176,1.3996316374176196,25.750469043151963,1.3787169645696769,2026-09-08,42.8,18.02,30.42,67.02,13.5,4306.2,20.0,30.0,13.8,48.3,0.0,⚠️ ELENDİ (ZOMBİ VEYA PRİMLİ),0.0,-2.86231884057972,-1.4700477765527458,Health Technology,Medical Specialties,10.6108874496762,
BYD,76.52,77.62,78.01,76.515,869052.0,-1.9225839528326072,66499859.04,91.41,76.24,5559591792.541399,93.3309604757425,3.368031866898479,2.237417087351956,-11.54779794243441,1.0814657077663756,2026-09-08,0.4,73.19,91.41,191.3,19.5,5559.6,65.0,100.0,10.8,37.9,0.0,🪤 DÜŞEN BIÇAK (RÖLATİF ÇÖKÜŞ),0.0,-8.643744030563525,-1.3027215271507868,Consumer Services,Casinos/Gaming,18.7147571097029,
NWL,6.34,6.05,6.465,6.03,10128499.0,3.7643207855973735,64214683.66,7.1299,3.07,2700206020.7528644,-8.59420571650787,15.0,1.1003811414805509,-0.7824726134585263,1.433246757400056,2026-09-08,106.5,2.95,7.13,15.85,12.5,2700.2,20.0,55.0,44.1,69.0,0.0,⚠️ ELENDİ (ZOMBİ VEYA PRİMLİ),0.0,4.793388429752067,2.755267423014585,Producer Manufacturing,Industrial Machinery,8.36323488821419,
OLN,17.89,17.55,18.095,17.39,3194823.0,2.993667242371903,57155383.47,30.464,16.73,2039146853.9343696,-7.58872594450199,15.0,1.1916910689115845,-29.455835962145105,1.0937907894015626,2026-09-08,6.9,16.06,30.46,44.73,70.3,2039.1,100.0,55.0,40.2,53.3,0.0,⚠️ SAHTE KÂR (FAALİYET KÂRI YETERSİZ),0.0,-4.739084132055381,3.650057937427572,Process Industries,Industrial Specialties,0.617615467239527,
SEB,4304.81,4298.0,4369.98,4221.3,13287.0,-0.4341309747940254,57198010.470000006,5989.37,3140.0101,4123121309.096959,12.2856312372832,6.504307159480716,0.7515714896822375,10.64870505742164,0.7063870960882094,2026-09-08,37.1,3014.41,5989.37,10762.03,39.1,4123.1,20.0,55.0,15.7,24.7,0.0,⚠️ SAHTE KÂR (FAALİYET KÂRI YETERSİZ),0.0,3.2359483197937684,9.816581632653072,Process Industries,Agricultural Commodities/Milling,3.63123052959502,
SOUN,6.57,6.745,6.87,6.465,39306486.0,-2.522255192878337,258243613.02,22.17,5.6501,2917801551.712166,-32.2420073654211,15.0,5.838443081844842,-54.62707182320442,1.700140131580205,2026-09-08,16.3,5.42,22.17,16.43,237.4,2917.8,100.0,55.0,17.0,59.5,0.0,⚠️ SAHTE KÂR (FAALİYET KÂRI YETERSİZ),0.0,-8.749999999999998,-5.671213208901645,Technology Services,Packaged Software,-95.7490157480315,
OCTV,18.39,19.18,19.18,18.33,3155482.0,-6.125574272588052,58029313.98,27.39,15.41,4936570826.581929,12.0,15.0,0.9717757021198344,-9.631449631449636,1.415556704775139,2026-09-08,19.3,14.79,27.39,45.98,48.9,4936.6,90.0,70.0,14.2,49.5,0.0,NÖTR,0.0,-5.740645822655053,-6.649746192893396,Technology Services,Packaged Software,10.0,
FCN,151.01,150.01,151.74,148.29,384307.0,-0.4548450889914289,58034200.06999999,189.3,137.65,4169623732.202901,15.6340884851435,18.257326627333395,3.1370279397198715,-10.155878153260366,1.253136861052055,2026-09-08,9.7,132.14,189.3,377.52,25.4,4169.6,90.0,70.0,52.9,43.9,0.0,NÖTR,0.0,0.6800453363557449,0.1724709784411216,Commercial Services,Miscellaneous Commercial Services,9.68580342847939,
DHT,20.82,21.06,21.15,20.57,2787497.0,-0.2395783421178759,58035687.54,21.15,10.83,3356924919.654049,39.1763532556201,7.082837217213813,2.52478705446361,63.67924528301887,0.8540653908708384,2026-09-08,92.2,10.4,21.15,52.05,1.6,3356.9,20.0,100.0,10.0,29.9,0.0,⚠️ ELENDİ (ZOMBİ VEYA PRİMLİ),0.0,13.275299238302509,5.900305188199391,Transportation,Marine Shipping,56.659503230469696,
DX,12.89,12.9,13.015,12.88,4508456.0,-0.0775193798449595,58113997.84,14.9305,11.825,3198871450.914729,18.2307849849323,4.918157884696098,0.997732847548124,-0.0775193798449595,1.0968642392638848,2026-09-08,9.0,11.35,14.93,32.23,15.8,3198.9,90.0,85.0,11.0,38.4,0.0,NÖTR,-72.8,0.0776397515527933,0.389408099688479,Finance,Real Estate Investment Trusts,120.134952103504,
MUR,37.58,37.38,38.305,37.235,1554741.0,3.1284302963776085,58427166.78,43.34,24.8,5388262240.235456,5.6464904748153,18.628860357904127,1.0243957754986772,49.96009577015164,1.1979847387534417,2026-09-08,51.5,23.81,43.34,93.95,15.3,5388.3,20.0,40.0,12.0,57.6,0.0,⚠️ ELENDİ (ZOMBİ VEYA PRİMLİ),0.0,14.95870296726828,0.940102068224554,Energy Minerals,Oil & Gas Production,21.6140922209553,
BLLN,99.06,99.24,102.37,96.1561,590280.0,-0.3320253546634453,58473136.8,150.44,61.96,4674347786.120133,9.05062878738516,160.78558675539685,8.641181607001572,-0.9399999999999976,0.990667472027339,2026-09-08,59.9,59.48,150.44,247.65,51.9,4674.3,20.0,30.0,10.0,34.7,0.0,⚠️ ELENDİ (ZOMBİ VEYA PRİMLİ),0.0,7.347204161248376,9.42229095327516,Health Services,Medical/Nursing Services,10.8959971012451,
SPHR,142.41,142.0,144.05,140.42,410677.0,-0.0070214857463775,58484511.57,181.63,51.35,5114456851.924449,-3.3837823912347,15.0,2.295644739103143,188.92270237370664,0.6739777185946868,2026-09-08,177.3,49.3,181.63,356.02,27.5,5114.5,20.0,55.0,13.5,23.6,0.0,⚠️ SAHTE KÂR (FAALİYET KÂRI YETERSİZ),0.0,-8.069201471822348,6.252331567559498,Consumer Services,Media Conglomerates,-1.51984935641138,
ANAB,56.6,55.48,58.165,54.79,1036083.0,-0.3521126760563305,58642297.8,72.36,11.40244381,1675839970.9894366,-114.552685596989,15.0,128.90295839121822,288.2605387113466,2.0606105083910444,2026-09-08,396.4,10.95,72.36,141.5,27.8,1675.8,20.0,55.0,25.7,72.1,0.0,⚠️ BİYOTEK TUZAĞI (FDA RİSKİ),0.0,2.5362318840579685,-0.3871876099964781,Health Technology,Biotechnology,17.5559839578636,
PSN,47.59,47.3,48.38,47.0101,1233000.0,0.0210172341319989,58678470.00000001,89.5,36.26,5082868676.935058,6.11634471731727,32.9160326462858,1.9314695605835728,-36.90002651816494,1.171393265410258,2026-09-08,31.2,34.81,89.5,118.98,88.1,5082.9,65.0,30.0,11.7,41.1,0.0,⚠️ ELENDİ (ZOMBİ VEYA PRİMLİ),0.0,-2.0781893004115184,-1.2655601659751026,Technology Services,Information Technology Services,5.39886104403502,
IRTC,122.24,121.38,123.93,119.94,480050.0,-0.6744129357276333,58681312.0,212.0,100.8458,4029397728.865849,-9.63047613786627,15.0,21.65291217852316,-32.54607659198764,1.1117147711125068,2026-09-08,21.2,96.81,212.0,305.6,73.4,4029.4,100.0,55.0,21.8,38.9,0.0,⚠️ SAHTE KÂR (FAALİYET KÂRI YETERSİZ),0.0,-7.091282207190088,2.335705316031805,Health Technology,Medical Specialties,1.38004400631985,
RITM,9.95,10.07,10.135,9.93,5903539.0,-1.289682539682547,58740213.05,12.68,8.43,5556149432.837301,5.43694477663872,16.564008656567335,0.8071169054083321,-21.031746031746035,1.3643601755798729,2026-09-08,18.0,8.09,12.68,24.88,27.4,5556.1,90.0,55.0,13.6,47.8,0.0,⚠️ ELENDİ (ZOMBİ VEYA PRİMLİ),0.0,-0.5000000000000071,-0.4004004004004096,Finance,Real Estate Investment Trusts,42.3236105266001,
PENG,51.3,52.92,53.0,51.1,1207275.0,-0.888717156105102,61933207.5,89.86,16.04,2628750356.3775115,17.1713718657108,36642.85714285714,5.986891857827072,106.2726176115802,0.8291948284864301,2026-09-08,219.8,15.4,89.86,128.25,75.2,2628.8,20.0,60.0,10.0,29.0,0.0,⚠️ ELENDİ (ZOMBİ VEYA PRİMLİ),0.0,-12.172573189522344,7.999999999999994,Electronic Technology,Semiconductors,8.1323346897752,
AMPX,10.39,10.14,10.6,10.0,5662364.0,5.055611729019211,58831961.96,24.225,7.37,1517777772.27907,-37.9692520638687,15.0,12.080692982966108,44.70752089136492,1.3734527819241753,2026-09-08,41.0,7.08,24.23,25.98,133.2,1517.8,20.0,55.0,34.7,73.3,0.0,⚠️ SAHTE KÂR (FAALİYET KÂRI YETERSİZ),0.0,-10.19878997407087,7.780082987551867,Producer Manufacturing,Electrical Products,-17.0496575969532,
AMR,223.74,222.03,230.0,221.615,263085.0,-0.7408721884565846,58862637.900000006,253.8199,133.64,2836809512.964465,-2.96029370328758,15.0,1.893659355785111,52.82786885245901,0.7512108290174082,2026-09-08,67.4,128.29,253.82,559.35,13.4,2836.8,20.0,55.0,10.0,26.3,0.0,⚠️ SAHTE KÂR (FAALİYET KÂRI YETERSİZ),0.0,51.688135593220345,-5.0823010351264175,Energy Minerals,Coal,-2.16832849658587,
TGB,8.9,8.72,9.15,8.72,6695541.0,5.3254437869822615,59590314.900000006,9.82,3.37,3257607390.556031,2.2145109786359,424.2297132397804,5.401706327410701,164.09495548961425,1.20221319351368,2026-09-08,164.1,3.24,9.82,22.25,10.3,3257.6,20.0,30.0,12.0,68.7,0.0,⚠️ ELENDİ (ZOMBİ VEYA PRİMLİ),0.0,4.952830188679244,1.8306636155606424,Non-Energy Minerals,Other Metals/Minerals,28.3276111117376,
EROC,13.74,12.7,14.0,12.5,4352645.0,11.435523114355233,59805342.3,20.7,8.88,3014557076.467153,12.0,15.0,13.445542616694391,-31.641791044776124,2.5808822439438006,2026-09-08,54.7,8.52,20.7,34.35,50.7,3014.6,20.0,70.0,71.5,100.0,0.0,⚠️ ELENDİ (ZOMBİ VEYA PRİMLİ),0.0,32.11538461538461,19.68641114982578,Producer Manufacturing,Electrical Products,10.0,
HAE,102.84,101.89,103.525,101.25,581579.0,-0.0777302759424779,59809584.36,109.5707,47.315,4678916665.965798,11.2000632778508,50.160959906350605,5.586267472702849,89.91689750692522,0.9709547821917524,2026-09-08,117.4,45.42,109.57,257.1,6.5,4678.9,20.0,30.0,37.6,34.0,0.0,⚠️ ELENDİ (ZOMBİ VEYA PRİMLİ),0.0,20.21040327293981,-0.7335907335907248,Health Technology,Medical Specialties,18.3683884696375,
GPRK,11.95,11.55,12.18,11.54,5011108.0,3.373702422145318,59882740.6,13.13,5.75,775511740.1730103,28.5746482444356,8.065604751619869,1.765737598094481,88.78357030015796,4.52482872885573,2026-09-08,107.8,5.52,13.13,29.88,9.9,775.5,20.0,100.0,49.7,100.0,0.0,⚠️ ELENDİ (ZOMBİ VEYA PRİMLİ),0.0,26.588983050847457,7.27109515260322,Energy Minerals,Oil & Gas Production,29.0366920009624,
MAT,14.14,14.47,14.6,14.07,4237112.0,-2.684101858224355,59912763.68,22.48,12.7277,4039798098.289058,20.5024152411392,10.413904846074534,2.021802292329162,-24.42544094067344,1.338622812474232,2026-09-08,11.1,12.22,22.48,35.35,59.0,4039.8,100.0,85.0,13.4,46.9,0.0,NÖTR,0.0,-2.0775623268697987,-5.354752342704143,Consumer Durables,Recreational Products,8.67554989836919,
ASB,30.51,30.93,31.065,30.51,1964910.0,-1.8023817186997064,59949404.1,32.46,23.86,5761802922.152559,9.65811666389126,10.662985356306574,1.057637243251713,14.958553127354945,1.142447587162278,2026-09-08,27.9,22.91,32.46,76.28,6.4,5761.8,65.0,55.0,11.4,40.0,0.0,⚠️ ELENDİ (ZOMBİ VEYA PRİMLİ),0.0,-1.9286403085824424,0.6930693069306959,Finance,Major Banks,38.85975547043735,
WH,69.87,71.45,72.25,69.8,861386.0,-2.6880222841225527,60185039.82,90.35,69.21,5185131750.411978,39.6190476190476,25.55689674091957,10.844411333317812,-18.953717666164007,0.8394192379617782,2026-09-08,1.0,66.44,90.35,174.68,29.3,5185.1,65.0,85.0,10.0,29.4,0.0,NÖTR,0.0,-7.038318254390623,-4.274558158651857,Consumer Services,Hotels/Resorts/Cruise lines,38.1523272214386,
VVX,74.5,74.83,76.18,73.57,813744.0,0.4313831221353372,60623928.0,93.98,50.8888,2335229172.566729,8.34915387199067,25.660455343918983,2.058457427922906,30.965984002812696,1.735607680453874,2026-09-08,46.4,48.85,93.98,186.25,26.1,2335.2,20.0,40.0,17.4,62.9,0.0,⚠️ SAHTE KÂR (FAALİYET KÂRI YETERSİZ),0.0,-11.803006984728304,-3.27187743443261,Commercial Services,Miscellaneous Commercial Services,4.18522733120994,
HZO,52.17,52.19,52.24,52.14,1162385.0,0.0191717791411141,60641625.45,52.46,21.42,1152264949.3470092,0.42080907755861,361.2880886426593,1.209740252512698,97.0166163141994,1.7014367401784454,2026-09-08,143.6,20.56,52.46,130.43,0.6,1152.3,20.0,30.0,17.0,59.6,0.0,⚠️ SAHTE KÂR (FAALİYET KÂRI YETERSİZ),0.0,48.00000000000001,0.0383509108341383,Retail Trade,Specialty Stores,2.89744858950429,
THO,74.13,77.47,77.47,73.095,820917.0,-3.652196516766314,60854577.20999999,122.83,69.71,3859012903.809202,6.14793310306323,14.941046054620578,0.8944574047390194,-33.97755610972569,1.657331039619062,2026-09-08,6.3,66.92,122.83,185.32,65.7,3859.0,100.0,55.0,16.6,58.0,0.0,⚠️ SAHTE KÂR (FAALİYET KÂRI YETERSİZ),0.0,-5.482595945429059,-3.375912408759129,Consumer Durables,Recreational Products,2.54144540895553,
QS,5.59,5.52,5.72,5.51,10993052.0,2.0072992700729824,61451160.68,19.0699,4.77,3460844590.468977,-39.0750918578442,15.0,3.302396748409356,-44.43339960238569,0.7614245488430239,2026-09-08,17.2,4.58,19.07,13.97,241.1,3460.8,100.0,55.0,10.0,36.7,0.0,⚠️ ELENDİ (ZOMBİ VEYA PRİMLİ),0.0,-1.7574692442882345,2.380952380952379,Producer Manufacturing,Electrical Products,10.0,
LIFE,42.02,39.76,42.55,39.665,1465919.0,5.445420326223341,61597916.38,42.55,9.45,2679144915.187955,-26.1115984076648,15.0,5.62650805680604,121.15789473684212,1.0845873982329275,2026-09-08,344.7,9.07,42.55,105.05,1.3,2679.1,20.0,55.0,55.1,65.2,0.0,⚠️ SAHTE KÂR (FAALİYET KÂRI YETERSİZ),0.0,40.72337575351643,19.85168282943525,Technology Services,Packaged Software,-17.6723520626326,
AROC,33.36,32.93,33.57,32.58,1849061.0,2.049556439278072,61684674.96,42.23,22.88,5849281457.025391,21.9475130423621,17.918143731872384,3.7660063737625857,31.805610430659826,0.922813835562395,2026-09-08,45.8,21.96,42.23,83.4,26.6,5849.3,20.0,85.0,49.5,42.5,0.0,⚠️ ELENDİ (ZOMBİ VEYA PRİMLİ),0.0,1.336573511543128,5.736925515055463,Industrial Services,Oilfield Services/Equipment,38.3292079536965,
NN,15.22,15.12,15.61,14.635,3861162.0,0.2635046113307043,58766885.64,24.42,10.87,2569286821.3768115,-77.8704074351254,15.0,7.598526225399648,-6.968215158924199,1.713203716267032,2026-09-08,40.0,10.44,24.42,38.05,60.4,2569.3,20.0,55.0,31.1,61.3,0.0,⚠️ SAHTE KÂR (FAALİYET KÂRI YETERSİZ),0.0,1.1295681063122918,-1.7430600387346646,Technology Services,Packaged Software,-1900.4274578828297,
GXO,46.71,48.25,48.5,46.52,1570275.0,-3.331953642384105,73347545.25,66.85,45.0,5356916601.68481,4.42044879365615,41.18684419363372,1.7947464762106755,-11.68462847419172,1.4131932051170593,2026-09-08,3.8,43.2,66.85,116.78,43.1,5356.9,90.0,30.0,14.1,49.5,0.0,⚠️ SAHTE KÂR (FAALİYET KÂRI YETERSİZ),0.0,-0.5958714620131967,-1.142857142857141,Transportation,Air Freight/Couriers,3.2768858588080105,
ACMR,76.91,76.99,78.71,75.46,954039.0,3.318108543793658,73375139.49,127.19,27.7,5356719745.733342,10.554963036657,36.53334600038001,2.8794696174959133,176.55519597267167,1.2079053030825777,2026-09-08,177.7,26.59,127.19,192.27,65.4,5356.7,20.0,30.0,12.1,58.9,0.0,🪤 DÜŞEN BIÇAK (RÖLATİF ÇÖKÜŞ),0.0,-16.8989735278228,7.656774916013436,Producer Manufacturing,Industrial Machinery,13.2859626199204,
ALKT,19.38,19.72,19.72,18.7925,3788964.0,-1.5744032503809156,73430122.32,26.89,13.98,2072535598.77806,-12.7659393824475,15.0,5.714555308521115,-23.36892052194544,3.670770334313571,2026-09-08,38.6,13.42,26.89,48.45,38.8,2072.5,20.0,55.0,48.7,100.0,0.0,⚠️ SAHTE KÂR (FAALİYET KÂRI YETERSİZ),0.0,-3.00300300300301,-3.6779324055666094,Technology Services,Packaged Software,-7.07884188537696,
MRX,76.71,78.84,79.1099,75.91,957644.0,-1.9931008049060968,73460871.24,79.1099,27.91,5517816805.521656,26.2038900067727,14.297696264817713,2.925516599093628,118.54700854700852,1.2170415607713778,2026-09-08,174.8,26.79,79.11,191.77,3.1,5517.8,20.0,100.0,12.2,42.6,0.0,⚠️ ELENDİ (ZOMBİ VEYA PRİMLİ),0.0,21.108304389011668,6.143628061436278,Technology Services,Internet Software/Services,32.1859999544924,
MANE,103.83,99.0,104.23,98.1747,712835.0,5.400466957669265,74013658.05,131.2399,32.0,4338031625.901025,12.0,15.0,5.327907758384026,205.3823529411765,1.3125893752506557,2026-09-08,224.5,30.72,131.24,259.57,26.4,4338.0,20.0,70.0,73.9,72.9,0.0,⚠️ BİYOTEK TUZAĞI (FDA RİSKİ),0.0,-6.189013371882914,5.314940663353276,Health Technology,Pharmaceuticals: Major,10.0,
OUST,37.49,37.285,38.38,36.6311,1980815.0,2.90968981608565,74260754.35000001,63.79,16.4,2703491469.971452,-18.00550696305,15.0,6.915238980624788,33.98856325947106,1.014066118883301,2026-09-08,128.6,15.74,63.79,93.73,70.2,2703.5,20.0,55.0,10.1,50.0,0.0,⚠️ SAHTE KÂR (FAALİYET KÂRI YETERSİZ),0.0,-18.21553228621292,12.24550898203594,Electronic Technology,Semiconductors,-34.4078045161952,
SBLK,31.02,31.35,31.47,30.65,2395145.0,-4.318322023442326,74297397.9,32.88,16.72,3459665099.909315,11.6807591106167,12.135200688522024,1.404479120258185,59.15854284248333,1.642029938940751,2026-09-08,85.5,16.05,32.88,77.55,6.0,3459.7,20.0,55.0,16.4,57.5,0.0,⚠️ ELENDİ (ZOMBİ VEYA PRİMLİ),0.0,8.196721311475402,0.0968054211035854,Transportation,Marine Shipping,27.8357114060106,
NXST,169.145,176.83,177.8,167.73,439883.0,-4.345982016626139,74404010.03500001,254.3,154.47,5211069960.892411,7.34350807343508,32.2777321909051,2.300549142283956,-18.945275062296336,1.4789000646518466,2026-09-08,9.5,148.29,254.3,422.86,50.3,5211.1,100.0,30.0,14.8,51.8,0.0,⚠️ ELENDİ (ZOMBİ VEYA PRİMLİ),0.0,-10.67543303760034,-6.1817072494314615,Consumer Services,Broadcasting,18.0054458815521,
AVAH,13.66,13.43,13.95,13.38,5451505.0,0.5891016200294555,74467558.3,14.0,5.93,2981850671.297496,199.620030150571,11.108400422867366,10.373160396701245,65.37530266343826,1.891021352825341,2026-09-08,130.4,5.69,14.0,34.15,2.5,2981.9,20.0,85.0,18.9,69.1,0.0,⚠️ ELENDİ (ZOMBİ VEYA PRİMLİ),0.0,46.88172043010752,2.0926756352765272,Health Services,Medical/Nursing Services,11.3902229120723,
UCTT,75.62,74.16,75.87,72.01,985543.0,4.404252381609827,74526761.66000001,144.22,21.485,3423848806.1601543,-3.44320188346086,15.0,5.354151414439074,206.15384615384616,1.257023335355367,2026-09-08,252.0,20.63,144.22,189.05,90.7,3423.8,20.0,55.0,73.5,66.0,0.0,⚠️ SAHTE KÂR (FAALİYET KÂRI YETERSİZ),0.0,-13.310634980683462,13.237496256364183,Producer Manufacturing,Industrial Machinery,2.84243611351524,
ENOV,19.98,19.15,20.215,18.57,3742769.0,7.650862068965527,74780524.62,34.28,18.52,1152236393.6217673,-54.2485871415206,15.0,0.7800241971470167,-37.58200562324273,2.6280456104646346,2026-09-08,7.9,17.78,34.28,49.95,71.6,1152.2,100.0,55.0,76.3,100.0,0.0,⚠️ SAHTE KÂR (FAALİYET KÂRI YETERSİZ),0.0,-22.31726283048211,-18.41567986933441,Health Technology,Medical Specialties,3.40698849561722,
HRMY,42.07,42.2,43.25,41.555,1778110.0,-0.4260355029585791,74805087.7,43.49,25.52,2450005052.265325,20.4556392937405,13.632975793123562,2.4469901207208937,16.50512323456107,2.51083666831739,2026-09-08,64.9,24.5,43.49,105.17,3.4,2450.0,20.0,85.0,25.1,87.9,0.0,⚠️ ELENDİ (ZOMBİ VEYA PRİMLİ),0.0,7.321428571428565,6.83087861858811,Health Technology,Pharmaceuticals: Major,24.0286988825896,
CRSP,54.78,54.45,55.1,52.78,1385496.0,-1.81036027962,75897470.88,78.48,44.12,5296823863.348629,-26.0949261874161,15.0,3.0317386174209298,-0.3999999999999979,1.1237544782008846,2026-09-08,24.2,42.36,78.48,136.95,43.3,5296.8,90.0,55.0,61.9,39.3,0.0,⚠️ SAHTE KÂR (FAALİYET KÂRI YETERSİZ),0.0,4.184100418410047,-2.561366061899676,Health Technology,Biotechnology,-3971.52777777778,
IMAX,52.66,51.09,52.91,50.52,1451257.0,1.9752130131680792,76423193.61999999,55.5706,30.38,2887985662.095662,12.1017121075308,72.10735314254416,8.114846810307364,75.53333333333332,1.687130496952717,2026-09-08,73.3,29.16,55.57,131.65,5.5,2888.0,20.0,45.0,72.2,68.9,0.0,⚠️ ELENDİ (ZOMBİ VEYA PRİMLİ),0.0,5.23581135091926,1.7977962497583604,Consumer Durables,Electronics/Appliances,22.7678678721934,
CENX,47.95,48.24,49.77,47.84,1388320.0,2.5120256547301,66569944.00000001,70.43,21.96,4746728590.970605,56.7332549941245,8.296852559998616,3.3830286961264147,115.31207903008534,0.959216376488835,2026-09-08,118.4,21.08,70.43,119.88,46.9,4746.7,20.0,85.0,10.0,46.1,0.0,⚠️ ELENDİ (ZOMBİ VEYA PRİMLİ),0.0,0.2089864158829705,6.911928651059088,Non-Energy Minerals,Aluminum,14.869526094781,
CHH,100.01,100.42,101.9251,99.5,769369.0,-0.606241303915722,76944593.69,123.82,84.035,4501312330.311072,563.786441262722,14.11633520120824,31.779876452195136,-13.620659872171355,1.6167334238746134,2026-09-08,19.0,80.67,123.82,250.03,23.8,4501.3,90.0,100.0,16.2,56.6,0.0,NÖTR,0.0,-7.926716995028539,-2.7140077821011594,Consumer Services,Hotels/Resorts/Cruise lines,25.51656230097469,
PTCT,68.81,67.81,70.08,67.475,1118318.0,-0.7070707070706997,76951461.58,90.87,57.4654,5742938437.378789,12.0,15.0,2.0,20.973980309423347,1.5408982508199711,2026-09-08,19.7,55.17,90.87,172.03,32.1,5742.9,90.0,70.0,17.2,53.9,0.0,⚠️ BİYOTEK TUZAĞI (FDA RİSKİ),0.0,-4.0440663784688216,-0.878709305675597,Health Technology,Pharmaceuticals: Major,11.5714039299968,
GT,5.85,6.2,6.215,5.83,13173356.0,-6.400000000000006,77064132.6,10.62,5.43,1684207644.9120002,-63.9346323067253,15.0,0.5927442030123563,-30.769230769230766,1.907825675528796,2026-09-08,7.7,5.21,10.62,14.62,81.5,1684.2,100.0,55.0,19.1,66.8,0.0,⚠️ SAHTE KÂR (FAALİYET KÂRI YETERSİZ),0.0,-15.217391304347837,-7.582938388625599,Consumer Durables,Automotive Aftermarket,2.80902051658848,
PLNT,49.88,51.12,51.65,49.79,1548283.0,-1.946137212502448,77228356.04,114.26,37.03,3767584581.9390607,12.0,16.923964306314257,2.0,-52.35001910584639,1.0276440137801257,2026-09-08,34.7,35.55,114.26,124.7,129.1,3767.6,65.0,70.0,10.3,36.0,0.0,NÖTR,0.0,-3.20201824180089,-1.7530037423675409,Consumer Services,Other Consumer Services,30.9490994718472,
DOCS,24.42,25.64,25.67,24.36,3181237.0,-7.324478178368119,77685807.54,76.51,17.15,4352766802.870588,17.2064697051242,28.95766631092138,4.794308084357834,-65.11428571428571,1.3858842456827214,2026-09-08,42.4,16.46,76.51,61.05,213.3,4352.8,20.0,70.0,13.9,48.5,0.0,🪤 DÜŞEN BIÇAK (RÖLATİF ÇÖKÜŞ),0.0,-37.16711694326515,-7.254082795290531,Technology Services,Packaged Software,30.5730298001123,
WHR,37.61,39.08,39.36,37.57,2086602.0,-4.300254452926203,78477101.22,95.28,35.4483,2452148595.670229,5.98112905805213,12.643716802259126,0.621573885897809,-60.20316385376435,0.99915335888021,2026-09-08,6.1,34.03,95.28,94.03,153.3,2452.1,100.0,55.0,10.0,35.0,0.0,⚠️ SAHTE KÂR (FAALİYET KÂRI YETERSİZ),0.0,-13.34101382488479,-6.813676907829534,Consumer Durables,Electronics/Appliances,3.07702621170477,
ELVN,59.37,58.75,59.9,58.24,1325964.0,0.0842886041807099,78722482.67999999,62.32,14.785,4350084973.960216,-15.3115629207709,15.0,4.858353266193078,194.64019851116623,1.5175755123043693,2026-09-08,301.6,14.19,62.32,148.42,5.0,4350.1,20.0,55.0,40.5,53.5,0.0,⚠️ BİYOTEK TUZAĞI (FDA RİSKİ),0.0,-1.3459621136590267,2.379720641489904,Health Technology,Biotechnology,10.0,
BTBT,1.7,1.635,1.76,1.62,46405760.0,3.658536585365857,78889792.0,4.55,1.18,613076968.6585366,-56.6654759974303,15.0,1.562126697664161,-32.27091633466135,1.4679853038492856,2026-09-08,44.1,1.13,4.55,4.25,167.6,613.1,20.0,55.0,24.7,69.7,0.0,⚠️ SAHTE KÂR (FAALİYET KÂRI YETERSİZ),0.0,21.42857142857144,23.188405797101456,Commercial Services,Miscellaneous Commercial Services,-60.1780843147153,
LRN,82.15,83.41,84.24,82.14,967254.0,-2.987718469532358,79459916.10000001,166.93,60.6147,3414141276.839277,21.7350675525427,11.399747443209415,2.087419025166422,-48.81301015639603,1.719791666481457,2026-09-08,35.5,58.19,166.93,205.38,103.2,3414.1,20.0,85.0,17.2,60.2,0.0,NÖTR,0.0,2.931963413106131,-5.02890173410404,Consumer Services,Other Consumer Services,18.1156531042277,
OPEN,3.07,3.13,3.15,3.055,25946816.0,-2.539682539682542,79656725.11999999,10.87,3.01,2981249658.48254,-196.893203883495,15.0,3.253497244595167,-56.142857142857146,1.0045652426680116,2026-09-08,2.0,2.89,10.87,7.67,254.1,2981.2,65.0,55.0,10.0,35.2,0.0,⚠️ SAHTE KÂR (FAALİYET KÂRI YETERSİZ),0.0,-12.535612535612534,-0.3246753246753321,Finance,Real Estate Development,-15.7344806392133,
PVH,71.26,74.5,75.44,70.82,1120407.0,-4.130230055159415,79840202.82000001,100.745,59.6,3287782035.289924,-3.49947197316381,15.0,0.6860334242492888,-18.902924775236144,0.9286544383544816,2026-09-08,19.6,57.22,100.75,178.15,41.4,3287.8,90.0,55.0,10.0,32.5,0.0,🪤 DÜŞEN BIÇAK (RÖLATİF ÇÖKÜŞ),0.0,-16.820357184545344,-1.9402779689005043,Consumer Non-Durables,Apparel/Footwear,8.5512525920529,
LPX,67.08,68.54,68.58,66.09,1191300.0,-1.5989438169282726,79912404.0,100.34,66.09,4690462116.772774,3.09810671256454,86.95877625097226,2.6924307295130623,-31.74603174603175,1.2019022198618452,2026-09-08,1.5,63.45,100.34,167.7,49.6,4690.5,65.0,30.0,12.0,42.1,0.0,⚠️ SAHTE KÂR (FAALİYET KÂRI YETERSİZ),0.0,-13.445161290322584,-3.537532355478872,Non-Energy Minerals,Forest Products,4.53808752025932,
ERO,37.91,36.83,39.36,36.69,2109418.0,8.624641833810882,79968036.38,40.83,15.76,3954113037.92019,30.2298214478011,13.157112934465848,3.262245625042062,149.9011206328279,1.3437524326399992,2026-09-08,140.5,15.13,40.83,94.77,7.7,3954.1,20.0,100.0,13.4,90.2,0.0,⚠️ ELENDİ (ZOMBİ VEYA PRİMLİ),0.0,18.46874999999999,5.452016689846992,Non-Energy Minerals,Other Metals/Minerals,35.8803566588874,
MLYS,31.12,28.03,31.59,28.03,2593812.0,10.315490960652252,80719429.44,47.65,22.3,2751222116.85218,-80.8765622324944,15.0,4.990746591313664,-10.67738231917337,2.7978046967047256,2026-09-08,39.6,21.41,47.65,77.8,53.1,2751.2,20.0,55.0,79.5,100.0,0.0,⚠️ BİYOTEK TUZAĞI (FDA RİSKİ),0.0,13.493800145878918,22.18296034550453,Health Technology,Biotechnology,10.0,
KVYO,17.89,18.35,18.395,17.78,4549779.0,-3.868887694787743,81395546.31,36.225,12.53,5093773911.789898,0.658114058890112,843.867924528302,5.346698585470967,-45.78787878787879,0.7655432085666124,2026-09-08,42.8,12.03,36.23,44.73,102.5,5093.8,20.0,30.0,10.0,26.8,0.0,⚠️ SAHTE KÂR (FAALİYET KÂRI YETERSİZ),0.0,4.254079254079256,-10.72854291417165,Technology Services,Packaged Software,-1.86377060222098,
CNK,36.17,34.43,36.19,34.292,2116902.0,3.224885844748865,76568345.34,38.98,21.6,4192531722.886131,45.4266030736619,20.11455900344789,8.45800926943565,39.11538461538463,0.9421151370509424,2026-09-08,67.5,20.74,38.98,90.43,7.8,4192.5,20.0,70.0,77.9,49.1,0.0,⚠️ ELENDİ (ZOMBİ VEYA PRİMLİ),0.0,-4.261514028586552,1.8873239436619769,Consumer Services,Movies/Entertainment,13.439181756013404,
GNK,26.81,27.25,27.25,26.221,2486404.0,-3.037974683544303,66660491.24,27.8171,15.55,1168556866.232911,4.52945250765236,29.53619037126804,1.315102735963081,49.35933147632312,3.3971597745996864,2026-09-08,72.4,14.93,27.82,67.02,3.8,1168.6,20.0,40.0,40.1,100.0,0.0,⚠️ ELENDİ (ZOMBİ VEYA PRİMLİ),0.0,6.7277070063694175,2.5239005736137674,Transportation,Marine Shipping,16.5141778310279,
TDW,92.0,95.37,96.45,91.89,725784.0,-2.397623594313606,66772128.0,101.575,46.65,4577573208.996392,19.4940301112016,18.60126569481793,3.28565443986556,58.62068965517241,1.1861289473813232,2026-09-08,97.2,44.78,101.58,230.0,10.4,4577.6,20.0,70.0,11.9,41.5,0.0,⚠️ ELENDİ (ZOMBİ VEYA PRİMLİ),0.0,13.87547963856912,-5.154639175257732,Transportation,Marine Shipping,17.7709035813491,
GNTX,22.8,23.17,23.22,22.775,2933742.0,-1.4693171996542778,66889317.6,29.38,20.48,4803579896.214348,16.1296493905654,12.099984078968316,1.8928104748795824,-19.88756148981026,1.1037032424980422,2026-09-08,11.3,19.66,29.38,57.0,28.9,4803.6,90.0,85.0,11.0,38.6,0.0,NÖTR,0.0,-3.102422439439016,2.2192333557498363,Producer Manufacturing,Auto Parts: OEM,19.5548104693033,
AUB,40.22,41.09,41.165,40.19,1664489.0,-1.686629186018083,66945747.58,43.62,30.87,5744015080.390125,9.75929128355317,12.030390045465422,1.1076893248162618,13.009272267490854,1.7449923002819787,2026-09-08,30.3,29.64,43.62,100.55,8.5,5744.0,65.0,55.0,17.4,61.1,0.0,⚠️ ELENDİ (ZOMBİ VEYA PRİMLİ),0.0,-4.009546539379475,0.2992518703241831,Finance,Regional Banks,45.40742841824658,
PTON,5.04,5.16,5.258,5.01,13286629.0,-6.666666666666672,66964610.16,9.2,3.65,2211913854.2666664,12.0,45.81818181818182,2.0,-36.52392947103275,1.9742647764627663,2026-09-08,38.1,3.5,9.2,12.6,82.5,2211.9,20.0,45.0,19.7,69.1,0.0,NÖTR,0.0,-9.189189189189186,-4.905660377358487,Consumer Services,Other Consumer Services,8.7084508769778,
RUN,9.22,9.04,9.395,8.84,7265491.0,3.712035995500563,66987827.02,22.44,8.22,2220609286.069741,12.6232173582797,6.199569661108122,0.6343575478571857,-49.004424778761056,1.1107304969593723,2026-09-08,12.2,7.89,22.44,23.05,143.4,2220.6,100.0,55.0,37.0,57.4,0.0,⚠️ SAHTE KÂR (FAALİYET KÂRI YETERSİZ),0.0,-5.774144098109346,10.95066185318893,Electronic Technology,Semiconductors,2.45672053444447,
MYRG,288.16,290.71,293.36,286.8101,233983.0,0.5478209288530829,67424541.28,503.565,171.51,4486435053.354828,24.7139201480805,27.334471637260485,5.9468899144329725,59.25721233558088,0.7409041080101353,2026-09-08,68.0,164.65,503.56,720.4,74.8,4486.4,20.0,55.0,10.0,28.7,0.0,⚠️ ELENDİ (ZOMBİ VEYA PRİMLİ),0.0,-14.979494290856511,0.2574629462111227,Industrial Services,Engineering & Construction,5.51887631984715,
EXLS,35.52,36.19,36.425,34.94,1911426.0,-3.0303030303030285,67893851.52000001,44.32,24.85,5385276265.69697,25.9443791796562,22.38185255198488,6.222267378817315,-21.04912202711713,0.9405153997583842,2026-09-08,42.9,23.86,44.32,88.8,24.8,5385.3,20.0,70.0,10.0,32.9,0.0,NÖTR,0.0,1.9810508182601343,-6.942625098244691,Technology Services,Data Processing Services,14.4242605195337,
TFX,137.0,136.66,139.105,134.775,496113.0,-0.9829430471234558,67967481.0,145.0,100.18,5805018602.956057,-10.5074543169672,15.0,1.998586984413793,5.109713058155591,0.9058454807967068,2026-09-08,36.8,96.17,145.0,342.5,5.8,5805.0,20.0,55.0,11.0,31.7,0.0,⚠️ ELENDİ (ZOMBİ VEYA PRİMLİ),0.0,-0.9113264863300962,-2.275483272701332,Health Technology,Medical Specialties,11.0159911620361,
WK,73.71,75.3,75.3,72.655,926681.0,-3.7099934683213633,68305656.50999999,97.095,43.34,4011039472.604049,12.0,90.24240940254651,2.0,-7.596840917638213,1.1461099362978864,2026-09-08,70.1,41.61,97.09,184.27,31.7,4011.0,20.0,30.0,11.5,40.1,0.0,⚠️ SAHTE KÂR (FAALİYET KÂRI YETERSİZ),0.0,16.99999999999999,-7.862500000000009,Technology Services,Information Technology Services,3.25630088940941,
EXP,190.58,193.38,195.12,189.75,358554.0,-2.005347593582876,68333221.32000001,245.53,171.99,5846103022.022727,27.0301265045963,15.074550128534703,3.948203906977516,-21.03256816110052,1.050190367763162,2026-09-08,10.8,165.11,245.53,476.45,28.8,5846.1,90.0,100.0,10.5,36.8,0.0,NÖTR,0.0,-9.94660492368756,-1.0488058151609458,Non-Energy Minerals,Construction Materials,23.2087448503915,
LBRT,21.4,21.1,21.82,20.94,3208587.0,3.933948518698391,68663761.8,34.478,9.99,3492296446.4108787,6.12313337936453,29.06818799239337,1.7783775877886954,103.80952380952378,0.944626459163214,2026-09-08,114.2,9.59,34.48,53.5,61.1,3492.3,20.0,40.0,12.6,52.7,0.0,⚠️ SAHTE KÂR (FAALİYET KÂRI YETERSİZ),0.0,7.214428857715419,8.519269776876266,Industrial Services,Oilfield Services/Equipment,1.33298728238949,
ERAS,16.28,15.88,16.65,15.68,4264654.0,0.5558987029030256,69428567.12,24.28,1.53,5694125937.190858,-78.2488588486733,15.0,14.06151480864075,898.7730061349695,1.0148574090565798,2026-09-08,964.1,1.47,24.28,40.7,49.1,5694.1,20.0,55.0,26.7,38.3,0.0,⚠️ BİYOTEK TUZAĞI (FDA RİSKİ),0.0,-12.520150456743677,-7.394766780432294,Health Technology,Pharmaceuticals: Major,10.0,
INOD,56.12,55.9,56.63,54.5,1237743.0,0.8264462809917371,69462137.16,125.14,34.2301,1929554441.0082643,37.7402148232945,42.55061035711578,12.086309863522905,26.882206647072124,1.2447404328171248,2026-09-08,63.9,32.86,125.14,140.3,123.0,1929.6,20.0,75.0,48.9,47.7,0.0,🪤 DÜŞEN BIÇAK (RÖLATİF ÇÖKÜŞ),0.0,-26.08008429926239,2.036363636363632,Technology Services,Data Processing Services,17.081383763605,
LXP,60.77,60.7,60.81,60.7,1203787.0,-0.0164527805199045,73154135.99000001,61.61,43.975,3582832858.372327,3.21305119482506,61.30333904973268,1.839177723826144,34.29834254143647,1.8265643407333407,2026-09-08,38.2,42.22,61.61,151.93,1.4,3582.8,20.0,30.0,37.4,63.9,0.0,⚠️ ELENDİ (ZOMBİ VEYA PRİMLİ),0.0,0.3633360858794484,0.1153212520593085,Finance,Real Estate Investment Trusts,14.8462485332352,
VSEC,206.72,204.7,211.67,200.64,337012.0,1.3780589475749117,69667120.64,247.85,154.67,5801591100.525525,4.26607662786487,76.18486032284218,1.9775378410265056,23.62896955923688,1.107964501686873,2026-09-08,33.7,148.48,247.85,516.8,19.9,5801.6,65.0,30.0,18.3,45.7,0.0,⚠️ ELENDİ (ZOMBİ VEYA PRİMLİ),0.0,-9.713487071977642,2.1949772592446104,Industrial Services,Engineering & Construction,11.7530608156676,
BIRK,32.62,34.0,34.4099,32.53,2154545.0,-4.0588235294117725,70281257.89999999,50.73,31.12,5802700603.012353,12.4492651908338,15.24726558848275,1.8113527728912344,-35.14910536779324,0.9256784056305508,2026-09-08,4.8,29.88,50.73,81.55,55.5,5802.7,100.0,70.0,10.0,32.4,0.0,NÖTR,0.0,-12.966915688367129,-5.504055619930491,Consumer Non-Durables,Apparel/Footwear,24.4594353623425,
CPRI,13.1,13.79,13.85,13.015,5366468.0,-3.3923303834808323,70300730.8,28.265,12.565,1488836254.6533926,152.066115702569,14.302871492521016,10.784644641842776,-38.69911090313524,1.388728144124885,2026-09-08,4.3,12.06,28.27,32.75,115.8,1488.8,100.0,55.0,13.9,48.6,0.0,⚠️ SAHTE KÂR (FAALİYET KÂRI YETERSİZ),0.0,-12.666666666666668,0.8468052347959926,Retail Trade,Apparel/Footwear Retail,2.35055136390022,
MTRN,255.69,246.13,259.86,246.13,276703.0,4.68801179168031,70750190.07,304.58,109.245,5326975258.313053,9.45845526031849,59.576401509856,5.354530032088648,125.63536886692552,1.1252892494764026,2026-09-08,134.1,104.88,304.58,639.23,19.1,5327.0,20.0,30.0,38.7,62.8,0.0,⚠️ ELENDİ (ZOMBİ VEYA PRİMLİ),0.0,-11.2218325752578,10.952484269906709,Electronic Technology,Electronic Equipment/Instruments,6.19228690420925,
AIR,130.73,126.91,130.92,125.97,541734.0,3.311205942784877,70820885.82,154.0,73.26,5263038015.176229,12.8764492007958,26.85386795941005,3.059894873312675,73.38196286472146,2.1246570249295225,2026-09-08,78.4,70.33,154.0,326.82,17.8,5263.0,20.0,55.0,85.9,90.9,0.0,⚠️ ELENDİ (ZOMBİ VEYA PRİMLİ),0.0,-11.025658476825711,2.6541028661169968,Electronic Technology,Aerospace & Defense,8.43712212817412,
ITGR,126.2,126.3,126.45,126.2,561451.0,-0.2371541501976262,70855116.2,126.795,62.0,4289796250.093281,7.50358093975781,34.40473269540089,2.495882880992468,18.46428236177603,0.7312387992831542,2026-09-08,103.5,59.52,126.8,315.5,0.5,4289.8,20.0,30.0,10.0,25.6,0.0,⚠️ ELENDİ (ZOMBİ VEYA PRİMLİ),0.0,0.5577689243027911,0.7102386082515366,Health Technology,Medical Specialties,10.0349751149066,
WRBY,24.76,24.5,24.92,23.81,2873203.0,1.6837782340862428,71140506.28,31.0,14.96,3060535307.323203,2.05511815203946,407.9077429983526,7.796288890918079,-6.495468277945615,1.4017211412082315,2026-09-08,65.5,14.36,31.0,61.9,25.2,3060.5,20.0,30.0,63.8,57.5,0.0,⚠️ SAHTE KÂR (FAALİYET KÂRI YETERSİZ),0.0,-6.03415559772296,2.4834437086092773,Retail Trade,Specialty Stores,0.247255941711661,
UNF,275.66,272.6,291.17,272.6,258973.0,0.1780717374713846,71388497.18,306.67,147.66,4789295142.431442,5.29587663475145,43.50145183688928,2.178854848398621,55.13534807811359,0.8851468830523868,2026-09-08,86.7,141.75,306.67,689.15,11.2,4789.3,20.0,30.0,10.0,31.9,0.0,⚠️ ELENDİ (ZOMBİ VEYA PRİMLİ),0.0,-4.668695531885461,-0.8452933347721182,Consumer Services,Other Consumer Services,5.76867680629722,
FLY,22.9,22.045,23.45,21.416458,3126820.0,5.676049838486372,71604178.0,62.17,16.0,3833566448.5417614,-56.8667761871235,15.0,3.112326443630196,-46.18096357226792,1.424804387975745,2026-09-08,43.1,15.36,62.17,57.25,171.5,3833.6,20.0,55.0,46.4,78.2,0.0,⚠️ SAHTE KÂR (FAALİYET KÂRI YETERSİZ),0.0,-6.682966585167077,11.925708699902236,Electronic Technology,Aerospace & Defense,-116.40343817179,
AMC,2.56,2.62,2.63,2.48,27981978.0,-3.396226415094335,71633863.68,3.18,0.93,2285067894.822642,12.0,15.0,2.0,-6.9090909090909065,1.172806275181566,2026-09-08,175.3,0.89,3.18,6.4,24.2,2285.1,20.0,70.0,16.4,41.0,0.0,⚠️ ELENDİ (ZOMBİ VEYA PRİMLİ),0.0,-0.7751937984496131,-1.9157088122605297,Consumer Services,Movies/Entertainment,5.23266929224181,
MRCY,83.46,82.99,85.77,81.21,861332.0,1.2618296529968356,71886768.72,128.45,65.04,5018961406.154574,-1.99756371681624,15.0,3.3218135207283,20.155485171321622,1.1495792173195232,2026-09-08,28.3,62.44,128.45,208.65,53.9,5019.0,65.0,55.0,11.5,46.5,0.0,⚠️ SAHTE KÂR (FAALİYET KÂRI YETERSİZ),0.0,-23.76689806357326,-3.547902461574029,Electronic Technology,Aerospace & Defense,2.12937490214737,
CNX,37.03,37.63,37.95,37.0,1949327.0,-1.226993865030677,72183578.81,43.62,28.82,5478353013.300613,21.2486692250072,6.191893518828172,1.1393586730640597,24.68013468013469,1.4670957182968378,2026-09-08,28.5,27.67,43.62,92.58,17.8,5478.4,65.0,85.0,14.7,51.3,0.0,NÖTR,-62.4,4.42752397067118,1.730769230769238,Energy Minerals,Oil & Gas Production,39.7695410180974,
VVV,30.59,31.72,31.75,30.45,2360101.0,-4.495785201373716,72195489.59,41.33,28.5,3902868382.847955,28.3992879638505,38.76568242301356,9.367143648929622,-22.478459199189054,1.3690543383417308,2026-09-08,7.3,27.36,41.33,76.47,35.1,3902.9,90.0,75.0,13.7,47.9,0.0,NÖTR,0.0,-13.879504504504514,-4.346466541588494,Consumer Services,Other Consumer Services,17.724032586558,
GPI,281.6,296.25,300.73,281.41,257837.0,-6.370527995744105,72606899.2,488.39,249.54,3357298668.610188,9.39850859038796,11.740916008255333,1.1375709926506694,-41.463820234061565,1.1964355235603188,2026-09-08,12.8,239.56,488.39,704.0,73.4,3357.3,100.0,55.0,12.0,41.9,0.0,⚠️ SAHTE KÂR (FAALİYET KÂRI YETERSİZ),0.0,5.952291368801284,5.23168908819133,Retail Trade,Specialty Stores,4.23294274829834,
AAP,42.56,44.0,44.185,42.33,1708579.0,-3.6668175645088215,72717122.24000001,65.21,37.89,2570624082.8465376,4.84304932735426,30.892066487624305,1.1314132803355534,-29.629629629629623,0.964486303968092,2026-09-08,12.3,36.37,65.21,106.4,53.2,2570.6,100.0,30.0,10.0,33.8,0.0,⚠️ SAHTE KÂR (FAALİYET KÂRI YETERSİZ),0.0,-25.866573767636293,0.2591283863368655,Retail Trade,Specialty Stores,3.90815261509915,
WOLF,28.88,29.0,29.7,27.2832,2409876.0,1.8694885361551945,69597218.88,80.82,1.2,1530507047.0744264,-438.625543365763,15.0,1.619477696012597,2229.032258064516,0.9078475973198268,2026-09-08,2306.7,1.15,80.82,72.2,179.8,1530.5,20.0,55.0,31.6,41.1,0.0,⚠️ SAHTE KÂR (FAALİYET KÂRI YETERSİZ),0.0,2.757516456146588,10.52430156907769,Electronic Technology,Semiconductors,-67.2229739888739,
MZTI,104.05,101.96,104.09,100.2,454686.0,2.542623435498175,47310078.3,184.26,100.2,2839628621.779836,18.641334148939,14.9128590265436,2.696341190686649,-42.7447311946294,1.106321311197791,2026-09-11,3.8,96.19,184.26,260.12,77.1,2839.6,100.0,85.0,79.6,51.4,92.5,🦅 US KULUÇKA LİDERİ (MULTI-BAGGER),92.5,-8.744079985967373,-1.05553442373526,Consumer Non-Durables,Food: Specialty/Candy,11.5392447908435,US_SMALL_CAP
VNT,32.17,31.73,32.25,31.54,1118229.0,2.9110684580934105,35973426.93,48.2,27.2525,4349383934.136916,29.0690389675479,13.362409138110072,3.681734271944773,-25.32497678737232,0.9555102811248204,2026-09-11,18.0,26.16,48.2,80.43,49.8,4349.4,100.0,100.0,63.8,48.0,92.1,🦅 US KULUÇKA LİDERİ (MULTI-BAGGER),92.1,-5.770357352079668,-1.9804996953077347,Transportation,Other Transportation,19.1506697519799,US_SMID_CAP
AEO,15.02,14.71,15.1,14.48,11362557.0,3.37233310392292,170665606.14,28.46,14.055,2516951426.006882,20.3636288896116,7.690338436331984,1.4275490351688394,-21.8522372528616,1.2415466937933106,2026-09-11,6.9,13.49,28.46,37.55,89.5,2517.0,100.0,85.0,64.4,60.3,91.3,🦅 US KULUÇKA LİDERİ (MULTI-BAGGER),91.3,-12.826465467208362,-10.167464114832534,Retail Trade,Apparel/Footwear Retail,9.34224921238877,US_SMALL_CAP
CHDN,83.86,83.39,84.3,82.215,918418.0,1.3413897280966762,77018533.48,118.35,79.4,5845062217.607251,34.3070595148157,14.389402700801318,4.377480145783766,-13.322997416020671,1.0165878560865678,2026-09-11,5.6,76.22,118.35,209.65,41.1,5845.1,100.0,100.0,50.6,42.3,89.8,🦅 US KULUÇKA LİDERİ (MULTI-BAGGER),89.8,-5.403271291596171,-6.468882444791432,Consumer Services,Movies/Entertainment,25.80968615261209,US_SMID_CAP
RRR,55.9,55.39,56.03,54.52,935380.0,2.2124702870725925,52287742.0,68.99,50.52,5870404893.132199,90.2181750206959,19.77920883164673,19.32183471017248,-8.972480052108773,0.9212515027042276,2026-09-11,10.6,48.5,68.99,139.75,23.4,5870.4,90.0,85.0,67.2,43.3,86.3,⚡ TABAN BİRİKTİRME (TAKİP),86.3,-11.368320913270972,-2.4943310657596367,Consumer Services,Hotels/Resorts/Cruise lines,28.5773568154499,US_SMID_CAP
MTN,140.09,134.0,141.32,134.0,1630539.0,5.070126753168823,228422208.51,163.34,118.51,4991900705.062852,21.0392909414817,31.82633982325011,9.047637500322924,-2.6950059040077763,2.5984287730418787,2026-09-11,18.2,113.77,163.34,350.23,16.6,4991.9,90.0,60.0,72.5,100.0,85.1,⚡ TABAN BİRİKTİRME (TAKİP),85.1,-5.02372881355932,3.045237219566028,Consumer Services,Hotels/Resorts/Cruise lines,16.1432494238767,US_SMID_CAP
IBP,204.28,202.99,209.42,196.04,500238.0,1.2690858615903244,102188618.64,349.0,193.11,5429594485.728734,38.4509202453988,21.98781564161626,8.4903699886119,-23.86134923592993,1.325223644305415,2026-09-11,5.8,185.39,349.0,510.7,70.8,5429.6,100.0,70.0,29.5,52.7,83.6,🦅 US KULUÇKA LİDERİ (MULTI-BAGGER),0.0,-18.071709312585224,-14.059739167017243,Industrial Services,Engineering & Construction,12.506747638326598,US_SMID_CAP
CRUS,118.79,117.0,120.46,116.83,1097333.0,1.9831730769230789,130352187.07,180.42,106.26,5953465283.029447,20.9040361313439,14.53444267710755,2.737324464085608,4.901095019427775,1.0680401823312553,2026-09-11,11.8,102.01,180.42,296.98,51.9,5953.5,100.0,85.0,16.3,47.3,83.4,🦅 US KULUÇKA LİDERİ (MULTI-BAGGER),83.4,-4.815705128205121,5.003093785910025,Electronic Technology,Semiconductors,23.0468868150042,US_SMID_CAP
EXP,185.12,187.0,188.285,184.735,467050.0,0.7346139195733766,86460296.0,245.53,171.99,5678616015.668281,27.0301265045963,14.6426735218509,3.835090288905854,-20.340806403029383,1.2644020140552883,2026-09-11,7.6,165.11,245.53,462.8,32.6,5678.6,100.0,85.0,12.6,47.9,81.0,⚡ TABAN BİRİKTİRME (TAKİP),81.0,-13.761296934687408,-4.157390629044785,Non-Energy Minerals,Construction Materials,23.2087448503915,US_SMID_CAP
CPA,129.15,130.51,130.51,127.41,440892.0,0.4589296826384594,56941201.8,160.465,107.44,5313044019.812539,23.0665988845398,8.482981490482508,1.834970575113736,12.323882414332928,2.028609013371394,2026-09-11,20.2,103.14,160.47,322.88,24.3,5313.0,65.0,85.0,28.9,73.3,80.4,⚡ TABAN BİRİKTİRME (TAKİP),0.0,-5.743687052984969,-0.6538461538461495,Transportation,Airlines,19.3637635243947,US_SMID_CAP
KBR,36.59,36.61,36.775,35.75,1347878.0,0.3840877914952004,49318856.02,52.23,29.94,4612819312.3001375,27.0893371757925,11.035044333192594,2.819571323441588,-26.599799398194577,1.2084014091881248,2026-09-11,22.2,28.74,52.23,91.48,42.7,4612.8,65.0,70.0,56.8,44.2,79.3,🦅 US KULUÇKA LİDERİ (MULTI-BAGGER),-7.9,-0.6516426825956961,-0.2725538293812873,Technology Services,Information Technology Services,9.97021882688075,US_SMID_CAP
ADT,7.05,7.08,7.1,6.97,6845888.0,0.5706134094151218,48263510.4,8.935,6.24,4764494201.212554,17.2045837228042,9.761838825810026,1.4872790177629636,-17.640186915887856,1.0310910361193062,2026-09-11,13.0,5.99,8.94,17.62,26.8,4764.5,90.0,70.0,26.5,38.9,77.5,⚡ TABAN BİRİKTİRME (TAKİP),77.5,-5.241935483870975,-5.874499332443263,Commercial Services,Miscellaneous Commercial Services,25.188275639873904,US_SMID_CAP
VVV,30.55,30.69,30.93,30.4,2246088.0,1.1254551473022174,68617988.4,41.33,28.5,3897764956.861966,28.3992879638505,38.71499176276771,9.35489501388689,-22.52092315495815,1.2581775536026496,2026-09-11,7.2,27.36,41.33,76.38,35.3,3897.8,100.0,60.0,12.6,49.7,76.8,⚡ TABAN BİRİKTİRME (TAKİP),76.8,-7.255616272009706,-4.171894604767874,Consumer Services,Other Consumer Services,17.724032586558,US_SMID_CAP
KTB,66.62,66.9,67.95,66.17,594619.0,0.6952841596130713,39613517.78,88.96,56.19,3641024477.360944,40.9637108724128,13.91714888550001,5.8861573694478215,-15.660210153183938,0.8155013822347891,2026-09-11,18.6,53.94,88.96,166.55,33.5,3641.0,100.0,85.0,10.0,32.0,73.4,⚡ TABAN BİRİKTİRME (TAKİP),73.4,-15.295613477431658,-9.125630882553535,Consumer Non-Durables,Apparel/Footwear,13.1447185859926,US_SMID_CAP
BYD,77.0,77.19,78.03,76.6,983088.0,0.7194244604316509,75697776.0,91.41,74.795,5594466405.323741,93.3309604757425,3.389159092409604,2.251452113514122,-9.783245459871113,1.0409007739775653,2026-09-11,2.9,71.8,91.41,192.5,18.7,5594.5,65.0,100.0,10.4,40.0,72.7,⚡ TABAN BİRİKTİRME (TAKİP),72.7,-6.120458424774441,-0.6451612903225806,Consumer Services,Casinos/Gaming,18.7147571097029,US_SMID_CAP
BOOT,144.39,142.79,145.77,141.72,502965.0,2.637190787603056,72623116.35,210.25,133.1797,4372828317.330536,19.1754184326974,18.26842784483413,3.2232839010151144,-22.098732128405725,1.0238396168822748,2026-09-11,8.4,127.85,210.25,360.97,45.6,4372.8,100.0,55.0,32.5,49.0,72.1,🦅 US KULUÇKA LİDERİ (MULTI-BAGGER),72.1,-13.719749028981184,-1.848956563116054,Retail Trade,Apparel/Footwear Retail,13.611148688584098,US_SMID_CAP
WH,69.31,69.58,70.415,68.79,1295802.0,1.0055377440979274,89812036.62,90.35,68.44,5143573503.528563,39.6190476190476,25.3520611580526,10.75749462590894,-17.703633341249105,1.1485588259226085,2026-09-11,1.3,65.15,90.35,173.28,30.4,5143.6,65.0,75.0,11.5,45.2,71.4,⚡ TABAN BİRİKTİRME (TAKİP),71.4,-5.1717061157477096,-2.2701635645798075,Consumer Services,Hotels/Resorts/Cruise lines,38.1523272214386,US_SMID_CAP
BDC,122.26,117.46,122.69,116.795,285709.0,6.16533518582842,34930782.34,159.99,98.0,4777699642.743661,18.6437034488736,19.8648165599714,3.4416895976578723,-6.076668971345151,0.6947865173348274,2026-09-11,24.8,94.08,159.99,305.65,30.9,4777.7,65.0,55.0,66.7,55.1,69.7,⚡ TABAN BİRİKTİRME (TAKİP),69.7,-10.960600101959068,2.2240802675585374,Producer Manufacturing,Electrical Products,12.6687640254908,US_SMID_CAP
PIPR,76.43,77.62,78.4,75.705,569117.0,0.4204440940743758,43497612.31,95.065,68.69625,5401330161.367364,23.6160793532111,17.717557605823174,3.760924666853327,-9.552971805567871,0.9532405189654192,2026-09-11,11.3,65.95,95.06,191.08,24.4,5401.3,90.0,70.0,10.0,35.5,67.1,⚡ TABAN BİRİKTİRME (TAKİP),-7.5,-0.1698014629049052,-0.1567602873938476,Finance,Investment Banks/Brokers,23.0586392140754,US_SMID_CAP
GNTX,22.79,22.95,23.105,22.775,1571910.0,0.4850088183421491,35823828.9,29.38,20.48,4801473254.088624,16.1296493905654,12.094677068407366,1.8919802948467408,-18.752228163992875,0.6073542758914072,2026-09-11,11.3,19.66,29.38,56.97,28.9,4801.5,90.0,70.0,10.0,23.7,65.8,⚡ TABAN BİRİKTİRME (TAKİP),65.8,-4.042105263157898,0.0,Producer Manufacturing,Auto Parts: OEM,19.5548104693033,US_SMID_CAP
OSIS,204.29,203.11,205.44,200.83,236129.0,1.5105590062111762,48238793.41,311.7225,186.5,3256784635.614261,17.3438450263306,22.738555034894205,3.904026197814059,-13.560971481763564,0.8945523866385972,2026-09-11,9.5,179.04,311.72,510.72,52.6,3256.8,100.0,45.0,44.0,38.9,61.6,⚡ TABAN BİRİKTİRME (TAKİP),-7.2,-13.728885135135142,-0.9406972797362158,Electronic Technology,Aerospace & Defense,12.9265995664015,US_SMID_CAP
CVCO,529.64,530.17,534.935,517.4,85941.0,1.2018725518295523,45517791.24,713.005,443.335,4072614487.9804335,16.6584759581635,23.04435790893467,3.677233030028491,-2.6128528086788703,0.8774333586194012,2026-09-11,19.5,425.6,713.0,1324.1,34.6,4072.6,100.0,45.0,36.5,36.7,60.6,⚡ TABAN BİRİKTİRME (TAKİP),60.6,-11.309822833986397,-4.983674787413436,Consumer Durables,Homebuilding,9.6172234851304,US_SMID_CAP
BCO,111.98,110.54,112.475,109.955,445457.0,2.461341385305149,49882274.86,136.37,91.05,4612415076.116021,64.1302424349673,25.9063042220937,14.85853343966159,-2.6260869565217355,1.153347944680559,2026-09-11,23.0,87.41,136.37,279.95,21.8,4612.4,65.0,45.0,54.0,52.7,57.4,⚡ TABAN BİRİKTİRME (TAKİP),0.0,-0.3027065527065431,4.732510288065845,Commercial Services,Miscellaneous Commercial Services,10.3823840624658,US_SMID_CAP
ALRM,55.36,55.5,55.895,54.2101,590835.0,0.3443900670654299,32708625.6,58.145,41.49,2717634777.480515,14.1895534962089,24.4641831278448,3.140125253334256,-0.2881844380403525,1.6141793485254274,2026-09-11,33.4,39.83,58.15,138.4,5.0,2717.6,20.0,55.0,41.7,58.2,53.2,⚡ TABAN BİRİKTİRME (TAKİP),0.0,-0.3779017455461595,-1.9135364989369208,Technology Services,Packaged Software,13.009621257248,US_SMALL_CAP
LRN,82.0,82.09,82.81,80.4444,547264.0,0.6752608962553679,44875648.0,158.4,60.6147,3407907159.877226,21.7350675525427,11.378932323106172,2.083607547944572,-48.45036776262023,0.8228251959544348,2026-09-11,35.3,58.19,158.4,205.0,93.2,3407.9,20.0,85.0,30.3,32.2,0.0,⚠️ ELENDİ (ZOMBİ VEYA PRİMLİ),0.0,4.819123098555536,-3.0389026841669544,Consumer Services,Other Consumer Services,18.1156531042277,US_SMID_CAP
POST,80.19,80.47,80.78,79.64,557362.0,-0.1121076233183899,44694858.78,117.28,75.4,3524896234.503364,8.28644935116338,14.726461351991626,1.145190407363036,-23.504721930745017,0.618338183266455,2026-09-11,6.4,72.38,117.28,200.47,46.3,3524.9,100.0,55.0,10.0,21.6,0.0,⚠️ ELENDİ (ZOMBİ VEYA PRİMLİ),0.0,3.711846870150032,-3.8719731479261617,Consumer Non-Durables,Food: Specialty/Candy,10.2930163447251,US_SMID_CAP
LPTH,9.2,9.365,9.93,9.04,4852370.0,-4.958677685950417,44641804.0,18.94,5.75,610519395.1652893,-19.7309925510654,15.0,4.306208897938168,74.90494296577945,1.1450562356253542,2026-09-11,60.0,5.52,18.94,23.0,105.9,610.5,20.0,55.0,11.5,40.1,0.0,⚠️ SAHTE KÂR (FAALİYET KÂRI YETERSİZ),0.0,-33.09090909090909,-6.6937119675456405,Electronic Technology,Electronic Components,-3.44811576136387,US_MICRO_CAP
VVX,72.22,72.83,73.71,71.14,615750.0,-0.4685777287761898,44469465.0,93.98,50.8888,2263761670.675854,8.34915387199067,24.875142079702407,1.9954603415381515,34.113277623026924,1.1238651836330915,2026-09-11,41.9,48.85,93.98,180.55,30.1,2263.8,20.0,40.0,11.2,39.3,0.0,⚠️ SAHTE KÂR (FAALİYET KÂRI YETERSİZ),0.0,-9.362449799196796,-4.115772703133291,Commercial Services,Miscellaneous Commercial Services,4.18522733120994,US_SMALL_CAP
VCYT,40.87,42.61,42.66,40.79,1001617.0,-2.759933380918401,40936086.79,60.91,29.455,3285569113.804425,8.77445908348854,28.99815524336597,2.3656480353313323,31.881252016779605,0.8592037248457066,2026-09-11,38.8,28.28,60.91,102.17,49.0,3285.6,20.0,30.0,10.0,30.1,0.0,⚠️ ELENDİ (ZOMBİ VEYA PRİMLİ),0.0,-12.19250187990118,-7.554851843474335,Health Technology,Medical Specialties,17.2233493504182,US_SMID_CAP
NSIT,165.37,157.36,165.79,157.36,268678.0,6.094822608584076,44431280.86,165.79,63.62,4853419213.630911,13.1118813595855,24.20450221012265,3.0410088418568746,30.851400538059828,1.1629446073604364,2026-09-11,159.9,61.08,165.79,413.43,0.3,4853.4,20.0,30.0,74.7,71.2,0.0,⚠️ SAHTE KÂR (FAALİYET KÂRI YETERSİZ),0.0,9.393398161010795,4.084843907351466,Technology Services,Information Technology Services,5.74088028322916,US_SMID_CAP
CRSP,51.72,52.35,53.21,51.62,856147.0,-1.033295063145808,44279922.84,78.48,44.12,5000944083.644087,-26.0949261874161,15.0,2.862386295965873,-0.4235656526761626,0.7135206447919019,2026-09-11,17.2,42.36,78.48,129.3,51.7,5000.9,100.0,55.0,10.0,25.0,0.0,⚠️ SAHTE KÂR (FAALİYET KÂRI YETERSİZ),0.0,-4.7513812154696105,-7.741705315733149,Health Technology,Biotechnology,-3971.52777777778,US_SMID_CAP
BCPC,164.39,168.85,168.91,164.16,250640.0,-1.36797264054719,41202709.6,183.9,139.17,5240427854.367192,12.7934152203,32.34050087545002,4.033521485819862,5.310698270339521,1.7311221420495395,2026-09-11,18.1,133.6,183.9,410.97,11.9,5240.4,90.0,30.0,17.3,60.6,0.0,⚠️ ELENDİ (ZOMBİ VEYA PRİMLİ),0.0,-8.218413265590993,-3.3170616949950094,Consumer Non-Durables,Food: Specialty/Candy,21.249566020586,US_SMID_CAP
NESR,33.54,34.205,34.9,33.35,1318259.0,-0.8279124778237763,44214406.86,36.94,9.92,3382568029.209935,9.43773689973819,36.84094903339192,3.2460870810766864,233.39960238568585,0.919575870019562,2026-09-11,238.1,9.52,36.94,83.85,10.1,3382.6,20.0,30.0,10.0,32.2,0.0,⚠️ ELENDİ (ZOMBİ VEYA PRİMLİ),0.0,-7.90774299835256,-2.187226596675416,Industrial Services,Oilfield Services/Equipment,9.33736484003175,US_SMID_CAP
CHH,96.77,98.87,100.225,96.725,456826.0,-1.486307645322211,44207052.02,123.82,84.035,4355484423.781023,563.786441262722,13.659011673041906,30.750311411648067,-13.78296507483963,0.8424356881771213,2026-09-11,15.2,80.67,123.82,241.92,28.0,4355.5,90.0,100.0,10.0,29.5,0.0,NÖTR,0.0,-5.993782786088986,-2.4004034291477656,Consumer Services,Hotels/Resorts/Cruise lines,25.51656230097469,US_SMID_CAP
INDV,34.49,34.49,34.8299,34.23,1297237.0,-0.0579542161692147,44741704.13,42.81,22.22,4070290555.135324,12.0,12.250479505576472,2.0,40.03248071457573,0.68627604502545,2026-09-11,55.2,21.33,42.81,86.23,24.1,4070.3,20.0,55.0,10.0,24.0,0.0,⚠️ BİYOTEK TUZAĞI (FDA RİSKİ),0.0,-10.41558441558441,-0.7196315486470927,Health Technology,Pharmaceuticals: Major,39.9399399399308,US_SMID_CAP
BW,7.94,7.51,8.045,7.4443,5654732.0,10.739191073919114,44898572.080000006,22.03,2.64,1182782568.4267783,12.0,15.0,20.64428902004628,201.90114068441065,1.2898665788192822,2026-09-11,200.8,2.53,22.03,19.85,177.5,1182.8,20.0,55.0,58.4,98.8,0.0,⚠️ SAHTE KÂR (FAALİYET KÂRI YETERSİZ),0.0,-15.711252653927808,12.464589235127493,Electronic Technology,Electronic Equipment/Instruments,4.00466272814613,US_SMALL_CAP
WTM,2053.15,2086.68,2098.395,2042.585,20087.0,-1.1001979778322484,41241624.05,2333.0,1648.0,4900295983.998165,21.8941870664221,4.672669610863106,0.9094327016257236,17.188926940639274,0.8882589911514599,2026-09-11,24.6,1582.08,2333.0,5132.88,13.6,4900.3,65.0,85.0,10.0,31.1,0.0,NÖTR,0.0,-3.789110641468415,-2.2309523809523766,Finance,Multi-Line Insurance,24.0474032295968,US_SMID_CAP
SG,7.1,6.91,7.285,6.835,6410065.0,5.029585798816566,45511461.5,10.63,4.49,845193375.9911243,3.06896586558374,70.99999999999999,1.8073193889733152,-18.202764976958527,1.3669699062814082,2026-09-11,58.1,4.31,10.63,17.75,49.7,845.2,20.0,30.0,26.1,73.0,0.0,⚠️ SAHTE KÂR (FAALİYET KÂRI YETERSİZ),0.0,29.090909090909086,6.766917293233072,Consumer Services,Restaurants,-17.9061853704328,US_MICRO_CAP
HYMC,21.18,21.99,22.5696,20.975,2157765.0,-0.9817671809256702,45701462.7,58.7299,5.69,1973587900.0168304,-73.1797383678979,15.0,7.863053671466916,270.27972027972027,1.1547100578118945,2026-09-11,272.2,5.46,58.73,52.95,177.3,1973.6,20.0,55.0,11.5,40.4,0.0,🪤 DÜŞEN BIÇAK (RÖLATİF ÇÖKÜŞ),0.0,-28.614762386248746,-5.446428571428567,Non-Energy Minerals,Precious Metals,10.0,US_SMALL_CAP
ERAS,15.88,16.05,16.54,15.87,2883755.0,-0.9357454772301956,45794029.400000006,24.28,1.53,5554221178.160948,-78.2488588486733,15.0,13.716023044300682,924.516129032258,0.6271686895662711,2026-09-11,937.9,1.47,24.28,39.7,52.9,5554.2,20.0,55.0,10.0,22.0,0.0,⚠️ BİYOTEK TUZAĞI (FDA RİSKİ),0.0,-13.836136733586535,-0.9975062344139548,Health Technology,Pharmaceuticals: Major,10.0,US_SMID_CAP
SUNC,81.16,80.82,82.15,80.82,564828.0,-0.0246366100024762,45841440.48,83.5,47.0,4181136005.986696,12.0,15.0,1.641592401263759,59.13725490196077,1.00514577806314,2026-09-11,72.7,45.12,83.5,202.9,2.9,4181.1,20.0,55.0,10.1,35.2,0.0,⚠️ ELENDİ (ZOMBİ VEYA PRİMLİ),0.0,9.883563498510693,4.952799689641793,Distribution Services,Wholesale Distributors,10.0,US_SMID_CAP
MSGE,79.19,76.74,79.49,76.505,579611.0,4.5412541254125385,45899395.09,90.41,41.65,3746120991.516964,407.536713771128,57.47568587603426,81.82813920806812,85.58706351066321,1.889648696978934,2026-09-11,90.1,39.98,90.41,197.97,14.2,3746.1,20.0,60.0,74.8,88.8,0.0,⚠️ ELENDİ (ZOMBİ VEYA PRİMLİ),0.0,-4.139934632611066,2.299444516212377,Consumer Services,Movies/Entertainment,15.9602708939803,US_SMID_CAP
OLN,17.2,17.51,17.69,17.11,2378747.0,-0.6354708261120707,40914448.4,30.464,16.73,1960498776.429809,-7.58872594450199,15.0,1.1457286967735747,-33.17793317793318,0.865225094662019,2026-09-11,2.8,15.91,30.46,43.0,77.1,1960.5,65.0,55.0,10.0,30.3,0.0,⚠️ SAHTE KÂR (FAALİYET KÂRI YETERSİZ),0.0,-10.041841004184109,2.3809523809523725,Process Industries,Industrial Specialties,0.617615467239527,US_SMALL_CAP
PGY,19.97,20.86,21.21,19.88,2300840.0,-1.6256157635468071,45947774.8,44.99,10.4,1666014063.16601,26.3934520061817,15.44111961648496,2.800979010189841,-45.22764673614921,1.2177083083595828,2026-09-11,92.0,9.98,44.99,49.92,125.3,1666.0,20.0,100.0,12.2,42.6,0.0,⚠️ ELENDİ (ZOMBİ VEYA PRİMLİ),0.0,-5.310573731626368,-11.773801634636635,Technology Services,Packaged Software,22.8705302617096,US_SMALL_CAP
WT,23.93,24.63,24.73,23.87,1921160.0,-1.360263808738672,45973358.8,25.91,10.69,3625684957.422918,18.5636224052024,45.93090211132437,8.673778222401038,73.1548480463097,0.7348681784590245,2026-09-11,123.9,10.26,25.91,59.83,8.3,3625.7,20.0,45.0,10.0,25.7,0.0,⚠️ ELENDİ (ZOMBİ VEYA PRİMLİ),0.0,7.309417040358739,-3.740949316170554,Finance,Investment Managers,39.7485566198662,US_SMID_CAP
EYE,17.29,17.39,17.77,17.22,2658966.0,0.9340338587273798,45973522.14,30.02,14.75,1367108355.466433,5.75493955345029,27.941176470588232,1.5238796972335722,-24.39877568867513,1.347179755343151,2026-09-11,17.2,14.16,30.02,43.22,73.6,1367.1,100.0,30.0,13.5,51.8,0.0,⚠️ SAHTE KÂR (FAALİYET KÂRI YETERSİZ),0.0,-21.40909090909092,2.85544318857823,Retail Trade,Specialty Stores,4.24716709631922,US_SMALL_CAP
DIOD,95.01,93.36,95.76,91.37,484187.0,3.654811259000664,46002606.870000005,125.99,42.28,4375372610.942069,4.49626103696554,51.17143318791404,2.232244598184225,79.19652961146737,0.9654519630885164,2026-09-11,124.7,40.59,125.99,237.53,32.6,4375.4,20.0,30.0,55.7,52.1,0.0,⚠️ SAHTE KÂR (FAALİYET KÂRI YETERSİZ),0.0,-10.91420534458509,4.074926059809397,Electronic Technology,Semiconductors,4.80460549174672,US_SMID_CAP
PUMP,11.45,11.57,11.87,11.34,3963397.0,-0.4347826086956583,45380895.65,18.5,4.635,1406333810.321739,-1.50207870447817,15.0,1.4688714705391848,140.54621848739495,1.2665845072380466,2026-09-11,147.0,4.45,18.5,28.62,61.6,1406.3,20.0,55.0,12.7,44.3,0.0,⚠️ SAHTE KÂR (FAALİYET KÂRI YETERSİZ),0.0,-2.1367521367521367,2.3235031277926703,Industrial Services,Oilfield Services/Equipment,-0.863900724687028,US_SMALL_CAP
BHF,50.11,50.89,51.15,49.53,843240.0,-1.435877261998434,42254756.4,66.8,44.51,2881904398.3534617,13.5973165344024,4.000127723096327,0.4399596441726506,3.0433888546164853,1.0339304881484963,2026-09-11,12.6,42.73,66.8,125.28,33.3,2881.9,90.0,55.0,10.3,36.2,0.0,⚠️ ELENDİ (ZOMBİ VEYA PRİMLİ),0.0,-14.648271163345258,-6.318938119274635,Finance,Life/Health Insurance,16.9371806432221,US_SMALL_CAP
RCAT,7.96,8.115,8.2,7.93,5283875.0,-1.4851485148514865,42059645.0,18.78,5.77,1215606258.5099008,-34.4018163584331,15.0,2.579541256456954,-14.177897574123993,0.9191045532079932,2026-09-11,38.0,5.54,18.78,19.9,135.9,1215.6,20.0,55.0,10.0,32.2,0.0,⚠️ SAHTE KÂR (FAALİYET KÂRI YETERSİZ),0.0,-26.83823529411765,-6.352941176470588,Technology Services,Packaged Software,-150.148167371415,US_SMALL_CAP
NAT,7.46,7.19,7.495,7.15,5671643.0,3.467406380027739,42310456.78,7.495,3.0614,1579659903.3203883,25.6588180177859,12.789302245842618,3.30732399361589,133.125,1.197436016641355,2026-09-11,143.7,2.94,7.5,18.65,0.5,1579.7,20.0,100.0,67.8,59.2,0.0,⚠️ ELENDİ (ZOMBİ VEYA PRİMLİ),0.0,20.128824476650564,5.070422535211272,Transportation,Marine Shipping,28.6882712316322,US_SMALL_CAP
TDW,92.97,92.53,93.105,90.85,452190.0,1.0653331883900468,42040104.3,101.575,46.65,4625836539.677357,19.4940301112016,18.797387735295903,3.320296666025012,56.12090680100756,0.7560096320632748,2026-09-11,99.3,44.78,101.58,232.43,9.3,4625.8,20.0,55.0,69.2,31.8,0.0,⚠️ ELENDİ (ZOMBİ VEYA PRİMLİ),0.0,2.164835164835164,-1.0009583643914362,Transportation,Marine Shipping,17.7709035813491,US_SMID_CAP
AVEX,16.08,16.46,16.79,15.97,2632801.0,1.0685103708359405,42335440.08,42.34,13.07,1833790519.829038,12.0,20.55477438322894,2.0,-47.10526315789474,2.294570320779554,2026-09-11,23.0,12.55,42.34,40.2,163.3,1833.8,100.0,40.0,22.9,85.7,0.0,🪤 DÜŞEN BIÇAK (RÖLATİF ÇÖKÜŞ),0.0,-28.62849533954728,-1.4705882352941295,Electronic Technology,Aerospace & Defense,11.3792188228543,US_SMALL_CAP
HIW,30.93,30.7,31.02,30.435,1376441.0,1.609724047306171,42573320.13,35.435,20.45,3411771239.501314,7.08170106766496,20.6945002007226,1.4427261507058768,-3.0711375744280804,1.2992396597233733,2026-09-11,51.2,19.63,35.44,77.33,14.6,3411.8,20.0,40.0,61.5,53.5,0.0,⚠️ ELENDİ (ZOMBİ VEYA PRİMLİ),0.0,0.0,0.5853658536585357,Finance,Real Estate Investment Trusts,25.5870732159583,US_SMID_CAP
OGS,77.34,78.61,78.61,77.2,550979.0,-1.0491299897645767,42612715.86,90.78,74.42,4861304137.314996,8.57612387334484,16.689324787984724,1.3727778890105349,3.4787262510034904,1.1408509788915888,2026-09-11,3.9,71.44,90.78,193.35,17.4,4861.3,90.0,40.0,11.4,39.9,0.0,⚠️ ELENDİ (ZOMBİ VEYA PRİMLİ),0.0,-2.851400577816852,-4.2940230169533455,Utilities,Gas Distributors,20.6491173507589,US_SMID_CAP
WERN,37.28,38.96,39.395,36.56,1149516.0,-3.3946618294895106,42853956.48,47.49,23.06,2235948444.231148,-3.33250995792144,15.0,1.6486106652020212,34.82820976491863,1.6251860030948089,2026-09-11,61.7,22.14,47.49,93.2,27.4,2235.9,20.0,55.0,16.3,56.9,0.0,⚠️ SAHTE KÂR (FAALİYET KÂRI YETERSİZ),0.0,1.88576113692265,-2.866076081292343,Transportation,Trucking,0.697825825552462,US_SMALL_CAP
CLBK,11.53,11.62,11.63,11.41,3729405.0,-0.0866551126516446,43000039.65,12.0,6.20908497,3107855401.6542463,5.01925402625384,44.38029253271748,2.2065380890959125,67.21176178264095,1.2044869873819712,2026-09-11,85.7,5.96,12.0,28.82,4.1,3107.9,20.0,30.0,18.4,42.2,0.0,⚠️ ELENDİ (ZOMBİ VEYA PRİMLİ),0.0,4.343891402714919,-0.7745266781411349,Finance,Savings Banks,29.19209238993395,US_SMID_CAP
WHD,69.54,68.86,70.229,68.15,618674.0,1.6666666666666674,43022589.96,74.07,33.2,5575676891.2,6.85277668597586,59.52747817154598,3.902494869347233,69.85832926233515,0.8190327540819319,2026-09-11,109.5,31.87,74.07,173.85,6.5,5575.7,20.0,30.0,31.8,37.0,0.0,⚠️ ELENDİ (ZOMBİ VEYA PRİMLİ),0.0,-3.5506241331483888,-2.441077441077434,Industrial Services,Oilfield Services/Equipment,19.1682672625921,US_SMID_CAP
PZZA,20.56,21.36,21.56,20.53,2095153.0,-4.193849021435238,43076345.68,55.74,20.53,676869877.9944082,12.0,25.81293157564344,2.0,-58.73143315937374,1.6318700020328734,2026-09-11,0.1,18.92,55.74,51.4,171.1,676.9,65.0,40.0,16.3,57.1,0.0,⚠️ SAHTE KÂR (FAALİYET KÂRI YETERSİZ),0.0,-15.841178878428169,-8.540925266903923,Consumer Services,Restaurants,4.69034569029537,US_MICRO_CAP
IOND,83.39,80.0,84.84,79.34,499400.0,4.394091136705064,41644966.0,85.0,50.0,3752231127.2046814,12.0,15.0,7.349305742223476,66.78,0.9807175301785676,2026-09-11,66.8,48.0,85.0,208.47,1.9,3752.2,20.0,55.0,42.9,56.3,0.0,⚠️ ELENDİ (ZOMBİ VEYA PRİMLİ),0.0,41.33898305084746,11.186666666666667,Technology Services,Data Processing Services,10.0,US_SMID_CAP
ATKR,94.15,94.38,94.38,94.13,440337.0,-0.010620220900585,41457728.55,94.39,53.75,3179734067.350255,-11.8668057890167,15.0,2.491465770462304,54.344262295081975,0.5727309831701736,2026-09-11,75.2,51.6,94.39,235.38,0.3,3179.7,20.0,55.0,10.0,20.0,0.0,⚠️ SAHTE KÂR (FAALİYET KÂRI YETERSİZ),0.0,0.212879191059077,0.5124372798121106,Producer Manufacturing,Electrical Products,4.90923518680618,US_SMID_CAP
NOG,26.58,25.95,26.6,25.89,1626327.0,1.0262257696693258,43227771.66,31.17,17.18,2832075703.3523374,-22.0501901844499,15.0,1.4193501533624393,5.059288537549397,0.800362305200054,2026-09-11,54.7,16.49,31.17,66.45,17.3,2832.1,20.0,55.0,74.1,33.1,0.0,⚠️ ELENDİ (ZOMBİ VEYA PRİMLİ),0.0,10.796165068778658,3.3035367275553744,Energy Minerals,Oil & Gas Production,29.639635042929303,US_SMALL_CAP
MIR,15.98,15.84,16.32,15.84,2604793.0,0.8838383838383874,41624592.14,30.277,14.11,3979621627.832071,1.49022231683951,181.17913832199548,2.179561496232141,-25.63983248022335,0.6672099032166504,2026-09-11,13.3,13.55,30.28,39.95,89.5,3979.6,100.0,30.0,10.0,27.8,0.0,⚠️ SAHTE KÂR (FAALİYET KÂRI YETERSİZ),0.0,3.0967741935483897,-3.73493975903615,Electronic Technology,Aerospace & Defense,6.82017757830032,US_SMID_CAP
MRX,73.0,75.09,75.715,72.73,630742.0,-1.471183695505471,46044166.0,79.1099,27.91,5250953254.514779,26.2038900067727,13.606202937448744,2.784027007350213,109.8907418056354,0.7160222554913331,2026-09-11,161.6,26.79,79.11,182.5,8.4,5251.0,20.0,85.0,10.0,25.1,0.0,⚠️ ELENDİ (ZOMBİ VEYA PRİMLİ),0.0,16.613418530351435,-3.5029742233972314,Technology Services,Internet Software/Services,32.1859999544924,US_SMID_CAP
IRON,70.06,74.66,75.0,69.275,620959.0,-5.503102239007282,43504387.54,99.5,40.0001,2689802709.0768824,-39.081671009728,15.0,4.170518612263801,16.88355021688356,1.1680463126142857,2026-09-11,75.1,38.4,99.5,175.15,42.0,2689.8,20.0,55.0,11.7,40.9,0.0,⚠️ BİYOTEK TUZAĞI (FDA RİSKİ),0.0,-13.941776194570686,-10.340414640389042,Health Technology,Biotechnology,10.0,US_SMALL_CAP
WOLF,25.92,25.87,27.1699,25.6,1681614.0,2.9797377830750893,43587434.88,80.82,1.2,1373640659.8712752,-438.625543365763,15.0,1.4534924473908075,1452.0958083832336,0.6696507344134666,2026-09-11,2060.0,1.15,80.82,64.8,211.8,1373.6,20.0,55.0,10.0,38.3,0.0,⚠️ SAHTE KÂR (FAALİYET KÂRI YETERSİZ),0.0,-21.143900212960133,-4.354243542435423,Electronic Technology,Semiconductors,-67.2229739888739,US_SMALL_CAP
AMC,2.46,2.41,2.52,2.41,16905266.0,4.237288135593224,41586954.36,3.18,0.93,2195807253.457628,12.0,15.0,2.0,-11.191335740072205,0.7081746406169729,2026-09-11,164.5,0.89,3.18,6.15,29.3,2195.8,20.0,55.0,10.0,46.0,0.0,⚠️ SAHTE KÂR (FAALİYET KÂRI YETERSİZ),0.0,3.361344537815129,-6.463878326996196,Consumer Services,Movies/Entertainment,5.23266929224181,US_SMALL_CAP
MPT,3.64,3.69,3.745,3.64,12016704.0,-0.8174386920980874,43740802.56,6.47,3.64,2173808089.2643056,-0.677289705254348,15.0,0.482857241399437,-20.35010940919037,1.359819717661113,2026-09-11,0.0,3.37,6.47,9.1,77.7,2173.8,65.0,55.0,13.6,47.6,0.0,🪤 DÜŞEN BIÇAK (RÖLATİF ÇÖKÜŞ),0.0,-9.9009900990099,-9.9009900990099,Finance,Real Estate Investment Trusts,57.345478663909,US_SMALL_CAP
EROC,12.7,12.16,13.35,12.15,3446327.0,6.992417860151644,43768352.9,20.7,8.88,2786380985.400169,12.0,15.0,12.42783051179176,-36.81592039800996,1.6554470255578018,2026-09-11,43.0,8.52,20.7,31.75,63.0,2786.4,20.0,55.0,16.6,92.9,0.0,⚠️ ELENDİ (ZOMBİ VEYA PRİMLİ),0.0,-3.201219512195121,8.732876712328764,Producer Manufacturing,Electrical Products,10.0,US_SMALL_CAP
HOG,27.87,27.51,27.925,27.24,1489240.0,3.3753709198813064,41505118.8,31.25,17.09,2900500748.670624,6.31666883567755,17.237753587333003,0.9382315731924988,-7.347074468085097,1.0142471610082977,2026-09-11,63.1,16.41,31.25,69.67,12.1,2900.5,20.0,55.0,68.9,52.4,0.0,⚠️ SAHTE KÂR (FAALİYET KÂRI YETERSİZ),0.0,3.683035714285722,1.3823208439432615,Consumer Durables,Motor Vehicles,6.24462832996371,US_SMALL_CAP
VSEC,194.98,197.37,198.5,193.91,212837.0,1.214700996677743,41498958.26,247.85,154.67,5472108208.090325,4.26607662786487,71.85818530257241,1.865229916037868,16.69160332754802,0.737747564348446,2026-09-11,26.1,148.48,247.85,487.45,27.1,5472.1,20.0,30.0,10.0,31.9,0.0,🪤 DÜŞEN BIÇAK (RÖLATİF ÇÖKÜŞ),0.0,-20.59134967826016,-3.182878991012462,Industrial Services,Engineering & Construction,11.7530608156676,US_SMID_CAP
APAM,37.91,40.04,40.13,37.495,1156778.0,-4.5088161209068165,43853453.98,46.53,33.96,3073464806.0654902,67.8401021622175,9.416761885836356,6.407612737475491,-19.151204947750063,1.5002994689969824,2026-09-11,11.6,32.6,46.53,94.77,22.7,3073.5,90.0,100.0,15.0,52.5,0.0,NÖTR,0.0,-12.427812427812434,-6.969325153374242,Finance,Investment Managers,36.6525785373381,US_SMID_CAP
KNSA,76.27,77.7,78.59,76.14,576550.0,-0.2745815899581694,43973468.5,82.94,35.2,5950891679.696784,14.0377807712791,77.54956786985257,9.091981961469642,110.05232718259433,1.1496874975697136,2026-09-11,116.7,33.79,82.94,190.67,8.7,5950.9,20.0,30.0,11.5,40.2,0.0,⚠️ BİYOTEK TUZAĞI (FDA RİSKİ),0.0,-1.4217396923872412,-4.363636363636369,Health Technology,Pharmaceuticals: Major,11.922487774247,US_SMID_CAP
LIVN,78.18,79.22,79.27,77.15,552414.0,0.0,43187726.52,85.76,48.82,4307210603.0,15.4023366927257,23.197436353925585,3.2474734257978493,38.29824871749514,0.9816163065010352,2026-09-11,60.1,46.87,85.76,195.45,9.7,4307.2,20.0,30.0,10.0,34.4,0.0,⚠️ ELENDİ (ZOMBİ VEYA PRİMLİ),0.0,0.29506093649776,-3.086649312011894,Health Technology,Medical Specialties,15.0091947117835,US_SMID_CAP
FLNC,9.93,9.8,10.155,9.76,4954389.0,2.4767801857585163,49197082.77,33.51,7.095,1833041878.98452,-20.7196058386306,15.0,3.8084499263622975,46.89349112426036,0.8772375059599306,2026-09-11,40.0,6.81,33.51,24.82,237.5,1833.0,20.0,55.0,10.0,43.1,0.0,⚠️ SAHTE KÂR (FAALİYET KÂRI YETERSİZ),0.0,-26.47167715660867,-1.7804154302670596,Producer Manufacturing,Electrical Products,-3.7398209025998304,US_SMALL_CAP
WK,71.86,71.52,72.47,70.94,685522.0,0.7430253750175259,49261610.92,97.095,43.34,3910368910.248984,12.0,87.97747306562194,2.0,-6.212477160010447,0.7490714216405744,2026-09-11,65.8,41.61,97.09,179.65,35.1,3910.4,20.0,30.0,21.7,29.9,0.0,⚠️ SAHTE KÂR (FAALİYET KÂRI YETERSİZ),0.0,5.6764705882352935,-7.634961439588686,Technology Services,Information Technology Services,3.25630088940941,US_SMID_CAP
FIGS,13.35,12.95,13.49,12.95,3697751.0,3.0888030888030915,49364975.85,17.48,6.5,2217972156.579151,14.7622589689306,41.30569306930693,5.00249187797667,94.32314410480348,1.4038370992843898,2026-09-11,105.4,6.24,17.48,33.38,30.9,2218.0,20.0,45.0,47.7,64.6,0.0,⚠️ ELENDİ (ZOMBİ VEYA PRİMLİ),0.0,-6.643356643356651,-10.22192333557498,Consumer Non-Durables,Apparel/Footwear,9.60288869673473,US_SMALL_CAP
WRBY,24.71,24.85,25.9,24.675,2011838.0,1.68724279835391,49712516.98,31.0,14.96,3054354760.935391,2.05511815203946,407.0840197693576,7.780545173448536,-7.798507462686567,0.8817152934700482,2026-09-11,65.2,14.36,31.0,61.78,25.5,3054.4,20.0,30.0,10.0,39.3,0.0,⚠️ SAHTE KÂR (FAALİYET KÂRI YETERSİZ),0.0,-3.889537145079736,7.434782608695656,Retail Trade,Specialty Stores,0.247255941711661,US_SMID_CAP
CNK,35.08,35.5,35.63,34.86,1417131.0,-0.1991465149359894,49712955.48,38.98,21.6,4066187874.148506,45.4266030736619,19.508397286175065,8.203123173121442,29.112992270886995,0.6448296946974963,2026-09-11,62.4,20.74,38.98,87.7,11.1,4066.2,20.0,70.0,10.0,22.6,0.0,⚠️ ELENDİ (ZOMBİ VEYA PRİMLİ),0.0,-3.5468792961231763,0.1713306681895921,Consumer Services,Movies/Entertainment,13.439181756013404,US_SMID_CAP
BLSH,35.12,34.5,36.0,33.5,1415868.0,3.659976387249099,49725284.16,74.98,20.55,5278613441.258559,-55.7258066802243,15.0,2.185732494224488,-32.422551472003086,1.1159022142084143,2026-09-11,70.9,19.73,74.98,87.8,113.5,5278.6,20.0,55.0,31.9,57.4,0.0,⚠️ ELENDİ (ZOMBİ VEYA PRİMLİ),0.0,41.67002823719241,1.2395503026808872,Technology Services,Packaged Software,18.0882394505508,US_SMID_CAP
TCBI,99.09,99.82,99.89,98.36,502249.0,0.1921132457027277,49767853.41,108.92,75.41,4307875295.246208,10.1876602190876,12.890259132063692,1.286689277978902,13.518157864589297,1.1588958383038854,2026-09-11,31.4,72.39,108.92,247.73,9.9,4307.9,20.0,55.0,11.6,41.5,0.0,⚠️ ELENDİ (ZOMBİ VEYA PRİMLİ),0.0,-1.4912019087384432,2.049433573635437,Finance,Major Banks,35.902832092324424,US_SMID_CAP
FHB,25.755,25.81,25.99,25.43,1936845.0,0.331125827814559,49883442.975,30.58,22.645,3133884725.880794,10.3224792064157,11.181297212815837,1.1089362478988125,0.5269320843091257,1.1653664600668192,2026-09-11,13.7,21.74,30.58,64.39,18.7,3133.9,90.0,55.0,22.9,42.4,0.0,⚠️ ELENDİ (ZOMBİ VEYA PRİMLİ),0.0,-6.379498364231198,-0.8278783211397761,Finance,Regional Banks,40.91790804195535,US_SMID_CAP
TDC,27.84,27.46,28.325,27.46,1799620.0,1.7543859649122824,50101420.8,41.7799,20.33,2589120058.0000005,119.115734720416,5.862657148272159,4.384914884769981,32.13099193165638,0.9993428488640126,2026-09-11,36.9,19.52,41.78,69.6,50.1,2589.1,20.0,70.0,10.0,43.7,0.0,⚠️ ELENDİ (ZOMBİ VEYA PRİMLİ),0.0,4.701015419330576,-1.9718309859154888,Technology Services,Packaged Software,7.924305144884681,US_SMALL_CAP
TDS,37.46,37.75,38.03,37.35,1338275.0,0.0534188034188117,50131781.5,49.12,31.51,4030695794.890492,10.5558163893218,13.763962375073486,1.0526209305775984,-3.55303810504635,0.9804922143815245,2026-09-11,18.9,30.25,49.12,93.65,31.1,4030.7,100.0,55.0,10.0,34.6,0.0,⚠️ SAHTE KÂR (FAALİYET KÂRI YETERSİZ),0.0,12.3912391239124,0.0534188034188117,Communications,Wireless Telecommunications,-2.69204842109949,US_SMID_CAP
EQPT,18.02,17.79,18.75,17.79,2796016.0,2.2701475595913654,50384208.32,35.5,15.7068,4573602755.666288,12.0,232.51612903225805,3.761603670590396,-46.28912071535022,1.2816193415237018,2026-09-11,14.7,15.08,35.5,45.05,97.0,4573.6,100.0,30.0,12.8,56.2,0.0,⚠️ SAHTE KÂR (FAALİYET KÂRI YETERSİZ),0.0,-8.759493670886078,-0.9890109890109876,Technology Services,Internet Software/Services,6.839056097216339,US_SMID_CAP
PATK,73.4,75.98,76.1,73.055,688436.0,-1.950307240181664,50531202.400000006,148.5,73.055,2357480541.282394,12.9525962047942,17.452919916302076,2.084706688301416,-34.61024498886414,1.482834780263735,2026-09-11,0.5,67.9,148.5,183.5,102.3,2357.5,65.0,55.0,14.8,51.9,0.0,⚠️ ELENDİ (ZOMBİ VEYA PRİMLİ),0.0,-16.09510745313214,-9.449790278805818,Consumer Durables,Home Furnishings,7.01898481088183,US_SMALL_CAP
SKY,83.16,83.14,83.625,81.23,609028.0,1.7247706422018307,50646768.48,99.1651,63.69,4513935801.533944,12.177220272417,24.33642562406719,2.8695632370164,11.28061019670814,1.387294244565314,2026-09-11,30.6,61.14,99.17,207.9,19.3,4513.9,20.0,30.0,56.7,57.2,0.0,⚠️ SAHTE KÂR (FAALİYET KÂRI YETERSİZ),0.0,-11.26760563380282,-3.25732899022801,Consumer Durables,Homebuilding,8.92823534033911,US_SMID_CAP
AENT,6.42,7.27,7.6199,6.14,7890663.0,16.51542649727768,50658056.46,8.8,4.36,327289234.73684216,11.8796568382172,25.078125,2.80655737704918,-5.169867060561295,246.05343494787783,2026-09-11,47.2,4.19,8.8,16.05,37.1,327.3,20.0,40.0,30.0,100.0,0.0,⚠️ SAHTE KÂR (FAALİYET KÂRI YETERSİZ),0.0,10.499139414802071,27.128712871287128,Distribution Services,Electronics Distributors,3.11874720949845,US_MICRO_CAP
BH.A,1846.18,1805.0,1848.0,1783.0,25119.0,3.0199881700389564,46374195.42,2513.0,1238.0,1188178468.3614388,-5.25102508750532,15.0,10.65708676816735,20.74822590666797,1.2546389023470472,2026-09-11,49.1,1188.48,2513.0,4615.45,36.1,1188.2,20.0,55.0,78.6,59.0,0.0,⚠️ SAHTE KÂR (FAALİYET KÂRI YETERSİZ),0.0,-2.285429986873853,-3.744525547445252,Consumer Services,Restaurants,5.17415658313856,US_SMALL_CAP
TEN,47.9,45.35,48.239,44.92,1060433.0,7.134869156788186,50794740.7,48.239,20.5,1410627690.2505033,16.8897802727216,4.850829400684585,2.0,125.51789077212808,3.3455353447144462,2026-09-11,133.7,19.68,48.24,119.75,0.7,1410.6,20.0,70.0,85.7,100.0,0.0,⚠️ ELENDİ (ZOMBİ VEYA PRİMLİ),0.0,25.425504058654106,10.343238885049534,Transportation,Marine Shipping,38.2915649418514,US_SMALL_CAP
HUBG,36.04,35.99,36.33,35.44,1409732.0,1.0372862349313077,50806741.28,53.26,32.9,2203972339.0434537,12.0,15.0,2.0,-0.1662049861495907,1.2582646214045616,2026-09-11,9.5,31.58,53.26,90.1,47.8,2204.0,100.0,55.0,37.0,49.2,0.0,⚠️ ELENDİ (ZOMBİ VEYA PRİMLİ),0.0,-5.679141585972263,-1.0705462530881158,Transportation,Air Freight/Couriers,10.0,US_SMALL_CAP
BTU,28.21,28.87,28.87,27.91,1807335.0,-2.8246641405442654,50984920.35,41.1399,18.41,3438799124.38443,-5.31575961244708,15.0,1.0585481042758065,53.98471615720524,0.7998651943672843,2026-09-11,53.2,17.67,41.14,70.53,45.8,3438.8,20.0,55.0,10.0,28.0,0.0,⚠️ SAHTE KÂR (FAALİYET KÂRI YETERSİZ),0.0,16.11442683679769,3.1444241316270545,Energy Minerals,Coal,-3.71238375426962,US_SMID_CAP
ASH,70.91,71.31,71.93,67.75,720252.0,0.2970297029702882,51073069.32,78.25,46.295,3247207676.1356435,3.99042298483639,62.730007077140826,1.7364746112522866,33.666352497643736,1.2174515382949775,2026-09-11,53.2,44.44,78.25,177.27,10.4,3247.2,20.0,30.0,48.0,44.1,0.0,⚠️ SAHTE KÂR (FAALİYET KÂRI YETERSİZ),0.0,-5.491136878581907,-2.233558527505866,Consumer Non-Durables,Food: Specialty/Candy,8.5729788388497,US_SMID_CAP
APPN,34.76,33.99,34.84,33.635,1478805.0,2.025242148517751,51403261.8,46.059,18.63,2489799536.5975933,12.0,15.0,2.0,11.445976274446927,1.5472860226178384,2026-09-11,86.6,17.88,46.06,86.9,32.5,2489.8,20.0,55.0,76.2,64.3,0.0,⚠️ SAHTE KÂR (FAALİYET KÂRI YETERSİZ),0.0,1.7862371888726192,-13.273453093812376,Technology Services,Packaged Software,4.36988483692461,US_SMALL_CAP
CNX,35.91,36.7,36.92,35.87,1439807.0,-2.072538860103641,51703469.37,43.62,29.22,5312655632.751294,21.2486692250072,6.0046150759146535,1.1048979192473771,23.48693259972489,1.0246312380919578,2026-09-11,22.9,28.05,43.62,89.77,21.5,5312.7,65.0,85.0,10.2,35.9,0.0,NÖTR,0.0,-0.0834724540901534,-4.8741721854304725,Energy Minerals,Oil & Gas Production,39.7695410180974,US_SMID_CAP
ECO,76.15,73.2,76.21,73.19,679833.0,4.429511793746577,51769282.95,76.21,27.74,2920258191.796489,61.5919910455297,7.10096140396684,3.388273946954269,166.16567633694515,1.38450287395648,2026-09-11,174.5,26.63,76.21,190.38,0.1,2920.3,20.0,100.0,81.1,70.6,0.0,⚠️ ELENDİ (ZOMBİ VEYA PRİMLİ),0.0,24.144114770133683,8.840134352890734,Transportation,Marine Shipping,62.341887032832,US_SMALL_CAP
BIRK,31.13,31.15,31.59,30.78,1664694.0,1.433691756272394,51821924.22,50.73,30.25,5537647851.003584,12.4492651908338,14.550808637935868,1.72861470938394,-33.765957446808514,0.7191243576423471,2026-09-11,2.9,29.04,50.73,77.83,63.0,5537.6,65.0,55.0,10.0,32.3,0.0,⚠️ ELENDİ (ZOMBİ VEYA PRİMLİ),0.0,-16.54155495978552,-7.626112759643928,Consumer Non-Durables,Apparel/Footwear,24.4594353623425,US_SMID_CAP
EPR,59.18,59.64,59.64,58.75,876268.0,-0.2528231923141725,51857540.24,64.97,48.105,4533716313.914377,11.3464130597574,18.98986009498139,1.961743677868296,6.534653465346539,1.0822810669114475,2026-09-11,23.0,46.18,64.97,147.95,9.8,4533.7,65.0,40.0,10.8,37.9,0.0,⚠️ ELENDİ (ZOMBİ VEYA PRİMLİ),0.0,-1.0367892976588586,-1.59627535749917,Finance,Real Estate Investment Trusts,36.6355102452811,US_SMID_CAP
LQDA,66.74,68.66,69.9399,66.68,778565.0,-1.63596168017686,51961428.1,93.61,21.145,5973823067.2798815,131.815523316358,48.91885948838232,30.477112483103788,144.46886446886447,0.7528651937462771,2026-09-11,215.6,20.3,93.61,166.85,40.3,5973.8,20.0,75.0,10.0,26.4,0.0,⚠️ BİYOTEK TUZAĞI (FDA RİSKİ),0.0,-20.20564323290292,-1.722868502429689,Health Technology,Pharmaceuticals: Major,37.3857580387974,US_SMID_CAP
GTX,27.62,27.19,28.0,27.19,1887479.0,1.581463773446119,52132169.98,36.25,12.2644,5150948036.108128,12.0,15.111889259725338,2.0,108.29562594268478,0.5988480731710064,2026-09-11,125.2,11.77,36.25,69.05,31.2,5150.9,20.0,40.0,10.3,28.9,0.0,⚠️ ELENDİ (ZOMBİ VEYA PRİMLİ),0.0,-6.562922868741535,0.692672256653304,Producer Manufacturing,Auto Parts: OEM,14.8108684070325,US_SMID_CAP
HRB,45.12,45.13,45.215,44.4,1157612.0,0.5347593582887586,52231453.44,58.67,28.16,5561758558.117646,707.453097139313,7.885492581135637,47.68799873170216,-10.155316606929512,0.7386459565487214,2026-09-11,60.2,27.03,58.67,112.8,30.0,5561.8,20.0,100.0,61.1,28.5,0.0,⚠️ ELENDİ (ZOMBİ VEYA PRİMLİ),0.0,-17.21100917431193,-10.70651098357412,Consumer Services,Other Consumer Services,23.9451491765584,US_SMID_CAP
PTCT,66.06,67.8,68.48,65.91,792873.0,-1.944485676116969,52377190.38,90.87,57.74,5513421188.319133,12.0,15.0,2.0,12.15619694397284,0.9439155316238544,2026-09-11,14.4,55.43,90.87,165.15,37.6,5513.4,100.0,55.0,10.0,33.0,0.0,⚠️ BİYOTEK TUZAĞI (FDA RİSKİ),0.0,-9.791069233920528,-6.4570943075616,Health Technology,Pharmaceuticals: Major,11.5714039299968,US_SMID_CAP
NCNO,21.25,21.585,21.7,20.7901,2467759.0,-0.8399440037330832,52439878.75,31.23,13.8,2246893762.1325245,3.38227669695216,70.43420616506462,2.4025769192067084,-29.00100233879051,0.9423792603769412,2026-09-11,54.0,13.25,31.23,53.12,47.0,2246.9,20.0,30.0,10.2,33.0,0.0,⚠️ ELENDİ (ZOMBİ VEYA PRİMLİ),0.0,12.374405076679006,-8.64144453998281,Technology Services,Packaged Software,8.76649674404253,US_SMALL_CAP
WIX,76.58,75.44,77.3081,75.44,663165.0,1.4036016949152572,50785175.7,190.93,40.16,3204835347.8286552,12.0,15.0,2.0,-53.36317408117902,0.4063565309879752,2026-09-11,90.7,38.55,190.93,191.45,149.3,3204.8,20.0,55.0,19.5,21.2,0.0,⚠️ SAHTE KÂR (FAALİYET KÂRI YETERSİZ),0.0,17.202326293235377,-4.275000000000002,Technology Services,Packaged Software,-3.1386910575716795,US_SMID_CAP
RDNT,75.49,75.34,75.9073,73.78,610324.0,1.628971459343018,46073358.76,85.84,50.82,5940893920.896472,-2.08202894292366,15.0,5.416559935537985,5.832048226552638,0.9230116369299628,2026-09-11,48.5,48.79,85.84,188.72,13.7,5940.9,20.0,55.0,51.8,40.5,0.0,⚠️ SAHTE KÂR (FAALİYET KÂRI YETERSİZ),0.0,-0.9577538703752349,2.262259550257385,Health Services,Medical/Nursing Services,4.62768386183455,US_SMID_CAP
LXP,60.84,60.99,60.99,60.79,757548.0,0.0328839197632409,46089220.32,61.61,43.975,3586959920.272937,3.21305119482506,61.37395339453244,1.8412962435014413,34.304635761589424,0.8381719251107925,2026-09-11,38.4,42.22,61.61,152.1,1.3,3587.0,20.0,30.0,10.0,29.5,0.0,⚠️ ELENDİ (ZOMBİ VEYA PRİMLİ),0.0,0.214132762312638,0.313272877164064,Finance,Real Estate Investment Trusts,14.8462485332352,US_SMID_CAP
FUN,13.12,13.71,13.98,13.12,3515035.0,-4.023408924652529,46117259.2,27.37,12.51,1342390056.5910752,-185.332209948728,15.0,11.7003914993802,-39.4135303625029,1.7620444565154567,2026-09-11,4.9,12.01,27.37,32.8,108.6,1342.4,100.0,55.0,17.6,61.7,0.0,⚠️ ELENDİ (ZOMBİ VEYA PRİMLİ),0.0,-16.962025316455705,-12.765957446808512,Consumer Services,Movies/Entertainment,10.7602763285757,US_SMALL_CAP
BBAI,2.87,2.84,2.92,2.81,16109958.0,1.7730496453900804,46235579.46,9.39,2.59,1376149201.7695036,-16.5537953502547,15.0,1.7864590141485064,-39.32346723044397,1.0055029177324075,2026-09-11,10.8,2.49,9.39,7.18,227.2,1376.1,100.0,55.0,16.4,44.1,0.0,⚠️ SAHTE KÂR (FAALİYET KÂRI YETERSİZ),0.0,-14.583333333333329,-3.040540540540536,Technology Services,Packaged Software,-71.1654903629195,US_SMALL_CAP
ACMR,72.0,73.52,74.6497,71.63,642760.0,-0.5387484459179452,46278720.0,127.19,28.46,5014741982.262744,10.554963036657,34.20102603078092,2.69564182108576,152.72025272025277,0.7526844449274248,2026-09-11,153.0,27.32,127.19,180.0,76.7,5014.7,20.0,30.0,10.0,26.3,0.0,⚠️ ELENDİ (ZOMBİ VEYA PRİMLİ),0.0,-14.66160957686382,1.0526315789473684,Producer Manufacturing,Industrial Machinery,13.2859626199204,US_SMID_CAP
THO,72.86,73.11,74.19,72.17,635968.0,1.180391612276065,46336628.48,122.83,69.71,3792900035.16456,6.14793310306323,14.68507507810138,0.8791335020812756,-32.29253786822786,1.132644510716585,2026-09-11,4.5,66.92,122.83,182.15,68.6,3792.9,100.0,55.0,11.3,45.5,0.0,⚠️ SAHTE KÂR (FAALİYET KÂRI YETERSİZ),0.0,-9.456940474711072,-3.0859271082734865,Consumer Durables,Recreational Products,2.54144540895553,US_SMID_CAP
SBLK,31.17,30.74,31.2,30.62,1308504.0,1.3988288874430816,40786069.68,32.88,16.72,3490581242.2924533,11.6807591106167,12.193881542915266,1.4112706053658166,61.50259067357513,0.8458929356875095,2026-09-11,86.4,16.05,32.88,77.93,5.5,3490.6,20.0,55.0,71.2,36.6,0.0,⚠️ ELENDİ (ZOMBİ VEYA PRİMLİ),0.0,13.42794759825328,-4.092307692307687,Transportation,Marine Shipping,27.8357114060106,US_SMID_CAP
PARR,84.65,83.1,86.97,83.1,549016.0,1.2680942696494824,46474204.400000006,87.03,32.24,4240933362.8346686,54.7397900126994,4.940007936693201,2.10400050903639,147.87701317715965,0.6465787148957137,2026-09-11,162.6,30.95,87.03,211.62,2.8,4240.9,20.0,85.0,10.0,29.0,0.0,⚠️ ELENDİ (ZOMBİ VEYA PRİMLİ),0.0,13.335118489757676,4.842704978944775,Energy Minerals,Oil Refining/Marketing,13.307092232730898,US_SMID_CAP
RARE,14.3,14.43,14.7,14.13,3252100.0,-0.694444444444442,46505030.0,39.8899,13.81,1409820872.777778,12.0,15.0,2.0,-54.24,0.4886333288949002,2026-09-11,3.5,13.23,39.89,35.75,179.0,1409.8,100.0,55.0,10.0,17.1,0.0,⚠️ SAHTE KÂR (FAALİYET KÂRI YETERSİZ),0.0,-46.62187383351996,-7.592891760904678,Health Technology,Pharmaceuticals: Major,-73.7711892185183,US_SMALL_CAP
CHEF,110.45,111.85,112.9,110.06,421133.0,0.6194770884576906,46514139.85,117.65,53.2,4505927068.600711,15.2520040167403,52.5152149106124,6.94897083508447,71.24031007751938,0.5263757848615388,2026-09-11,107.6,51.07,117.65,276.12,6.5,4505.9,20.0,30.0,10.0,21.5,0.0,⚠️ SAHTE KÂR (FAALİYET KÂRI YETERSİZ),0.0,2.2685185185185213,-3.359874004724825,Distribution Services,Food Distributors,4.14302064029971,US_SMID_CAP
CWST,89.91,90.85,90.85,88.52,517684.0,-0.0333555703802547,46544968.44,107.961,74.05,5721858874.513009,0.363983849173873,1004.581005586592,3.621326313279566,-1.4360885770664351,1.2116953633021672,2026-09-11,21.4,71.09,107.96,224.77,20.1,5721.9,65.0,30.0,25.6,42.4,0.0,⚠️ SAHTE KÂR (FAALİYET KÂRI YETERSİZ),0.0,-2.6315789473684283,-4.187979539641951,Industrial Services,Environmental Services,4.81707323309547,US_SMID_CAP
OCTV,17.73,17.3,17.85,17.14,2629659.0,2.7826086956521765,46623854.07,27.39,15.41,4759401852.761738,12.0,15.0,0.9368995757794816,-12.87469287469288,1.007167211207525,2026-09-11,15.1,14.79,27.39,44.33,54.5,4759.4,100.0,55.0,56.4,49.2,0.0,⚠️ ELENDİ (ZOMBİ VEYA PRİMLİ),0.0,6.422569027611046,-10.680100755667512,Technology Services,Packaged Software,10.0,US_SMID_CAP
HRMY,41.52,41.3,41.72,40.9195,1123407.0,1.0218978102189822,46643858.64,43.49,25.52,2417974946.137226,20.4556392937405,13.454745779189215,2.4149995201409915,23.97730665870409,1.2314054442382003,2026-09-11,62.7,24.5,43.49,103.8,4.7,2418.0,20.0,85.0,47.3,48.2,0.0,⚠️ ELENDİ (ZOMBİ VEYA PRİMLİ),0.0,6.026557711950987,0.0481927710843448,Health Technology,Pharmaceuticals: Major,24.0286988825896,US_SMALL_CAP
RDN,35.62,36.45,36.5,35.53,1317821.0,-1.6565433462175632,46940784.02,41.05,31.5,4712573010.13915,12.0264139096629,9.15187174019167,0.9893490821856892,1.742359325906882,1.5999406071883029,2026-09-11,13.1,30.24,41.05,89.05,15.2,4712.6,90.0,55.0,16.0,56.0,0.0,⚠️ ELENDİ (ZOMBİ VEYA PRİMLİ),0.0,-1.819184123484024,-2.517788724685281,Finance,Specialty Insurance,51.1139250355928,US_SMID_CAP
SLM,26.04,25.91,26.11,25.66,1884336.0,1.798279906176704,49068109.44,31.06,17.77,4894138835.549648,30.3326256542732,7.289625440904764,2.200999240131215,-9.646079111727971,1.0858786038229182,2026-09-11,46.5,17.06,31.06,65.1,19.3,4894.1,20.0,100.0,59.1,47.0,0.0,⚠️ ELENDİ (ZOMBİ VEYA PRİMLİ),0.0,-4.229496138286143,-0.3062787136294098,Finance,Finance/Rental/Leasing,42.4341926915002,US_SMID_CAP
CSW,300.71,294.98,301.04,290.35,156346.0,3.0887898525882727,47014805.66,355.4825,230.45,4899614845.961844,11.0722529586341,41.21855938592283,4.565777424917323,18.581174336527454,1.235466988441549,2026-09-11,30.5,221.23,355.48,751.77,18.2,4899.6,20.0,30.0,78.0,58.7,0.0,⚠️ ELENDİ (ZOMBİ VEYA PRİMLİ),0.0,-15.020064432261355,-1.0366616204831285,Process Industries,Industrial Specialties,18.1727548901161,US_SMID_CAP
HAE,102.69,101.7,102.89,100.53,458308.0,1.612903225806447,47063648.52,109.5707,47.315,4672092078.725806,11.2000632778508,50.08779631255488,5.578119474638813,90.80267558528428,0.766226182075101,2026-09-11,117.0,45.42,109.57,256.73,6.7,4672.1,20.0,30.0,65.8,34.9,0.0,⚠️ ELENDİ (ZOMBİ VEYA PRİMLİ),0.0,18.88168557536467,1.082783738556939,Health Technology,Medical Specialties,18.3683884696375,US_SMID_CAP
STNE,10.1,10.32,10.37,9.96,4669494.0,-1.941747572815544,47161889.4,19.95,9.08,2456605137.7087374,34.180599463206,4.083282797655144,1.3401250694941094,-42.873303167420815,0.5883054700610841,2026-09-11,11.2,8.72,19.95,25.25,97.5,2456.6,100.0,55.0,10.0,20.6,0.0,⚠️ SAHTE KÂR (FAALİYET KÂRI YETERSİZ),0.0,1.5075376884422147,-0.1976284584980195,Commercial Services,Miscellaneous Commercial Services,-130.086433436487,US_SMALL_CAP
ALGT,78.27,77.4,78.97,76.17,606272.0,2.892073090574475,47452909.44,123.63,57.11,2139726091.206783,1.76465916891817,55.636906454364514,1.2040123283970932,22.335104720225072,1.3582813396503166,2026-09-11,37.1,54.83,123.63,195.67,58.0,2139.7,20.0,30.0,48.6,62.0,0.0,⚠️ ELENDİ (ZOMBİ VEYA PRİMLİ),0.0,-12.056179775280905,3.340374966992344,Transportation,Airlines,8.63570742926329,US_SMALL_CAP
ENVA,223.48,226.48,228.06,221.33,212700.0,0.1882901461490126,47534196.0,267.4499,103.02,5564287832.597328,26.0809653681655,16.570644718792867,3.7148205348390753,92.9046180405697,0.8322898732195961,2026-09-11,116.9,98.9,267.45,558.7,19.7,5564.3,20.0,70.0,10.0,30.1,0.0,⚠️ ELENDİ (ZOMBİ VEYA PRİMLİ),0.0,-13.82408514248255,-2.948712381117827,Finance,Finance/Rental/Leasing,24.1373676852175,US_SMID_CAP
ABCL,10.89,10.55,10.955,10.32,4365531.0,4.110898661567875,47540632.59,12.5799,2.745,3528875798.707457,-17.304014090807,15.0,3.724757839435232,152.08333333333331,1.140053902713288,2026-09-11,296.7,2.64,12.58,27.23,15.5,3528.9,20.0,55.0,67.1,60.5,0.0,⚠️ SAHTE KÂR (FAALİYET KÂRI YETERSİZ),0.0,18.11279826464208,-5.304347826086952,Health Technology,Biotechnology,-340.253577743071,US_SMID_CAP
SOC,5.17,4.8,5.26,4.8,9218680.0,5.08130081300813,47660575.6,24.96,2.88,991965760.5447156,-103.207248874947,15.0,2.022604660988768,-78.46730528946274,1.4070615849756567,2026-09-11,79.5,2.76,24.96,12.93,382.8,992.0,20.0,55.0,56.7,74.7,0.0,⚠️ SAHTE KÂR (FAALİYET KÂRI YETERSİZ),0.0,8.613445378151264,7.933194154488515,Energy Minerals,Integrated Oil,-292.816988930316,US_MICRO_CAP
TRMD,35.08,34.26,35.34,34.2001,1359253.0,1.3872832369942103,47682595.24,35.938,19.3,3574526382.44238,26.6639628552417,5.912273510374711,1.413638554074212,56.887298747763865,1.2273434080765837,2026-09-11,81.8,18.53,35.94,87.7,2.5,3574.5,20.0,85.0,50.3,49.9,0.0,⚠️ ELENDİ (ZOMBİ VEYA PRİMLİ),0.0,23.347398030942323,1.7401392111368952,Transportation,Marine Shipping,39.0870327379012,US_SMID_CAP
TNL,66.74,66.58,67.01,65.945,718215.0,2.111383108935122,47933669.1,81.0,58.07,4084770432.9378815,12.0,18.167465156794425,2.0,8.15102900664397,1.2051082636786243,2026-09-11,14.9,55.75,81.0,166.85,21.4,4084.8,90.0,40.0,46.6,52.7,0.0,⚠️ ELENDİ (ZOMBİ VEYA PRİMLİ),0.0,-10.06602883708395,1.582952815829516,Consumer Services,Hotels/Resorts/Cruise lines,17.5867122618466,US_SMID_CAP
PEB,17.84,18.32,18.5,17.78,2687436.0,-1.3274336283185757,47943858.24,19.93,9.99,2013114117.300885,-1.84485893930202,15.0,0.829631227989079,54.59272097053728,1.1909834797461731,2026-09-11,78.6,9.59,19.93,44.6,11.7,2013.1,20.0,55.0,11.9,41.7,0.0,⚠️ ELENDİ (ZOMBİ VEYA PRİMLİ),0.0,1.0192525481313688,1.884637350085656,Finance,Real Estate Investment Trusts,7.44619100203327,US_SMALL_CAP
AUB,39.72,40.15,40.15,39.19,1223940.0,0.2523977788995493,48614896.8,43.62,30.87,5672607501.177184,9.75929128355317,11.880832735104091,1.0939189453431606,12.937162354279206,1.0297526444864686,2026-09-11,28.7,29.64,43.62,99.3,9.8,5672.6,20.0,55.0,17.6,37.3,0.0,⚠️ ELENDİ (ZOMBİ VEYA PRİMLİ),0.0,-5.988165680473376,-2.4078624078624173,Finance,Regional Banks,45.40742841824658,US_SMID_CAP
MYRG,291.26,286.08,295.2999,285.9081,167125.0,2.3868949274088527,48676827.5,503.565,171.51,4534699805.681512,24.7139201480805,27.62853348510719,6.010866034417502,62.94265734265734,0.5558166272398537,2026-09-11,69.8,164.65,503.56,728.15,72.9,4534.7,20.0,30.0,15.3,31.4,0.0,⚠️ SAHTE KÂR (FAALİYET KÂRI YETERSİZ),0.0,-14.684085649843288,1.153017989858996,Industrial Services,Engineering & Construction,5.51887631984715,US_SMID_CAP
MLYS,28.2,29.65,29.945,28.17,1729435.0,-3.7542662116041,48770067.0,47.65,22.3,2493074041.986348,-80.8765622324944,15.0,4.522463170791944,-27.67376250320596,1.3878180385409828,2026-09-11,26.5,21.41,47.65,70.5,69.0,2493.1,65.0,55.0,13.9,48.6,0.0,⚠️ BİYOTEK TUZAĞI (FDA RİSKİ),0.0,12.26114649681528,0.7142857142857117,Health Technology,Biotechnology,10.0,US_SMALL_CAP
ARQT,23.885,23.63,24.18,23.55,2044713.0,2.1599657827202847,48837970.005,31.77,16.57,3002152433.134731,15.8635861750563,115.33075808788026,13.599380526438654,36.40776699029126,1.0363186134148152,2026-09-11,44.1,15.91,31.77,59.71,33.0,3002.2,20.0,30.0,14.8,47.1,0.0,⚠️ SAHTE KÂR (FAALİYET KÂRI YETERSİZ),0.0,-10.274229902329074,2.642887838418573,Health Technology,Pharmaceuticals: Major,7.382414366105511,US_SMID_CAP
BTBT,1.59,1.59,1.7,1.57,29556429.0,1.923076923076925,46994722.11,4.55,1.18,573407267.0384616,-56.6654759974303,15.0,1.4610479113447157,-46.73366834170854,0.9938891466852794,2026-09-11,34.7,1.13,4.55,3.98,186.2,573.4,20.0,55.0,10.0,44.4,0.0,⚠️ SAHTE KÂR (FAALİYET KÂRI YETERSİZ),0.0,9.655172413793112,-0.3134796238244447,Commercial Services,Miscellaneous Commercial Services,-60.1780843147153,US_MICRO_CAP
AVBP,29.0,29.16,29.21,28.15,1131970.0,1.0452961672473893,32827130.0,35.83,17.0,1429924254.878049,-53.0994258250623,15.0,3.8198254208064575,53.52038115404976,2.817539098124644,2026-09-11,70.6,16.32,35.83,72.5,23.6,1429.9,20.0,55.0,70.4,100.0,0.0,⚠️ BİYOTEK TUZAĞI (FDA RİSKİ),0.0,-6.991661321359845,-5.813575836310488,Health Technology,Pharmaceuticals: Other,10.0,US_SMALL_CAP
WTTR,20.64,20.52,20.9,20.43,1590946.0,1.3752455795677856,32837125.44,22.55,8.97,2661381254.2632613,3.45964121558061,77.2166105499439,2.499445980360458,134.01360544217687,1.1707942920405954,2026-09-11,130.1,8.61,22.55,51.6,9.3,2661.4,20.0,30.0,11.7,47.9,0.0,⚠️ SAHTE KÂR (FAALİYET KÂRI YETERSİZ),0.0,-2.779086198775317,2.584493041749501,Energy Minerals,Oil & Gas Production,4.40199649076204,US_SMALL_CAP
ICHR,57.35,57.51,58.135,56.63,572766.0,2.8330643715259067,32848130.1,113.58,14.06,2148000180.890264,-5.16592247974538,15.0,2.4771302780476154,243.41317365269464,0.8848279001809154,2026-09-11,307.9,13.5,113.58,143.38,98.0,2148.0,20.0,55.0,10.0,45.1,0.0,⚠️ SAHTE KÂR (FAALİYET KÂRI YETERSİZ),0.0,-20.34500958359955,5.32598714416896,Producer Manufacturing,Industrial Machinery,1.32231290825979,US_SMALL_CAP
LAC,2.91,3.03,3.045,2.91,11305337.0,-3.642384105960261,32898530.67,10.52,2.67,1056454964.706444,-9.26743369138576,15.0,0.7439116430526446,3.558718861209968,1.1543125736464952,2026-09-11,9.0,2.56,10.52,7.28,261.5,1056.5,100.0,55.0,11.5,40.4,0.0,⚠️ ELENDİ (ZOMBİ VEYA PRİMLİ),0.0,-13.134328358208952,-2.0202020202020217,Non-Energy Minerals,Other Metals/Minerals,10.0,US_SMALL_CAP
INOD,53.21,53.81,54.7505,53.11,619214.0,0.1882884579175323,32948376.94,125.14,34.2301,1829500949.2683115,37.7402148232945,40.34422624914702,11.459596362046575,-8.57388316151203,0.7708011395449638,2026-09-11,55.4,32.86,125.14,133.03,135.2,1829.5,20.0,75.0,10.0,27.9,0.0,⚠️ ELENDİ (ZOMBİ VEYA PRİMLİ),0.0,-15.539682539682538,-3.272132339574618,Technology Services,Data Processing Services,17.081383763605,US_SMALL_CAP
DNOW,15.65,15.68,15.825,15.485,2113299.0,1.1635423400129263,33073129.35,17.26,10.935,2829299206.522301,-11.5727916281933,15.0,1.352724984527938,2.2207707380796853,1.0961620305953474,2026-09-11,43.1,10.5,17.26,39.12,10.3,2829.3,20.0,55.0,11.0,44.2,0.0,⚠️ SAHTE KÂR (FAALİYET KÂRI YETERSİZ),0.0,-6.511350059737145,-0.9493670886075972,Distribution Services,Wholesale Distributors,-2.54714670585354,US_SMALL_CAP
NRIX,25.1,26.31,26.65,25.0,1321658.0,-2.750871755133659,33173615.8,28.23,8.195,2604920044.688106,-80.2961551580161,15.0,6.464806725459491,180.76062639821035,1.0388481993092469,2026-09-11,206.3,7.87,28.23,62.75,12.5,2604.9,20.0,55.0,10.4,36.4,0.0,⚠️ SAHTE KÂR (FAALİYET KÂRI YETERSİZ),0.0,-3.275529865125233,-0.3572846367606187,Health Technology,Biotechnology,-982.372300495023,US_SMALL_CAP
SLDE,24.84,24.45,24.965,24.3576,1337205.0,1.5950920245398796,33216172.2,25.09,12.53,2901603259.9214725,53.8821006380406,6.050567545184391,2.402634773398848,86.06741573033707,1.0130954138814916,2026-09-11,98.2,12.03,25.09,62.1,1.0,2901.6,20.0,100.0,51.3,43.4,0.0,⚠️ ELENDİ (ZOMBİ VEYA PRİMLİ),0.0,20.46556741028128,1.9495177508721584,Technology Services,Packaged Software,53.04932315668201,US_SMALL_CAP
POR,48.24,49.1,49.1,48.16,689232.0,-0.6589785831960466,33248551.68,54.62,41.8,5673397649.397035,6.44514106583072,21.35080109763654,1.3547129350934115,14.177514792899414,0.7909608798950912,2026-09-11,15.4,40.13,54.62,120.6,13.2,5673.4,90.0,40.0,10.0,27.7,0.0,⚠️ ELENDİ (ZOMBİ VEYA PRİMLİ),0.0,-0.6998764923836894,-1.5510204081632613,Utilities,Electric Utilities,17.27842435094,US_SMID_CAP
AMPX,9.44,9.55,9.78,9.42,3526642.0,-1.1518324607329968,33291500.48,24.225,7.71,1379001150.659686,-37.9692520638687,15.0,10.97610604034649,22.916666666666664,0.8041265753941658,2026-09-11,22.4,7.4,24.23,23.6,156.7,1379.0,100.0,55.0,10.0,28.1,0.0,⚠️ SAHTE KÂR (FAALİYET KÂRI YETERSİZ),0.0,-25.13877874702617,-1.8711018711018683,Producer Manufacturing,Electrical Products,-17.0496575969532,US_SMALL_CAP
CDNA,50.26,50.14,50.85,49.57,662906.0,0.479808076769282,33317655.56,53.6712,13.39,2600162042.493802,29.4865120430085,24.226356888074807,6.079711231861267,275.9162303664922,0.5645957628020867,2026-09-11,275.4,12.85,53.67,125.65,6.8,2600.2,20.0,40.0,11.1,22.2,0.0,⚠️ SAHTE KÂR (FAALİYET KÂRI YETERSİZ),0.0,5.877396250263322,1.228600201409868,Health Technology,Medical Specialties,-0.396647812979574,US_SMALL_CAP
SII,133.05,130.08,134.4725,127.01,250629.0,5.311065379135672,33346188.450000003,169.63,69.08,3423732867.772881,28.3480942963997,33.46284876814464,8.740423937665819,92.93793503480282,2.0109054526460888,2026-09-11,92.6,66.32,169.63,332.62,27.5,3423.7,20.0,60.0,63.4,96.9,0.0,⚠️ ELENDİ (ZOMBİ VEYA PRİMLİ),0.0,6.363418338796073,3.864168618266993,Finance,Investment Managers,35.6167870243463,US_SMID_CAP
AVAH,14.08,13.98,14.541,13.88,2372264.0,1.587301587301592,33401477.12,14.541,5.93,3073532697.396826,199.620030150571,11.449947141579248,10.692100906702308,70.66666666666667,0.7764388934005194,2026-09-11,137.4,5.69,14.54,35.2,3.3,3073.5,20.0,70.0,10.0,35.1,0.0,⚠️ ELENDİ (ZOMBİ VEYA PRİMLİ),0.0,58.20224719101123,3.681885125184094,Health Services,Medical/Nursing Services,11.3902229120723,US_SMID_CAP
VOYG,33.78,33.51,35.075,32.97,995079.0,2.456778889899916,33613768.620000005,52.4,17.41,2061561674.258417,-31.1136603705008,15.0,6.155932055130034,18.070604683677043,0.9637053786567537,2026-09-11,94.0,16.71,52.4,84.45,55.1,2061.6,20.0,55.0,10.0,46.0,0.0,⚠️ SAHTE KÂR (FAALİYET KÂRI YETERSİZ),0.0,-22.64712617357453,2.301635372501508,Technology Services,Information Technology Services,-83.7737473454629,US_SMALL_CAP
GRDN,43.64,44.06,44.76,43.39,923193.0,-0.4334930412959109,40288142.52,47.02,23.14,2764085866.314397,31.7494267491377,42.16425120772947,11.25275904036966,50.01718803712616,1.8921262602144235,2026-09-11,88.6,22.21,47.02,109.1,7.7,2764.1,20.0,30.0,18.9,66.2,0.0,⚠️ SAHTE KÂR (FAALİYET KÂRI YETERSİZ),0.0,9.1,8.74657363568402,Retail Trade,Drugstore Chains,5.71700539699851,US_SMALL_CAP
GPI,278.27,286.15,286.39,277.645,121141.0,-1.2666761282997423,33709906.07,470.48,249.54,3317597507.3073378,9.39850859038796,11.602076340970209,1.1241188924889975,-41.06446967129787,0.4780449959985667,2026-09-11,11.5,239.56,470.48,695.67,69.1,3317.6,100.0,55.0,10.0,16.7,0.0,⚠️ SAHTE KÂR (FAALİYET KÂRI YETERSİZ),0.0,5.789993917274924,-2.172613816136406,Retail Trade,Specialty Stores,4.23294274829834,US_SMID_CAP
OUT,28.62,28.58,28.79,28.4,1179763.0,0.7037297677691741,33764817.06,34.96,16.97,5040990979.872624,36.1928708770892,20.89203591503029,7.270621051267787,52.8846153846154,0.8306368589310771,2026-09-11,68.7,16.29,34.96,71.55,22.2,5041.0,20.0,85.0,17.3,32.6,0.0,⚠️ ELENDİ (ZOMBİ VEYA PRİMLİ),0.0,-4.440734557595988,-1.5479876160990689,Finance,Real Estate Investment Trusts,20.2131512235501,US_SMID_CAP
HOMB,29.97,30.09,30.16,29.58,1126653.0,0.6718172657037262,33765790.41,31.7,25.5,5995487250.931138,11.1057297957511,12.39454094292804,1.3211378977905657,1.6966406515100103,0.8312563968169084,2026-09-11,17.5,24.48,31.7,74.92,5.8,5995.5,90.0,55.0,32.5,32.5,0.0,⚠️ ELENDİ (ZOMBİ VEYA PRİMLİ),0.0,-2.6315789473684283,0.3012048192771079,Finance,Regional Banks,56.52895277794149,US_SMID_CAP
ERO,35.47,35.36,36.05,34.92,952487.0,1.4008004574042368,33784713.89,40.83,16.37,3699614388.689477,30.2298214478011,12.31028213625702,3.052277824327142,117.2075933864054,0.6291341780205193,2026-09-11,116.7,15.72,40.83,88.67,15.1,3699.6,20.0,100.0,10.0,29.0,0.0,⚠️ ELENDİ (ZOMBİ VEYA PRİMLİ),0.0,-3.3251567184518915,2.160138248847926,Non-Energy Minerals,Other Metals/Minerals,35.8803566588874,US_SMID_CAP
ITRI,93.55,94.43,94.75,93.34,361361.0,0.0,33805321.55,142.0,77.77,4096251027.000001,16.9668001958194,15.639628193125583,2.533758163278572,-21.41957160856783,0.8442449873676666,2026-09-11,20.3,74.66,142.0,233.88,51.8,4096.3,65.0,55.0,10.0,29.5,0.0,NÖTR,0.0,-9.848703864315311,-1.5988219206900138,Electronic Technology,Electronic Equipment/Instruments,13.8660001059411,US_SMID_CAP
BLFS,34.95,34.92,35.43,34.79,968020.0,0.0859106529209654,33832299.0,38.1,17.86,1709870370.8891754,13.1513977563944,36.14270941054809,4.068239331202407,31.242959068719504,0.9774680102938988,2026-09-11,95.7,17.15,38.1,87.38,9.0,1709.9,20.0,30.0,10.0,34.6,0.0,⚠️ SAHTE KÂR (FAALİYET KÂRI YETERSİZ),0.0,-0.4840546697038571,-0.3421727972626103,Health Technology,Medical Specialties,2.899297788325,US_SMALL_CAP
SMPL,9.84,10.39,10.47,9.83,3442795.0,-3.906250000000004,33877102.8,27.305,9.83,870451776.4453125,-12.1972181643174,15.0,0.6136725495662195,-63.71681415929204,1.5454805491734038,2026-09-11,0.1,9.05,27.3,24.6,177.4,870.5,65.0,55.0,15.5,54.1,0.0,🪤 DÜŞEN BIÇAK (RÖLATİF ÇÖKÜŞ),0.0,-9.308755760368662,-13.227513227513228,Consumer Non-Durables,Food: Major Diversified,13.789985167733898,US_MICRO_CAP
AXTI,64.77,66.46,68.68,64.65,6506765.0,0.1081916537866973,421443169.05,143.16,3.7,4247176719.600463,0.759896081305507,3482.2580645161293,4.8056661898345725,1805.0,0.7815753209310176,2026-09-11,1650.5,3.55,143.16,161.92,121.0,4247.2,20.0,30.0,10.0,27.9,0.0,⚠️ SAHTE KÂR (FAALİYET KÂRI YETERSİZ),0.0,-22.01083684527393,12.27249089963598,Electronic Technology,Electronic Production Equipment,3.0930052824897,US_SMID_CAP
XRAY,10.46,10.67,10.72,10.28,3252286.0,-0.3809523809523728,34018911.56,14.755,9.405,2085241603.72762,-32.9809725158562,15.0,1.5422883371448204,-23.369963369963365,0.9156954588145872,2026-09-11,11.2,9.03,14.76,26.15,41.1,2085.2,100.0,55.0,10.0,32.0,0.0,⚠️ SAHTE KÂR (FAALİYET KÂRI YETERSİZ),0.0,-8.885017421602784,-7.351638618246221,Health Technology,Medical Specialties,5.07823222618721,US_SMALL_CAP
UTZ,14.28,14.25,14.28,14.24,2383276.0,0.3513703443429299,34033181.28,14.28,6.78,2055780329.397048,-4.06418611169505,15.0,1.8170320029215024,9.930715935334868,1.5394617572028682,2026-09-11,110.6,6.51,14.28,35.7,0.0,2055.8,20.0,55.0,85.4,55.6,0.0,⚠️ SAHTE KÂR (FAALİYET KÂRI YETERSİZ),0.0,1.133144475920681,0.5633802816901414,Consumer Non-Durables,Food: Specialty/Candy,3.86071158213475,US_SMALL_CAP
PGNY,27.35,27.45,27.7699,27.315,1244616.0,0.9970457902511196,34040247.6,33.065,16.1,2098477946.670975,16.2418063388755,29.70888550945036,4.66980946835884,19.956140350877195,1.2044305364795218,2026-09-11,69.9,15.46,33.06,68.38,20.9,2098.5,20.0,45.0,12.0,47.1,0.0,⚠️ ELENDİ (ZOMBİ VEYA PRİMLİ),0.0,4.111153406928062,3.1686156167483963,Commercial Services,Miscellaneous Commercial Services,8.55462920861421,US_SMALL_CAP
HROW,34.48,37.16,37.19,34.1938,987645.0,-5.740841990158561,34053999.599999994,54.85,28.5401,1292581139.63696,-114.799395565424,15.0,85.03082614056719,-11.362467866323913,2.468612605947296,2026-09-11,20.8,27.4,54.85,86.2,59.1,1292.6,100.0,55.0,24.7,86.4,0.0,⚠️ SAHTE KÂR (FAALİYET KÂRI YETERSİZ),0.0,-14.335403726708083,-9.16754478398315,Health Technology,Pharmaceuticals: Major,2.06862268409327,US_SMALL_CAP
ECPG,98.56,99.3,101.46,98.15,345731.0,0.6330406371247749,34075247.36,104.98,39.945,2090395150.153972,30.5424451862775,7.459884953072964,1.9378195087069163,128.0425728829246,0.8800829652649138,2026-09-11,146.7,38.35,104.98,246.4,6.5,2090.4,20.0,100.0,10.0,34.0,0.0,⚠️ ELENDİ (ZOMBİ VEYA PRİMLİ),0.0,4.285260818960953,3.225806451612901,Finance,Finance/Rental/Leasing,37.7713214303812,US_SMALL_CAP
DAN,31.08,31.25,31.27,30.92,1097123.0,1.336811216172144,34098582.84,39.56,17.74,3343483317.155526,-2.8809218950064,15.0,1.7413891444445315,49.71098265895952,0.8264967292629455,2026-09-11,75.2,17.03,39.56,77.7,27.3,3343.5,20.0,55.0,10.0,35.6,0.0,⚠️ SAHTE KÂR (FAALİYET KÂRI YETERSİZ),0.0,0.9418642416368924,-1.019108280254778,Producer Manufacturing,Auto Parts: OEM,4.0198381623597,US_SMID_CAP
PII,58.51,58.86,59.67,58.35,575811.0,0.983776320331378,33690701.61,77.9799,47.14,3329425022.0512595,-25.7617728531856,15.0,3.979939093531629,-0.357629427792917,0.7400471472228712,2026-09-11,24.1,45.25,77.98,146.28,33.3,3329.4,65.0,55.0,10.0,30.8,0.0,⚠️ SAHTE KÂR (FAALİYET KÂRI YETERSİZ),0.0,-16.557330290929844,-4.207596594629994,Consumer Durables,Recreational Products,1.75957018132975,US_SMID_CAP
VSH,33.21,31.93,34.04,31.42,3456014.0,6.136145733461175,114774224.94,69.47,11.77,5093730751.745925,1.1341307952574,173.51097178683386,1.7486779604970435,115.64935064935068,0.8147561164986196,2026-09-11,182.2,11.3,69.47,83.03,109.2,5093.7,20.0,30.0,33.8,59.2,0.0,⚠️ SAHTE KÂR (FAALİYET KÂRI YETERSİZ),0.0,-5.733749645188749,7.129032258064519,Electronic Technology,Electronic Production Equipment,3.3013705274390204,US_SMID_CAP
ALK,41.16,41.24,41.35,40.33,2833207.0,2.617801047120412,116614800.12,63.65,33.03,4593584443.623036,-4.59800315291645,15.0,1.2512524684572506,-34.81152993348116,1.381119030259116,2026-09-11,24.6,31.71,63.65,102.9,54.6,4593.6,65.0,55.0,57.7,61.4,0.0,⚠️ SAHTE KÂR (FAALİYET KÂRI YETERSİZ),0.0,-15.70755682981774,-0.4113234938301517,Transportation,Airlines,-0.318363476258213,US_SMID_CAP
BBWI,18.57,18.0,18.64,17.99,6346692.0,6.418338108882528,117858070.44,27.4412,14.275,3744553560.474498,12.0,4.824504429606921,2.0,-34.24220963172804,1.0506147586472463,2026-09-11,30.1,13.7,27.44,46.42,47.8,3744.6,20.0,55.0,65.4,68.9,0.0,⚠️ ELENDİ (ZOMBİ VEYA PRİMLİ),0.0,-1.1708355508249009,-0.2685284640171896,Retail Trade,Specialty Stores,14.8682385575589,US_SMID_CAP
SBET,8.88,8.71,9.485,8.53,13340602.0,5.338078291814959,118464545.76,19.535,4.46,1928945658.590748,-183.577843699579,15.0,1.3660298526749113,-44.87895716945996,1.699717243008744,2026-09-11,99.1,4.28,19.54,22.2,120.0,1928.9,20.0,55.0,17.0,86.2,0.0,⚠️ SAHTE KÂR (FAALİYET KÂRI YETERSİZ),0.0,39.62264150943397,3.255813953488385,Commercial Services,Advertising/Marketing Services,-18.644703601145,US_SMALL_CAP
WHR,35.21,35.64,36.31,35.07,3517841.0,-1.8946781833379764,123863181.61,94.82,35.07,2295670094.062692,5.98112905805213,11.83688563168157,0.581909506047909,-62.338217991229,1.4177192203094595,2026-09-11,0.4,32.57,94.82,88.03,169.3,2295.7,65.0,55.0,14.2,49.6,0.0,⚠️ SAHTE KÂR (FAALİYET KÂRI YETERSİZ),0.0,-18.84291805923706,-8.687759336099587,Consumer Durables,Electronics/Appliances,3.07702621170477,US_SMALL_CAP
VAL,83.73,85.38,86.295,83.13,1501135.0,-2.310115505775277,125690033.55,114.12,46.7,5813859997.050053,33.8570193139768,6.251819994176019,1.801623462202594,60.49453709028177,1.2516168042418074,2026-09-11,79.3,44.83,114.12,209.33,36.3,5813.9,20.0,85.0,12.5,43.8,0.0,⚠️ ELENDİ (ZOMBİ VEYA PRİMLİ),0.0,-2.0701754385964866,-4.841459256733709,Industrial Services,Contract Drilling,12.0877578706201,US_SMID_CAP
CAKE,102.7,101.55,103.305,99.54,1232691.0,1.522340846184269,126597365.7,118.46,43.07,5110417046.379004,38.8335329914143,27.87428075127565,9.850411856558054,74.83827034388833,0.8866652683622402,2026-09-11,138.4,41.35,118.46,256.75,15.3,5110.4,20.0,30.0,56.4,38.6,0.0,⚠️ SAHTE KÂR (FAALİYET KÂRI YETERSİZ),0.0,-9.825269997365876,-3.838951310861418,Consumer Services,Restaurants,6.98311947901219,US_SMID_CAP
RDW,10.62,10.855,11.21,10.59,11955497.0,-2.299908003679853,126967378.14,26.64,4.87,2654921540.964122,-19.2396379198163,15.0,1.617149705121431,29.512195121951223,1.091657377007492,2026-09-11,118.1,4.68,26.64,26.55,150.8,2654.9,20.0,55.0,10.9,38.2,0.0,⚠️ SAHTE KÂR (FAALİYET KÂRI YETERSİZ),0.0,-22.197802197802204,0.3780718336483851,Electronic Technology,Aerospace & Defense,-40.6472862397718,US_SMALL_CAP
DAVE,350.71,363.26,366.115,345.61,364967.0,-2.134724857685019,127997576.57,458.25,152.21,4473483456.256166,104.778757730067,22.748707570362008,21.518142338422194,59.48613005911777,1.093242551050057,2026-09-11,130.4,146.12,458.25,876.77,30.7,4473.5,20.0,75.0,10.9,38.3,0.0,⚠️ ELENDİ (ZOMBİ VEYA PRİMLİ),0.0,11.322371762315882,-8.032202234226673,Finance,Major Banks,33.5354087755223,US_SMID_CAP
KRMN,35.28,34.73,35.61,33.99,3689425.0,2.587961616749056,130162914.0,118.38,33.99,4675789087.830183,9.50274351051786,125.64102564102564,11.103802296925997,-43.096774193548384,1.1356681795467711,2026-09-11,3.8,32.63,118.38,88.2,235.5,4675.8,100.0,30.0,52.8,52.7,0.0,🪤 DÜŞEN BIÇAK (RÖLATİF ÇÖKÜŞ),0.0,-43.17925591882751,-12.54338125929599,Electronic Technology,Aerospace & Defense,19.451040790295,US_SMID_CAP
NAVN,21.02,20.61,21.575,20.4501,6286803.0,3.7512339585389833,132148599.06,30.88,8.105,5346043177.953603,-49.3879634830164,15.0,4.152328425078325,-4.454545454545457,1.3466991972440192,2026-09-11,159.3,7.78,30.88,52.55,46.9,5346.0,20.0,55.0,14.4,65.9,0.0,⚠️ SAHTE KÂR (FAALİYET KÂRI YETERSİZ),0.0,-27.31673582295989,-24.71346704871061,Technology Services,Packaged Software,-24.7934004380819,US_SMID_CAP
VERA,35.05,33.91,35.29,33.75,3796723.0,4.315476190476178,133075141.15,56.05,22.72,2525819925.1309524,-91.7531833773765,15.0,6.185170414238773,43.942505133470206,2.1179679880675564,2026-09-11,54.3,21.81,56.05,87.62,59.9,2525.8,20.0,55.0,69.4,95.7,0.0,⚠️ BİYOTEK TUZAĞI (FDA RİSKİ),0.0,14.020819778789848,1.0377630441049277,Health Technology,Biotechnology,10.0,US_SMALL_CAP
LYFT,15.32,15.14,15.34,14.94,8854223.0,1.9973368841544648,135646696.36,25.54,12.46,5799236848.274302,152.578559559058,2.142597409862661,1.9211524908519533,-19.53781512605041,0.8438910380161623,2026-09-11,23.0,11.96,25.54,38.3,66.7,5799.2,65.0,55.0,71.4,39.5,0.0,⚠️ SAHTE KÂR (FAALİYET KÂRI YETERSİZ),0.0,-12.432123463846816,-11.547344110854503,Transportation,Other Transportation,-1.66603686182052,US_SMID_CAP
FEIM,88.375,82.615,89.76,78.32,1552376.0,42.40251369642281,137191229.0,89.76,26.05,987814261.0276344,3.04162219850587,341.4799072642968,2.0,169.6826365578273,7.132451825111636,2026-09-11,239.3,25.01,89.76,220.94,1.6,987.8,20.0,30.0,83.1,100.0,0.0,⚠️ ELENDİ (ZOMBİ VEYA PRİMLİ),0.0,16.436100131752298,42.494356659142206,Electronic Technology,Telecommunications Equipment,8.23841023248154,US_MICRO_CAP
ABG,208.5,212.07,212.75,207.03,156900.0,-0.148460322781477,32713650.0,258.745,172.01,3742974785.59456,13.2334225085063,7.796024588325033,0.9540314693114158,-15.849376437825406,0.8862954657146569,2026-09-11,21.2,165.13,258.75,521.25,24.1,3743.0,65.0,55.0,10.0,31.0,0.0,⚠️ SAHTE KÂR (FAALİYET KÂRI YETERSİZ),0.0,0.8464328899637243,-2.5291010237950524,Retail Trade,Specialty Stores,5.0845665961945,US_SMID_CAP
MKTX,163.0,163.21,163.36,162.965,892280.0,-0.0551842540928342,145441640.0,195.965,108.75,5736440967.956343,23.3438637218149,19.21037124337065,4.630007047268395,-12.257092103138293,1.0032666771384435,2026-09-11,49.9,104.4,195.97,407.5,20.2,5736.4,20.0,70.0,10.0,35.1,0.0,⚠️ ELENDİ (ZOMBİ VEYA PRİMLİ),0.0,0.2706692913385812,-0.0919399325773862,Finance,Investment Banks/Brokers,40.2812961790163,US_SMID_CAP
ELF,96.91,97.06,98.49,94.535,1510321.0,1.2009189640768498,146365208.10999998,150.99,48.82,5718464981.457289,6.03989781845854,98.51580766493848,4.886332638695257,-28.21481481481482,0.9518910622686798,2026-09-11,98.5,46.87,150.99,242.27,55.8,5718.5,20.0,30.0,23.6,39.3,0.0,⚠️ ELENDİ (ZOMBİ VEYA PRİMLİ),0.0,3.04093567251462,-9.489119267768746,Consumer Non-Durables,Household/Personal Care,11.9985971332031,US_SMID_CAP
AXGN,42.16,42.48,42.59,39.62,3477561.0,0.7407407407407292,146613971.76,52.91,15.2701,2266585295.348148,-18.2062393327056,15.0,8.827655520425468,163.66479049405876,3.29524872792838,2026-09-11,176.1,14.66,52.91,105.4,25.5,2266.6,20.0,55.0,79.7,100.0,0.0,⚠️ SAHTE KÂR (FAALİYET KÂRI YETERSİZ),0.0,-13.072164948453617,-9.77958484913332,Health Technology,Medical Specialties,-5.11517911885784,US_SMALL_CAP
FSLY,23.16,22.7,23.38,21.9,6400030.0,1.9815059445178305,148219136.4,34.82,7.735,3689387921.47424,-8.38939850961797,15.0,3.718295749005404,210.8724832214765,1.3112486678864277,2026-09-11,199.4,7.43,34.82,57.9,50.3,3689.4,20.0,55.0,62.3,55.8,0.0,⚠️ SAHTE KÂR (FAALİYET KÂRI YETERSİZ),0.0,-19.00681937401644,11.025886864813042,Technology Services,Information Technology Services,-11.9629263664317,US_SMID_CAP
SPSC,82.68,77.06,89.44,77.06,1807073.0,7.056843195649362,149408795.64000002,114.87,49.04,2976494637.8821707,8.26188314969003,39.90540083980888,3.1887273013370443,-25.847533632286986,3.977086130698013,2026-09-11,68.6,47.08,114.87,206.7,38.9,2976.5,20.0,30.0,30.0,100.0,0.0,⚠️ ELENDİ (ZOMBİ VEYA PRİMLİ),0.0,12.65840032702004,-0.529355149181903,Technology Services,Packaged Software,15.832267518628,US_SMALL_CAP
SITE,92.82,95.99,96.95,92.72,1651077.0,-2.067946824224528,153252967.14,168.56,90.07,4052093404.391432,9.81343620965069,25.40229885057472,2.406536071077076,-34.74868189806679,1.958996822088196,2026-09-11,3.1,86.47,168.56,232.05,81.6,4052.1,100.0,30.0,19.6,68.6,0.0,⚠️ SAHTE KÂR (FAALİYET KÂRI YETERSİZ),0.0,-6.685432793807184,-4.86829968227939,Distribution Services,Wholesale Distributors,4.8611402002262,US_SMID_CAP
CORZ,17.94,17.57,18.38,17.54,8982415.0,3.2815198618307444,161144525.10000002,30.46,13.355,5764847477.28152,12.0,15.0,2.0,11.950078003120144,0.7653467643695481,2026-09-11,34.3,12.82,30.46,44.85,69.8,5764.8,20.0,55.0,10.0,43.2,0.0,⚠️ SAHTE KÂR (FAALİYET KÂRI YETERSİZ),0.0,-16.030891645214123,1.7006802721088474,Technology Services,Packaged Software,-30.616995714392804,US_SMID_CAP
ONDS,7.23,7.25,7.32,7.18,41882057.0,-0.2758620689655113,302807272.11,15.28,4.95,4131617125.982069,7.6644984051379,80.87248322147651,2.4399709768320874,27.288732394366207,0.6870614223151459,2026-09-11,46.1,4.75,15.28,18.08,111.3,4131.6,20.0,30.0,10.0,24.0,0.0,⚠️ SAHTE KÂR (FAALİYET KÂRI YETERSİZ),0.0,-27.190332326283983,-4.993429697766096,Electronic Technology,Telecommunications Equipment,-127.283223541317,US_SMID_CAP
DBRG,15.9,15.92,15.92,15.88,10236792.0,-0.1256281407035149,162764992.8,15.98,8.94,3025455704.340452,15.873708408532,10.331384015594542,1.9139009393762847,42.21824686940967,3.1652333622436912,2026-09-11,77.9,8.58,15.98,39.75,0.5,3025.5,20.0,55.0,30.0,100.0,0.0,⚠️ ELENDİ (ZOMBİ VEYA PRİMLİ),0.0,-0.2509410288582129,-0.2509410288582129,Finance,Investment Managers,34.5550360899258,US_SMID_CAP
LEU,152.31,165.01,167.49,152.12,1102446.0,-8.175076867426299,167913550.26,464.25,142.13,3039019687.6947007,8.05313408053134,69.49400009125337,3.5947714732190588,-30.13302752293578,1.6285914601196398,2026-09-11,7.2,136.44,464.25,380.77,204.8,3039.0,100.0,30.0,16.3,57.0,0.0,⚠️ SAHTE KÂR (FAALİYET KÂRI YETERSİZ),0.0,-22.2828860087764,-11.524832994481558,Non-Energy Minerals,Other Metals/Minerals,1.56151086727158,US_SMID_CAP
SLS,11.545,13.55,13.74,11.38,14612004.0,-14.418087472201632,168695586.18,15.8765,1.39,2331463173.2538915,-39.6337108146882,15.0,16.93460850177487,548.5955056179776,2.141425147355935,2026-09-11,730.6,1.33,15.88,28.86,37.5,2331.5,20.0,55.0,21.4,74.9,0.0,⚠️ BİYOTEK TUZAĞI (FDA RİSKİ),0.0,-3.1459731543624163,-14.54478164322724,Health Technology,Pharmaceuticals: Major,10.0,US_SMALL_CAP
SEDG,34.68,36.78,37.54,34.55,4920033.0,-5.632653061224491,170626744.44,81.25,28.21,2133712850.0473475,-58.4240422607057,15.0,5.176745248306139,17.87899388171311,1.5016211448081385,2026-09-11,22.9,27.08,81.25,86.7,134.3,2133.7,100.0,55.0,15.0,52.6,0.0,⚠️ SAHTE KÂR (FAALİYET KÂRI YETERSİZ),0.0,1.8502202643171883,2.421736562315417,Producer Manufacturing,Electrical Products,-9.9682424353421,US_SMALL_CAP
ALM,15.49,17.06,17.1,14.94,11175472.0,-6.517803258901629,173108061.28,24.41,4.51,4468566632.872663,39.5798640352166,63.17292006525285,11.485048676142387,247.3094170403588,1.7598534679546265,2026-09-11,243.5,4.33,24.41,38.73,57.6,4468.6,20.0,30.0,17.6,61.6,0.0,⚠️ SAHTE KÂR (FAALİYET KÂRI YETERSİZ),0.0,10.880458124552607,-11.938601478112563,Non-Energy Minerals,Other Metals/Minerals,5.26520780181653,US_SMID_CAP
ASO,55.36,54.91,56.88,54.54,3161464.0,2.1119616342340604,175018647.04,62.445,41.29,3409007457.260168,18.6125438248178,9.226974232474417,1.5763196694284531,14.616977225672883,1.2843250596914284,2026-09-11,34.1,39.64,62.45,138.4,12.8,3409.0,20.0,70.0,12.8,55.5,0.0,⚠️ ELENDİ (ZOMBİ VEYA PRİMLİ),0.0,11.612903225806448,26.73992673992674,Retail Trade,Specialty Stores,9.55439391871539,US_SMID_CAP
RH,134.07,135.71,143.0,131.52,2227888.0,0.0373078644978234,298692944.16,248.44,106.3037,2534052934.457692,280.715445517137,23.842720207714606,21.08997097710416,-41.991173416407065,3.054692438159249,2026-09-11,26.1,102.05,248.44,335.17,85.3,2534.1,65.0,70.0,30.0,100.0,0.0,🪤 DÜŞEN BIÇAK (RÖLATİF ÇÖKÜŞ),0.0,-26.464458095655992,-7.486889318244546,Retail Trade,Specialty Stores,10.3844662851549,US_SMALL_CAP
JBTM,114.38,114.02,115.45,111.19,1236444.0,1.7615658362989233,141424464.72,170.19,110.19,5933670271.677046,4.36084956312381,31.14584467922884,1.3268276476638066,-16.498758942911373,2.794053875594907,2026-09-11,3.8,105.78,170.19,285.95,48.8,5933.7,100.0,30.0,62.8,100.0,0.0,⚠️ ELENDİ (ZOMBİ VEYA PRİMLİ),0.0,-6.399345335515553,-1.945992284612096,Producer Manufacturing,Industrial Machinery,10.2395514780836,US_SMID_CAP
SEB,4296.0,4333.86,4333.86,4246.34,8983.0,-0.037695282505198,38590968.0,5989.37,3140.0101,4114683181.6605473,12.2856312372832,6.490995783119151,0.7500333626048286,10.68798664323737,0.5426089687832222,2026-09-11,36.8,3014.41,5989.37,10740.0,39.4,4114.7,20.0,55.0,14.9,19.0,0.0,⚠️ SAHTE KÂR (FAALİYET KÂRI YETERSİZ),0.0,3.875504144381141,0.0125714126077291,Process Industries,Agricultural Commodities/Milling,3.63123052959502,US_SMID_CAP
LAZ,41.1,42.57,42.87,40.88,941225.0,-1.8390255552901744,38684347.5,58.75,38.67,4005218289.6727977,26.4542474581921,20.14607127101613,4.380616995514931,-26.43637014497941,0.9214456169644872,2026-09-11,6.3,37.12,58.75,102.75,42.9,4005.2,100.0,70.0,10.0,32.3,0.0,NÖTR,0.0,-6.463359126081012,-6.228610540725523,Finance,Investment Banks/Brokers,12.0358582484255,US_SMID_CAP
WSBC,40.18,40.56,40.63,39.77,964082.0,-0.1739130434782615,38736814.76,43.02,29.57,3853498717.6,8.97967626046724,11.659218849747548,0.991385212865308,25.48407245471579,0.9919872970573306,2026-09-11,35.9,28.39,43.02,100.45,7.1,3853.5,20.0,55.0,10.0,34.7,0.0,⚠️ ELENDİ (ZOMBİ VEYA PRİMLİ),0.0,-4.876893939393945,-1.3745704467354007,Finance,Regional Banks,44.145186873256286,US_SMID_CAP
TARS,79.31,82.27,83.225,79.175,490783.0,-2.2312623274161765,38923999.73,91.53,48.2,3480360499.265779,-13.6826114604677,15.0,9.897703348446331,46.62599371418007,0.5003379539057379,2026-09-11,64.5,46.27,91.53,198.28,15.4,3480.4,20.0,55.0,10.0,17.5,0.0,⚠️ SAHTE KÂR (FAALİYET KÂRI YETERSİZ),0.0,13.478323079124342,-4.0991535671100365,Health Technology,Pharmaceuticals: Major,-8.0047037014436,US_SMID_CAP
NATL,46.62,46.55,46.77,46.335,835141.0,0.7999999999999945,38934273.42,48.5,33.31,3445075086.768,48.1572481572482,18.080980452994105,7.414994767195885,20.30967741935484,1.3059958703094514,2026-09-11,40.0,31.98,48.5,116.55,4.0,3445.1,20.0,70.0,34.8,49.7,0.0,⚠️ ELENDİ (ZOMBİ VEYA PRİMLİ),0.0,-0.5121638924455868,2.777777777777773,Electronic Technology,Computer Processing Hardware,12.4462548087803,US_SMID_CAP
OPLN,35.28,35.37,35.91,34.79,1105010.0,1.466781708369278,38984752.8,42.9,24.32,4332294263.792925,10.1130775428556,15.0,2.7603063564503776,19.71496437054633,1.0999161781871931,2026-09-11,45.1,23.35,42.9,88.2,21.6,4332.3,20.0,55.0,11.0,45.8,0.0,⚠️ ELENDİ (ZOMBİ VEYA PRİMLİ),0.0,0.3698435277382719,1.3501867279517346,Technology Services,Packaged Software,16.9622205088666,US_SMID_CAP
MAT,14.01,13.86,14.11,13.835,2786170.0,1.4482259232440209,39034241.7,22.48,12.7277,4002657292.1708894,20.5024152411392,10.318161732213875,2.0032142938848345,-21.862799776910208,0.8730906107779876,2026-09-11,10.1,12.22,22.48,35.02,60.5,4002.7,100.0,55.0,27.8,37.8,0.0,⚠️ SAHTE KÂR (FAALİYET KÂRI YETERSİZ),0.0,-5.592991913746631,-1.6151685393258457,Consumer Durables,Recreational Products,8.67554989836919,US_SMID_CAP
KRG,25.89,26.11,26.11,25.835,1510460.0,-0.231213872832365,39105809.4,29.92,21.33,5186982405.301734,10.9040826829281,16.548418024928093,1.807816975464244,14.709791758972086,0.7305841103300702,2026-09-11,21.4,20.48,29.92,64.72,15.6,5187.0,65.0,40.0,10.0,25.6,0.0,⚠️ ELENDİ (ZOMBİ VEYA PRİMLİ),0.0,-1.2962256957682037,-0.3080477474008405,Finance,Real Estate Investment Trusts,23.4226818793494,US_SMID_CAP
QS,5.28,5.26,5.31,5.18,7415844.0,1.9305019305019409,39155656.32,19.0699,4.77,3268919278.980695,-39.0750918578442,15.0,3.1192584671916634,-36.690647482014384,0.6156158989337991,2026-09-11,10.7,4.58,19.07,13.2,261.2,3268.9,100.0,55.0,43.8,31.2,0.0,⚠️ ELENDİ (ZOMBİ VEYA PRİMLİ),0.0,-18.769230769230766,-3.11926605504587,Producer Manufacturing,Electrical Products,10.0,US_SMID_CAP
SBRA,20.52,20.97,21.06,20.49,1912299.0,-1.4882381180988895,39240375.48,22.77,17.165,5242095678.763322,2.39613723973895,78.89273356401384,1.9057153815935013,8.0568720379147,0.8816864097579679,2026-09-11,19.5,16.48,22.77,51.3,11.0,5242.1,90.0,30.0,10.0,30.9,0.0,⚠️ ELENDİ (ZOMBİ VEYA PRİMLİ),0.0,3.7936267071320176,-1.2512030798845115,Finance,Real Estate Investment Trusts,18.796699059437,US_SMID_CAP
ASM,6.49,7.22,7.3,6.43,6047285.0,-8.848314606741571,39246879.65,11.9883,4.05,1102360747.4335024,20.7566696148723,25.05776026094048,3.905836246160365,60.246913580246925,1.3979063184306406,2026-09-11,60.2,3.89,11.99,16.23,84.7,1102.4,20.0,60.0,14.0,48.9,0.0,⚠️ ELENDİ (ZOMBİ VEYA PRİMLİ),0.0,-12.768817204301076,-11.820652173913045,Non-Energy Minerals,Precious Metals,43.8265417054367,US_SMALL_CAP
KOS,3.02,2.89,3.0385,2.89,13028842.0,2.721088435374152,39347102.84,3.34,0.8361,1798372616.7142854,-62.9529204768614,15.0,2.544293453078005,75.5813953488372,1.2632807404053226,2026-09-11,261.2,0.8,3.34,7.55,10.6,1798.4,20.0,55.0,65.2,57.8,0.0,⚠️ ELENDİ (ZOMBİ VEYA PRİMLİ),0.0,20.318725099601604,9.025270758122744,Energy Minerals,Integrated Oil,12.4353327412006,US_SMALL_CAP
GHC,1138.57,1144.83,1145.7771,1131.67,34607.0,0.1557002111189287,39402491.99,1262.345,929.755,4821762125.797599,11.8247242738532,9.174395461834122,1.0126394987464276,-0.6448741666375877,0.900436076766163,2026-09-11,22.5,892.56,1262.35,2846.42,10.9,4821.8,65.0,55.0,10.0,32.3,0.0,⚠️ SAHTE KÂR (FAALİYET KÂRI YETERSİZ),0.0,-2.4570571856928733,2.021487262658932,Consumer Services,Other Consumer Services,5.79846712180277,US_SMID_CAP
HZO,52.21,52.25,52.265,52.2,757902.0,0.0191570881226015,39570063.42,52.46,21.42,1153148439.350958,0.42080907755861,361.5650969529086,1.2106677896049065,104.66483731869856,0.891362602739001,2026-09-11,143.7,20.56,52.46,130.53,0.5,1153.1,20.0,30.0,10.0,31.3,0.0,⚠️ SAHTE KÂR (FAALİYET KÂRI YETERSİZ),0.0,-0.3245513554791938,0.0766724170979473,Retail Trade,Specialty Stores,2.89744858950429,US_SMALL_CAP
TYRA,22.03,23.63,23.96,21.86,1548633.0,-6.41461342395921,34116384.99,40.65,11.82,1314682975.4723876,-45.3072607809262,15.0,3.716443618193198,85.28174936921782,1.1014204080332133,2026-09-11,86.4,11.35,40.65,55.08,84.5,1314.7,20.0,55.0,11.0,38.5,0.0,⚠️ BİYOTEK TUZAĞI (FDA RİSKİ),0.0,-13.57395056885052,-10.118319053447577,Health Technology,Biotechnology,10.0,US_SMALL_CAP
KFY,77.59,78.32,79.025,77.17,510911.0,-0.7038648579472705,39641584.49,87.51,58.95,4233221383.0007687,14.2109237805466,14.621414841894998,1.9759433544229656,6.696919691969203,1.02574115179277,2026-09-11,31.6,56.59,87.51,193.98,12.8,4233.2,20.0,55.0,10.3,35.9,0.0,⚠️ ELENDİ (ZOMBİ VEYA PRİMLİ),0.0,-5.366508110745203,-7.729813295278867,Commercial Services,Personnel Services,13.382813650542898,US_SMID_CAP
DV,13.41,13.36,13.43,13.36,2964830.0,0.2991772625280548,39758370.3,13.43,7.64,2078383625.7307403,5.38887095925089,37.218984179850125,1.8983766826681463,-2.5436046511627883,1.33011157202855,2026-09-11,75.5,7.33,13.43,33.52,0.1,2078.4,20.0,30.0,43.3,48.0,0.0,⚠️ ELENDİ (ZOMBİ VEYA PRİMLİ),0.0,1.2839879154078544,0.4494382022471948,Technology Services,Packaged Software,12.6866652012232,US_SMALL_CAP
BKU,44.78,45.68,46.08,44.62,889006.0,-0.8634049147664391,39809688.68,52.11,35.1,3189779864.0340934,9.00886471777856,12.29848122820027,1.0776245862046725,16.160830090791194,1.2051852712441615,2026-09-11,27.6,33.7,52.11,111.95,16.4,3189.8,20.0,55.0,12.1,42.2,0.0,⚠️ ELENDİ (ZOMBİ VEYA PRİMLİ),0.0,-4.784180310440145,-2.778983933999134,Finance,Major Banks,32.413633986800015,US_SMID_CAP
LIFE,40.25,38.69,40.92,38.69,995320.0,3.6036036036036,40061630.0,42.55,9.45,2566291830.54054,-26.1115984076648,15.0,5.3895037907292505,111.84210526315788,0.8383214972880807,2026-09-11,325.9,9.07,42.55,100.62,5.7,2566.3,20.0,55.0,36.3,47.4,0.0,⚠️ SAHTE KÂR (FAALİYET KÂRI YETERSİZ),0.0,20.149253731343283,6.594279661016955,Technology Services,Packaged Software,-17.6723520626326,US_SMALL_CAP
BLLN,98.77,99.37,100.8291,95.225,406006.0,0.2639325956755566,40101212.62,150.44,61.96,4660663675.702162,9.05062878738516,160.31488394741115,8.615884386468254,-1.230000000000004,0.6905057709952745,2026-09-11,59.4,59.48,150.44,246.92,52.3,4660.7,20.0,30.0,25.5,25.5,0.0,⚠️ ELENDİ (ZOMBİ VEYA PRİMLİ),0.0,0.7959995917950823,0.950531479967286,Health Services,Medical/Nursing Services,10.8959971012451,US_SMID_CAP
SR,80.2,81.41,81.66,80.11,500623.0,-1.5588560206210826,40149964.6,95.31,74.81,4741166996.752178,6.49847094801223,8.937825277774682,1.323037396922272,6.168917129997348,0.9802611573011903,2026-09-11,7.2,71.82,95.31,200.5,18.8,4741.2,90.0,55.0,10.0,34.3,0.0,⚠️ ELENDİ (ZOMBİ VEYA PRİMLİ),0.0,-3.733045252670747,-3.3269045323047144,Utilities,Gas Distributors,19.7082594125764,US_SMID_CAP
FHI,59.57,61.66,61.66,59.52,674368.0,-2.3282505328742444,40172101.76,67.2,46.6601,4447513196.837842,33.2300854108615,11.075784619961327,3.562624321056025,12.45988295261469,1.2709574699056765,2026-09-11,27.7,44.79,67.2,148.93,12.8,4447.5,20.0,100.0,12.7,44.5,0.0,NÖTR,0.0,-7.743534148985587,-2.9488432714239203,Finance,Investment Managers,27.9822193427636,US_SMID_CAP
FLY,21.13,21.05,21.805,20.868259,1901876.0,1.1004784688995235,40186639.88,62.17,16.0,3537260144.3004785,-56.8667761871235,15.0,2.871766714144368,-50.41070171321286,0.8539001085448736,2026-09-11,32.1,15.36,62.17,52.82,194.2,3537.3,20.0,55.0,10.0,35.4,0.0,⚠️ SAHTE KÂR (FAALİYET KÂRI YETERSİZ),0.0,-20.891052040434303,-1.812267657992568,Electronic Technology,Aerospace & Defense,-116.40343817179,US_SMID_CAP
CARG,34.425,33.65,34.69,33.64,1168966.0,3.3783783783783785,40241654.55,41.2199,26.39,3066354508.6824327,51.40540671846,18.687910536887244,11.633368929020396,-2.8091473743647786,1.3904234741710326,2026-09-11,30.4,25.33,41.22,86.06,19.7,3066.4,20.0,85.0,48.6,65.6,0.0,⚠️ ELENDİ (ZOMBİ VEYA PRİMLİ),0.0,-4.507628294036062,2.45535714285713,Technology Services,Internet Software/Services,25.7126024821516,US_SMID_CAP
BB,7.67,7.62,7.7285,7.6,6868109.0,1.724137931034481,52678396.03,13.59,3.1201,4495390476.088038,8.11825120808079,78.88682158104822,5.9996437916832,103.98936170212768,0.6889337805513911,2026-09-11,145.8,3.0,13.59,19.18,77.2,4495.4,20.0,30.0,13.2,32.7,0.0,⚠️ ELENDİ (ZOMBİ VEYA PRİMLİ),0.0,-16.630434782608692,0.0,Technology Services,Packaged Software,13.235635137979198,US_SMID_CAP
OPCH,23.48,23.94,24.06,23.42,1726482.0,-0.6347862886161599,40537797.36,36.8,18.01,3516957493.6267457,15.9991083445363,17.76634382566586,2.791313641178296,-19.173838209982787,1.1582649928618198,2026-09-11,30.4,17.29,36.8,58.7,56.7,3517.0,20.0,40.0,11.6,40.5,0.0,⚠️ SAHTE KÂR (FAALİYET KÂRI YETERSİZ),0.0,-1.303068516183265,-3.731037310373104,Health Services,Medical/Nursing Services,5.86093022308184,US_SMID_CAP
WAY,23.47,23.13,23.6963,23.09,1731358.0,1.7779705117085869,40634972.26,40.35,17.26,4500335508.796617,3.76529706055634,33.41876690872846,1.1300006259057578,-39.80507822518595,1.036151889643616,2026-09-11,36.0,16.57,40.35,58.67,71.9,4500.3,20.0,30.0,28.1,45.2,0.0,⚠️ ELENDİ (ZOMBİ VEYA PRİMLİ),0.0,-2.654500207382831,-9.869431643625193,Technology Services,Packaged Software,25.363823122289496,US_SMID_CAP
CNR,97.47,97.79,97.87,95.4365,416959.0,-1.0657734470158315,40640993.73,114.8,73.21,4838045821.744823,2.67490803066815,49.20490686051794,1.306542268793827,35.0561175003464,0.941786665925812,2026-09-11,33.1,70.28,114.8,243.68,17.8,4838.0,20.0,30.0,56.4,33.0,0.0,⚠️ SAHTE KÂR (FAALİYET KÂRI YETERSİZ),0.0,2.773091522564314,-0.8746059188447061,Energy Minerals,Coal,-1.32491862398426,US_SMID_CAP
AVTX,16.12,17.42,18.135,16.02,2525469.0,-6.169965075669376,40710560.28,24.27,9.54,864515447.9953434,-36.2714511400239,15.0,1.9006811560197472,46.27949183303087,3.214218896402754,2026-09-11,69.0,9.16,24.27,40.3,50.6,864.5,20.0,55.0,30.0,100.0,0.0,⚠️ SAHTE KÂR (FAALİYET KÂRI YETERSİZ),0.0,-17.41803278688524,-14.300903774587974,Health Technology,Pharmaceuticals: Major,-154844.06779661,US_MICRO_CAP
HAYW,13.11,13.07,13.215,12.94,3021051.0,1.7857142857142752,39605978.61,17.73,12.835,2780887759.5535707,10.4123453644408,18.03053225140971,1.751645758705786,-17.02531645569621,1.4531903820912244,2026-09-11,2.1,12.13,17.73,32.77,35.2,2780.9,65.0,40.0,31.1,59.8,0.0,⚠️ ELENDİ (ZOMBİ VEYA PRİMLİ),0.0,-16.069142125480152,-3.744493392070483,Consumer Durables,Recreational Products,21.2875812234163,US_SMALL_CAP
FSM,11.99,12.26,12.4,11.92,3032619.0,-0.4979253112033236,36361101.81,13.85,7.69,3548528748.5603604,22.9591595370397,10.68526883744275,2.010685483632946,52.93367346938776,0.632520308788782,2026-09-11,55.9,7.38,13.85,29.98,15.5,3548.5,20.0,85.0,10.0,22.1,0.0,⚠️ ELENDİ (ZOMBİ VEYA PRİMLİ),0.0,7.437275985663082,-2.4410089503661427,Non-Energy Minerals,Precious Metals,48.6178845518833,US_SMID_CAP
BHVN,12.71,13.03,13.37,12.58,2862518.0,-0.6254886630179696,36382603.78,18.5657,7.48,1919766405.838937,-799.461885851685,15.0,157.04930186580998,-9.794180269694811,0.8176746877787753,2026-09-11,69.9,7.18,18.57,31.78,46.1,1919.8,20.0,55.0,10.0,28.6,0.0,⚠️ BİYOTEK TUZAĞI (FDA RİSKİ),0.0,-13.12371838687628,-18.105670103092777,Health Technology,Pharmaceuticals: Major,10.0,US_SMALL_CAP
NAMS,22.8,22.11,23.0,21.23,1596530.0,4.300091491308332,36400884.0,42.205,21.23,2725447561.317475,-36.8111926997225,15.0,4.248278329308649,-15.960191669738292,1.0613043474503547,2026-09-11,7.4,20.38,42.2,57.0,85.1,2725.4,100.0,55.0,64.8,58.6,0.0,⚠️ SAHTE KÂR (FAALİYET KÂRI YETERSİZ),0.0,-18.411164787976382,-11.111111111111104,Health Technology,Pharmaceuticals: Major,-3432.20053363292,US_SMALL_CAP
HGV,39.47,39.66,40.4556,39.13,922974.0,0.6887755102040715,36429783.78,55.4,36.79,3067772323.340306,11.6557313778464,22.317086961438427,2.7943441963729456,-13.309905556775757,1.074533138289791,2026-09-11,7.3,35.32,55.4,98.67,40.4,3067.8,100.0,30.0,10.7,41.1,0.0,⚠️ ELENDİ (ZOMBİ VEYA PRİMLİ),0.0,-8.866312629877633,-6.113225499524263,Finance,Real Estate Development,12.1683093252464,US_SMID_CAP
KD,13.15,12.78,13.18,12.67,2777286.0,3.706624605678239,36521310.9,32.53,10.1,2864310290.323344,7.55208333333333,36.66016169500976,2.69636288328337,-59.62542216763894,0.8363803715567685,2026-09-11,30.2,9.7,32.53,32.88,147.4,2864.3,20.0,30.0,70.1,47.8,0.0,⚠️ SAHTE KÂR (FAALİYET KÂRI YETERSİZ),0.0,-0.2276176024279162,-1.053423626787049,Technology Services,Data Processing Services,3.96873120865905,US_SMALL_CAP
MDA,28.97,29.13,29.2229,28.26,1262697.0,0.3116343490304704,36580332.09,49.37,15.0,4694976544.228342,6.67528128841123,51.67072850554769,3.022152711110292,25.95652173913043,0.947365743767531,2026-09-11,93.1,14.4,49.37,72.42,70.4,4695.0,20.0,30.0,42.7,34.7,0.0,⚠️ SAHTE KÂR (FAALİYET KÂRI YETERSİZ),0.0,-17.323059360730593,-1.126279863481235,Electronic Technology,Electronic Production Equipment,5.49262662962171,US_SMID_CAP
BZH,33.25,33.3,33.325,33.25,1101155.0,0.0,36613403.75,34.54,17.825,887097453.0,-0.653462892250111,15.0,0.7922901235376887,29.07608695652173,1.8650942459863773,2026-09-11,86.5,17.11,34.54,83.12,3.9,887.1,20.0,55.0,18.7,65.3,0.0,⚠️ SAHTE KÂR (FAALİYET KÂRI YETERSİZ),0.0,0.0,0.1204456489009308,Consumer Durables,Homebuilding,-1.7952101786226402,US_MICRO_CAP
BIPC,37.01,37.14,37.33,36.74,996420.0,1.00982532751091,36877504.2,51.72,34.18,4551884592.861899,12.0,15.0,2.0,-7.705735660847888,0.76321716386106,2026-09-11,8.3,32.81,51.72,92.52,39.7,4551.9,100.0,55.0,10.0,31.8,0.0,⚠️ ELENDİ (ZOMBİ VEYA PRİMLİ),-63.6,-7.9811039283938365,0.625339858618806,Utilities,Gas Distributors,60.156883959966,US_SMID_CAP
BH,372.67,367.69,373.58,359.23,98991.0,2.3565601911615377,36890975.97,483.6,234.915,1180526838.286413,-5.25102508750532,15.0,2.151240142289986,21.747794838288137,0.5284923305587633,2026-09-11,58.6,225.52,483.6,931.68,29.8,1180.5,20.0,55.0,66.4,30.3,0.0,⚠️ SAHTE KÂR (FAALİYET KÂRI YETERSİZ),0.0,-3.195054160064424,-2.9909412744689736,Consumer Services,Restaurants,5.17415658313856,US_SMALL_CAP
STEP,48.92,50.08,50.45,48.67,754921.0,-0.8512363194162984,36930735.32,77.795,38.85,5903502759.062019,12.0,15.0,2.0,-20.63595068137573,0.7647866715847764,2026-09-11,25.9,37.3,77.8,122.3,59.0,5903.5,20.0,55.0,10.0,26.8,0.0,⚠️ SAHTE KÂR (FAALİYET KÂRI YETERSİZ),0.0,-1.450443190975018,-3.96544954848841,Finance,Investment Managers,-53.389417524271,US_SMID_CAP
NNE,16.41,17.36,17.5526,16.4,2250576.0,-5.472350230414743,36931952.16,60.87,14.71,881186557.3703917,-8.03735737077299,15.0,1.4304268616905362,-47.73885350318471,1.407190642038671,2026-09-11,11.6,14.12,60.87,41.02,270.9,881.2,100.0,55.0,14.1,49.3,0.0,⚠️ SAHTE KÂR (FAALİYET KÂRI YETERSİZ),0.0,-17.037411526794745,-7.549295774647887,Producer Manufacturing,Electrical Products,-24545.372403547,US_MICRO_CAP
SRPT,20.45,20.76,21.1,20.29,1810519.0,-0.3411306042885004,37025113.55,25.32,14.68,2160072643.311404,-18.4462476037049,15.0,1.4137993732271334,18.895348837209305,0.4530863591055476,2026-09-11,39.3,14.09,25.32,51.12,23.8,2160.1,20.0,55.0,10.0,15.9,0.0,⚠️ SAHTE KÂR (FAALİYET KÂRI YETERSİZ),0.0,13.233665559246958,-9.433126660761731,Health Technology,Pharmaceuticals: Major,-3.15238884409201,US_SMALL_CAP
LMND,49.4,50.3,50.99,49.01,752414.0,-0.4233017536786955,37169251.6,99.9,46.16,3823392781.8464017,-26.9627897915449,15.0,7.647532354944579,0.5291005291005251,0.8052905017517205,2026-09-11,7.0,44.31,99.9,123.5,102.2,3823.4,100.0,55.0,10.0,28.2,0.0,⚠️ SAHTE KÂR (FAALİYET KÂRI YETERSİZ),0.0,-7.490636704119851,-9.274563820018374,Finance,Multi-Line Insurance,-13.7939001848429,US_SMID_CAP
GPOR,173.25,174.87,175.69,171.535,215001.0,-1.7300056721497512,37248923.25,225.78,149.18,3063729594.052751,27.4111285765093,6.929196213239264,1.677959601125032,1.833891729853644,0.9438027347325254,2026-09-11,16.1,143.21,225.78,433.12,30.3,3063.7,100.0,85.0,10.0,33.0,0.0,NÖTR,-83.8,1.9837532375794704,-4.271190186760963,Energy Minerals,Oil & Gas Production,42.1816529930528,US_SMID_CAP
REZI,19.11,19.11,19.21,18.77,2019196.0,1.4869888475836492,38586835.56,31.50191285,18.5,2901803450.67658,15.1957295373665,8.454255883914351,1.147160043533253,-24.64546091567155,1.0379745638154112,2026-09-11,3.3,17.68,31.5,47.77,64.8,2901.8,100.0,70.0,48.6,43.8,0.0,🪤 DÜŞEN BIÇAK (RÖLATİF ÇÖKÜŞ),0.0,-21.80851063829788,-2.150537634408611,Distribution Services,Electronics Distributors,8.33768949294302,US_SMALL_CAP
KRC,34.9,35.26,35.37,34.76,1077627.0,0.1434720229555155,37609182.3,45.03,27.36,4098744635.985653,3.18522268142883,24.57054350887074,0.776697300587419,-17.494089834515364,0.9173714696959598,2026-09-11,27.6,26.27,45.03,87.25,29.0,4098.7,20.0,30.0,10.0,32.8,0.0,⚠️ ELENDİ (ZOMBİ VEYA PRİMLİ),0.0,-1.9111860595840355,-5.059847660500543,Finance,Real Estate Investment Trusts,24.6816618007868,US_SMID_CAP
MAN,56.46,57.13,57.74,55.5,667390.0,-0.9821115398105966,37680839.4,63.88,25.15,2625704472.8923187,5.08205916063111,25.45651291762477,1.2465956523707065,48.11122770199372,0.8829816171956697,2026-09-11,124.5,24.14,63.88,141.15,13.1,2625.7,20.0,30.0,10.0,30.9,0.0,⚠️ SAHTE KÂR (FAALİYET KÂRI YETERSİZ),0.0,2.7292576419213974,-7.107601184600197,Commercial Services,Personnel Services,1.83832760803714,US_SMALL_CAP
NOVT,146.56,146.41,149.0,146.075,257232.0,1.8414286706969671,37699921.92,176.375,98.27,5542572233.001181,5.10888769779906,93.67849153084052,3.428677037385353,26.85882454773652,0.9133689285122067,2026-09-11,49.1,94.34,176.38,366.4,20.3,5542.6,20.0,30.0,10.0,41.2,0.0,⚠️ ELENDİ (ZOMBİ VEYA PRİMLİ),0.0,-13.788235294117648,-0.4550702981729183,Electronic Technology,Electronic Equipment/Instruments,11.6460247120761,US_SMID_CAP
CADL,10.545,11.32,11.41,9.855,3595131.0,-6.928508384819065,37910656.395,14.0,4.35,806888234.0004412,-81.8443191272996,15.0,6.363795465380832,117.42268041237114,3.6538375736800752,2026-09-11,142.4,4.18,14.0,26.36,32.8,806.9,20.0,55.0,30.0,100.0,0.0,⚠️ BİYOTEK TUZAĞI (FDA RİSKİ),0.0,-1.540616246498608,-18.319132455460885,Health Technology,Biotechnology,10.0,US_MICRO_CAP
QUBT,7.99,7.94,8.14,7.815,4753763.0,2.17391304347826,37982566.37,25.84,6.18,1808511473.521739,-1.50672528445388,15.0,1.1359678118757688,-48.01561483409238,0.756299823078429,2026-09-11,29.3,5.93,25.84,19.98,223.4,1808.5,65.0,55.0,12.9,37.3,0.0,⚠️ SAHTE KÂR (FAALİYET KÂRI YETERSİZ),0.0,-12.677595628415302,0.7566204287515826,Technology Services,Information Technology Services,-775.47842019544,US_SMALL_CAP
VSNT,37.19,37.36,37.61,36.82,1021662.0,-0.4550321199143514,37995609.78,59.0,27.17,5161685623.063704,8.15249582682677,6.994808907613602,0.6378703944779873,-32.38181818181818,0.6869452947439099,2026-09-11,36.9,26.08,59.0,92.97,58.6,5161.7,20.0,55.0,10.0,24.0,0.0,⚠️ ELENDİ (ZOMBİ VEYA PRİMLİ),0.0,1.0048886474741918,-8.736196319018411,Consumer Services,Cable/Satellite TV,19.2913385826772,US_SMID_CAP
CLDX,36.9,38.39,38.59,36.84,1033538.0,-3.149606299212606,38137552.2,45.14,22.1,2897739665.716535,-43.8767272276035,15.0,4.053737842906124,46.54487688641779,1.7834423260961771,2026-09-11,67.0,21.22,45.14,92.25,22.3,2897.7,20.0,55.0,17.8,62.4,0.0,⚠️ SAHTE KÂR (FAALİYET KÂRI YETERSİZ),0.0,-16.89189189189189,-5.287474332648876,Health Technology,Biotechnology,-206220.253164557,US_SMALL_CAP
MMSI,86.36,87.49,88.195,85.4,443185.0,-0.1272117497397935,38273456.6,94.7482,59.74,5156592161.430324,9.18976012768273,35.59622439305882,3.0697362607441656,-2.791535344439446,0.6726878721291216,2026-09-11,44.6,57.35,94.75,215.9,9.7,5156.6,20.0,30.0,10.0,23.5,0.0,⚠️ ELENDİ (ZOMBİ VEYA PRİMLİ),0.0,-4.1190185411346665,-1.5054744525547528,Health Technology,Medical Specialties,12.6909810437966,US_SMID_CAP
MRCY,80.61,81.64,82.775,79.98,474851.0,0.2237970906378125,38277739.11,128.45,65.04,4847573561.673256,-1.99756371681624,15.0,3.208379917396456,11.834073251942288,0.7364054124637032,2026-09-11,23.9,62.44,128.45,201.53,59.3,4847.6,65.0,55.0,10.0,26.9,0.0,⚠️ SAHTE KÂR (FAALİYET KÂRI YETERSİZ),0.0,-27.99464046449308,-4.490521327014225,Electronic Technology,Aerospace & Defense,2.12937490214737,US_SMID_CAP
KMT,29.44,29.75,30.085,29.34,1301290.0,1.064194987984903,38309977.6,43.81,20.35,2243888020.959835,23.9951111193651,6.688324965354295,1.4292573444845185,40.0570884871551,0.9124177411888572,2026-09-11,44.7,19.54,43.81,73.6,48.8,2243.9,20.0,85.0,10.0,37.3,0.0,⚠️ ELENDİ (ZOMBİ VEYA PRİMLİ),0.0,-3.6018336607727504,-0.540540540540541,Producer Manufacturing,Industrial Machinery,20.4437310168719,US_SMALL_CAP
AQN,5.31,5.45,5.45,5.28,7221614.0,-2.2099447513812174,38346770.34,7.105,5.28,4088178977.2849526,4.23426297166936,30.450600066062314,0.9499501431816378,-4.838709677419363,1.9575578131170213,2026-09-11,0.6,4.99,7.11,13.27,33.9,4088.2,65.0,30.0,19.6,68.5,0.0,⚠️ ELENDİ (ZOMBİ VEYA PRİMLİ),0.0,-8.44827586206897,-4.838709677419363,Utilities,Electric Utilities,19.8945851703745,US_SMID_CAP
FLO,6.09,6.03,6.17,6.01,6309140.0,-0.3273322422258668,38422662.6,13.83,6.01,1291429708.531915,4.01074854148486,23.613803799922447,0.9757676359185034,-57.41258741258742,0.7782137547493232,2026-09-11,1.3,5.63,13.83,15.22,127.1,1291.4,65.0,40.0,10.0,27.2,0.0,⚠️ SAHTE KÂR (FAALİYET KÂRI YETERSİZ),0.0,-15.121951219512196,-4.245283018867932,Consumer Non-Durables,Food: Specialty/Candy,6.2909198943476605,US_SMALL_CAP
GNW,10.49,10.57,10.62,10.45,3673462.0,0.1910219675262614,38534616.38,10.69,7.84,3963657549.065902,2.30646266270838,19.912680334092634,0.4547397406119436,21.97674418604652,1.0030325289530857,2026-09-11,33.8,7.53,10.69,26.23,1.9,3963.7,20.0,40.0,10.0,36.1,0.0,⚠️ SAHTE KÂR (FAALİYET KÂRI YETERSİZ),0.0,7.040816326530606,1.1571841851494793,Finance,Multi-Line Insurance,7.23081328751432,US_SMID_CAP
GPRO,1.38,1.4,1.44,1.35,27932598.0,-1.42857142857143,38546985.24,3.05,0.5701,258256964.44285715,-497.152228557415,15.0,2.0,-16.109422492401226,0.1642282035474648,2026-09-11,142.1,0.55,3.05,3.45,121.0,258.3,20.0,55.0,10.0,10.0,0.0,⚠️ SAHTE KÂR (FAALİYET KÂRI YETERSİZ),0.0,121.15384615384616,-6.756756756756763,Consumer Durables,Electronics/Appliances,-20.2543133013243,US_MICRO_CAP
UTI,20.31,20.69,21.02,20.18,1898864.0,-1.407766990291275,38565927.84,51.34,20.18,1118984143.9762137,10.5345933683821,33.01365409622887,3.2499587954510174,-25.522552255225527,1.2757720720680772,2026-09-11,0.6,18.79,51.34,50.77,152.8,1119.0,65.0,30.0,12.8,44.7,0.0,⚠️ SAHTE KÂR (FAALİYET KÂRI YETERSİZ),0.0,-20.9727626459144,-4.333490343853046,Commercial Services,Miscellaneous Commercial Services,5.13323411744068,US_SMALL_CAP
FLG,13.18,13.64,13.64,13.05,2829928.0,-0.6782215523737744,37298451.04,15.44,10.57,5470923746.611906,0.59124222454887,652.4752475247525,0.7196947358534662,4.93630573248407,0.7744786852706471,2026-09-11,24.7,10.15,15.44,32.95,17.1,5470.9,65.0,30.0,10.0,27.1,0.0,⚠️ SAHTE KÂR (FAALİYET KÂRI YETERSİZ),0.0,-7.508771929824563,-2.225519287833833,Finance,Major Banks,5.645933014354067,US_SMID_CAP
UUUU,12.95,13.69,13.79,12.93,6842561.0,-4.988994864270004,88611164.94999999,27.9,10.69,3428817624.992663,-11.4111863044592,15.0,4.083486004206463,3.5171862509991967,1.2515665934768143,2026-09-11,21.1,10.26,27.9,32.38,115.4,3428.8,65.0,55.0,12.5,43.8,0.0,⚠️ SAHTE KÂR (FAALİYET KÂRI YETERSİZ),0.0,-14.238410596026492,-10.874053682037164,Non-Energy Minerals,Other Metals/Minerals,-78.6465326499699,US_SMID_CAP
SHAK,63.65,62.11,64.32,61.57,1405776.0,3.160453808752018,89477642.39999999,107.46,51.6,2724152483.546191,7.65048371657656,67.09180984505112,4.720706956460471,-34.864920180106424,1.254014310351272,2026-09-11,23.4,49.54,107.46,159.12,68.8,2724.2,100.0,30.0,48.4,59.7,0.0,⚠️ SAHTE KÂR (FAALİYET KÂRI YETERSİZ),0.0,-12.219004275272384,-8.12644341801386,Consumer Services,Restaurants,5.44953704091421,US_SMALL_CAP
ORA,94.89,96.66,97.2506,92.67,946528.0,-1.8210036213140248,89816041.92,146.39,90.77,5835444786.813865,4.97567344206209,46.48736037624927,2.2464935382237714,4.412411971830992,1.0215007403907574,2026-09-11,4.5,87.14,146.39,237.22,54.3,5835.4,100.0,30.0,10.2,35.8,0.0,⚠️ ELENDİ (ZOMBİ VEYA PRİMLİ),0.0,-17.936521663928044,-9.714557564224542,Utilities,Electric Utilities,19.3536389782218,US_SMID_CAP
FND,47.34,47.91,48.8295,47.27,1899881.0,1.002773629187126,89940366.54,92.405,42.64,5041234939.514402,9.6935086016998,22.087435263378904,2.027339534405673,-45.32855987989375,0.7806454690615138,2026-09-11,11.0,40.93,92.41,118.35,95.2,5041.2,100.0,30.0,10.0,32.3,0.0,⚠️ SAHTE KÂR (FAALİYET KÂRI YETERSİZ),0.0,-21.91984166254329,-3.564880831126502,Retail Trade,Home Improvement Chains,6.5571446338576,US_SMID_CAP
HRI,140.96,144.19,145.68,140.0,639757.0,-0.7603491974091693,90180146.72,188.35,88.45,4712496415.945931,2.57826887661142,96.01525781622506,2.491038992641928,5.209732795939707,1.11008042637727,2026-09-11,59.4,84.91,188.35,352.4,33.6,4712.5,20.0,30.0,11.1,38.9,0.0,⚠️ ELENDİ (ZOMBİ VEYA PRİMLİ),0.0,-18.32667014311373,3.45688073394496,Finance,Finance/Rental/Leasing,13.1177924217463,US_SMID_CAP
RELY,21.99,22.24,22.44,21.76,4113194.0,0.2735978112175044,90449136.06,27.479,12.08,4654932357.266757,32.2455689645147,15.826975672952353,4.130678979183181,16.657824933686985,1.0209437741922849,2026-09-11,82.0,11.6,27.48,54.97,25.0,4654.9,20.0,55.0,10.2,37.1,0.0,⚠️ ELENDİ (ZOMBİ VEYA PRİMLİ),0.0,-6.345826235093705,-18.008948545861305,Commercial Services,Miscellaneous Commercial Services,10.3629528483463,US_SMID_CAP
CBZ,54.54,54.63,54.7,54.52,1660028.0,-0.1647446457990177,90537927.12,57.51,24.29,2959551956.896211,6.96594694879076,25.533707865168537,1.5759881133393785,-2.502681444404717,1.37002088338777,2026-09-11,124.5,23.32,57.51,136.35,5.4,2959.6,20.0,30.0,13.7,48.0,0.0,⚠️ ELENDİ (ZOMBİ VEYA PRİMLİ),0.0,0.0183385292499505,0.1101321585903125,Commercial Services,Miscellaneous Commercial Services,10.8962058580563,US_SMALL_CAP
GEO,31.49,31.69,32.02,31.18,2877437.0,0.3505417463352435,90610491.13,33.15,12.51,4144700561.756532,20.1101792508045,14.85727765982543,2.7470035068129874,47.49414519906321,1.4014771868612546,2026-09-11,151.7,12.01,33.15,78.72,5.3,4144.7,20.0,70.0,14.0,50.8,0.0,⚠️ ELENDİ (ZOMBİ VEYA PRİMLİ),0.0,-1.037083595223136,2.5732899022801274,Commercial Services,Miscellaneous Commercial Services,12.4900922109658,US_SMID_CAP
LFST,12.97,13.05,13.28,12.94,7055422.0,-0.2307692307692258,91508823.34,13.28,4.77,4955261170.91,3.42926580164679,99.76923076923076,3.354316128131256,148.94433781190023,1.5467597288985049,2026-09-11,171.9,4.58,13.28,32.43,2.4,4955.3,20.0,30.0,15.5,54.1,0.0,⚠️ SAHTE KÂR (FAALİYET KÂRI YETERSİZ),0.0,12.197231833910037,0.9338521400778288,Health Services,Medical/Nursing Services,5.07012090856203,US_SMID_CAP
CROX,112.48,110.84,113.06,110.095,824248.0,3.353854635670317,92711415.04,141.28,73.205,5392862238.31517,42.2996417078699,9.717662508207486,3.907264983986049,38.55629465385562,0.8824514061711258,2026-09-11,53.7,70.28,141.28,281.2,25.6,5392.9,20.0,100.0,51.4,47.7,0.0,⚠️ ELENDİ (ZOMBİ VEYA PRİMLİ),0.0,-14.130849683181925,-2.741028966709902,Consumer Non-Durables,Apparel/Footwear,20.8115385317295,US_SMID_CAP
AMBA,67.86,67.76,69.19,66.53,1375507.0,-0.0147340503904598,93341905.02,96.69,48.3,2995406490.2607927,-9.41215003559385,15.0,4.828838111530079,-19.15654038598999,0.5600319430334579,2026-09-11,40.5,46.37,96.69,169.65,42.5,2995.4,20.0,55.0,10.0,19.6,0.0,⚠️ SAHTE KÂR (FAALİYET KÂRI YETERSİZ),0.0,-20.403495396164445,7.407407407407407,Electronic Technology,Semiconductors,-14.6064753315574,US_SMALL_CAP
CE,46.09,46.14,47.1,46.08,2029079.0,0.8092738407699137,93520251.11,70.7,35.13,5058328405.88364,-24.5684634120513,15.0,1.2139003574540173,4.773812230052288,1.24328131873128,2026-09-11,31.2,33.72,70.7,115.23,53.4,5058.3,20.0,55.0,12.4,47.6,0.0,⚠️ SAHTE KÂR (FAALİYET KÂRI YETERSİZ),0.0,2.217786648924373,3.109619686800896,Process Industries,Chemicals: Specialty,8.74176276771005,US_SMID_CAP
FRVO,15.59,15.875,15.9383,14.94,6057799.0,-0.8900190718372571,94441086.41,42.65,14.6,4595358079.8690405,12.0,15.0,1.6448201353837844,-56.69444444444444,0.6039916739308264,2026-09-11,6.8,14.02,42.65,38.98,173.6,4595.4,100.0,55.0,27.2,21.1,0.0,🪤 DÜŞEN BIÇAK (RÖLATİF ÇÖKÜŞ),0.0,-39.57364341085272,-9.727851766068325,Utilities,Alternative Power Generation,10.0,US_SMID_CAP
MIDD,108.31,106.98,109.675,105.91,878151.0,2.449867574725694,95112534.81,148.545,89.1447162,4898032487.742811,-9.85490120975381,15.0,2.216353871764151,-2.6707619196411225,1.8963357777030143,2026-09-11,21.5,85.58,148.54,270.77,37.1,4898.0,65.0,55.0,38.2,78.6,0.0,⚠️ ELENDİ (ZOMBİ VEYA PRİMLİ),0.0,-8.745471396073802,-3.294642857142855,Producer Manufacturing,Industrial Machinery,17.098646946574,US_SMID_CAP
MTH,64.22,63.31,64.31,62.45,833216.0,3.664245359160607,53509131.52,85.38,58.03,4185480442.839387,6.37674950913184,13.42138811678405,0.827507365356743,-18.750000000000007,1.2898304119204542,2026-09-11,10.7,55.71,85.38,160.55,32.9,4185.5,100.0,55.0,76.1,63.5,0.0,⚠️ SAHTE KÂR (FAALİYET KÂRI YETERSİZ),0.0,-13.216216216216218,-4.760492362449959,Finance,Real Estate Development,7.14153495630717,US_SMID_CAP
STNG,84.52,84.09,85.62,83.005,1132462.0,0.0118329191811512,95715688.24,87.39,48.93,4232875997.534968,24.6193235920985,5.321211815961117,1.2020420492854305,48.28070175438596,1.5325590751991411,2026-09-11,72.7,46.97,87.39,211.3,3.4,4232.9,20.0,85.0,26.4,53.7,0.0,⚠️ ELENDİ (ZOMBİ VEYA PRİMLİ),0.0,13.939067133998366,5.0459855828983375,Transportation,Marine Shipping,46.7231597053982,US_SMID_CAP
CPRI,13.89,13.1,14.055,13.03,6895134.0,7.841614906832296,95773411.26,28.265,12.4,1578621001.1529503,152.066115702569,15.165411071077628,11.435016341618024,-35.24475524475524,1.5113381033261724,2026-09-11,12.0,11.9,28.27,34.73,103.5,1578.6,100.0,55.0,62.6,92.1,0.0,⚠️ SAHTE KÂR (FAALİYET KÂRI YETERSİZ),0.0,-9.629147690305782,5.386949924127473,Retail Trade,Apparel/Footwear Retail,2.35055136390022,US_SMALL_CAP
CXW,34.93,34.02,35.07,34.02,2768650.0,1.5111886079628107,96708944.5,35.3,15.735,3454349717.463819,8.77233232133371,27.83045175683212,2.401382118124901,71.81505164781113,1.6034539834507726,2026-09-11,122.0,15.11,35.3,87.33,1.1,3454.3,20.0,30.0,67.4,63.7,0.0,⚠️ ELENDİ (ZOMBİ VEYA PRİMLİ),0.0,3.0383480825958737,4.393305439330541,Commercial Services,Miscellaneous Commercial Services,9.94240824207057,US_SMID_CAP
OLLI,73.56,73.16,73.94,71.53,1325131.0,2.2803114571746392,97476636.36,139.21,60.29,4369640504.110679,14.8623838757423,16.439090888774665,2.310839300226592,-43.4023236131415,0.5831322716006485,2026-09-11,22.0,57.88,139.21,183.9,89.2,4369.6,65.0,40.0,53.8,31.8,0.0,⚠️ ELENDİ (ZOMBİ VEYA PRİMLİ),-67.0,-5.571245186136076,-0.9826356171759374,Retail Trade,Department Stores,13.0261701301919,US_SMID_CAP
KEEL,3.57,3.48,3.72,3.47,27314144.0,3.7790697674418574,97511494.08,7.37,1.68,2204736293.90407,-75.620643336011,15.0,6.698061877333534,89.8936170212766,0.7646621093840272,2026-09-11,112.5,1.61,7.37,8.92,106.4,2204.7,20.0,55.0,10.0,45.7,0.0,⚠️ SAHTE KÂR (FAALİYET KÂRI YETERSİZ),0.0,-0.5571030640668528,8.181818181818182,Technology Services,Data Processing Services,-121.100356651355,US_SMALL_CAP
FOUR,45.05,43.58,45.65,42.39,2200004.0,4.694399256332781,99110180.2,88.5,34.56,3557153013.81478,6.54103722161657,72.47425997425997,5.802802605529214,-47.51252475824304,1.0584539258971015,2026-09-11,30.4,33.18,88.5,112.62,96.4,3557.2,20.0,30.0,54.8,60.5,0.0,⚠️ ELENDİ (ZOMBİ VEYA PRİMLİ),0.0,11.152232913890934,1.6012629679747263,Commercial Services,Miscellaneous Commercial Services,9.66352286747945,US_SMID_CAP
VFC,13.17,12.8,13.3,12.79,7617017.0,4.358161648177502,100316113.89,22.2699,12.455,5177582002.628367,17.9381726585757,19.18147392950772,2.9339820619411063,-12.607830126078303,1.2174420294222652,2026-09-11,5.7,11.96,22.27,32.92,69.1,5177.6,100.0,40.0,46.5,64.4,0.0,⚠️ SAHTE KÂR (FAALİYET KÂRI YETERSİZ),0.0,-11.01351351351352,1.3856812933025382,Consumer Non-Durables,Apparel/Footwear,7.125173979090441,US_SMID_CAP
VRNS,45.12,45.19,45.78,44.172,2227153.0,-0.8351648351648409,100489143.36,63.9,19.7,5182504914.123956,-35.9749208643345,15.0,11.65870384773402,-20.07085916740479,1.0046092926967405,2026-09-11,129.0,18.91,63.9,112.8,41.6,5182.5,20.0,55.0,22.6,35.2,0.0,⚠️ SAHTE KÂR (FAALİYET KÂRI YETERSİZ),0.0,7.865168539325841,-2.7166882276843576,Technology Services,Packaged Software,-24.0147745746219,US_SMID_CAP
AGX,413.74,401.05,416.55,401.05,245752.0,4.39280397648425,101677432.48,805.75,233.0,5804706393.908158,39.8468914406982,32.70956367747393,11.455169818864125,81.06783369803064,0.5357951877153792,2026-09-11,77.6,223.68,805.75,1034.35,94.7,5804.7,20.0,60.0,50.0,40.7,0.0,🪤 DÜŞEN BIÇAK (RÖLATİF ÇÖKÜŞ),0.0,-31.308938770089,-1.373063170440999,Industrial Services,Engineering & Construction,15.360569902527702,US_SMID_CAP
NVST,25.55,26.32,26.32,25.215,3987652.0,-1.2369540007730973,101884508.6,30.4199,18.77,4103782529.3138766,3.0569723102666,44.38846421125782,1.3338526048496897,22.71853986551393,2.1358576503397666,2026-09-11,36.1,18.02,30.42,63.88,19.1,4103.8,20.0,30.0,21.4,74.8,0.0,⚠️ ELENDİ (ZOMBİ VEYA PRİMLİ),0.0,-9.589525831564051,-6.41025641025641,Health Technology,Medical Specialties,10.6108874496762,US_SMID_CAP
PTEN,12.85,12.88,13.11,12.75,7934048.0,-0.3875968992248117,101952516.8,13.39,5.1,4900795662.178294,-2.785530021401,15.0,1.5809469441587392,137.96296296296293,0.908485325268298,2026-09-11,152.0,4.9,13.39,32.12,4.2,4900.8,20.0,55.0,10.0,31.8,0.0,⚠️ SAHTE KÂR (FAALİYET KÂRI YETERSİZ),0.0,16.818181818181817,3.796445880452333,Energy Minerals,Oil & Gas Production,-0.709771803260443,US_SMID_CAP
INSP,73.0,69.88,74.95,69.87,1399286.0,7.163828537874332,102147878.0,147.03,38.91,2110457503.5965943,17.9649274043565,15.85371150588542,2.55604746825249,-9.541511771995046,2.3743948990978128,2026-09-11,87.6,37.35,147.03,182.5,101.4,2110.5,20.0,55.0,40.0,100.0,0.0,⚠️ SAHTE KÂR (FAALİYET KÂRI YETERSİZ),0.0,25.797001550921937,19.672131147540984,Health Technology,Medical Specialties,6.02208420214033,US_SMALL_CAP
RWT,3.55,3.52,3.59,3.47,28839706.0,-2.203856749311297,102380956.3,6.97,3.2201,445924129.53168046,0.0183162901260099,15.0,0.5143742239107221,-42.8341384863124,5.1183727157143215,2026-09-11,10.2,3.09,6.97,8.88,96.3,445.9,100.0,55.0,53.3,100.0,0.0,🪤 DÜŞEN BIÇAK (RÖLATİF ÇÖKÜŞ),0.0,-24.78813559322034,-20.40358744394619,Finance,Real Estate Investment Trusts,95.4325960386101,US_MICRO_CAP
TMDX,82.18,85.36,86.0,79.23,1247030.0,-3.363123236124176,102480925.4,156.0,60.105,2849603380.5376287,36.2849427258615,21.37821596732656,5.4933889490501215,-24.0761271249076,1.8673601239406128,2026-09-11,36.7,57.7,156.0,205.45,89.8,2849.6,20.0,70.0,18.7,65.4,0.0,⚠️ ELENDİ (ZOMBİ VEYA PRİMLİ),0.0,-6.634855714610303,-2.894954507857721,Health Technology,Medical Specialties,12.2079142157889,US_SMALL_CAP
EXK,10.18,10.71,10.845,10.07,9384079.0,-3.2319391634980974,95529924.22,15.15,6.02,3014750690.9149523,10.4055395872668,59.53160672180845,4.236895357574657,75.82037996545768,1.039813093175466,2026-09-11,69.1,5.78,15.15,25.45,48.8,3014.8,20.0,30.0,10.4,36.4,0.0,⚠️ ELENDİ (ZOMBİ VEYA PRİMLİ),0.0,-7.454545454545457,-8.781362007168463,Non-Energy Minerals,Precious Metals,26.264271972937404,US_SMID_CAP
TNK,100.83,97.7,100.91,97.395,767013.0,2.6259541984732806,77337920.78999999,100.91,47.18,3496795722.721527,28.0356296347863,5.942327072565579,1.471786668441627,94.65250965250966,1.4065028842906009,2026-09-11,113.7,45.29,100.91,252.07,0.1,3496.8,20.0,85.0,80.9,62.4,0.0,⚠️ ELENDİ (ZOMBİ VEYA PRİMLİ),0.0,30.42297244858361,9.609740189151,Transportation,Marine Shipping,38.754386786643,US_SMID_CAP
EOSE,3.95,4.05,4.13,3.91,19591357.0,-1.0025062656641612,77385860.15,19.86,3.01,1438462635.764411,12.0,15.0,2.0,-41.99706314243758,0.7213330970637083,2026-09-11,31.2,2.89,19.86,9.88,402.8,1438.5,20.0,55.0,10.0,25.2,0.0,⚠️ SAHTE KÂR (FAALİYET KÂRI YETERSİZ),0.0,-11.03603603603604,12.215909090909095,Producer Manufacturing,Electrical Products,-158.780945446399,US_SMALL_CAP
DNTH,106.2,106.78,109.785,105.0,732760.0,2.827265685515106,77819112.0,117.875,32.22,5940231040.422154,-26.0654164045383,15.0,4.96540812428669,187.18226068144943,1.2690519726626297,2026-09-11,229.6,30.93,117.88,265.5,11.0,5940.2,20.0,55.0,12.7,58.6,0.0,⚠️ SAHTE KÂR (FAALİYET KÂRI YETERSİZ),0.0,-2.898418213404043,-0.8032878759574065,Health Technology,Biotechnology,-11441.3865546219,US_SMID_CAP
RLAY,18.87,19.17,19.35,18.675,4164381.0,-0.1058761249338251,78581869.47,21.27,3.885,4135202463.500265,-36.7735511520139,15.0,4.6333013315523655,362.5,1.3215268064513548,2026-09-11,385.7,3.73,21.27,47.18,12.7,4135.2,20.0,55.0,13.2,46.3,0.0,⚠️ SAHTE KÂR (FAALİYET KÂRI YETERSİZ),0.0,-6.212723658051689,0.1061007957559659,Health Technology,Biotechnology,-2999.37198067633,US_SMID_CAP
CRGY,14.66,14.3,14.67,14.3,5396772.0,1.7349063150589867,79116677.52,14.67,7.68,4843717992.74948,1.13592440283054,15.0,0.9400063094557196,70.86247086247086,0.978181782128924,2026-09-11,90.9,7.37,14.67,36.65,0.1,4843.7,20.0,55.0,76.0,42.9,0.0,⚠️ ELENDİ (ZOMBİ VEYA PRİMLİ),0.0,18.2258064516129,5.848375451263542,Energy Minerals,Integrated Oil,24.6725653859809,US_SMID_CAP
LUNR,14.35,14.6,14.9396,14.27,5513819.0,-1.846785225718192,79123302.64999999,46.75,7.78,3285060285.3419976,12.0,15.0,2.0,73.30917874396135,0.9675243154615338,2026-09-11,84.4,7.47,46.75,35.88,225.8,3285.1,20.0,55.0,10.0,33.9,0.0,⚠️ SAHTE KÂR (FAALİYET KÂRI YETERSİZ),0.0,-13.8655462184874,-3.529411764705885,Electronic Technology,Aerospace & Defense,-19.6221333550967,US_SMID_CAP
PJT,163.21,174.17,174.17,163.18,486823.0,-4.96681029463142,79454381.83,195.62,127.73,4172455039.993013,83.2257903056947,33.875754996990395,13.381806613585471,-9.35295751180228,1.312346309348651,2026-09-11,27.8,122.62,195.62,408.03,19.9,4172.5,20.0,75.0,13.1,45.9,0.0,NÖTR,0.0,-7.251236006137405,-11.008724100327152,Finance,Investment Banks/Brokers,21.0196369418312,US_SMID_CAP
TRIP,9.09,8.94,9.15,8.805,8753774.0,3.0028328611898085,79571805.66,20.16,8.41,1065341984.6345608,0.837533927879023,900.0,1.606816153009908,-49.018508132361184,2.272931016580232,2026-09-11,8.1,8.07,20.16,22.73,121.8,1065.3,100.0,30.0,68.4,94.6,0.0,⚠️ SAHTE KÂR (FAALİYET KÂRI YETERSİZ),0.0,-15.83333333333334,-0.547045951859964,Consumer Services,Other Consumer Services,4.95442599116479,US_SMALL_CAP
OPEN,2.79,2.85,2.8695,2.74,28775205.0,-0.3571428571428495,80282821.95,10.87,2.74,2709344023.5214286,-196.893203883495,15.0,2.956761339550657,-63.3377135348226,1.0627388262284527,2026-09-11,1.8,2.58,10.87,6.97,289.6,2709.3,65.0,55.0,10.6,37.2,0.0,⚠️ SAHTE KÂR (FAALİYET KÂRI YETERSİZ),0.0,-22.92817679558011,-10.14492753623188,Finance,Real Estate Development,-15.7344806392133,US_SMALL_CAP
GXO,45.84,45.98,46.18,45.23,1755846.0,0.9024873431653174,80487980.64,66.85,45.0,5257141088.272948,4.42044879365615,40.41971607442024,1.761318314482924,-9.191759112519795,1.414373176750531,2026-09-11,1.9,43.09,66.85,114.6,45.8,5257.1,65.0,30.0,34.0,54.0,0.0,⚠️ SAHTE KÂR (FAALİYET KÂRI YETERSİZ),0.0,-2.134927412467976,-1.8835616438356064,Transportation,Air Freight/Couriers,3.2768858588080105,US_SMID_CAP
NVTS,11.63,11.29,11.85,11.25,6962199.0,4.3049327354260125,80970374.37,34.17,5.83,3036517013.8565025,-52.6010069823379,15.0,3.788767266093304,105.1146384479718,0.6315947694924605,2026-09-11,99.5,5.6,34.17,29.08,193.8,3036.5,20.0,55.0,25.0,43.6,0.0,⚠️ SAHTE KÂR (FAALİYET KÂRI YETERSİZ),0.0,-18.89818688981868,3.746654772524531,Electronic Technology,Semiconductors,-269.300670589845,US_SMID_CAP
BFAM,65.12,64.66,65.45,63.23,1243751.0,1.322545511124955,80993065.12,113.875,57.63,3167130798.8199787,14.9433971929106,20.59846903270703,3.398752712034518,-41.98146828225231,1.665540906990914,2026-09-11,13.0,55.32,113.88,162.8,74.9,3167.1,100.0,40.0,65.8,64.9,0.0,⚠️ ELENDİ (ZOMBİ VEYA PRİMLİ),0.0,-7.827317763623497,-7.157114342743079,Commercial Services,Miscellaneous Commercial Services,10.9054430283595,US_SMID_CAP
SWRD,2.96,2.5,5.5,2.49,27543829.0,32.73542600896861,81529733.84,7.5,1.82,624915100.4484305,12.0,15.0,311.9072708113804,44.39024390243903,123.79282371098527,2026-09-11,62.6,1.75,7.5,7.4,153.4,624.9,20.0,55.0,30.0,100.0,0.0,⚠️ SAHTE KÂR (FAALİYET KÂRI YETERSİZ),0.0,-25.814536340852136,-11.350703803533992,Non-Energy Minerals,Construction Materials,-100.231393224093,US_MICRO_CAP
PI,176.82,174.51,182.82,174.51,461673.0,2.927993480412132,81633019.86,247.0635,87.36,5402631067.58915,-12.8746049728698,15.0,23.325453528499214,-6.765093593461647,1.2820987770889407,2026-09-11,102.4,83.87,247.06,442.05,39.7,5402.6,20.0,55.0,12.8,59.5,0.0,⚠️ SAHTE KÂR (FAALİYET KÂRI YETERSİZ),0.0,-0.9189734394262102,0.2665154522256869,Electronic Technology,Semiconductors,-1.80499293452661,US_SMID_CAP
UPST,25.59,26.185,26.33,25.4,3437206.0,1.9521912350597543,87958101.54,71.38,23.965,2490240969.8904376,7.94130693163137,46.595047341587765,3.122407145297476,-59.31637519872814,0.8394970099870954,2026-09-11,6.8,23.01,71.38,63.98,178.9,2490.2,100.0,30.0,10.0,39.1,0.0,⚠️ SAHTE KÂR (FAALİYET KÂRI YETERSİZ),0.0,-14.785214785214787,-8.378088077336198,Finance,Finance/Rental/Leasing,3.9888710289643794,US_SMALL_CAP
OLED,83.56,81.47,84.33,81.02,987635.0,2.9571217348447583,82526780.60000001,153.38,76.42,3840988908.038936,11.5130538457713,20.219227139642367,2.294030715742525,-39.07844852726742,1.4240718735729685,2026-09-11,9.3,73.36,153.38,208.9,83.6,3841.0,100.0,40.0,51.7,64.6,0.0,⚠️ ELENDİ (ZOMBİ VEYA PRİMLİ),0.0,-11.285699118802416,0.7111003977341249,Electronic Technology,Electronic Production Equipment,34.4015896972853,US_SMID_CAP
INFQ,13.12,13.075,13.47,12.7502,6305818.0,1.2345679012345552,82732332.16,27.5,8.52,2956684378.567901,-25.0357163430747,15.0,5.132136877845754,27.37864077669901,0.7948272070020828,2026-09-11,54.0,8.18,27.5,32.8,109.6,2956.7,20.0,55.0,10.0,34.0,0.0,⚠️ SAHTE KÂR (FAALİYET KÂRI YETERSİZ),0.0,7.62920426579163,1.7054263565891383,Electronic Technology,Computer Processing Hardware,-314.960533066655,US_SMALL_CAP
NHIC,10.64,10.62,10.66,10.58,7781823.0,0.1883239171374892,82798596.72,11.6,10.16,293799794.2523541,-0.0020038072337441,15.0,1.4718108114463724,4.621435594886929,55.984781174527285,2026-09-11,4.7,9.75,11.6,26.6,9.0,293.8,90.0,55.0,65.0,100.0,0.0,⚠️ ELENDİ (ZOMBİ VEYA PRİMLİ),0.0,-0.0938967136150214,0.3773584905660465,Finance,Financial Conglomerates,10.0,US_MICRO_CAP
BTDR,11.96,11.88,12.13,11.63,6963950.0,3.729401561144853,83288842.0,27.8,6.9157,3250515589.155247,-49.508997204873,15.0,2.947482564014097,-13.770728190338849,0.6282273562826687,2026-09-11,72.9,6.64,27.8,29.9,132.4,3250.5,20.0,55.0,28.7,40.6,0.0,⚠️ SAHTE KÂR (FAALİYET KÂRI YETERSİZ),0.0,28.879310344827605,2.047781569965872,Technology Services,Data Processing Services,-29.9514808736638,US_SMID_CAP
BRZE,23.94,24.22,24.72,23.42,3504742.0,-1.3393777045126696,83903523.48,37.3273,15.26,2719211111.191428,-18.8555030244096,15.0,4.51043674366815,-21.042216358839045,0.9942047073228836,2026-09-11,56.9,14.65,37.33,59.85,55.9,2719.2,20.0,55.0,10.0,34.8,0.0,⚠️ SAHTE KÂR (FAALİYET KÂRI YETERSİZ),0.0,-12.91378683157511,-26.41318046291458,Technology Services,Internet Software/Services,-13.192950238600098,US_SMALL_CAP
CNO,54.94,55.78,55.78,54.595,1531715.0,-0.1635471560966807,84152422.1,57.59,38.215,5083123951.889878,10.9340476702579,18.89660865378001,1.96510736196319,40.22460438999489,1.549045410240691,2026-09-11,43.8,36.69,57.59,137.35,4.8,5083.1,20.0,40.0,15.5,54.2,0.0,⚠️ ELENDİ (ZOMBİ VEYA PRİMLİ),0.0,0.6411430664956848,-2.415630550621669,Finance,Multi-Line Insurance,14.451834370306802,US_SMID_CAP
FBIN,40.73,40.08,40.75,39.53,2074480.0,2.4911927528937965,84493570.39999999,64.84,32.34,4862000391.469048,6.40622983263778,32.98509880142533,2.108652828147124,-31.14116652578192,1.1089045654540906,2026-09-11,25.9,31.05,64.84,101.82,59.2,4862.0,20.0,30.0,78.8,51.3,0.0,⚠️ ELENDİ (ZOMBİ VEYA PRİMLİ),0.0,-18.83220406536469,-3.506278133143814,Producer Manufacturing,Building Products,15.1597258589676,US_SMID_CAP
UEC,10.45,11.25,11.38,10.41,8160028.0,-5.172413793103451,85272292.6,20.34,8.905,5171416538.275862,-8.95953070359461,15.0,3.6266211343515633,-16.400000000000006,0.9800745757324568,2026-09-11,17.3,8.55,20.34,26.12,94.6,5171.4,100.0,55.0,10.0,34.3,0.0,⚠️ SAHTE KÂR (FAALİYET KÂRI YETERSİZ),0.0,-11.440677966101706,-8.333333333333343,Non-Energy Minerals,Other Metals/Minerals,-629.317326732673,US_SMID_CAP
SOUN,6.26,6.34,6.4099,6.25,13627393.0,-0.3184713375796252,85307480.17999999,22.17,5.6501,2816232542.9394903,-32.2420073654211,15.0,5.562960988180929,-55.42897828408687,0.5378685290271759,2026-09-11,10.8,5.42,22.17,15.65,254.2,2816.2,100.0,55.0,10.0,18.8,0.0,⚠️ SAHTE KÂR (FAALİYET KÂRI YETERSİZ),0.0,-16.976127320954912,-6.343506882106528,Technology Services,Packaged Software,-95.7490157480315,US_SMALL_CAP
CVLT,130.07,132.67,133.525,129.4975,661300.0,-1.1250475104523132,86015291.0,198.1799,71.75,5390694175.286126,32.774298807553,82.95280612244898,103.52924321054476,-26.832423918546446,1.4233090806172335,2026-09-11,81.3,68.88,198.18,325.17,52.4,5390.7,20.0,45.0,14.2,49.8,0.0,⚠️ ELENDİ (ZOMBİ VEYA PRİMLİ),0.0,-6.713045972889631,-4.360294117647064,Technology Services,Packaged Software,9.00996263497837,US_SMID_CAP
FCEL,15.89,16.01,16.55,15.7,5420506.0,1.9243104554201456,86131840.34,37.88,5.71,1270472141.171905,-21.2116935544929,15.0,1.3018998397409638,180.74204946996463,0.6534112665287827,2026-09-11,178.3,5.48,37.88,39.73,138.4,1270.5,20.0,55.0,10.0,32.5,0.0,⚠️ SAHTE KÂR (FAALİYET KÂRI YETERSİZ),0.0,-21.02385685884692,9.435261707988987,Electronic Technology,Electronic Equipment/Instruments,-87.9483835808404,US_SMALL_CAP
COLD,14.62,14.3,14.745,14.165,5894651.0,3.5410764872521248,86179797.61999999,16.88,10.1,4173725758.0014167,-16.5000468510827,15.0,1.7283121648587558,10.92564491654021,1.7495928802105265,2026-09-11,44.8,9.7,16.88,36.55,15.5,4173.7,20.0,55.0,57.3,78.9,0.0,⚠️ SAHTE KÂR (FAALİYET KÂRI YETERSİZ),0.0,0.6194081211286983,4.056939501779349,Finance,Real Estate Investment Trusts,6.417393086790281,US_SMID_CAP
DX,12.52,12.63,12.693,12.47,6902275.0,-0.3184713375796252,86416483.0,14.9305,11.825,3107049891.031847,18.2307849849323,4.776985005150903,0.9690935028163312,-1.8039215686274543,1.5641285865515908,2026-09-11,5.9,11.35,14.93,31.3,19.2,3107.0,90.0,70.0,15.6,54.7,0.0,NÖTR,0.0,-3.6181678214010815,-2.0344287949921736,Finance,Real Estate Investment Trusts,120.134952103504,US_SMID_CAP
AMR,209.41,217.0,217.82,206.8,414653.0,-3.8212464979561815,86832484.73,253.8199,133.64,2655118702.988702,-2.96029370328758,15.0,1.772375103669259,49.64270401600686,1.336969278786628,2026-09-11,56.7,128.29,253.82,523.52,21.2,2655.1,20.0,55.0,13.4,46.8,0.0,⚠️ SAHTE KÂR (FAALİYET KÂRI YETERSİZ),0.0,34.61686808948315,-3.1674835845741214,Energy Minerals,Coal,-2.16832849658587,US_SMALL_CAP
GLNG,52.89,52.85,53.56,52.4,1657497.0,0.3795786676788819,87665016.33,57.79,35.02,5373056028.252799,8.54908031695405,15.0,2.778894274342909,27.32306210881079,1.4713950954650856,2026-09-11,51.0,33.62,57.79,132.22,9.3,5373.1,20.0,55.0,14.7,53.4,0.0,⚠️ ELENDİ (ZOMBİ VEYA PRİMLİ),0.0,4.155179204411184,2.1239621548561525,Industrial Services,Oil & Gas Pipelines,45.5128205128209,US_SMID_CAP
LSTR,172.78,174.51,174.52,170.57,474391.0,-0.529648819804253,81965276.98,228.46,119.32,5863621622.485665,14.9780842918849,44.74427036125858,7.007781241064349,33.11248073959938,1.6725362851009231,2026-09-11,44.8,114.55,228.46,431.95,32.2,5863.6,20.0,30.0,25.1,58.5,0.0,⚠️ SAHTE KÂR (FAALİYET KÂRI YETERSİZ),0.0,-2.5987936185805207,-0.4436761740132585,Transportation,Trucking,3.92249916222361,US_SMID_CAP
FCN,148.07,150.96,150.96,147.18,239340.0,-1.4902534761492974,35439073.8,189.3,137.65,4088445721.8501096,15.6340884851435,17.90187639036657,3.075953427152648,-8.610048142204677,0.7493622249301485,2026-09-11,7.6,132.14,189.3,370.17,27.8,4088.4,90.0,40.0,10.0,26.2,0.0,⚠️ ELENDİ (ZOMBİ VEYA PRİMLİ),0.0,-1.0557968593384648,-1.8949181739879504,Commercial Services,Miscellaneous Commercial Services,9.68580342847939,US_SMID_CAP
ATEX,82.18,83.85,85.3978,80.31,431278.0,-0.7368039618311383,35442426.04000001,113.0,17.58,1611532155.9669042,27.9217536365858,23.46190081936792,5.621697645973968,287.45874587458746,1.5624989810450838,2026-09-11,367.5,16.88,113.0,205.45,37.5,1611.5,20.0,40.0,15.6,54.7,0.0,⚠️ SAHTE KÂR (FAALİYET KÂRI YETERSİZ),0.0,-13.303091043359004,-6.262119311052806,Communications,Wireless Telecommunications,-578.880840789661,US_SMALL_CAP
AROC,32.77,32.71,33.165,32.32,1082537.0,1.266996291718182,35474737.49,42.23,22.88,5745832284.3736105,21.9475130423621,17.601246105919007,3.6994013449700223,32.72579991899556,0.5787188121984517,2026-09-11,43.2,21.96,42.23,81.93,28.9,5745.8,20.0,70.0,10.3,26.6,0.0,⚠️ ELENDİ (ZOMBİ VEYA PRİMLİ),0.0,-1.5915915915915737,0.8307692307692404,Industrial Services,Oilfield Services/Equipment,38.3292079536965,US_SMID_CAP
FBP,27.69,28.04,28.134,27.45,1282694.0,-0.1802451333813884,35517796.86,29.88,19.16,4227384047.130498,19.4940308004002,11.67123287671233,2.138549261934055,26.84379294548788,1.0931296814773777,2026-09-11,44.5,18.39,29.88,69.23,7.9,4227.4,20.0,70.0,10.9,38.3,0.0,⚠️ ELENDİ (ZOMBİ VEYA PRİMLİ),0.0,-4.7799174690508845,-2.568613652357496,Finance,Regional Banks,43.45623425020806,US_SMID_CAP
FULT,23.6,23.82,23.84,23.38,1505040.0,0.0,35518944.0,25.23,16.6,4505583831.0,11.1013498978805,11.302681992337163,1.247186563784345,22.72490899635986,1.2145089370553293,2026-09-11,42.2,15.94,25.23,59.0,6.9,4505.6,20.0,55.0,12.1,42.5,0.0,⚠️ ELENDİ (ZOMBİ VEYA PRİMLİ),0.0,-3.040262941659813,-1.1311269375785489,Finance,Major Banks,37.34558182790108,US_SMID_CAP
CLSK,13.67,12.97,14.03,12.83,21623706.0,6.796874999999994,295596061.02,23.61,8.0,3510689503.891406,-68.6218932793154,15.0,4.611186258867342,36.01990049751243,1.3719073011508671,2026-09-11,70.9,7.68,23.61,34.17,72.7,3510.7,20.0,55.0,41.7,82.0,0.0,⚠️ SAHTE KÂR (FAALİYET KÂRI YETERSİZ),0.0,12.602965403624378,11.500815660685156,Technology Services,Data Processing Services,-51.8287925140523,US_SMID_CAP
AYA,27.97,29.0,30.0199,27.65,1276082.0,-1.5833919774806575,35692013.54,30.4,8.59,4028691883.7502537,25.4222799614621,37.66601596166443,8.228780067968252,149.91734946433513,1.0789162120671392,2026-09-11,225.6,8.25,30.4,69.92,8.7,4028.7,20.0,60.0,10.8,37.8,0.0,⚠️ ELENDİ (ZOMBİ VEYA PRİMLİ),0.0,-2.305274187914775,-2.8482111844390423,Non-Energy Minerals,Precious Metals,52.99860749119391,US_SMID_CAP
SKYW,96.14,98.0,98.57,95.59,372393.0,0.3758613489246183,35801863.02,117.72,77.89,3732954960.231364,15.3410431644377,9.554475616906672,1.355473389987628,-11.676619200734953,1.370735786814923,2026-09-11,23.4,74.77,117.72,240.35,22.4,3733.0,65.0,55.0,13.7,49.9,0.0,⚠️ ELENDİ (ZOMBİ VEYA PRİMLİ),0.0,-10.915492957746478,-0.2386634844868776,Transportation,Airlines,14.028500055364002,US_SMID_CAP
FRSH,11.89,11.87,12.04,11.745,3016017.0,0.1684919966301714,35860442.13,13.99,6.79,3102348022.5130587,19.6954671019922,18.213848039215687,3.4877240327359127,-9.16730328495034,0.7359998535817562,2026-09-11,75.1,6.52,13.99,29.73,17.7,3102.3,20.0,40.0,10.0,26.6,0.0,⚠️ SAHTE KÂR (FAALİYET KÂRI YETERSİZ),0.0,1.841541755888649,-8.622809714110051,Technology Services,Packaged Software,4.12770448782344,US_SMID_CAP
OZK,49.09,49.02,49.25,48.4141,731831.0,0.6561410703301215,35925583.79,53.41,42.37,5568372024.3477545,11.329693173196,8.11056405511681,0.901282817921593,-5.921809122269062,0.7286833067199618,2026-09-11,15.9,40.68,53.41,122.73,8.8,5568.4,90.0,55.0,50.5,28.8,0.0,⚠️ ELENDİ (ZOMBİ VEYA PRİMLİ),0.0,-5.668716372021513,-1.5048154093097912,Finance,Regional Banks,51.54008299280212,US_SMID_CAP
PRM,31.56,31.1,32.1,30.79,1141959.0,3.3398821218074644,36040226.04,38.17,19.7,5165959355.583497,-30.8683244487691,15.0,5.056646943180016,42.41877256317689,1.229075767492276,2026-09-11,60.2,18.91,38.17,78.9,20.9,5166.0,20.0,55.0,24.6,59.7,0.0,⚠️ SAHTE KÂR (FAALİYET KÂRI YETERSİZ),0.0,-10.442678774120328,-0.6297229219143666,Process Industries,Chemicals: Major Diversified,-50.5953198639422,US_SMID_CAP
TENB,30.11,31.88,32.16,29.97,17163677.0,-5.994380268498288,516798314.47,43.67,15.725,3316314795.543865,2.45566365202569,520.9342560553633,16.761207074108917,-0.2319416832339307,2.811680409387324,2026-09-11,91.5,15.1,43.67,75.28,45.0,3316.3,20.0,30.0,28.1,98.4,0.0,⚠️ SAHTE KÂR (FAALİYET KÂRI YETERSİZ),0.0,-19.21116179232628,-11.232311320754723,Technology Services,Packaged Software,4.20405945537254,US_SMID_CAP
MARA,11.98,11.615,12.385,11.54,45238413.0,4.811898512685921,541956187.74,23.45,6.66,4627865933.676291,-107.12050599717,15.0,2.755112366268962,-24.46406052963429,1.0697485810868064,2026-09-11,79.9,6.39,23.45,29.95,95.7,4627.9,20.0,55.0,13.6,61.5,0.0,⚠️ SAHTE KÂR (FAALİYET KÂRI YETERSİZ),0.0,18.26258637709773,7.107733571747876,Technology Services,Data Processing Services,-122.795159030065,US_SMID_CAP
SMR,8.61,9.66,9.77,8.57,92289362.0,-15.67091087169443,794611406.8199999,57.42,7.21,3699917423.2595487,-30.1869885047455,15.0,1.7140877708497573,-75.42808219178082,3.166543972103917,2026-09-11,19.4,6.92,57.42,21.52,566.9,3699.9,100.0,55.0,30.0,100.0,0.0,⚠️ SAHTE KÂR (FAALİYET KÂRI YETERSİZ),0.0,-12.455516014234888,-11.145510835913312,Producer Manufacturing,Electrical Products,-6853.966323666981,US_SMID_CAP
CCC,6.89,6.87,6.99,6.7,15034525.0,0.5839416058394167,103587877.25,9.9,4.08,4058173357.270073,2.16700461357651,97.73049645390071,2.284982788010639,-28.37837837837837,1.8355371014728927,2026-09-11,68.9,3.92,9.9,17.22,43.7,4058.2,20.0,30.0,40.1,67.2,0.0,⚠️ ELENDİ (ZOMBİ VEYA PRİMLİ),0.0,2.22551928783382,-3.094233473980318,Technology Services,Packaged Software,15.4880011508825,US_SMID_CAP
WING,117.1,113.75,119.83,111.01,1385018.0,5.953673543250089,162185607.79999998,302.8,105.43,3190102048.7432137,12.0,27.8028396410086,2.0,-58.46928642360619,1.2421992470666317,2026-09-11,11.1,101.21,302.8,292.75,158.6,3190.1,100.0,30.0,39.1,73.2,0.0,⚠️ ELENDİ (ZOMBİ VEYA PRİMLİ),-52.0,3.527539563257002,5.638249887235003,Consumer Services,Restaurants,28.7705749397477,US_SMID_CAP
FMC,11.4,12.08,12.08,11.28,2996330.0,-5.629139072847679,34158162.0,38.6751,9.945,1427585934.2880795,-89.2671285093971,15.0,0.8721810953982502,-69.12242686890575,0.9134871708820655,2026-09-11,14.6,9.55,38.68,28.5,239.3,1427.6,100.0,55.0,10.0,32.0,0.0,⚠️ SAHTE KÂR (FAALİYET KÂRI YETERSİZ),0.0,9.090909090909102,-11.96911196911196,Process Industries,Chemicals: Agricultural,-1.88853346456693,US_SMALL_CAP
WAFD,33.88,34.44,34.45,33.72,1000240.0,-0.6451612903225773,33888131.2,39.4857,26.31,2507510198.245161,8.49678659257559,10.676246297346696,0.920294809434054,7.726550079491267,1.0465293538070457,2026-09-11,28.8,25.26,39.49,84.7,16.6,2507.5,65.0,55.0,10.5,36.6,0.0,⚠️ ELENDİ (ZOMBİ VEYA PRİMLİ),0.0,-10.204081632653049,-5.600445806631368,Finance,Major Banks,41.92724307855886,US_SMALL_CAP
DHT,22.0,21.3,22.28,21.29,5205682.0,2.659822678488102,114525004.0,22.28,10.83,3547182820.158656,39.1763532556201,7.484266031638034,2.667882574361163,81.66804293971924,1.7031264650939495,2026-09-11,103.1,10.4,22.28,55.0,1.3,3547.2,20.0,100.0,47.4,72.9,0.0,⚠️ ELENDİ (ZOMBİ VEYA PRİMLİ),0.0,21.21212121212122,9.018830525272548,Transportation,Marine Shipping,56.659503230469696,US_SMID_CAP
GOLD,48.22,46.78,49.045,46.78,740093.0,5.100261551874446,35687284.46,66.7,23.0,1398590924.6639056,10.7971983223503,16.50296040247784,1.6035260280341044,107.13058419243984,0.8323327851123823,2026-09-11,109.7,22.08,66.7,120.55,38.3,1398.6,20.0,55.0,27.3,54.6,0.0,⚠️ SAHTE KÂR (FAALİYET KÂRI YETERSİZ),0.0,9.243316719528767,17.60975609756097,Finance,Investment Banks/Brokers,0.516171711902553,US_SMALL_CAP
QLYS,150.28,160.23,160.295,149.13,1169942.0,-6.987683357058855,175818883.76,201.54,74.51,5198937019.485548,38.5922887919357,26.03017338437289,9.26207835910584,13.702050389649704,1.7007269878050375,2026-09-11,101.7,71.53,201.54,375.7,34.1,5198.9,20.0,75.0,17.0,59.5,0.0,⚠️ ELENDİ (ZOMBİ VEYA PRİMLİ),0.0,-18.82460973370064,-12.88620949510173,Technology Services,Packaged Software,35.0435843966584,US_SMID_CAP
PL,16.45,16.67,17.05,16.445,11822527.0,-1.437986818454176,194480569.15,51.76,9.485,5985299512.279807,-71.9701211951522,15.0,10.60011470032928,78.99891186071818,0.7977532647265068,2026-09-11,73.4,9.11,51.76,41.12,214.7,5985.3,20.0,55.0,10.0,27.9,0.0,⚠️ SAHTE KÂR (FAALİYET KÂRI YETERSİZ),0.0,-32.27665706051873,-16.242362525458255,Technology Services,Packaged Software,-25.6821702557378,US_SMID_CAP
DK,76.1,74.08,78.43,74.08,2729774.0,1.6157030311122895,207735801.4,78.43,25.85,4659768396.831353,212.705882352941,21.39503500238972,24.971943480058545,154.42995653627548,1.4020343919261198,2026-09-11,194.4,24.82,78.43,190.25,3.1,4659.8,20.0,40.0,14.0,57.1,0.0,⚠️ SAHTE KÂR (FAALİYET KÂRI YETERSİZ),0.0,19.47562603030064,6.433566433566425,Energy Minerals,Oil Refining/Marketing,6.05814291046324,US_SMID_CAP
SEI,67.42,65.69,70.33,65.26,3107780.0,5.097427903351513,209526527.6,86.19,29.89,5162115935.522681,8.08983064525426,85.65620632702326,4.695159361731317,131.92294461644306,1.1838673474919112,2026-09-11,125.6,28.69,86.19,168.55,27.8,5162.1,20.0,30.0,11.8,66.9,0.0,⚠️ ELENDİ (ZOMBİ VEYA PRİMLİ),0.0,9.217560343431078,26.01869158878505,Industrial Services,Oilfield Services/Equipment,24.2636948558353,US_SMID_CAP
RGTI,15.27,15.34,15.78,15.08,14350386.0,0.7255936675461704,219130394.22,58.1501,12.53,5096648574.787599,-43.765041986913,15.0,9.480703322902697,-5.448916408668725,0.8691369251872267,2026-09-11,21.9,12.03,58.15,38.17,280.8,5096.6,65.0,55.0,10.0,34.0,0.0,⚠️ SAHTE KÂR (FAALİYET KÂRI YETERSİZ),0.0,-17.770597738287563,0.328515111695131,Electronic Technology,Computer Processing Hardware,-727.619261589156,US_SMID_CAP
M,22.08,20.71,22.115,20.63,10276110.0,7.7073170731707235,226896508.8,26.585,16.41,5807878241.88878,15.9931762448022,8.067521648580511,1.170206789531313,29.12280701754384,1.4952213522307731,2026-09-11,34.6,15.75,26.59,55.2,20.4,5807.9,20.0,55.0,81.7,90.9,0.0,⚠️ SAHTE KÂR (FAALİYET KÂRI YETERSİZ),0.0,-8.760330578512402,-1.4725568942436496,Retail Trade,Department Stores,4.28007023705004,US_SMID_CAP
USAR,15.56,16.04,16.12,15.513328,14717406.0,-2.992518703241887,229002837.36,43.98,11.45,5836191740.788031,-23.6463977156245,15.0,1.50001494230823,13.081395348837214,1.1568936389489974,2026-09-11,35.9,10.99,43.98,38.9,182.6,5836.2,20.0,55.0,11.6,40.5,0.0,⚠️ SAHTE KÂR (FAALİYET KÂRI YETERSİZ),0.0,-19.14783060535204,-16.568364611260044,Producer Manufacturing,Metal Fabrication,-949.475763561769,US_SMID_CAP
ASST,27.62,27.11,29.04,26.7,8908202.0,2.6765799256505667,246044539.24,157.8,7.02,2575912057.107807,-137.872221995685,15.0,3.5027469043427977,-82.18064516129033,0.7878873365053657,2026-09-11,293.4,6.74,157.8,69.05,471.3,2575.9,20.0,55.0,10.0,41.0,0.0,⚠️ SAHTE KÂR (FAALİYET KÂRI YETERSİZ),0.0,114.7744945567652,9.69023034154091,Finance,Financial Conglomerates,-14415.5789473684,US_SMALL_CAP
PURR,11.61,11.2,12.535,11.12,21979489.0,5.449591280653948,255181867.29,14.14,3.01,2296894591.888284,33.9402330000844,17.872536945812808,1.2432217110842692,173.1764705882353,0.7530435357779661,2026-09-11,285.7,2.89,14.14,29.02,21.8,2296.9,20.0,55.0,10.0,53.6,0.0,⚠️ SAHTE KÂR (FAALİYET KÂRI YETERSİZ),0.0,71.23893805309733,-6.257569640694391,Finance,Financial Conglomerates,-60.10487315010571,US_SMALL_CAP
ACVA,10.41,10.455,10.46,10.41,115413021.0,44.18282548476455,1201449548.61,10.595,4.065,1767701056.5166206,-15.0582944028311,15.0,4.515544142588825,0.1924927815206888,24.379374840978965,2026-09-11,156.1,3.9,10.6,26.02,1.8,1767.7,20.0,55.0,30.0,100.0,0.0,⚠️ SAHTE KÂR (FAALİYET KÂRI YETERSİZ),0.0,41.44021739130434,56.306306306306304,Technology Services,Internet Software/Services,-7.09400141513142,US_SMALL_CAP
SIG,100.26,97.72,100.41,97.15,1033334.0,2.6097635861222104,103602066.84,110.2,71.615,3841686613.33006,19.8546536098095,11.552687676441783,2.1137842514850886,9.049380030454651,0.8016421136775365,2026-09-11,40.0,68.75,110.2,250.65,9.9,3841.7,20.0,55.0,71.6,41.1,0.0,⚠️ SAHTE KÂR (FAALİYET KÂRI YETERSİZ),0.0,6.693625625199539,23.10903732809432,Retail Trade,Specialty Stores,7.441410260170709,US_SMID_CAP
MNDY,86.84,84.72,87.76,84.3,1202040.0,1.9607843137254923,104385153.6,220.8,57.5,3671084199.058824,13.3938519172987,37.02093191797758,5.9405073647515305,-54.14994720168954,1.023842383262216,2026-09-11,51.0,55.2,220.8,217.1,154.3,3671.1,20.0,30.0,43.0,45.6,0.0,⚠️ SAHTE KÂR (FAALİYET KÂRI YETERSİZ),0.0,1.9009622154423893,-8.386960649857581,Technology Services,Packaged Software,2.90154022445153,US_SMID_CAP
KBH,49.16,48.47,49.31,47.405,2124796.0,2.952879581151825,104454971.36,68.41,44.025,3013986165.6787434,6.94834749904589,11.934935663996116,0.7938206007426324,-25.69528415961306,2.411926709436976,2026-09-11,11.7,42.26,68.41,122.9,39.2,3014.0,100.0,55.0,83.1,99.2,0.0,⚠️ SAHTE KÂR (FAALİYET KÂRI YETERSİZ),0.0,-14.88919667590028,-5.679201841903303,Consumer Durables,Homebuilding,5.96493867156175,US_SMID_CAP
RCUS,24.59,26.5,26.58,24.315,4276563.0,-5.965583173996172,105160684.17,31.735,11.3,3131127621.4294457,-90.8193484698914,15.0,6.7304586784324245,109.09863945578232,3.350896846316963,2026-09-11,117.6,10.85,31.73,61.48,29.0,3131.1,20.0,55.0,30.0,100.0,0.0,⚠️ SAHTE KÂR (FAALİYET KÂRI YETERSİZ),0.0,-14.825077935573264,-17.03778677462888,Health Technology,Biotechnology,-415.38461538461496,US_SMID_CAP
COCO,52.01,51.95,53.02,51.5015,2032686.0,1.7808219178082123,105719998.86,85.83,37.63,2985222212.224657,31.3695200782984,28.70625896898112,7.446222126776191,34.53181583031558,1.6303663621348796,2026-09-11,38.2,36.12,85.83,130.03,65.0,2985.2,20.0,75.0,16.3,66.0,0.0,🪤 DÜŞEN BIÇAK (RÖLATİF ÇÖKÜŞ),0.0,-20.107526881720425,-4.656278643446378,Consumer Non-Durables,Food: Specialty/Candy,19.0983799279905,US_SMALL_CAP
IOVA,8.6,8.25,8.695,8.075,12382316.0,5.65110565110564,106487917.6,9.36,1.76,3895554510.14742,-40.3639372534476,15.0,5.292568249513822,259.8326359832635,1.223791714423997,2026-09-11,388.6,1.69,9.36,21.5,8.8,3895.6,20.0,55.0,60.8,71.1,0.0,⚠️ SAHTE KÂR (FAALİYET KÂRI YETERSİZ),0.0,32.51155624036979,-1.601830663615567,Health Technology,Biotechnology,-91.1719896955763,US_SMID_CAP
INSW,103.65,101.88,105.0,101.56,1029510.0,1.478363031133743,106708711.5,106.73,42.26,5133920358.217643,37.4116050605098,6.618985280500655,2.265800598180102,123.4317740892434,1.6196554249984898,2026-09-11,145.3,40.57,106.73,259.12,3.0,5133.9,20.0,100.0,31.3,64.1,0.0,⚠️ ELENDİ (ZOMBİ VEYA PRİMLİ),0.0,16.460674157303377,1.4088641033167126,Transportation,Marine Shipping,55.6529596108849,US_SMID_CAP
KVYO,16.36,16.0,16.415,15.91,6524537.0,1.4259144451332948,106741425.32,36.225,12.53,4658140532.778673,0.658114058890112,771.6981132075472,4.889434816003634,-47.327752736638764,0.9390454510676978,2026-09-11,30.6,12.03,36.23,40.9,121.5,4658.1,20.0,30.0,64.1,40.0,0.0,⚠️ SAHTE KÂR (FAALİYET KÂRI YETERSİZ),0.0,-8.807134894091424,-15.930113052415216,Technology Services,Packaged Software,-1.86377060222098,US_SMID_CAP
BULL,9.22,9.33,9.59,9.125,11581042.0,-0.8602150537634415,106777207.24,16.04,4.5,4884427873.088172,4.74634414724858,112.5763125763126,4.6806782414458326,-29.402756508422662,0.7376708331424564,2026-09-11,104.9,4.32,16.04,23.05,74.0,4884.4,20.0,30.0,10.0,25.8,0.0,⚠️ ELENDİ (ZOMBİ VEYA PRİMLİ),0.0,20.365535248041784,-5.822267620020415,Technology Services,Packaged Software,12.4378606947845,US_SMID_CAP
HTFL,49.88,46.11,50.23,45.6,2213208.0,9.650472631347547,110394815.04,51.778,20.13,4337247151.352825,-154.233931386728,15.0,15.463166477045506,48.62932061978545,1.2083436999260813,2026-09-11,147.8,19.32,51.78,124.7,3.8,4337.2,20.0,55.0,71.5,90.5,0.0,⚠️ SAHTE KÂR (FAALİYET KÂRI YETERSİZ),0.0,68.57046299425483,0.2814636107760365,Technology Services,Packaged Software,-34.3138040787457,US_SMID_CAP
ACHR,5.58,5.49,5.65,5.47,19912010.0,2.3853211009174293,111109015.8,14.62,4.3,4296732673.970642,-44.7609985447218,15.0,2.2705909640245614,-32.60869565217391,0.9426212636769012,2026-09-11,29.8,4.13,14.62,13.95,162.0,4296.7,20.0,55.0,25.0,44.9,0.0,⚠️ SAHTE KÂR (FAALİYET KÂRI YETERSİZ),0.0,-18.57580621625565,-2.617801047120425,Electronic Technology,Aerospace & Defense,-13569.5652173913,US_SMID_CAP
ENPH,36.35,36.99,37.74,36.31,3110498.0,-1.383613673358649,113066602.3,73.74,25.775,4803457673.467174,12.9964368018393,36.02219799821623,4.0639817182313465,-2.416107382550332,0.6940294817576671,2026-09-11,41.0,24.74,73.74,90.88,102.9,4803.5,20.0,30.0,10.0,24.3,0.0,⚠️ ELENDİ (ZOMBİ VEYA PRİMLİ),0.0,-15.914873930141097,0.3450655624568668,Producer Manufacturing,Electrical Products,25.6314254701912,US_SMID_CAP
UNF,274.68,271.88,275.97,267.395,413528.0,1.4440299885511785,113587871.04,306.67,147.66,4772268273.168963,5.29587663475145,43.34679964650928,2.1711087925637864,60.322185256522495,1.2713560284481622,2026-09-11,86.0,141.75,306.67,686.7,11.6,4772.3,20.0,30.0,61.7,51.7,0.0,⚠️ SAHTE KÂR (FAALİYET KÂRI YETERSİZ),0.0,-5.429505939060073,0.4571553962622974,Consumer Services,Other Consumer Services,5.76867680629722,US_SMID_CAP
TTAN,54.68,55.91,56.15,53.8,5543233.0,-2.374575968577037,303103980.44,119.6,53.8,5274864566.986609,-8.33592344052392,15.0,3.284902843651721,-52.45217391304348,1.300971355025933,2026-09-11,1.6,51.4,119.6,136.7,118.7,5274.9,65.0,55.0,13.0,45.5,0.0,⚠️ SAHTE KÂR (FAALİYET KÂRI YETERSİZ),0.0,-36.49982580420392,-40.27959807776322,Technology Services,Packaged Software,-12.5983113089704,US_SMID_CAP
ACLS,113.43,115.86,117.355,113.175,311632.0,0.1147396293027446,35348417.760000005,193.78,73.6,3502887368.6518097,8.88687120606991,38.143116551213936,3.286510530132721,35.05179187998573,0.9848252620295304,2026-09-11,54.1,70.66,193.78,283.58,70.8,3502.9,20.0,30.0,10.0,35.0,0.0,🪤 DÜŞEN BIÇAK (RÖLATİF ÇÖKÜŞ),0.0,-20.06905785356916,0.9612817089452717,Producer Manufacturing,Industrial Machinery,10.3251230844549,US_SMID_CAP
PPLI,37.51,38.16,38.46,37.3,912132.0,-0.079914757591905,34214071.32,48.32,29.56,2793123359.0202456,8.23809700591576,6.829561385940316,0.5495002126365126,4.194444444444439,0.94113825755309,2026-09-11,26.9,28.38,48.32,93.77,28.8,2793.1,65.0,55.0,10.0,32.9,0.0,⚠️ SAHTE KÂR (FAALİYET KÂRI YETERSİZ),0.0,-6.037074148296602,-3.7217659137577073,Technology Services,Internet Software/Services,0.922544181280814,US_SMALL_CAP
ASAN,8.77,8.67,8.86,8.5,3919795.0,2.4532710280373724,34376602.15,15.48,5.38,2008068052.599299,-93.7974148547034,15.0,19.39192924267552,-34.3562874251497,0.5419386951773035,2026-09-11,63.0,5.16,15.48,21.92,76.5,2008.1,20.0,55.0,40.4,31.2,0.0,⚠️ SAHTE KÂR (FAALİYET KÂRI YETERSİZ),0.0,-2.771618625277162,0.3432494279176128,Technology Services,Packaged Software,-14.9699261103671,US_SMALL_CAP
REYN,21.75,21.79,21.8,21.265,1581101.0,0.8344923504867858,34388946.75,27.32,20.44,4584703860.778859,15.4777927321669,13.30763582966226,1.984805968106221,-4.395604395604396,0.8506165311631246,2026-09-11,6.4,19.62,27.32,54.38,25.6,4584.7,90.0,55.0,65.4,33.9,0.0,⚠️ ELENDİ (ZOMBİ VEYA PRİMLİ),0.0,-16.50671785028791,-0.1469102929023966,Consumer Non-Durables,Household/Personal Care,14.131008980454302,US_SMID_CAP
CBRL,49.48,49.85,50.1372,48.675,695117.0,0.0809061488673121,34394389.16,60.26,24.85,1105950279.4312298,5.61093988859423,42.85466828338818,2.3759858324401777,0.4262228536634742,0.8251475459731624,2026-09-11,99.1,23.86,60.26,123.7,21.8,1106.0,20.0,30.0,15.3,29.3,0.0,⚠️ SAHTE KÂR (FAALİYET KÂRI YETERSİZ),0.0,-12.14488636363637,-8.285449490268778,Consumer Services,Restaurants,-0.0465934216081413,US_SMALL_CAP
CUZ,28.19,28.26,28.38,27.85,1229943.0,0.8947745168217608,34672093.17,32.95,21.03,4640132330.295992,0.138742723160112,720.9718670076726,1.0348945593327925,-3.8212214261344166,0.9985701112328756,2026-09-11,34.0,20.19,32.95,70.48,16.9,4640.1,20.0,30.0,29.8,39.4,0.0,⚠️ ELENDİ (ZOMBİ VEYA PRİMLİ),0.0,-4.310930074677527,-2.658839779005523,Finance,Real Estate Investment Trusts,22.659389350887,US_SMID_CAP
UCTT,74.04,72.98,75.51,72.41,468447.0,4.091100801349657,34683815.88,144.22,21.485,3352310958.84437,-3.44320188346086,15.0,5.242282077824241,198.06763285024155,0.5297720331501785,2026-09-11,244.6,20.63,144.22,185.1,94.8,3352.3,20.0,55.0,10.0,39.0,0.0,⚠️ SAHTE KÂR (FAALİYET KÂRI YETERSİZ),0.0,-19.249645544770413,8.087591240875922,Producer Manufacturing,Industrial Machinery,2.84243611351524,US_SMID_CAP
TPC,89.13,87.6,89.61,87.36,389760.0,3.3630986895511903,34739308.8,102.3,57.9,4685485714.594109,10.1090443010065,38.56104525395864,3.700400804099212,41.67858845970434,0.9527988588708248,2026-09-11,53.9,55.58,102.3,222.82,14.8,4685.5,20.0,30.0,49.7,50.2,0.0,⚠️ SAHTE KÂR (FAALİYET KÂRI YETERSİZ),0.0,-9.960602081018283,1.3993174061433329,Industrial Services,Engineering & Construction,4.49004324929445,US_SMID_CAP
PMTS,22.5,22.115,22.975,21.9,1546653.0,-16.481069042316264,34799692.5,31.2499,10.81,259440062.63919812,12.0,19.414962464405903,2.0,53.37423312883436,15.675102919446152,2026-09-11,108.1,10.38,31.25,56.25,38.9,259.4,20.0,70.0,38.1,100.0,0.0,🪤 DÜŞEN BIÇAK (RÖLATİF ÇÖKÜŞ),0.0,-27.04280155642024,-21.107994389901823,Finance,Finance/Rental/Leasing,9.22376466221359,US_MICRO_CAP
CRML,6.43,6.67,6.83,6.4,5423495.0,-4.315476190476191,34873072.85,32.15,5.115,944494621.3556548,-138.75395700713,15.0,5.422682498987991,8.249158249158237,0.905630251775294,2026-09-11,25.7,4.91,32.15,16.07,400.0,944.5,100.0,55.0,10.0,31.7,0.0,⚠️ ELENDİ (ZOMBİ VEYA PRİMLİ),0.0,-6.81159420289856,-17.77493606138108,Non-Energy Minerals,Precious Metals,10.0,US_MICRO_CAP
SAIC,129.9,128.39,130.0,125.8,268656.0,0.8853681267474486,34898414.4,142.6608,81.08,5442502737.469711,25.7365391127667,15.17346104427053,3.799303197849226,25.750242013552768,0.4327884761143631,2026-09-11,60.2,77.84,142.66,324.75,9.8,5442.5,20.0,40.0,71.0,19.6,0.0,⚠️ SAHTE KÂR (FAALİYET KÂRI YETERSİZ),0.0,5.17367014816614,3.333068172778628,Technology Services,Information Technology Services,7.82221021345582,US_SMID_CAP
NJR,53.16,53.75,54.0,52.945,658432.0,-0.3374578177727911,35002245.12,60.86,43.46,5394036180.141732,14.4526350108031,14.719238010853914,2.039374975303844,13.541221700128142,1.2931271003210862,2026-09-11,22.3,41.72,60.86,132.9,14.5,5394.0,65.0,55.0,12.9,45.3,0.0,⚠️ ELENDİ (ZOMBİ VEYA PRİMLİ),0.0,-2.815356489945166,-1.8101219061691984,Utilities,Gas Distributors,24.4879971358859,US_SMID_CAP
COHU,57.08,56.09,58.705,55.725,614288.0,4.293805956513798,35063559.04,74.6,18.6652,2702077694.01279,-4.83648998119157,15.0,3.709521343070285,172.19837863614688,0.6380659089360471,2026-09-11,205.8,17.92,74.6,142.7,30.7,2702.1,20.0,55.0,10.0,43.8,0.0,⚠️ SAHTE KÂR (FAALİYET KÂRI YETERSİZ),0.0,3.537094141120978,21.06044538706257,Electronic Technology,Semiconductors,-6.38174512055109,US_SMALL_CAP
GEF,82.32,84.73,84.73,81.485,426506.0,-1.5781922525107694,35109973.919999994,90.565,55.75,4287459271.087517,8.65295748613678,21.27736565948977,1.5593469609498376,34.995080354214494,1.3261049968114853,2026-09-11,47.7,53.52,90.56,205.8,10.0,4287.5,20.0,40.0,13.3,46.4,0.0,⚠️ SAHTE KÂR (FAALİYET KÂRI YETERSİZ),0.0,-5.973729297544266,-2.821390626844529,Process Industries,Containers/Packaging,6.824247045367899,US_SMID_CAP
PLSE,53.11,54.5,56.6099,50.315,664302.0,-2.425133198603712,35281079.22,58.9,12.56,3787943782.656072,-78.4912764048689,15.0,37.79075972875471,261.53846153846155,0.8554145206789366,2026-09-11,322.9,12.06,58.9,132.78,10.9,3787.9,20.0,55.0,10.0,29.9,0.0,⚠️ SAHTE KÂR (FAALİYET KÂRI YETERSİZ),0.0,19.61711711711712,-1.061847988077497,Health Technology,Medical Specialties,-7007.76371308017,US_SMID_CAP
LOPE,151.2,152.65,152.785,149.86,233767.0,-0.0132257637878655,35345570.4,223.04,134.27,3941033592.260283,30.9786975339986,18.265502120102923,5.924611667566591,-25.69659442724459,0.7152582636536315,2026-09-11,12.6,128.9,223.04,378.0,47.5,3941.0,100.0,85.0,10.0,25.0,0.0,NÖTR,0.0,6.097817697003718,0.5385996409335743,Commercial Services,Miscellaneous Commercial Services,27.7673969805598,US_SMID_CAP
DJCO,661.9,650.51,666.3199,643.3484,51638.0,2.192373012196994,34179192.2,674.75,348.63,912066432.4789252,-3.30791583823112,15.0,2.700802459456238,37.35784842699427,0.8015348341221192,2026-09-11,89.9,334.68,674.75,1654.75,1.9,912.1,20.0,55.0,51.1,39.0,0.0,⚠️ ELENDİ (ZOMBİ VEYA PRİMLİ),0.0,18.769065135474616,7.446065938347159,Consumer Services,Publishing: Newspapers,13.4528137641456,US_MICRO_CAP
PEGA,36.24,36.1,36.5325,35.675,1551382.0,1.455767077267646,56222083.68,68.1,25.1,5958035147.549833,54.693035683241,20.47341958081465,10.629030980809672,-36.37640449438202,0.6036728044542029,2026-09-11,44.4,24.1,68.1,90.6,87.9,5958.0,20.0,55.0,28.3,28.4,0.0,⚠️ ELENDİ (ZOMBİ VEYA PRİMLİ),0.0,12.232889439454947,-3.385763796320971,Technology Services,Information Technology Services,11.3180707182168,US_SMID_CAP
LPX,67.29,66.71,67.485,65.3739,835955.0,2.388922702373718,56251411.95,100.34,65.35,4705146246.408552,3.09810671256454,87.23100855587245,2.7008596271457064,-29.76724767769544,0.7473084496618202,2026-09-11,3.0,62.74,100.34,168.23,49.1,4705.1,65.0,30.0,64.5,38.1,0.0,⚠️ SAHTE KÂR (FAALİYET KÂRI YETERSİZ),0.0,-10.41139661829316,-1.830913998103429,Non-Energy Minerals,Forest Products,4.53808752025932,US_SMID_CAP
SXT,128.6,132.49,133.105,128.0,439730.0,-1.8770028994353791,56549278.0,138.82,82.6,5473577624.455975,13.0712285932143,34.758635601924425,4.344356829119487,20.457100037467207,1.5633265832001315,2026-09-11,55.7,79.3,138.82,321.5,7.9,5473.6,20.0,30.0,15.6,54.7,0.0,⚠️ ELENDİ (ZOMBİ VEYA PRİMLİ),0.0,-2.8407373828951488,-4.895725484395803,Consumer Non-Durables,Food: Specialty/Candy,14.048962383275098,US_SMID_CAP
BEPC,30.77,31.07,31.17,30.54,1840883.0,-0.2593192868719671,56643969.91,45.18,30.54,4642564661.638898,12.0,15.0,2.0,-8.640142517814727,1.073373314803202,2026-09-11,0.8,28.92,45.18,76.92,46.8,4642.6,65.0,55.0,10.7,37.6,0.0,⚠️ ELENDİ (ZOMBİ VEYA PRİMLİ),-76.5,-12.460881934566142,-2.317460317460319,Utilities,Electric Utilities,21.5629382918988,US_SMID_CAP
MUR,38.5,38.35,38.65,37.99,1471727.0,-0.8498583569405055,56661489.5,43.34,25.315,5520173333.569405,5.6464904748153,19.084915481088583,1.049474118060114,50.39062499999999,1.0103106498944123,2026-09-11,52.1,24.3,43.34,96.25,12.6,5520.2,20.0,40.0,48.3,35.4,0.0,⚠️ ELENDİ (ZOMBİ VEYA PRİMLİ),0.0,9.157924581797552,3.801563763817731,Energy Minerals,Oil & Gas Production,21.6140922209553,US_SMID_CAP
ITGR,126.0,126.29,126.29,125.98,449895.0,-0.0396667988893273,56686770.0,126.795,62.0,4282997944.641015,7.50358093975781,34.35020855483766,2.491927440610546,23.07091228755617,0.5600772638844747,2026-09-11,103.2,59.52,126.8,315.0,0.6,4283.0,20.0,30.0,10.0,19.6,0.0,⚠️ ELENDİ (ZOMBİ VEYA PRİMLİ),0.0,0.7596961215513818,0.1271455816910335,Health Technology,Medical Specialties,10.0349751149066,US_SMID_CAP
MANE,98.97,99.45,102.29,98.815,576006.0,0.8457305889545529,57007313.82,131.2399,32.0,4134980044.7528014,12.0,15.0,5.0785228820886745,191.08823529411765,1.1680701613501776,2026-09-11,209.3,30.72,131.24,247.43,32.6,4135.0,20.0,55.0,11.7,45.1,0.0,⚠️ BİYOTEK TUZAĞI (FDA RİSKİ),0.0,-8.555853275431954,0.0505458956732684,Health Technology,Pharmaceuticals: Major,10.0,US_SMID_CAP
UAA,5.11,5.11,5.18,5.01,11175697.0,2.816901408450716,57107811.67,8.15,4.13,2167409004.6197186,-29.8246352434259,15.0,1.536689591709695,2.2000000000000064,1.6431695093809202,2026-09-11,23.7,3.96,8.15,12.78,59.5,2167.4,100.0,55.0,28.8,71.6,0.0,⚠️ SAHTE KÂR (FAALİYET KÂRI YETERSİZ),0.0,-4.485981308411203,-0.5836575875486257,Consumer Non-Durables,Apparel/Footwear,0.674558384709849,US_SMALL_CAP
FUL,51.6,52.53,52.68,51.48,1107878.0,-0.0968054211035762,57166504.8,68.63,48.71,2775430476.38335,9.38763689735219,15.330679184740626,1.3327248256416258,-16.639741518578347,2.219288219129566,2026-09-11,5.9,46.76,68.63,129.0,33.0,2775.4,90.0,55.0,22.2,77.7,0.0,⚠️ ELENDİ (ZOMBİ VEYA PRİMLİ),0.0,-16.948334138097536,-2.751601960045233,Process Industries,Industrial Specialties,11.3484928217253,US_SMALL_CAP
BC,70.72,69.35,71.935,69.35,810108.0,1.2020606754436227,57290837.76,90.25,58.56,4582474206.690326,-4.82741300890142,15.0,2.731653654745553,8.383141762452105,1.0703572243972974,2026-09-11,20.8,56.22,90.25,176.8,27.6,4582.5,65.0,55.0,14.9,43.5,0.0,⚠️ SAHTE KÂR (FAALİYET KÂRI YETERSİZ),0.0,-13.965936739659371,-1.559020044543436,Producer Manufacturing,Trucks/Construction/Farm Machinery,5.88465159239063,US_SMID_CAP
COGT,33.41,34.51,35.0,33.21,1715800.0,-1.965962441314559,57324877.99999999,43.73,11.6,5797469848.060446,-109.736930918909,15.0,12.262935543426792,163.07086614173227,1.06775641960699,2026-09-11,188.0,11.14,43.73,83.52,30.9,5797.5,20.0,55.0,10.7,37.4,0.0,⚠️ BİYOTEK TUZAĞI (FDA RİSKİ),0.0,-13.891752577319588,-3.3275462962963127,Health Technology,Biotechnology,10.0,US_SMID_CAP
BETA,21.17,20.25,21.48,20.1949,2717441.0,6.435394670688793,57528225.970000006,39.5,13.43,4952532071.606336,12.0,15.0,3.065002077599425,-37.73529411764705,1.2082052500514526,2026-09-11,57.6,12.89,39.5,52.93,86.6,4952.5,20.0,55.0,48.3,74.5,0.0,⚠️ SAHTE KÂR (FAALİYET KÂRI YETERSİZ),0.0,-1.99074074074074,0.0945626477541519,Electronic Technology,Aerospace & Defense,-1129.30957584408,US_SMID_CAP
NVAX,9.42,9.29,9.865,9.23,6115741.0,1.2903225806451528,57610280.22,11.97,6.2,1553788756.3419352,12.0,15.0,2.0,17.38317757009345,1.0823129809703234,2026-09-11,51.9,5.95,11.97,23.55,27.1,1553.8,20.0,55.0,10.8,44.3,0.0,⚠️ SAHTE KÂR (FAALİYET KÂRI YETERSİZ),0.0,19.0897597977244,-10.285714285714286,Health Technology,Biotechnology,-28.8202399249872,US_SMALL_CAP
CALM,73.98,73.76,74.295,72.9,780301.0,0.3663003663003802,57726667.98,110.87,71.92,3470925529.4212456,12.1956592230535,11.29327715698846,1.320170176681169,-32.69038304066963,0.8266293598074739,2026-09-11,2.9,69.04,110.87,184.95,49.9,3470.9,65.0,55.0,46.7,30.8,0.0,⚠️ ELENDİ (ZOMBİ VEYA PRİMLİ),-56.9,-9.171270718232044,-1.362630329857859,Process Industries,Agricultural Commodities/Milling,11.7924243173588,US_SMID_CAP
DNN,3.02,3.26,3.27,3.0,25508394.0,-6.501547987616098,77035349.88,4.43,2.2,2733752570.6532445,-66.8238032882293,15.0,13.439979720761723,23.265306122448973,1.0801187744757208,2026-09-11,37.3,2.11,4.43,7.55,46.7,2733.8,20.0,55.0,10.8,37.8,0.0,⚠️ SAHTE KÂR (FAALİYET KÂRI YETERSİZ),0.0,-9.85074626865672,-10.91445427728614,Non-Energy Minerals,Other Metals/Minerals,-2100.65966283899,US_SMALL_CAP
BFH,106.37,109.27,111.43,104.185,545198.0,-0.4585438892008188,57992711.260000005,114.53,53.83,4086657726.806383,17.3939672331955,8.315548363391887,1.2233340885488246,65.47915370255134,1.2166187336764516,2026-09-11,97.6,51.68,114.53,265.93,7.7,4086.7,20.0,70.0,12.2,42.6,0.0,⚠️ ELENDİ (ZOMBİ VEYA PRİMLİ),0.0,-1.827411167512681,-0.6537779023068915,Finance,Finance/Rental/Leasing,17.26055092241597,US_SMID_CAP
OII,51.09,50.88,51.4,50.51,1142308.0,1.0282776349614458,58360515.720000006,54.25,22.02,5084969676.55527,34.8979198162512,14.711048403351668,4.367913575328342,110.59356966199503,1.5181009982610336,2026-09-11,132.0,21.14,54.25,127.73,6.2,5085.0,20.0,70.0,36.4,58.3,0.0,⚠️ ELENDİ (ZOMBİ VEYA PRİMLİ),0.0,0.1175778953556775,-0.467562828755104,Producer Manufacturing,Industrial Machinery,10.3728127823515,US_SMID_CAP
IRTC,111.43,114.82,116.01,110.2,524565.0,-1.284549964564129,58452277.95,212.0,100.8458,3673067564.821315,-9.63047613786627,15.0,19.738089038390346,-39.10928961748633,0.986086344518622,2026-09-11,10.5,96.81,212.0,278.58,90.3,3673.1,100.0,55.0,10.0,34.5,0.0,⚠️ SAHTE KÂR (FAALİYET KÂRI YETERSİZ),0.0,-7.203530979347095,-8.265415328887785,Health Technology,Medical Specialties,1.38004400631985,US_SMID_CAP
MIAX,41.47,43.02,43.02,40.88,1421535.0,-2.5152797367183832,58951056.45,57.14,35.43,4115105345.987071,18.1434392027883,53.41318907779496,3.5550518684382206,12.384823848238485,1.007711586221622,2026-09-11,17.0,34.01,57.14,103.67,37.8,4115.1,100.0,45.0,10.1,35.3,0.0,NÖTR,-74.3,-1.659947830211057,-0.7419818094782247,Finance,Investment Banks/Brokers,9.19046375426091,US_SMID_CAP
LBRT,20.96,21.07,21.67,20.76,2825669.0,0.963391136801538,59226022.24,34.478,10.685,3420492232.662813,6.12313337936453,28.4705243140451,1.7418128149556569,94.79553903345726,0.8935077131776205,2026-09-11,96.2,10.26,34.48,52.4,64.5,3420.5,20.0,30.0,10.0,36.1,0.0,⚠️ SAHTE KÂR (FAALİYET KÂRI YETERSİZ),0.0,-3.853211009174311,3.813769192669636,Industrial Services,Oilfield Services/Equipment,1.33298728238949,US_SMID_CAP
DRH,12.2,12.32,12.49,12.17,4857741.0,0.164203612479471,59264440.2,13.79,7.475,2503859942.430213,9.91874483684428,16.91390544849577,1.6378125268493855,44.89311163895486,2.082291328431672,2026-09-11,63.2,7.18,13.79,30.5,13.0,2503.9,20.0,55.0,20.8,73.7,0.0,⚠️ ELENDİ (ZOMBİ VEYA PRİMLİ),0.0,0.494233937397024,0.993377483443702,Finance,Real Estate Investment Trusts,16.2569981854438,US_SMALL_CAP
STWD,15.62,15.66,15.7601,15.565,3796056.0,0.0,59294394.72,20.62,15.47,5782038883.0,3.37543657994518,26.238871157399625,0.8907903568807282,-24.867724867724867,0.9331328028730234,2026-09-11,1.0,14.68,20.62,39.05,32.0,5782.0,65.0,30.0,10.0,32.7,0.0,⚠️ ELENDİ (ZOMBİ VEYA PRİMLİ),0.0,-6.186186186186183,-1.0766307789740337,Finance,Real Estate Investment Trusts,73.3316085149412,US_SMID_CAP
WLTH,10.38,10.95,11.08,10.3,5714809.0,-4.595588235294117,59319717.42,14.75,7.2,1550369493.5569851,-15.4965702868419,15.0,2.5243927351965523,-28.63526985218288,2.293156030668245,2026-09-11,44.2,6.91,14.75,25.95,42.1,1550.4,20.0,55.0,22.9,80.3,0.0,⚠️ SAHTE KÂR (FAALİYET KÂRI YETERSİZ),0.0,9.033613445378164,13.442622950819676,Technology Services,Packaged Software,-40.8241282276158,US_SMALL_CAP
ATRC,54.54,53.53,55.16,53.52,1098944.0,2.983383685800601,59936405.76,55.72,25.36,2774247673.483006,2.15144088634797,251.91685912240183,5.371594370758199,54.679523539421446,1.0932190305806553,2026-09-11,115.1,24.35,55.72,136.35,2.2,2774.2,20.0,30.0,28.0,53.2,0.0,⚠️ SAHTE KÂR (FAALİYET KÂRI YETERSİZ),0.0,28.814359943316,4.824139919277336,Health Technology,Medical Specialties,2.43845918872515,US_SMALL_CAP
GPK,9.5,9.54,9.67,9.37,6312897.0,1.171458998935031,59972521.5,20.76,8.785,2812679958.2002134,6.01177564301209,14.566084023305734,0.8691348265984533,-54.10628019323672,1.124388880754218,2026-09-11,8.1,8.43,20.76,23.75,118.5,2812.7,100.0,55.0,11.2,45.2,0.0,⚠️ SAHTE KÂR (FAALİYET KÂRI YETERSİZ),0.0,-20.10092514718251,-9.867172675521816,Process Industries,Containers/Packaging,6.93527845316661,US_SMALL_CAP
RITM,9.74,9.75,9.79,9.6201,6249802.0,0.828157349896481,60873071.48,12.68,8.43,5438883922.8882,5.43694477663872,16.214416514066922,0.7900822772539855,-22.57551669316376,1.3124767658002323,2026-09-11,15.5,8.09,12.68,24.35,30.2,5438.9,100.0,40.0,41.9,50.1,0.0,⚠️ ELENDİ (ZOMBİ VEYA PRİMLİ),0.0,-5.344995140913499,-2.697302697302693,Finance,Real Estate Investment Trusts,42.3236105266001,US_SMID_CAP
WKC,35.21,35.61,35.8,34.89,1729112.0,-0.3960396039603976,60882033.52,41.2,22.21,1801048560.1207922,-12.5551431972551,15.0,1.4334860050890583,39.11497431845122,2.029927099931569,2026-09-11,58.5,21.32,41.2,88.03,17.0,1801.0,20.0,55.0,20.3,71.0,0.0,⚠️ SAHTE KÂR (FAALİYET KÂRI YETERSİZ),0.0,-3.9814562312517054,0.2848191398462017,Distribution Services,Wholesale Distributors,0.814463138046104,US_SMALL_CAP
PRIM,75.28,74.06,76.525,73.9275,818717.0,3.165684527888176,61633015.76,205.5,65.0,4052497779.600384,8.8903704368773,29.624965566093422,2.52270873504655,-37.20910834932021,0.7779857874916128,2026-09-11,15.8,62.4,205.5,188.2,173.0,4052.5,100.0,30.0,10.7,43.1,0.0,⚠️ SAHTE KÂR (FAALİYET KÂRI YETERSİZ),0.0,-10.359609430816864,1.4008620689655258,Industrial Services,Engineering & Construction,3.02873800386644,US_SMID_CAP
PVH,70.64,70.39,71.19,69.43,873237.0,1.860129776496044,61685461.68,100.745,59.6,3259176425.792646,-3.49947197316381,15.0,0.680064567625172,-13.89566065333984,0.708823192309578,2026-09-11,18.5,57.22,100.75,176.6,42.6,3259.2,100.0,55.0,33.3,34.1,0.0,⚠️ SAHTE KÂR (FAALİYET KÂRI YETERSİZ),0.0,-16.894117647058824,-2.953702431652707,Consumer Non-Durables,Apparel/Footwear,8.5512525920529,US_SMID_CAP
BOX,33.75,34.09,34.38,33.65,1713930.0,-1.084407971864002,57845137.5,36.34,21.34,4630525501.4287815,70.2265998205256,48.7083273199596,2.0,2.6772132643748177,0.5397622121228048,2026-09-11,58.2,20.49,36.34,84.38,7.7,4630.5,20.0,45.0,10.0,18.9,0.0,⚠️ ELENDİ (ZOMBİ VEYA PRİMLİ),0.0,4.651162790697675,-5.249859629421667,Technology Services,Information Technology Services,9.44460200798982,US_SMID_CAP
REPL,12.92,13.33,13.74,12.4,4085045.0,-2.4169184290030232,52778781.4,16.33,1.5,1217317663.3172204,-134.285649697079,15.0,10.270351910587523,118.98305084745762,2.2684272281568414,2026-09-11,761.3,1.44,16.33,32.3,26.4,1217.3,20.0,55.0,22.7,79.4,0.0,⚠️ BİYOTEK TUZAĞI (FDA RİSKİ),0.0,-5.139500734214385,-15.11169513797635,Health Technology,Biotechnology,10.0,US_SMALL_CAP
POWI,52.28,50.68,53.15,50.51,1009717.0,5.212316361440942,52788004.76,91.1786,30.86,2921055972.494265,3.62157195322455,117.00984780662488,4.2854004570656645,16.229435304579823,1.1264812918225775,2026-09-11,69.4,29.63,91.18,130.7,74.4,2921.1,20.0,30.0,35.1,65.5,0.0,🪤 DÜŞEN BIÇAK (RÖLATİF ÇÖKÜŞ),0.0,-20.47459689686644,2.5098039215686296,Electronic Technology,Semiconductors,7.92554020072546,US_SMALL_CAP
BANC,18.55,18.57,18.62,18.26,2850834.0,0.8152173913043594,52882970.7,21.93,15.33,2938836593.304348,-0.657248388142792,15.0,1.0093441874561642,10.548271752085812,1.24939772542906,2026-09-11,21.0,14.72,21.93,46.38,18.2,2938.8,90.0,55.0,55.3,47.8,0.0,⚠️ SAHTE KÂR (FAALİYET KÂRI YETERSİZ),0.0,-5.35714285714286,-1.1720831113478896,Finance,Regional Banks,-5.356714614733737,US_SMALL_CAP
CRC,56.75,56.31,57.11,55.73,935559.0,0.8888888888888888,53092973.25,71.98,43.245,5040528921.444445,-3.55411954765751,15.0,1.4816369699623233,8.61244019138756,1.1901126764003391,2026-09-11,31.2,41.52,71.98,141.88,26.8,5040.5,20.0,55.0,45.4,46.1,0.0,⚠️ ELENDİ (ZOMBİ VEYA PRİMLİ),0.0,5.48327137546469,7.075471698113208,Energy Minerals,Integrated Oil,21.5796519410977,US_SMID_CAP
CECO,78.34,77.51,79.78,77.34,680846.0,3.912985807136229,53337475.64,101.2399,42.82,4588360291.311846,-2.57852888230334,15.0,2.2056273058574978,64.85690235690235,1.1099699148048048,2026-09-11,83.0,41.11,101.24,195.85,29.2,4588.4,20.0,55.0,11.1,58.4,0.0,⚠️ SAHTE KÂR (FAALİYET KÂRI YETERSİZ),0.0,1.5029800466442038,5.52262931034484,Producer Manufacturing,Industrial Machinery,5.81805016098816,US_SMID_CAP
EBC,21.6,21.85,21.92,21.415,2473228.0,-0.3000230786983509,53421724.8,23.775,16.615,4935849708.562197,9.4417984951874,12.244897959183676,1.154119270746229,27.05882352941177,1.270601640944022,2026-09-11,30.0,15.95,23.77,54.0,10.0,4935.8,20.0,55.0,12.7,44.5,0.0,⚠️ ELENDİ (ZOMBİ VEYA PRİMLİ),0.0,-6.896551724137922,-1.9073569482288744,Finance,Regional Banks,35.93844099805189,US_SMID_CAP
AEHR,94.69,96.16,102.7899,94.44,2933069.0,0.9380663042319536,277732303.61,147.4,18.7,3092532320.6426816,-4.16260200594657,15.0,14.010836980678688,257.1186121063549,0.8940280423145436,2026-09-11,406.4,17.95,147.4,236.72,55.7,3092.5,20.0,55.0,10.0,36.0,0.0,⚠️ SAHTE KÂR (FAALİYET KÂRI YETERSİZ),0.0,-23.637096774193548,21.36631632914637,Electronic Technology,Electronic Production Equipment,-28.2854342913142,US_SMID_CAP
HLNE,95.98,97.5,99.24,95.39,558050.0,0.1983505585134123,53561639.0,155.66,71.88,5296715558.306503,32.4948206392374,14.623295497828902,4.42960218498735,-36.166533652567175,1.0244188183194465,2026-09-11,33.5,69.0,155.66,239.95,62.2,5296.7,20.0,100.0,10.2,36.8,0.0,⚠️ ELENDİ (ZOMBİ VEYA PRİMLİ),0.0,-8.26722737264646,-5.652216651921753,Finance,Investment Managers,54.6159796636866,US_SMID_CAP
SYNA,101.03,94.91,101.06,94.16,530210.0,8.088156627795016,53567116.3,149.11,58.28,3950978562.736493,-42.230252968508,15.0,4.2458339094325765,43.83542141230069,0.6476330630597288,2026-09-11,73.4,55.95,149.11,252.57,47.6,3951.0,20.0,55.0,75.9,63.1,0.0,⚠️ SAHTE KÂR (FAALİYET KÂRI YETERSİZ),0.0,-8.22963030247979,2.24673616030766,Electronic Technology,Semiconductors,-2.93184096224524,US_SMID_CAP
SHOO,42.93,41.77,43.015,41.77,1248798.0,3.2964388835418608,53610898.14,49.7,30.7,3141492728.429018,16.1621540212756,21.52311240348942,3.343010126369365,40.11096605744125,1.2168868461025453,2026-09-11,39.8,29.47,49.7,107.33,15.8,3141.5,20.0,55.0,72.6,59.1,0.0,⚠️ ELENDİ (ZOMBİ VEYA PRİMLİ),0.0,-11.228287841191069,3.1227480182560585,Consumer Non-Durables,Apparel/Footwear,9.03436408060321,US_SMID_CAP
CENX,44.05,44.94,45.48,43.28,1222099.0,-0.6988277727682648,53833460.95,70.43,25.4,4360654650.509467,56.7332549941245,7.622030349696329,3.107870991957634,95.69080408707238,0.8071402747673914,2026-09-11,73.4,24.38,70.43,110.12,59.9,4360.7,20.0,85.0,10.0,28.2,0.0,⚠️ ELENDİ (ZOMBİ VEYA PRİMLİ),0.0,-16.635124905374727,-5.815693820825327,Non-Energy Minerals,Aluminum,14.869526094781,US_SMID_CAP
AI,10.54,10.52,10.815,10.42,5131955.0,0.668576886341915,54090805.7,20.22,7.675,1657729781.5797515,-59.7719786840907,15.0,2.423880047833686,-32.73771537970645,0.801300497753747,2026-09-11,37.3,7.37,20.22,26.35,91.8,1657.7,20.0,55.0,10.0,31.4,0.0,⚠️ SAHTE KÂR (FAALİYET KÂRI YETERSİZ),0.0,0.3809523809523728,-3.391384051329065,Technology Services,Packaged Software,-198.131094490967,US_SMALL_CAP
ELVN,54.32,57.0,57.0,54.12,995807.0,-3.396763293615502,54092236.24,62.32,14.785,3980067628.329362,-15.3115629207709,15.0,4.445102735718511,185.5941114616193,1.0983745318319011,2026-09-11,267.4,14.19,62.32,135.8,14.7,3980.1,20.0,55.0,11.0,38.4,0.0,⚠️ BİYOTEK TUZAĞI (FDA RİSKİ),0.0,-8.072431883567445,-8.996481822750876,Health Technology,Biotechnology,10.0,US_SMID_CAP
YOU,42.23,42.26,43.005,42.14,1282127.0,-1.1932615816565395,54144223.20999999,69.07,29.435,5713215922.52714,90.2894542435177,28.825938566552896,20.904284809124025,16.08026388125342,0.8456784439580479,2026-09-11,43.5,28.26,69.07,105.57,63.6,5713.2,20.0,75.0,10.0,29.6,0.0,⚠️ ELENDİ (ZOMBİ VEYA PRİMLİ),0.0,-11.929092805005224,-4.780157835400235,Technology Services,Packaged Software,25.1294088961371,US_SMID_CAP
NXST,169.085,170.45,173.105,168.1,332276.0,-0.5206801200211749,56182887.46,254.3,154.47,5209221446.286521,7.34350807343508,32.266282464744386,2.299733079447117,-14.235353791529292,0.9297093965629885,2026-09-11,9.5,148.29,254.3,422.71,50.4,5209.2,100.0,30.0,10.0,32.5,0.0,⚠️ ELENDİ (ZOMBİ VEYA PRİMLİ),0.0,-7.603825136612017,-4.298732171156893,Consumer Services,Broadcasting,18.0054458815521,US_SMID_CAP
TNGX,23.78,23.72,24.625,23.185,2279285.0,1.7543859649122813,54201397.3,34.39,6.38,4009554666.8771935,-21.3404905276993,15.0,3.9082016355938887,273.8993710691824,1.0051691604151698,2026-09-11,272.7,6.12,34.39,59.45,44.6,4009.6,20.0,55.0,10.1,44.0,0.0,⚠️ SAHTE KÂR (FAALİYET KÂRI YETERSİZ),0.0,-8.819018404907965,5.7829181494661945,Health Technology,Biotechnology,-253.37942056456896,US_SMID_CAP
NG,7.5,7.77,8.085,7.4,7232892.0,-1.4454664914586113,54246690.0,14.398,5.075,3290854854.7963204,-24.6279170519184,15.0,7.816408204102051,11.940298507462684,1.4412935225632062,2026-09-11,47.8,4.87,14.4,18.75,92.0,3290.9,20.0,55.0,14.4,50.4,0.0,⚠️ ELENDİ (ZOMBİ VEYA PRİMLİ),0.0,-4.092071611253201,-7.0631970260223085,Non-Energy Minerals,Precious Metals,10.0,US_SMID_CAP
NKTR,69.76,71.41,71.41,68.35,784097.0,-1.2597310686482668,54698606.720000006,109.0,33.4,2381815307.749186,-35.7549692232424,15.0,2.636285890390821,44.79036944790371,1.297365350467028,2026-09-11,108.9,32.06,109.0,174.4,56.2,2381.8,20.0,55.0,13.0,45.4,0.0,⚠️ SAHTE KÂR (FAALİYET KÂRI YETERSİZ),0.0,-8.198447164100527,-6.575599303602513,Health Technology,Pharmaceuticals: Major,-239.32110864826203,US_SMALL_CAP
KNF,57.63,58.13,58.49,57.375,952641.0,0.7869884575026282,54900700.830000006,96.28,56.99,3271275918.1841555,9.12016772062648,23.48123701259015,2.037050783114005,-27.234848484848484,1.1033350532388948,2026-09-11,1.1,54.17,96.28,144.08,67.1,3271.3,65.0,30.0,11.0,42.6,0.0,⚠️ SAHTE KÂR (FAALİYET KÂRI YETERSİZ),0.0,-15.75793012717438,-6.822958771220693,Non-Energy Minerals,Construction Materials,8.96395654165413,US_SMID_CAP
PHVS,38.02,38.125,40.6,37.47,1449467.0,1.359637430018675,55108735.34,43.25,20.65,2656217208.0671825,-71.1375670589695,15.0,7.761116032971475,62.54809747755452,1.1653092521390285,2026-09-11,84.1,19.82,43.25,95.05,13.8,2656.2,20.0,55.0,11.7,47.6,0.0,⚠️ BİYOTEK TUZAĞI (FDA RİSKİ),0.0,11.72494857478696,7.52262443438915,Health Technology,Biotechnology,10.0,US_SMALL_CAP
RUN,8.56,8.78,8.96,8.53,6443148.0,-0.8111239860950206,55153346.88,22.44,8.22,2061650217.835458,12.6232173582797,5.755782678859602,0.588948005385847,-47.07882534775889,0.9430225762585944,2026-09-11,4.1,7.89,22.44,21.4,162.1,2061.7,100.0,55.0,10.0,33.0,0.0,⚠️ SAHTE KÂR (FAALİYET KÂRI YETERSİZ),0.0,-17.533718689788056,-3.712035995500563,Electronic Technology,Semiconductors,2.45672053444447,US_SMALL_CAP
QURE,44.51,44.66,45.3,44.04,1241295.0,0.089948279739148,55250040.45,71.5,8.73,3087499302.7537665,-157.607476402086,15.0,9.5235038620365,152.7541169789892,0.9938432392326344,2026-09-11,409.9,8.38,71.5,111.27,60.6,3087.5,20.0,55.0,10.0,35.2,0.0,⚠️ SAHTE KÂR (FAALİYET KÂRI YETERSİZ),0.0,-1.3300820217246765,-0.890670229347581,Health Technology,Biotechnology,-1093.17694944299,US_SMID_CAP
GLOB,37.75,36.7,37.93,36.45,1464955.0,2.861035422343316,55302051.25,72.1,27.56,1630028196.6212533,5.35762749296413,14.821358460934432,0.7537838451442443,-34.17611159546644,1.4786187681748268,2026-09-11,37.0,26.46,72.1,94.38,91.0,1630.0,20.0,55.0,67.8,66.1,0.0,⚠️ ELENDİ (ZOMBİ VEYA PRİMLİ),0.0,-0.7362608466999767,-5.186487504709275,Technology Services,Information Technology Services,9.70509735573294,US_SMALL_CAP
MBGL,20.16,20.23,20.36,19.91,2754418.0,-0.1485884101040175,55529066.88,26.0,17.67,5943597960.178306,12.0,15.0,0.6043312202724347,-19.520958083832337,0.7347050957456334,2026-09-11,14.1,16.96,26.0,50.4,29.0,5943.6,90.0,55.0,15.1,25.7,0.0,⚠️ ELENDİ (ZOMBİ VEYA PRİMLİ),0.0,4.727272727272728,-0.8362026561731342,Technology Services,Internet Software/Services,10.0,US_SMID_CAP
ASB,30.04,30.69,30.695,29.93,1848626.0,-0.9887936717205034,55532725.04,32.46,23.86,5673043669.170732,9.65811666389126,10.49872435606193,1.0413445685769076,13.960546282245827,0.9844006691870788,2026-09-11,25.9,22.91,32.46,75.1,8.1,5673.0,20.0,55.0,10.0,34.5,0.0,⚠️ ELENDİ (ZOMBİ VEYA PRİMLİ),0.0,-5.9486537257357615,-2.3724406889827767,Finance,Major Banks,38.85975547043735,US_SMID_CAP
ENOV,19.28,18.59,19.57,18.08,2885613.0,4.725692558392184,55634618.64,34.28,18.08,1111867773.588267,-54.2485871415206,15.0,0.7526960220717959,-36.6622864651774,1.4512866582012012,2026-09-11,6.6,17.36,34.28,48.2,77.8,1111.9,100.0,55.0,57.3,74.4,0.0,⚠️ SAHTE KÂR (FAALİYET KÂRI YETERSİZ),0.0,-20.429219975237302,1.4203051025775884,Health Technology,Medical Specialties,3.40698849561722,US_SMALL_CAP
ALNT,98.66,95.81,101.15,95.61,565129.0,4.756848587810564,55755627.14,118.67,41.75,1677467836.8950944,9.51449723624608,58.06945261918775,5.368118187832991,114.99237306602744,2.718881327473437,2026-09-11,136.3,40.08,118.67,246.65,20.3,1677.5,20.0,30.0,34.3,100.0,0.0,⚠️ ELENDİ (ZOMBİ VEYA PRİMLİ),0.0,-15.189546978423452,7.6839118096485395,Producer Manufacturing,Electrical Products,8.93538767741509,US_SMALL_CAP
OUST,35.33,35.56,36.4,35.13,1580104.0,0.2838489923360813,55825074.32,63.79,16.4,2547728769.4260573,-18.00550696305,15.0,6.516814968937683,24.88511841640156,0.8692857917382245,2026-09-11,115.4,15.74,63.79,88.32,80.6,2547.7,20.0,55.0,10.0,31.8,0.0,⚠️ SAHTE KÂR (FAALİYET KÂRI YETERSİZ),0.0,-24.1031149301826,-1.202460850111856,Electronic Technology,Semiconductors,-34.4078045161952,US_SMALL_CAP
ESAB,70.69,70.94,71.37,70.09,791817.0,2.0499494730763703,55973543.73,137.42,68.22,4394642171.830807,8.57984628207602,25.463780123194407,1.856167378035572,-37.91498331284033,1.0154473438119571,2026-09-11,3.6,65.49,137.42,176.72,94.4,4394.6,100.0,30.0,10.2,45.8,0.0,🪤 DÜŞEN BIÇAK (RÖLATİF ÇÖKÜŞ),0.0,-20.42998649257092,-5.368139223560917,Producer Manufacturing,Industrial Machinery,14.1529718809282,US_SMID_CAP
RAMP,37.6,37.78,37.81,37.6,1492923.0,-0.3973509933774797,56133904.8,38.2295,21.71,2285891214.1350994,16.0547763905114,15.533980582524272,2.338567328970495,40.77124672407338,1.35274996629277,2026-09-11,73.2,20.84,38.23,94.0,1.7,2285.9,20.0,70.0,13.5,47.3,0.0,⚠️ ELENDİ (ZOMBİ VEYA PRİMLİ),0.0,-0.3973509933774797,-0.3709591944886077,Technology Services,Packaged Software,12.9236249314989,US_SMALL_CAP
AMLX,31.62,32.09,33.0,31.37,1712686.0,-1.4646307260828992,54155131.32,41.14,10.83,3968722541.971954,-74.7300046186653,15.0,14.723892099295467,172.58620689655174,1.0371204596769574,2026-09-11,192.0,10.4,41.14,79.05,30.1,3968.7,20.0,55.0,10.4,36.3,0.0,⚠️ BİYOTEK TUZAĞI (FDA RİSKİ),0.0,32.52305113160101,-5.27261833433194,Health Technology,Pharmaceuticals: Major,10.0,US_SMID_CAP
FRPT,63.74,65.52,66.75,63.37,1090633.0,-2.194261163111861,69516947.42,86.0,46.45,3063221611.741292,17.6217550392968,16.79711176114054,2.504134926278488,19.34094738812957,0.9892035320372612,2026-09-11,37.2,44.59,86.0,159.35,34.9,3063.2,20.0,40.0,10.0,34.6,0.0,⚠️ SAHTE KÂR (FAALİYET KÂRI YETERSİZ),0.0,-11.21326089984678,-7.50253954433318,Consumer Non-Durables,Food: Specialty/Candy,8.26096484522317,US_SMID_CAP
AAP,44.68,44.0,45.28,43.49,1564149.0,3.163241745555293,69886177.32,65.21,37.89,2698672153.71323,4.84304932735426,32.43086303259055,1.1877712726830951,-25.45879212545879,0.9562963456146404,2026-09-11,17.9,36.37,65.21,111.7,45.9,2698.7,100.0,30.0,32.6,49.3,0.0,⚠️ SAHTE KÂR (FAALİYET KÂRI YETERSİZ),0.0,-15.951843491346873,4.808820079756034,Retail Trade,Specialty Stores,3.90815261509915,US_SMALL_CAP
MEOH,62.9,61.34,64.7,60.5654,1113994.0,0.2869897959183669,70070222.6,66.75,32.0,4866212347.967507,3.37041195546747,57.11967197870536,1.898873849587957,63.46153846153847,1.9780235780259927,2026-09-11,96.6,30.72,66.75,157.25,6.1,4866.2,20.0,30.0,28.8,70.7,0.0,⚠️ ELENDİ (ZOMBİ VEYA PRİMLİ),0.0,16.611049314052654,6.501862512698944,Process Industries,Chemicals: Specialty,17.3814027669945,US_SMID_CAP
MTRN,257.51,256.7,259.53,254.22,273254.0,2.320499066237535,70365637.53999999,304.58,109.6096,5364892478.961576,9.45845526031849,60.000466004939646,5.392643547120136,133.3574988672406,1.063162399813244,2026-09-11,134.9,105.23,304.58,643.77,18.3,5364.9,20.0,30.0,27.4,48.8,0.0,⚠️ SAHTE KÂR (FAALİYET KÂRI YETERSİZ),0.0,-11.426409383276589,7.237746220797066,Electronic Technology,Electronic Equipment/Instruments,6.19228690420925,US_SMID_CAP
ATAI,7.35,7.31,7.37,7.3,9587449.0,0.8230452674897066,70467750.14999999,7.45,3.265,2725855176.0,12.0,15.0,15.386869871043375,49.54221770091556,0.4958547332315531,2026-09-11,125.1,3.13,7.45,18.38,1.4,2725.9,20.0,55.0,35.0,21.5,0.0,⚠️ SAHTE KÂR (FAALİYET KÂRI YETERSİZ),0.0,1.5193370165745776,0.0544514021235986,Health Technology,Pharmaceuticals: Major,-3274.31254191875,US_SMALL_CAP
VKTX,31.98,32.26,33.05,31.7,2204931.0,-0.4668534080298852,70513693.38,43.15,22.959,3730561108.590102,-88.8529280315806,15.0,9.136438046207864,23.7137330754352,1.222000894277709,2026-09-11,39.3,22.04,43.15,79.95,34.9,3730.6,20.0,55.0,12.2,42.8,0.0,⚠️ BİYOTEK TUZAĞI (FDA RİSKİ),0.0,-6.134429116524802,-5.244444444444443,Health Technology,Pharmaceuticals: Major,10.0,US_SMID_CAP
CRI,30.43,30.53,31.03,30.09,2322818.0,0.794965220271608,70683351.74,44.44,27.15,1117121393.6690958,20.1784475541203,5.696901619395301,1.0874311823661045,4.78650137741047,1.5575993468165084,2026-09-11,12.1,26.06,44.44,76.08,46.0,1117.1,100.0,70.0,15.6,58.5,0.0,🪤 DÜŞEN BIÇAK (RÖLATİF ÇÖKÜŞ),0.0,-23.86790092569427,-7.507598784194526,Retail Trade,Apparel/Footwear Retail,8.91881915104249,US_SMALL_CAP
SATA,99.75,100.01,100.01,99.46,713723.0,-0.2599740025997451,71193869.25,101.35,79.01,2508763010.0,-137.872221995685,15.0,12.650217368146055,21.646341463414632,1.505852740491934,2026-09-11,26.2,75.85,101.35,249.38,1.6,2508.8,65.0,55.0,18.9,52.7,0.0,⚠️ SAHTE KÂR (FAALİYET KÂRI YETERSİZ),0.0,0.2814919071076718,-0.2400240024002349,Finance,Financial Conglomerates,-14415.5789473684,US_SMALL_CAP
FRMI,5.5,5.41,5.64,5.34,12975446.0,2.0408163265306185,71364953.0,36.9899,4.47,3522570316.326531,12.0,15.0,3.4019285842410296,-78.0,0.7994680697913915,2026-09-11,23.0,4.29,36.99,13.75,572.5,3522.6,65.0,55.0,12.7,38.2,0.0,🪤 DÜŞEN BIÇAK (RÖLATİF ÇÖKÜŞ),-78.6,-26.174496644295303,14.583333333333336,Finance,Real Estate Development,10.0,US_SMID_CAP
RNG,68.92,68.75,70.4,67.97,1043044.0,-0.1738122827346531,71886592.48,77.95,24.14,5755244876.227114,12.0,54.89009238611023,2.0,126.85977616853197,0.7188199665566407,2026-09-11,185.5,23.17,77.95,172.3,13.1,5755.2,20.0,30.0,10.0,25.2,0.0,⚠️ SAHTE KÂR (FAALİYET KÂRI YETERSİZ),0.0,10.803858520900318,-8.533510285335094,Technology Services,Packaged Software,7.43283984120116,US_SMID_CAP
CELC,83.45,86.38,87.01,83.235,863367.0,-2.3862440051467915,72047976.15,151.02,44.42,4083367591.8756576,-1433.70260175983,15.0,2.0,41.58466236851036,1.0963059148180665,2026-09-11,87.9,42.64,151.02,208.62,81.0,4083.4,20.0,55.0,11.0,38.4,0.0,⚠️ ELENDİ (ZOMBİ VEYA PRİMLİ),0.0,-5.940036068530202,-12.91871021600751,Health Technology,Medical Specialties,10.0,US_SMID_CAP
ARR,15.8,15.93,16.01,15.745,4570527.0,-0.1895135818066921,72214326.60000001,19.31,13.98,2236538013.834492,20.3313718066215,4.2403585518370415,0.8354360235783312,1.9354838709677464,1.3418550189778664,2026-09-11,13.0,13.42,19.31,39.5,22.2,2236.5,90.0,85.0,13.4,47.0,0.0,NÖTR,0.0,-5.389221556886219,-1.9547005895128624,Finance,Real Estate Investment Trusts,114.365802521491,US_SMALL_CAP
MC,64.03,65.38,65.5889,63.5,1134284.0,-0.3424124513618659,72628204.52,78.2162,51.06,5194352530.062724,44.6780004051725,22.29379199888584,9.377631646394596,-12.7418915235759,1.6406207399198325,2026-09-11,25.4,49.02,78.22,160.07,22.2,5194.4,20.0,75.0,16.4,57.4,0.0,NÖTR,0.0,-4.447097448142074,-6.797671033478896,Finance,Investment Banks/Brokers,18.4170333559086,US_SMID_CAP
CLMT,56.8,55.98,58.4,55.7,1278844.0,0.6378454996456404,72638339.2,58.4,17.08,4992619428.575479,12.0,15.0,2.0,221.6308040770102,0.997538065906698,2026-09-11,232.6,16.4,58.4,142.0,2.8,4992.6,20.0,55.0,10.0,38.1,0.0,⚠️ SAHTE KÂR (FAALİYET KÂRI YETERSİZ),0.0,23.50510980647966,6.406893967778183,Energy Minerals,Oil Refining/Marketing,1.19353574073267,US_SMID_CAP
IMAX,52.09,51.71,52.415,50.95,1189595.0,1.4410905550146096,61966003.55,55.5706,30.74,2856725606.7762413,12.1017121075308,71.32685197863893,8.02701045098577,67.33054930934792,1.4685607426978424,2026-09-11,69.5,29.51,55.57,130.23,6.7,2856.7,20.0,30.0,53.6,58.6,0.0,⚠️ ELENDİ (ZOMBİ VEYA PRİMLİ),0.0,2.701104100946381,-0.8187357197258182,Consumer Durables,Electronics/Appliances,22.7678678721934,US_SMALL_CAP
KLAR,13.83,13.945,13.99,13.735,5283465.0,0.2173913043478214,73070320.95,47.48,12.06,5220934385.278261,-5.98451558903536,15.0,2.1482126963564263,-69.6043956043956,0.6998014622218947,2026-09-11,14.7,11.58,47.48,34.58,243.3,5220.9,100.0,55.0,10.0,25.6,0.0,⚠️ SAHTE KÂR (FAALİYET KÂRI YETERSİZ),0.0,-27.40157480314961,-4.356846473029051,Commercial Services,Miscellaneous Commercial Services,-1.23793018073781,US_SMID_CAP
ACI,12.08,11.67,12.12,11.665,6054069.0,3.247863247863255,73133153.52,20.0,10.86,5862734161.74359,2.71655985114741,161.49732620320856,3.6604729524986968,-35.08866200967221,0.7935438459436203,2026-09-11,11.2,10.43,20.0,30.2,65.6,5862.7,100.0,30.0,65.6,44.0,0.0,⚠️ SAHTE KÂR (FAALİYET KÂRI YETERSİZ),0.0,0.1658374792703115,-2.5806451612903247,Retail Trade,Food Retail,1.96399758269827,US_SMID_CAP
TREX,44.95,44.38,45.13,43.67,1630098.0,2.931073963819558,73272905.10000001,61.07,29.77,4578840035.951453,17.7409722618187,26.55991491373198,4.533128140792204,-25.910664249217074,1.1195915645839118,2026-09-11,51.0,28.58,61.07,112.38,35.9,4578.8,20.0,45.0,63.9,53.8,0.0,⚠️ ELENDİ (ZOMBİ VEYA PRİMLİ),0.0,-9.81139646869984,3.285845588235293,Non-Energy Minerals,Forest Products,20.1669847130752,US_SMID_CAP
DCO,172.73,169.65,173.07,166.61,424597.0,3.344501615412231,73340639.81,210.39,84.76,2608184839.0093336,-3.54910249744505,15.0,3.777451199083247,88.38477478460028,2.0944595087209747,2026-09-11,103.8,81.37,210.39,431.82,21.8,2608.2,20.0,55.0,83.6,90.0,0.0,⚠️ ELENDİ (ZOMBİ VEYA PRİMLİ),0.0,-14.248125899816324,3.8352870453862313,Electronic Technology,Aerospace & Defense,10.3557092463552,US_SMALL_CAP
GT,5.37,5.64,5.71,5.35,13705725.0,-3.068592057761732,73599743.25,10.62,5.35,1546016237.0956678,-63.9346323067253,15.0,0.5441087812267271,-37.119437939110064,1.7857652862673328,2026-09-11,0.4,4.97,10.62,13.43,97.8,1546.0,65.0,55.0,17.9,62.5,0.0,⚠️ SAHTE KÂR (FAALİYET KÂRI YETERSİZ),0.0,-12.398042414355624,-11.822660098522164,Consumer Durables,Automotive Aftermarket,2.80902051658848,US_SMALL_CAP
PLNT,50.75,51.0,51.385,50.26,1459208.0,1.5406162464986055,74054806.0,114.26,37.03,3833298312.184874,12.0,17.219149730261595,2.0,-50.09832841691249,0.8828775454589898,2026-09-11,37.1,35.55,114.26,126.88,125.1,3833.3,20.0,40.0,10.0,38.6,0.0,⚠️ ELENDİ (ZOMBİ VEYA PRİMLİ),0.0,4.017216642754665,-0.9176103084732504,Consumer Services,Other Consumer Services,30.9490994718472,US_SMID_CAP
BAND,56.87,52.55,57.27,52.55,1302276.0,10.170476559473071,74060436.11999999,79.08,12.5,1830121332.5185976,0.593671783939133,15.0,4.839225723884178,273.40774786605385,1.512751992035922,2026-09-11,355.0,12.0,79.08,142.17,39.1,1830.1,20.0,55.0,73.3,100.0,0.0,⚠️ SAHTE KÂR (FAALİYET KÂRI YETERSİZ),0.0,7.28164497264667,20.512820512820515,Technology Services,Packaged Software,-1.82397940703464,US_SMALL_CAP
LGND,284.47,291.48,294.0,283.77,261160.0,-1.652549697493508,74292185.2,326.63,161.82,5671082925.06759,21.9615878221314,30.41256401210217,5.856897909165479,70.50467513785664,1.3684676055275276,2026-09-11,75.8,155.35,326.63,711.18,14.8,5671.1,20.0,60.0,13.7,47.9,0.0,⚠️ ELENDİ (ZOMBİ VEYA PRİMLİ),0.0,-2.0352641366485185,-1.0229289168783262,Health Technology,Pharmaceuticals: Major,34.4518176373812,US_SMID_CAP
JBLU,4.4,4.505,4.52,4.39,16920316.0,0.2277904328018377,74449390.4,6.62,3.87,1660173606.8337133,-44.3554443053817,15.0,1.0452423655735177,-14.563106796116504,0.8528376870362993,2026-09-11,13.7,3.72,6.62,11.0,50.5,1660.2,100.0,55.0,10.0,31.0,0.0,⚠️ SAHTE KÂR (FAALİYET KÂRI YETERSİZ),0.0,-25.297113752122232,-4.7619047619047565,Transportation,Airlines,-5.88235294117647,US_SMALL_CAP
SON,47.84,49.1,49.49,47.59,1557775.0,-1.2182531488746569,74523956.0,60.67,38.65,4730180029.634524,18.9251949473233,7.3757728064630514,1.3208077468245671,4.113166485310121,1.2680929807590786,2026-09-11,23.8,37.1,60.67,119.6,26.8,4730.2,65.0,70.0,12.7,44.4,0.0,NÖTR,0.0,-17.374784110535398,-8.61509073543457,Process Industries,Containers/Packaging,9.95874064793606,US_SMID_CAP
KAI,266.3,288.01,288.01,266.15,280935.0,-6.96293190790623,74812990.5,354.07,244.87,3144768061.865283,11.2596679073194,28.65721111421992,3.0741986650381765,-17.254451107727675,1.965211211150992,2026-09-11,8.8,235.08,354.07,665.75,33.0,3144.8,100.0,30.0,19.7,68.8,0.0,🪤 DÜŞEN BIÇAK (RÖLATİF ÇÖKÜŞ),0.0,-21.4083343170818,-10.000337963432347,Producer Manufacturing,Industrial Machinery,15.5435355261593,US_SMID_CAP
TFX,130.99,133.23,134.09,128.98,572743.0,-0.7651515151515083,75023605.57000001,145.0,100.18,5550360463.637424,-10.5074543169672,15.0,1.9109117451705315,0.1912192137065932,1.011570101384318,2026-09-11,30.8,96.17,145.0,327.48,10.7,5550.4,20.0,55.0,10.1,35.4,0.0,⚠️ ELENDİ (ZOMBİ VEYA PRİMLİ),0.0,-1.3778045475078935,-5.558759913482322,Health Technology,Medical Specialties,11.0159911620361,US_SMID_CAP
PENG,51.16,49.935,51.4133,49.43,1471196.0,5.224187577128752,75266387.36,89.86,16.04,2621576406.7832165,17.1713718657108,32.45780992259865,5.970553361528909,98.5254171517268,1.0873450416391757,2026-09-11,219.0,15.4,89.86,127.9,75.6,2621.6,20.0,45.0,63.0,64.2,0.0,⚠️ ELENDİ (ZOMBİ VEYA PRİMLİ),0.0,-15.574771444602137,2.299540091981601,Electronic Technology,Semiconductors,8.1323346897752,US_SMALL_CAP
ALHC,12.61,12.89,12.95,12.39,6076401.0,-1.1755485893416957,76623416.61,25.12,12.39,2615757289.9239807,20.0439302828381,67.54151044456347,9.853718000812677,-19.93650793650794,1.463205612694373,2026-09-11,1.8,11.66,25.12,31.52,99.2,2615.8,65.0,30.0,14.6,51.2,0.0,⚠️ SAHTE KÂR (FAALİYET KÂRI YETERSİZ),0.0,-4.469696969696969,-5.47226386806597,Health Services,Managed Health Care,1.20157410577217,US_SMALL_CAP
BKH,71.3,72.83,72.88,71.3,1024647.0,-1.355838406198124,73057331.1,78.69,58.1,5436849025.823188,7.88970248697144,17.9705615485432,1.3787790244587277,21.27912910358904,1.3360674997385622,2026-09-11,22.7,55.78,78.69,178.25,10.4,5436.8,65.0,40.0,13.4,46.8,0.0,⚠️ ELENDİ (ZOMBİ VEYA PRİMLİ),0.0,-3.0986681163359626,-2.1007826445146245,Utilities,Gas Distributors,23.8561238691719,US_SMID_CAP
RHI,37.68,37.69,38.12,37.11,1650715.0,0.6948156066274666,62198941.2,46.699,21.83,3856993627.927312,9.11105316487648,32.79373368146214,3.193777896819275,7.167235494880556,0.9757345931447746,2026-09-11,72.6,20.96,46.7,94.2,23.9,3857.0,20.0,30.0,18.8,37.6,0.0,⚠️ SAHTE KÂR (FAALİYET KÂRI YETERSİZ),0.0,-8.963517757912541,-11.67369901547116,Commercial Services,Personnel Services,0.201212831072657,US_SMID_CAP
EWTX,44.4,43.54,44.8,42.9,1404270.0,3.4965034965034967,62349588.0,48.4,13.685,4822023703.188811,-38.0316020471524,15.0,10.679571951210711,202.8649386084584,1.4857460867798784,2026-09-11,224.4,13.14,48.4,111.0,9.0,4822.0,20.0,55.0,55.4,69.5,0.0,⚠️ BİYOTEK TUZAĞI (FDA RİSKİ),0.0,-0.2022926500337231,6.398274622573693,Health Technology,Biotechnology,10.0,US_SMID_CAP
BKV,24.23,24.97,25.16135,24.025,2574311.0,-2.924679487179489,62375555.53,32.81,20.08,2651678476.451923,13.8632765611743,8.716140868376561,1.151880945997083,9.93647912885663,0.7995342887183221,2026-09-11,20.7,19.28,32.81,60.58,35.4,2651.7,100.0,55.0,10.0,28.0,0.0,⚠️ SAHTE KÂR (FAALİYET KÂRI YETERSİZ),0.0,-8.219696969696964,-7.27133562954458,Energy Minerals,Integrated Oil,-0.8586811850287989,US_SMALL_CAP
IRT,15.19,15.34,15.48,15.165,4139337.0,-0.262639527248857,62876529.03,17.79,14.6,3671213432.855548,1.28578245904701,83.00546448087431,1.0660172780417283,-12.29792147806005,1.1061971285364294,2026-09-11,4.0,14.02,17.79,37.98,17.1,3671.2,90.0,30.0,11.1,38.7,0.0,⚠️ ELENDİ (ZOMBİ VEYA PRİMLİ),0.0,-8.383594692400477,-5.121798875702698,Finance,Real Estate Investment Trusts,17.0430755757107,US_SMID_CAP
UMAC,22.95,23.57,23.9899,22.87,2745280.0,-2.4649383765405943,63004176.0,34.9264,7.245,1146501819.3518913,-2.94215750942946,15.0,2.954591976641343,129.04191616766468,0.9194414947542252,2026-09-11,216.8,6.96,34.93,57.38,52.2,1146.5,20.0,55.0,10.0,32.2,0.0,⚠️ SAHTE KÂR (FAALİYET KÂRI YETERSİZ),0.0,-15.934065934065938,-8.820023837902273,Electronic Technology,Electronic Equipment/Instruments,-93.5187883201197,US_SMALL_CAP
SHAZ,59.41,57.28,60.74,57.28,1060650.0,5.020328796181715,63013216.5,97.48,16.55,2127086211.2034645,12.0,15.0,1.882655517137679,96.46164021164022,0.6329010821525475,2026-09-11,259.0,15.89,97.48,148.52,64.1,2127.1,20.0,55.0,22.5,47.3,0.0,⚠️ ELENDİ (ZOMBİ VEYA PRİMLİ),0.0,-3.83619294269991,7.238267148014437,Technology Services,Data Processing Services,10.0,US_SMALL_CAP
CAR,121.74,126.24,129.0,121.01,518265.0,-3.945084424806691,63093581.1,847.6999,85.96,4300557007.675872,12.0,15.0,2.0,-21.60978750804895,1.3695417446439453,2026-09-11,41.6,82.52,847.7,304.35,596.3,4300.6,20.0,55.0,13.7,47.9,0.0,⚠️ ELENDİ (ZOMBİ VEYA PRİMLİ),0.0,-12.905995135212482,-11.757031023485077,Finance,Finance/Rental/Leasing,11.2202203056955,US_SMID_CAP
BTE,5.03,4.99,5.03,4.88,12786459.0,-0.1984126984126941,64315888.77,5.36,2.1835,3516975946.030042,12.0,15.0,2.3521872442054828,114.95726495726498,0.8026839114094767,2026-09-11,130.4,2.1,5.36,12.58,6.6,3517.0,20.0,55.0,78.0,28.1,0.0,⚠️ ELENDİ (ZOMBİ VEYA PRİMLİ),0.0,15.632183908045992,2.653061224489793,Energy Minerals,Integrated Oil,10.0,US_SMID_CAP
POET,7.95,7.755,8.105,7.67,8125025.0,4.605263157894744,64593948.75,20.81,3.87,1375811799.8092108,-16.886127027807,15.0,1.6231479269644684,40.7079646017699,0.9290832959433252,2026-09-11,105.4,3.72,20.81,19.88,161.8,1375.8,20.0,55.0,29.4,55.5,0.0,⚠️ SAHTE KÂR (FAALİYET KÂRI YETERSİZ),0.0,-11.469933184855236,6.425702811244986,Producer Manufacturing,Electrical Products,-3624.609941913271,US_SMALL_CAP
BILL,47.25,47.89,48.835,47.185,1372493.0,-0.7978165022044983,64850294.25,57.21,31.41,4029327906.1883264,-0.301962135989884,15.0,1.2320778308128977,-12.838959601549533,0.7899550813997466,2026-09-11,50.4,30.15,57.21,118.12,21.1,4029.3,20.0,55.0,10.0,27.6,0.0,⚠️ SAHTE KÂR (FAALİYET KÂRI YETERSİZ),0.0,-2.1941626992341177,-6.1196105702364365,Technology Services,Packaged Software,1.05543259246982,US_SMID_CAP
GVA,118.92,116.6,120.1,115.94,546116.0,3.1843817787418667,64944114.72,162.08,97.26,5204475660.760087,-18.1660548962928,15.0,6.9139052518238255,9.22116091109479,1.4260098561785464,2026-09-11,22.3,93.37,162.08,297.3,36.3,5204.5,65.0,55.0,44.5,65.8,0.0,⚠️ SAHTE KÂR (FAALİYET KÂRI YETERSİZ),0.0,-5.917721518987345,-0.393667811374486,Industrial Services,Engineering & Construction,6.15752722104282,US_SMID_CAP
CVI,49.66,48.36,52.4,48.2,1310731.0,2.1810699588477265,65090901.45999999,52.4,19.62,4992349514.255143,13.9253279515641,72.32741042819691,9.50923828435418,56.11442942470921,1.099997541072275,2026-09-11,153.1,18.84,52.4,124.15,5.5,4992.3,20.0,30.0,11.0,49.4,0.0,⚠️ SAHTE KÂR (FAALİYET KÂRI YETERSİZ),0.0,48.01788375558868,15.784565166705516,Energy Minerals,Oil Refining/Marketing,6.79886685552408,US_SMID_CAP
HCC,97.77,102.1,103.45,96.0,665939.0,-3.81701918347271,65108856.03,111.42,58.3,5162460013.72061,10.036828704424,23.51370851370851,2.2541283610478686,67.41438356164383,1.4881601103037712,2026-09-11,67.7,55.97,111.42,244.42,14.0,5162.5,20.0,30.0,14.9,52.1,0.0,⚠️ ELENDİ (ZOMBİ VEYA PRİMLİ),0.0,-1.5011082006850789,-5.160539334562039,Energy Minerals,Coal,13.60963895576,US_SMID_CAP
SPHR,143.5,144.65,146.95,142.01,456238.0,1.1703327693175385,65470153.0,181.63,56.36,5153602617.773547,-3.3837823912347,15.0,2.3132155049596306,163.1578947368421,0.7790953444819047,2026-09-11,154.6,54.11,181.63,358.75,26.6,5153.6,20.0,55.0,10.0,33.1,0.0,⚠️ SAHTE KÂR (FAALİYET KÂRI YETERSİZ),0.0,-12.914188615123194,1.0634551728994934,Consumer Services,Media Conglomerates,-1.51984935641138,US_SMID_CAP
EXLS,35.26,34.62,35.33,34.33,1965336.0,1.8486424032351256,69297747.36,44.32,24.85,5345856692.964761,25.9443791796562,22.21802142407057,6.176721502733629,-17.404544389786835,0.969502256309542,2026-09-11,41.9,23.86,44.32,88.15,25.7,5345.9,20.0,60.0,69.9,43.2,0.0,⚠️ ELENDİ (ZOMBİ VEYA PRİMLİ),0.0,3.214097535273108,-4.10660864835465,Technology Services,Data Processing Services,14.4242605195337,US_SMID_CAP
TE,4.61,4.69,4.79,4.57,14228673.0,0.6550218340611408,65594182.53,12.49,1.7,1357536789.812227,-123.159322807385,15.0,6.410880418306471,149.1891891891892,0.6603820067020312,2026-09-11,171.2,1.63,12.49,11.53,170.9,1357.5,20.0,55.0,10.0,26.4,0.0,⚠️ SAHTE KÂR (FAALİYET KÂRI YETERSİZ),0.0,-19.122807017543856,2.672605790645882,Producer Manufacturing,Electrical Products,-16.9750544464509,US_SMALL_CAP
KSS,17.23,16.95,17.46,16.76,3817119.0,2.6206075044669523,65768960.370000005,25.22,11.38,1953476201.1745088,6.67078443483632,7.515484602634562,0.467128065205981,7.485963817841542,0.8605032269781197,2026-09-11,51.4,10.92,25.22,43.08,46.4,1953.5,20.0,55.0,32.6,43.2,0.0,⚠️ SAHTE KÂR (FAALİYET KÂRI YETERSİZ),0.0,-6.915180983252301,-10.49350649350649,Retail Trade,Department Stores,3.86260531432275,US_SMALL_CAP
YETI,40.26,40.2,40.57,39.87,1635209.0,2.0015201418799067,65833514.34,53.99,31.655,2938529180.821383,25.3208387266717,17.522632311977713,4.820754389389071,13.121663388592284,1.1277871230758514,2026-09-11,27.2,30.39,53.99,100.65,34.1,2938.5,65.0,85.0,19.3,49.5,0.0,🪤 DÜŞEN BIÇAK (RÖLATİF ÇÖKÜŞ),0.0,-20.371835443037984,-3.799283154121872,Producer Manufacturing,Miscellaneous Manufacturing,12.1822171802645,US_SMALL_CAP
ODD,18.28,16.23,20.16,15.86,3662929.0,14.1786383510306,66958342.120000005,64.23,9.2501,843156837.3691443,5.09935122715124,76.71002937473773,4.257311140041781,-70.93337573541103,1.7896876423948136,2026-09-11,97.6,8.88,64.23,45.7,251.4,843.2,20.0,30.0,26.7,100.0,0.0,⚠️ SAHTE KÂR (FAALİYET KÂRI YETERSİZ),0.0,46.82730923694781,31.32183908045977,Technology Services,Packaged Software,-1.13962169684207,US_MICRO_CAP
PENN,17.82,17.39,17.88,17.11,3773248.0,4.149620105201642,67239279.36,22.36,11.65,2389066707.85038,-37.3984410442529,15.0,1.2815543197082486,-10.944527736131938,1.4364235716043396,2026-09-11,53.0,11.18,22.36,44.55,25.5,2389.1,20.0,55.0,73.5,71.0,0.0,⚠️ SAHTE KÂR (FAALİYET KÂRI YETERSİZ),0.0,-6.407563025210078,3.967327887981329,Consumer Services,Casinos/Gaming,6.02513966480447,US_SMALL_CAP
PSN,45.75,45.99,46.48,44.81,1470968.0,-0.2833478639930308,67296786.0,89.5,36.26,4886346679.054053,6.11634471731727,31.643380827223684,1.8567920234649808,-38.87775551102204,1.277160769039421,2026-09-11,26.2,34.81,89.5,114.38,95.6,4886.3,20.0,30.0,21.6,44.7,0.0,⚠️ SAHTE KÂR (FAALİYET KÂRI YETERSİZ),0.0,-3.582718651211808,-0.5434782608695652,Technology Services,Information Technology Services,5.39886104403502,US_SMID_CAP
PAGP,27.99,27.83,28.13,27.745,2413762.0,0.3585514521333735,67561198.38,28.7,16.685,5539336450.470419,-0.27266530334015,10.234003656307127,3.5059108228556823,51.2155591572123,1.2790996709252591,2026-09-11,67.8,16.02,28.7,69.97,2.5,5539.3,20.0,55.0,31.9,46.6,0.0,⚠️ SAHTE KÂR (FAALİYET KÂRI YETERSİZ),0.0,12.31942215088281,1.2662807525325537,Industrial Services,Oil & Gas Pipelines,2.82872419939056,US_SMID_CAP
BKD,12.14,12.31,12.48,11.975,5580630.0,-0.4918032786885141,67748848.2,17.09,7.29,2899241314.4967213,-362.056960368567,15.0,2.0,60.36988110964332,1.2716961798662676,2026-09-11,66.5,7.0,17.09,30.35,40.8,2899.2,20.0,55.0,12.7,44.5,0.0,⚠️ SAHTE KÂR (FAALİYET KÂRI YETERSİZ),0.0,-4.409448818897628,2.4472573839662526,Health Services,Hospital/Nursing Management,5.00052938721873,US_SMALL_CAP
PLUG,2.1,2.135,2.15,2.085,32284114.0,-0.4739336492890894,67796639.4,4.58,1.52,2934109753.7914696,-145.071258461238,15.0,5.0425010805359465,46.85314685314687,0.6738016254791119,2026-09-11,38.2,1.46,4.58,5.25,118.1,2934.1,20.0,55.0,10.0,23.6,0.0,⚠️ SAHTE KÂR (FAALİYET KÂRI YETERSİZ),0.0,-7.894736842105251,-0.4739336492890894,Electronic Technology,Electronic Production Equipment,-67.4990962078359,US_SMALL_CAP
DFTX,38.89,37.73,39.37,37.73,1753929.0,3.074476543864309,68210298.81,49.7,8.7732,5225530957.101246,-64.0868995790911,15.0,5.688050851671898,317.27467811158795,1.113020865988133,2026-09-11,343.3,8.42,49.7,97.22,27.8,5225.5,20.0,55.0,40.2,54.3,0.0,⚠️ BİYOTEK TUZAĞI (FDA RİSKİ),0.0,-18.14354872658388,2.5039536109646887,Health Technology,Pharmaceuticals: Major,10.0,US_SMID_CAP
ATEC,10.58,9.55,10.6,9.34,6452479.0,19.68325791855204,68267227.82000001,23.29,6.82,1634092458.475113,-373.443335370408,15.0,2.0,-31.254061078622485,3.7347538776161295,2026-09-11,55.1,6.55,23.29,26.45,120.1,1634.1,20.0,55.0,97.8,100.0,0.0,⚠️ SAHTE KÂR (FAALİYET KÂRI YETERSİZ),0.0,14.502164502164502,14.750542299349233,Health Technology,Medical Specialties,-4.76349975216305,US_SMALL_CAP
ALKT,20.51,18.92,20.57,18.57,3339422.0,7.60755508919204,68491545.22,26.89,13.98,2193379916.396642,-12.7659393824475,15.0,6.047756933837363,-18.93280632411067,2.543688169680874,2026-09-11,46.7,13.42,26.89,51.28,31.1,2193.4,20.0,55.0,91.2,100.0,0.0,⚠️ SAHTE KÂR (FAALİYET KÂRI YETERSİZ),0.0,3.4813319878910254,3.533568904593654,Technology Services,Packaged Software,-7.07884188537696,US_SMALL_CAP
DYN,18.21,18.59,18.74,17.94,3774429.0,-1.140065146579809,68732352.09,27.305,11.92,3400652772.446254,-81.5652687351405,15.0,4.296604950651569,38.26879271070616,0.9714551784360844,2026-09-11,52.8,11.44,27.3,45.53,49.9,3400.7,20.0,55.0,10.0,34.0,0.0,⚠️ BİYOTEK TUZAĞI (FDA RİSKİ),0.0,-32.153502235469446,-25.94550630337535,Health Technology,Biotechnology,10.0,US_SMID_CAP
G,35.14,34.44,35.18,34.175,1957221.0,2.121476315024714,68776745.94,48.64,26.85,5904729090.706773,22.4468583474849,10.467367668523428,2.266791123003414,-18.317061831706187,0.9951979114288446,2026-09-11,30.9,25.78,48.64,87.85,38.4,5904.7,20.0,85.0,74.4,45.4,0.0,⚠️ ELENDİ (ZOMBİ VEYA PRİMLİ),0.0,4.895522388059703,-6.368238742339464,Commercial Services,Miscellaneous Commercial Services,16.0680523916373,US_SMID_CAP
DOCS,25.58,24.7,25.73,24.7,2696095.0,3.5208417644678165,68966110.1,76.51,17.15,4559531903.593686,17.2064697051242,30.333214751571205,5.02204753472045,-63.32616487455197,1.0597293681774955,2026-09-11,49.2,16.46,76.51,63.95,199.1,4559.5,20.0,45.0,60.2,54.7,0.0,⚠️ ELENDİ (ZOMBİ VEYA PRİMLİ),0.0,-0.1171417415072281,-4.445274561075836,Technology Services,Packaged Software,30.5730298001123,US_SMID_CAP
MWH,26.0,24.91,26.62,24.7539,2518532.0,6.122448979591836,65481832.0,48.4,23.83,5262182236.734694,12.0,15.0,10.59257297671671,-13.333333333333334,1.8019893251465795,2026-09-11,9.1,22.88,48.4,65.0,86.2,5262.2,100.0,55.0,41.5,93.7,0.0,⚠️ ELENDİ (ZOMBİ VEYA PRİMLİ),-72.2,-15.857605177993523,5.648110524177167,Industrial Services,Engineering & Construction,10.0,US_SMID_CAP
MMS,59.35,58.52,59.79,57.155,816004.0,4.26914968376669,48429837.4,100.0,52.73,3107433038.065706,21.1115876737932,8.76791254247304,1.785323766284123,-33.938112199465714,1.5394390658669168,2026-09-14,12.6,50.62,100.0,148.38,68.5,3107.4,100.0,70.0,62.0,75.2,88.5,🦅 US KULUÇKA LİDERİ (MULTI-BAGGER),0.0,6.001071619932129,3.181502086230873,Commercial Services,Miscellaneous Commercial Services,10.8516139874274,US_SMID_CAP
VNT,32.35,31.77,32.79,31.695,1646218.0,0.5595275101025792,53255152.3,48.2,27.2525,4373719652.064035,29.0690389675479,13.437175493250258,3.702334588045179,-24.88971441838867,1.389341063550814,2026-09-14,18.7,26.16,48.2,80.88,49.0,4373.7,100.0,100.0,27.6,51.4,87.7,🦅 US KULUÇKA LİDERİ (MULTI-BAGGER),-4.4,-2.618904274533406,-1.4320536258379002,Transportation,Other Transportation,19.1506697519799,US_SMID_CAP
AEO,15.43,14.85,15.665,14.61,7604550.0,2.729693741677764,117338206.5,28.46,14.055,2585656617.9141145,20.3636288896116,7.900261123342378,1.4665167518412243,-20.627572016460917,0.7710630307259271,2026-09-14,9.8,13.49,28.46,38.58,84.4,2585.7,100.0,85.0,46.5,40.6,87.3,🦅 US KULUÇKA LİDERİ (MULTI-BAGGER),-4.0,-5.337423312883441,-7.7153110047846845,Retail Trade,Apparel/Footwear Retail,9.34224921238877,US_SMALL_CAP
BYD,77.15,77.12,77.3,76.43,860518.0,0.1948051948052021,66388963.7,91.41,74.795,5605364940.614935,93.3309604757425,3.395761350381831,2.255838059189799,-10.050134079514972,0.9046806176258376,2026-09-14,3.1,71.8,91.41,192.88,18.5,5605.4,90.0,100.0,54.9,32.6,85.4,⚡ TABAN BİRİKTİRME (TAKİP),12.7,-7.449616122840683,-0.4516129032257991,Consumer Services,Casinos/Gaming,18.7147571097029,US_SMID_CAP
REZI,19.43,19.1,19.57,18.9,2096197.0,1.6745159602302475,40729107.71,31.50191285,18.5,2950394718.6630034,15.1957295373665,8.5958237480092,1.1663694215516016,-23.81201174701772,1.05487809603541,2026-09-14,5.0,17.76,31.5,48.58,62.1,2950.4,100.0,70.0,51.3,45.3,85.2,🦅 US KULUÇKA LİDERİ (MULTI-BAGGER),85.2,-5.496108949416338,-0.5120327700972934,Distribution Services,Electronics Distributors,8.33768949294302,US_SMALL_CAP
MTN,140.51,140.14,141.06,135.64,1043544.0,0.2998072667570758,146628367.44,163.34,118.51,5006866586.466271,21.0392909414817,31.921757502783013,9.074762975018729,-4.369427618593899,1.4151372482863795,2026-09-14,18.6,113.77,163.34,351.27,16.2,5006.9,90.0,60.0,69.9,51.0,83.1,⚡ TABAN BİRİKTİRME (TAKİP),-2.0,-3.548874244920384,3.3541743287973538,Consumer Services,Hotels/Resorts/Cruise lines,16.1432494238767,US_SMID_CAP
LOPE,153.48,152.99,158.14,152.5,403445.0,1.5079365079365088,61920738.6,223.04,134.27,4000461763.65,30.9786975339986,18.54093429492987,6.013951049855294,-26.739856801909312,1.249237891965051,2026-09-14,14.3,128.9,223.04,383.7,45.3,4000.5,100.0,85.0,12.5,51.3,80.6,🦅 US KULUÇKA LİDERİ (MULTI-BAGGER),80.6,5.029768014781356,2.0546578894873355,Commercial Services,Miscellaneous Commercial Services,27.7673969805598,US_SMID_CAP
YETI,40.83,40.6,41.235,40.275,1669195.0,1.4157973174366625,68153231.85,53.99,31.655,2980132581.2868857,25.3208387266717,17.770717270194986,4.889006500714252,12.386457473162675,1.1494242188237027,2026-09-14,29.0,30.39,53.99,102.07,32.2,2980.1,65.0,85.0,22.4,47.3,77.4,⚡ TABAN BİRİKTİRME (TAKİP),77.4,-10.283454185893213,-2.43727598566309,Producer Manufacturing,Miscellaneous Manufacturing,12.1822171802645,US_SMALL_CAP
WU,7.03,7.03,7.11,7.015,5172058.0,1.4430014430014508,36359567.74,10.3507,6.27,2192509085.959596,43.9748651504198,5.669354838709678,2.396364888311671,-16.70616113744075,0.6914646200826882,2026-09-14,12.1,6.02,10.35,17.57,47.2,2192.5,100.0,100.0,10.0,31.4,74.1,🦅 US KULUÇKA LİDERİ (MULTI-BAGGER),0.0,-5.764075067024125,-2.3611111111111103,Finance,Regional Banks,16.7651293253239,US_SMALL_CAP
ADT,7.08,7.11,7.225,7.08,6177066.0,0.4255319148936206,43733627.28,8.8863,6.24,4784768618.297872,17.2045837228042,9.803378565494324,1.4936078646470614,-19.636776390465386,0.9490678799528154,2026-09-14,13.5,5.99,8.89,17.7,25.6,4784.8,90.0,70.0,10.0,35.3,65.8,⚡ TABAN BİRİKTİRME (TAKİP),-11.7,-5.599999999999999,-5.473965287049401,Commercial Services,Miscellaneous Commercial Services,25.188275639873904,US_SMID_CAP
SON,48.32,47.98,48.68,47.83,1045906.0,1.0033444816053445,50538177.92,60.67,38.65,4777640015.150501,18.9251949473233,7.449777215892446,1.3340599984649475,2.1780503277648577,0.7999728321331006,2026-09-14,25.0,37.1,60.67,120.8,25.6,4777.6,20.0,70.0,18.7,33.0,57.7,⚡ TABAN BİRİKTİRME (TAKİP),57.7,-16.990207868063905,-7.698185291308502,Process Industries,Containers/Packaging,9.95874064793606,US_SMID_CAP
BMI,127.22,125.79,130.77,124.815,396148.0,1.6702629265563842,50397948.56,204.0,112.09,3687706584.7416286,18.4799099136182,29.773689999765967,5.400226756888345,-29.223922114047287,1.3590220617925046,2026-09-14,13.5,107.61,204.0,318.05,60.4,3687.7,100.0,45.0,13.6,55.9,57.4,⚡ TABAN BİRİKTİRME (TAKİP),0.0,-2.288786482334862,-5.8536224376526285,Producer Manufacturing,Industrial Machinery,18.5799501677157,US_SMID_CAP
CVCO,535.67,523.43,538.07,521.5,94710.0,1.1385091760441004,50733305.7,713.005,443.335,4118981883.08908,16.6584759581635,23.306720038288336,3.7190986654998905,-3.046153846153853,0.9606275572613544,2026-09-14,20.8,425.6,713.0,1339.17,33.1,4119.0,65.0,45.0,59.3,39.3,57.4,⚡ TABAN BİRİKTİRME (TAKİP),-3.2,-11.5428439321631,-3.9019052061282338,Consumer Durables,Homebuilding,9.6172234851304,US_SMID_CAP
MIAX,41.77,41.9,42.855,41.49,978627.0,0.7234145165179751,40877249.79000001,57.14,35.43,4144874647.674464,18.1434392027883,53.79958784131891,3.580769629724246,11.3272921108742,0.6719648297296614,2026-09-14,17.9,34.01,57.14,104.43,36.8,4144.9,100.0,45.0,10.0,27.1,47.2,NÖTR,47.2,-4.743443557582665,-0.0239348970799377,Finance,Investment Banks/Brokers,9.19046375426091,US_SMID_CAP
OCTV,18.82,18.16,19.12,18.16,2525926.0,6.147772137619852,47537927.32,27.39,15.41,5051998903.474337,12.0,15.0,0.994498026856731,-7.518427518427523,0.9301232364700296,2026-09-14,22.1,14.79,27.39,47.05,45.5,5052.0,65.0,55.0,35.6,63.3,0.0,⚠️ ELENDİ (ZOMBİ VEYA PRİMLİ),0.0,-2.989690721649476,-5.1889168765743126,Technology Services,Packaged Software,10.0,US_SMID_CAP
VSNT,37.565,37.24,38.12,37.14,1264789.0,1.0083355740790536,47511798.785,59.0,27.17,5213732457.58591,8.15249582682677,7.065340054167921,0.6443022685820273,-31.700000000000003,0.8989884444009762,2026-09-14,38.3,26.08,59.0,93.91,57.1,5213.7,20.0,55.0,10.0,36.5,0.0,⚠️ ELENDİ (ZOMBİ VEYA PRİMLİ),0.0,-4.146465935187548,-7.815950920245404,Consumer Services,Cable/Satellite TV,19.2913385826772,US_SMID_CAP
KOS,2.92,3.12,3.15,2.89,16266712.0,-3.3112582781456985,47498799.04,3.34,0.8361,1738823809.4039736,-62.9529204768614,15.0,2.460045325492641,64.97175141242937,1.523003632428442,2026-09-14,249.2,0.8,3.34,7.3,14.4,1738.8,20.0,55.0,15.2,53.3,0.0,⚠️ ELENDİ (ZOMBİ VEYA PRİMLİ),0.0,14.960629921259835,5.415162454873643,Energy Minerals,Integrated Oil,12.4353327412006,US_SMALL_CAP
ROAD,96.91,96.58,97.505,94.845,489384.0,-2.769138155914523,47426203.44,151.0,93.42,5500180652.401826,15.0480659576445,38.12652451018963,5.258665456954749,-22.035398230088497,0.9937822611580276,2026-09-14,3.7,89.68,151.0,242.27,55.8,5500.2,100.0,30.0,48.6,34.8,0.0,⚠️ SAHTE KÂR (FAALİYET KÂRI YETERSİZ),0.0,-18.24010798953852,-5.802877138413685,Industrial Services,Engineering & Construction,8.78852720524726,US_SMID_CAP
ERO,33.68,33.6,33.84,32.73,1413792.0,-5.046518184381165,47616514.56,40.83,16.37,3512912622.169616,30.2298214478011,11.689041509702182,2.898244068884639,98.23425544437907,0.9394543558687588,2026-09-14,105.7,15.72,40.83,84.2,21.2,3512.9,20.0,100.0,59.2,32.9,0.0,⚠️ ELENDİ (ZOMBİ VEYA PRİMLİ),0.0,-2.9674445404782515,-2.995391705069122,Non-Energy Minerals,Other Metals/Minerals,35.8803566588874,US_SMID_CAP
NOVT,140.05,142.63,142.8,139.11,340513.0,-4.441866812227068,47688845.650000006,176.375,98.27,5296378333.78821,5.10888769779906,89.51741770533718,3.276379769963283,19.313341284716323,1.21811643818465,2026-09-14,42.5,94.34,176.38,350.12,25.9,5296.4,20.0,30.0,12.2,42.6,0.0,⚠️ ELENDİ (ZOMBİ VEYA PRİMLİ),0.0,-15.88588588588588,-4.876723493853141,Electronic Technology,Electronic Equipment/Instruments,11.6460247120761,US_SMID_CAP
PSN,46.94,46.44,47.55,46.3901,1017962.0,2.6010928961748583,47783136.28,89.5,36.26,5013444978.384699,6.11634471731727,32.46645455803016,1.90508890888407,-38.25309129176533,0.8186552273690679,2026-09-14,29.5,34.81,89.5,117.35,90.7,5013.4,20.0,30.0,10.0,41.7,0.0,⚠️ SAHTE KÂR (FAALİYET KÂRI YETERSİZ),0.0,-1.8607568471670517,2.04347826086956,Technology Services,Information Technology Services,5.39886104403502,US_SMID_CAP
JBTM,111.79,113.61,113.63,111.58,423694.0,-2.2643818849449118,47364752.260000005,170.19,110.19,5799309098.320685,4.36084956312381,30.440583814399304,1.2967832027656667,-19.133391203703702,0.7959219365541483,2026-09-14,1.5,105.08,170.19,279.48,52.2,5799.3,65.0,30.0,10.0,27.9,0.0,⚠️ ELENDİ (ZOMBİ VEYA PRİMLİ),0.0,-4.794753874978705,-4.166309472781825,Producer Manufacturing,Industrial Machinery,10.2395514780836,US_SMID_CAP
FCN,150.86,151.49,152.935,149.0,313744.0,1.8842439386776664,47331419.84,189.3,137.65,4165482285.752685,15.6340884851435,18.23919141116162,3.13391189316032,-9.485810283794308,0.988539029527556,2026-09-14,9.6,132.14,189.3,377.15,25.5,4165.5,90.0,40.0,10.0,44.0,0.0,⚠️ ELENDİ (ZOMBİ VEYA PRİMLİ),0.0,-1.719869706840382,-0.0463791161465534,Commercial Services,Miscellaneous Commercial Services,9.68580342847939,US_SMID_CAP
BC,70.14,69.83,70.84,69.56,681894.0,-0.8201357466063325,47828045.16,90.25,58.56,4544891954.825226,-4.82741300890142,15.0,2.709250386649506,5.712132629992474,0.9016627553279096,2026-09-14,19.8,56.22,90.25,175.35,28.7,4544.9,90.0,55.0,10.0,31.6,0.0,⚠️ SAHTE KÂR (FAALİYET KÂRI YETERSİZ),0.0,-13.482175897372631,-2.3663697104677097,Producer Manufacturing,Trucks/Construction/Farm Machinery,5.88465159239063,US_SMID_CAP
RCAT,7.8,7.66,8.0,7.64,6040095.0,-2.010050251256283,47112741.0,18.78,5.77,1191171978.0150754,-34.4018163584331,15.0,2.5276911809502822,-26.066350710900483,1.0484309687542457,2026-09-14,35.2,5.54,18.78,19.5,140.8,1191.2,20.0,55.0,10.5,36.7,0.0,⚠️ SAHTE KÂR (FAALİYET KÂRI YETERSİZ),0.0,-31.398416886543533,-8.23529411764706,Technology Services,Packaged Software,-150.148167371415,US_SMALL_CAP
IRON,68.92,70.06,70.8309,67.52,694967.0,-1.6271767056808455,47897125.64,99.5,40.0001,2646034796.0456758,-39.081671009728,15.0,4.102656904898961,14.3141482832974,1.2363681712766124,2026-09-14,72.3,38.4,99.5,172.3,44.4,2646.0,20.0,55.0,12.4,43.3,0.0,⚠️ BİYOTEK TUZAĞI (FDA RİSKİ),0.0,-13.340877656230353,-11.799334527770666,Health Technology,Biotechnology,10.0,US_SMALL_CAP
COGT,33.41,33.42,33.575,32.85,1437394.0,0.0,48023333.53999999,43.73,11.6,5797469509.999999,-109.736930918909,15.0,12.262935543426792,160.10120669521214,0.8901129489557663,2026-09-14,188.0,11.14,43.73,83.52,30.9,5797.5,20.0,55.0,47.0,31.2,0.0,⚠️ BİYOTEK TUZAĞI (FDA RİSKİ),0.0,-9.063690800217762,-3.3275462962963127,Health Technology,Biotechnology,10.0,US_SMID_CAP
SR,81.36,81.18,81.52,79.865,593552.0,1.4463840399002452,48291390.72,95.31,74.81,4809742224.104738,6.49847094801223,9.067100556106585,1.3421735986732672,6.715634837355725,1.141615859434489,2026-09-14,8.8,71.82,95.31,203.4,17.1,4809.7,90.0,55.0,67.9,47.2,0.0,⚠️ ELENDİ (ZOMBİ VEYA PRİMLİ),0.0,-2.5161754133716685,-1.9286403085824424,Utilities,Gas Distributors,19.7082594125764,US_SMID_CAP
BCO,109.28,111.91,113.89,108.87,441928.0,-2.411144847294162,48293891.84,136.37,91.05,4501203165.148063,64.1302424349673,25.281665702718332,14.50027267624771,-6.797441364605543,1.114628170587081,2026-09-14,20.0,87.41,136.37,273.2,24.8,4501.2,65.0,45.0,11.1,39.0,0.0,NÖTR,-57.4,-5.072967338429468,2.2072577628133176,Commercial Services,Miscellaneous Commercial Services,10.3823840624658,US_SMID_CAP
MZTI,102.94,105.47,107.1,102.66,470021.0,-1.0667948101874094,48383961.74,184.26,100.2,2809335659.7091784,18.641334148939,14.753769420397868,2.6675767627994578,-44.347732064659134,1.1359793541351668,2026-09-14,2.7,95.22,184.26,257.35,79.0,2809.3,65.0,85.0,11.4,39.8,0.0,NÖTR,-92.5,-12.316865417376498,-2.11106884747052,Consumer Non-Durables,Food: Specialty/Candy,11.5392447908435,US_SMALL_CAP
CAR,118.7,121.01,122.7,117.81,407819.0,-2.4971250205355613,48408115.3,847.6999,85.96,4193166719.030721,12.0,15.0,2.0,-24.41416199694345,1.035283025525722,2026-09-14,38.1,82.52,847.7,296.75,614.2,4193.2,20.0,55.0,10.4,36.2,0.0,⚠️ ELENDİ (ZOMBİ VEYA PRİMLİ),0.0,-13.401911432114971,-13.960568280661064,Finance,Finance/Rental/Leasing,11.2202203056955,US_SMID_CAP
PAGP,28.0,28.23,28.5,27.885,1733603.0,0.0357270453733532,48540884.0,28.7,16.685,5541315567.274027,-0.27266530334015,10.23765996343693,3.507163381206113,50.13404825737266,0.8913370680716889,2026-09-14,67.8,16.02,28.7,70.0,2.5,5541.3,20.0,55.0,10.0,31.4,0.0,⚠️ SAHTE KÂR (FAALİYET KÂRI YETERSİZ),0.0,9.460516028146998,1.3024602026049183,Industrial Services,Oil & Gas Pipelines,2.82872419939056,US_SMID_CAP
AAMI,88.92,90.46,91.675,87.55,546774.0,-2.3071852340144963,48619144.08,98.52,41.47,3155782026.858273,200.395256916996,31.37282574180574,34.301982432385515,84.13750258852765,1.2953255193156716,2026-09-14,114.4,39.81,98.52,222.3,10.8,3155.8,20.0,75.0,13.0,45.3,0.0,⚠️ ELENDİ (ZOMBİ VEYA PRİMLİ),0.0,-3.7766475489665567,-1.8326341355707625,Finance,Investment Managers,26.6043165467626,US_SMID_CAP
UCTT,66.39,68.12,69.82,66.1001,738952.0,-10.332252836304708,49059023.28,144.22,21.485,3005941868.1888165,-3.44320188346086,15.0,4.7006362391511525,157.52521334367725,0.848926331384467,2026-09-14,209.0,20.63,144.22,165.97,117.2,3005.9,20.0,55.0,10.0,29.7,0.0,⚠️ SAHTE KÂR (FAALİYET KÂRI YETERSİZ),0.0,-23.39910003461405,-3.080291970802919,Producer Manufacturing,Industrial Machinery,2.84243611351524,US_SMID_CAP
COHU,49.97,52.232,53.955,49.765,983538.0,-12.456201822004203,49147393.86,74.6,18.6652,2365501538.4707427,-4.83648998119157,15.0,3.2474558779471296,135.04233301975538,1.031565199953348,2026-09-14,167.7,17.92,74.6,124.92,49.3,2365.5,20.0,55.0,10.3,36.1,0.0,⚠️ SAHTE KÂR (FAALİYET KÂRI YETERSİZ),0.0,-13.035154890358514,5.980911983032874,Electronic Technology,Semiconductors,-6.38174512055109,US_SMALL_CAP
TCBI,98.44,98.59,99.63,97.69,486015.0,-0.6559693208194628,47843316.6,108.92,75.41,4279616731.1615705,10.1876602190876,12.805702986783224,1.2782489910610868,13.227513227513228,1.1062046606651226,2026-09-14,30.5,72.39,108.92,246.1,10.6,4279.6,20.0,55.0,11.1,38.7,0.0,⚠️ ELENDİ (ZOMBİ VEYA PRİMLİ),0.0,-2.341269841269841,1.3800205973223516,Finance,Major Banks,35.902832092324424,US_SMID_CAP
LGND,280.65,284.93,287.14,280.12,158771.0,-1.3428481034907194,44559081.15,326.63,163.105,5594928919.171968,21.9615878221314,30.00416947304275,5.778248666668863,68.78157324993985,0.8087143168579479,2026-09-14,72.1,156.58,326.63,701.62,16.4,5594.9,20.0,60.0,10.0,28.3,0.0,⚠️ ELENDİ (ZOMBİ VEYA PRİMLİ),0.0,-2.4199436737248483,-2.352040638808687,Health Technology,Pharmaceuticals: Major,34.4518176373812,US_SMID_CAP
UTI,20.33,20.03,20.85,19.52,2194223.0,0.0984736582964036,44608553.59,51.34,19.52,1120085998.5731163,10.5345933683821,33.046163849154745,3.2531591487700235,-27.72840383931746,1.464362285651896,2026-09-14,4.1,18.74,51.34,50.82,152.5,1120.1,100.0,30.0,29.9,51.7,0.0,⚠️ SAHTE KÂR (FAALİYET KÂRI YETERSİZ),0.0,-20.709828393135734,-4.239284032030156,Commercial Services,Miscellaneous Commercial Services,5.13323411744068,US_SMALL_CAP
SIGI,89.42,90.48,91.08,88.99,499276.0,-1.0183750276732362,44645259.92,100.4,72.78,5326670360.203012,14.1526479139453,11.094155159365268,1.5381648774447954,12.548772813089991,1.7172901214440102,2026-09-14,22.9,69.87,100.4,223.55,12.3,5326.7,65.0,55.0,17.2,60.1,0.0,⚠️ ELENDİ (ZOMBİ VEYA PRİMLİ),0.0,-4.76089040366386,-3.1097627045183707,Finance,Property/Casualty Insurance,12.707160266640798,US_SMID_CAP
FLY,21.36,20.525,22.36,20.39,2091540.0,1.0884997633696187,44675294.4,62.17,16.0,3575763135.4699483,-56.8667761871235,15.0,2.903025888032357,-50.33713089979075,0.9368817605711972,2026-09-14,33.5,15.36,62.17,53.4,191.1,3575.8,20.0,55.0,10.0,38.2,0.0,⚠️ SAHTE KÂR (FAALİYET KÂRI YETERSİZ),0.0,-23.027027027027028,-0.7434944237918223,Electronic Technology,Aerospace & Defense,-116.40343817179,US_SMID_CAP
ACAD,27.52,27.995,28.1,27.3817,1628511.0,-1.1139058569888565,44816622.72,30.96,19.69,4741847662.591448,35.7431290221518,12.394163213835345,3.625479532903335,14.285714285714292,1.2131017681593068,2026-09-14,39.8,18.9,30.96,68.8,12.5,4741.8,20.0,55.0,12.1,42.5,0.0,⚠️ SAHTE KÂR (FAALİYET KÂRI YETERSİZ),0.0,-2.618542108987976,-0.9002520705797623,Health Technology,Pharmaceuticals: Major,7.58508154004372,US_SMID_CAP
MDU,18.72,19.12,19.22,18.68,2394212.0,-2.500000000000002,44819648.64,22.98,15.76,3937741987.725,6.89082859236174,19.68661268272163,1.3453523896175017,14.49541284403668,1.401235623536193,2026-09-14,18.8,15.13,22.98,46.8,22.8,3937.7,90.0,40.0,14.0,49.0,0.0,⚠️ ELENDİ (ZOMBİ VEYA PRİMLİ),0.0,-9.037900874635566,-4.635761589403974,Utilities,Gas Distributors,16.983078331829,US_SMID_CAP
SOC,4.82,5.22,5.38,4.82,9305298.0,-6.7698259187620815,44851536.36,24.96,2.88,924811403.9419732,-103.207248874947,15.0,1.8856778464150603,-79.09800520381613,1.4798965082113256,2026-09-14,67.4,2.76,24.96,12.05,417.8,924.8,20.0,55.0,14.8,51.8,0.0,⚠️ SAHTE KÂR (FAALİYET KÂRI YETERSİZ),0.0,16.14457831325301,0.6263048016701513,Energy Minerals,Integrated Oil,-292.816988930316,US_MICRO_CAP
WHD,67.04,69.07,69.17,66.625,671068.0,-3.59505320678746,44988398.720000006,74.07,33.2,5375228290.963475,6.85277668597586,57.38743365862011,3.7621981024020497,61.27014674043782,0.8747416123908215,2026-09-14,101.9,31.87,74.07,167.6,10.5,5375.2,20.0,30.0,10.0,30.6,0.0,⚠️ ELENDİ (ZOMBİ VEYA PRİMLİ),0.0,-7.467218771566593,-5.948372615039275,Industrial Services,Oilfield Services/Equipment,19.1682672625921,US_SMID_CAP
PUMP,10.5,11.17,11.235,10.39,4287549.0,-8.296943231441043,45019264.5,18.5,4.64,1289651071.048035,-1.50207870447817,15.0,1.3470000384857157,114.72392638036813,1.3522547592988805,2026-09-14,126.3,4.45,18.5,26.25,76.2,1289.7,20.0,55.0,13.5,47.3,0.0,⚠️ SAHTE KÂR (FAALİYET KÂRI YETERSİZ),0.0,-9.71625107480654,-6.166219839142086,Industrial Services,Oilfield Services/Equipment,-0.863900724687028,US_SMALL_CAP
OSIS,199.95,202.06,203.84,199.37,225174.0,-2.124430955993932,45023541.3,311.7225,186.5,3187596389.317148,17.3438450263306,22.255490132787195,3.821087856737584,-16.089638675563393,0.8787631268690995,2026-09-14,7.2,179.04,311.72,499.88,55.9,3187.6,100.0,45.0,10.0,30.8,0.0,NÖTR,-61.6,-12.517500875043758,-3.045143771517239,Electronic Technology,Aerospace & Defense,12.9265995664015,US_SMID_CAP
FIGS,13.98,13.22,14.29,13.22,3225820.0,4.719101123595512,45096963.6,17.48,6.5,2322640606.51236,14.7622589689306,43.25495049504951,5.238564528398041,92.82758620689656,1.1633770819020972,2026-09-14,115.1,6.24,17.48,34.95,25.0,2322.6,20.0,45.0,41.1,64.3,0.0,⚠️ ELENDİ (ZOMBİ VEYA PRİMLİ),0.0,-3.719008264462804,-5.985205110961661,Consumer Non-Durables,Apparel/Footwear,9.60288869673473,US_SMALL_CAP
ATEC,10.86,10.49,11.03,10.3901,4174974.0,2.6465028355387465,45340217.64,23.29,6.82,1677338720.1776936,-373.443335370408,15.0,2.0,-29.75420439844761,1.883132391707148,2026-09-14,59.2,6.55,23.29,27.15,114.5,1677.3,20.0,55.0,51.6,79.1,0.0,⚠️ SAHTE KÂR (FAALİYET KÂRI YETERSİZ),0.0,10.929519918283969,17.7874186550976,Health Technology,Medical Specialties,-4.76349975216305,US_SMALL_CAP
PATK,72.98,73.23,74.77,72.95,623672.0,-0.5722070844686672,45515582.56,148.5,72.95,2343990900.157766,12.9525962047942,17.353053072094355,2.072777848940563,-35.768350642492514,1.273267990949327,2026-09-14,0.0,67.51,148.5,182.45,103.5,2344.0,65.0,55.0,12.7,44.6,0.0,🪤 DÜŞEN BIÇAK (RÖLATİF ÇÖKÜŞ),0.0,-15.238095238095228,-9.967924993831726,Consumer Durables,Home Furnishings,7.01898481088183,US_SMALL_CAP
BGC,12.16,12.15,12.35,12.13,3748879.0,-0.0821692686935068,45586368.64,12.885,8.265,5781672709.942482,19.5370164812388,30.49147442326981,5.199091869150487,19.567354965585057,1.4271916150147994,2026-09-14,47.1,7.93,12.88,30.4,5.9,5781.7,20.0,45.0,14.3,50.0,0.0,⚠️ ELENDİ (ZOMBİ VEYA PRİMLİ),0.0,11.15173674588666,1.1647254575707202,Finance,Investment Banks/Brokers,9.03314598207504,US_SMID_CAP
RLAY,19.06,18.9,19.43,18.88,2400234.0,1.0068892421833475,45748460.04,21.27,4.05,4176839692.944356,-36.7735511520139,15.0,4.679953544217704,367.156862745098,0.7211843288222244,2026-09-14,370.6,3.89,21.27,47.65,11.6,4176.8,20.0,55.0,10.0,30.3,0.0,⚠️ SAHTE KÂR (FAALİYET KÂRI YETERSİZ),0.0,-2.8542303771661683,1.1140583554376513,Health Technology,Biotechnology,-2999.37198067633,US_SMID_CAP
VSEC,187.61,188.64,189.67,185.01,250484.0,-3.7798748589598814,46993303.24,247.85,154.67,5265269267.4462,4.26607662786487,69.14203582221568,1.7947265593797543,11.566365366317804,0.8779892096821231,2026-09-14,21.3,148.48,247.85,469.03,32.1,5265.3,65.0,30.0,16.9,30.7,0.0,⚠️ ELENDİ (ZOMBİ VEYA PRİMLİ),0.0,-19.684061817714795,-6.842445007199947,Industrial Services,Engineering & Construction,11.7530608156676,US_SMID_CAP
OZK,49.12,49.05,49.525,48.99,957946.0,0.0611122428192993,47054307.52,53.41,42.37,5571774947.01161,11.329693173196,8.115520602716188,0.9018336120657698,-6.402439024390243,0.9597413882149336,2026-09-14,15.9,40.68,53.41,122.8,8.7,5571.8,90.0,55.0,10.0,33.9,0.0,⚠️ ELENDİ (ZOMBİ VEYA PRİMLİ),0.0,-6.062344616561488,-1.4446227929374116,Finance,Regional Banks,51.54008299280212,US_SMID_CAP
RITM,9.77,9.7,9.815,9.67,5031049.0,0.3080082135523548,49153348.73,12.68,8.43,5455636090.079054,5.43694477663872,16.264358248709836,0.7925157955617492,-21.840000000000003,1.0054436318436626,2026-09-14,15.9,8.09,12.68,24.42,29.8,5455.6,90.0,40.0,36.6,36.7,0.0,⚠️ ELENDİ (ZOMBİ VEYA PRİMLİ),0.0,-6.14793467819405,-2.3976023976024,Finance,Real Estate Investment Trusts,42.3236105266001,US_SMID_CAP
SWMR,32.16,39.415,40.0,31.8,1460349.0,-18.767365496337472,46964823.84,83.3,11.25,512533317.253852,12.0,15.0,11.628033105183802,157.27999999999997,3.467283315716146,2026-09-14,185.9,10.8,83.3,80.4,159.0,512.5,20.0,70.0,30.0,100.0,0.0,⚠️ ELENDİ (ZOMBİ VEYA PRİMLİ),0.0,-18.623481781376533,-1.1981566820276517,Technology Services,Packaged Software,10.0,US_MICRO_CAP
VVX,72.96,72.95,74.3475,72.1495,642058.0,1.0246469122126765,46844551.68,93.98,50.8888,2286957350.229853,8.34915387199067,25.13002445493059,2.0159067643121507,33.09011309740969,1.1394480316659852,2026-09-14,43.4,48.85,93.98,182.4,28.8,2287.0,20.0,30.0,11.4,45.0,0.0,⚠️ SAHTE KÂR (FAALİYET KÂRI YETERSİZ),0.0,-11.370262390670554,-3.133297928836962,Commercial Services,Miscellaneous Commercial Services,4.18522733120994,US_SMALL_CAP
ELVN,54.43,55.0,55.83,54.005,858159.0,0.2025036818851241,46709594.37,62.32,14.785,3988127421.508468,-15.3115629207709,15.0,4.454104232421918,173.5175879396985,0.8997322062693215,2026-09-14,268.1,14.19,62.32,136.07,14.5,3988.1,20.0,55.0,10.0,32.5,0.0,⚠️ BİYOTEK TUZAĞI (FDA RİSKİ),0.0,-5.618172359979196,-8.812196347796947,Health Technology,Biotechnology,10.0,US_SMID_CAP
CXW,34.23,34.75,35.2599,34.041,1364330.0,-2.0040080160320723,46701015.9,35.3,15.735,3385124316.847696,8.77233232133371,27.272727272727263,2.353258227982117,60.77970878346641,0.7354350620214225,2026-09-14,117.5,15.11,35.3,85.57,3.1,3385.1,20.0,30.0,10.0,25.7,0.0,⚠️ ELENDİ (ZOMBİ VEYA PRİMLİ),0.0,8.460076045627371,2.301255230125511,Commercial Services,Miscellaneous Commercial Services,9.94240824207057,US_SMID_CAP
FLO,6.0,6.13,6.27,5.95,7761771.0,-1.477832512315269,46570626.0,13.79,5.95,1272344544.8275862,4.01074854148486,23.264831329972857,0.9613474245502496,-57.74647887323943,0.9614415270292258,2026-09-14,0.8,5.55,13.79,15.0,129.8,1272.3,65.0,40.0,10.0,33.7,0.0,⚠️ SAHTE KÂR (FAALİYET KÂRI YETERSİZ),0.0,-20.529801324503307,-5.66037735849057,Consumer Non-Durables,Food: Specialty/Candy,6.2909198943476605,US_SMALL_CAP
NWL,5.77,5.77,5.94,5.76,7932168.0,-1.3675213675213689,45768609.36,7.1299,3.07,2457442925.039316,-8.59420571650787,15.0,1.001450975763845,-4.628099173553723,1.0314578890748531,2026-09-14,87.9,2.95,7.13,14.42,23.6,2457.4,20.0,55.0,10.3,36.1,0.0,⚠️ ELENDİ (ZOMBİ VEYA PRİMLİ),0.0,-5.718954248366022,-4.470198675496697,Producer Manufacturing,Industrial Machinery,8.36323488821419,US_SMALL_CAP
WGS,89.74,85.64,90.17,83.875,517672.0,5.248343399988265,46455885.28,170.87,32.21,2676274745.809652,-40.8003007553409,15.0,10.95128788072932,-28.636182902584498,1.1418928830218864,2026-09-14,178.6,30.92,170.87,224.35,90.4,2676.3,20.0,55.0,71.9,66.2,0.0,⚠️ SAHTE KÂR (FAALİYET KÂRI YETERSİZ),0.0,14.056939501779343,2.2328548644338047,Health Services,Medical/Nursing Services,-12.4876217469951,US_SMALL_CAP
VC,100.01,99.81,100.26,98.59,464375.0,-0.9115228376102266,46442143.75,128.15,83.49,2669809847.383533,9.95713814704913,18.23203412695519,1.6575213782304348,-21.62839902828932,1.3827141304972472,2026-09-14,19.8,80.15,128.15,250.03,28.1,2669.8,90.0,40.0,62.9,48.4,0.0,⚠️ ELENDİ (ZOMBİ VEYA PRİMLİ),0.0,-6.750582750582747,-1.66175024582104,Producer Manufacturing,Auto Parts: OEM,7.32998147658111,US_SMALL_CAP
APPN,38.31,35.35,38.41,35.2224,1210905.0,10.212888377445353,46389770.55,46.059,18.63,2744079876.527331,12.0,15.0,2.0,21.50333016175072,1.1852207913628503,2026-09-14,105.6,17.88,46.06,95.78,20.2,2744.1,20.0,55.0,77.5,92.5,0.0,⚠️ SAHTE KÂR (FAALİYET KÂRI YETERSİZ),0.0,2.7353177795655754,-4.416167664670649,Technology Services,Packaged Software,4.36988483692461,US_SMALL_CAP
PII,58.92,58.03,59.84,57.735,786331.0,0.7007349171081929,46330622.52,77.9799,47.14,3352755448.5489664,-25.7617728531856,15.0,4.007827916439645,-0.6240512734019185,1.100667261094073,2026-09-14,25.0,45.25,77.98,147.3,32.3,3352.8,65.0,55.0,19.8,42.0,0.0,⚠️ SAHTE KÂR (FAALİYET KÂRI YETERSİZ),0.0,-13.110160743253209,-3.5363457760314287,Consumer Durables,Recreational Products,1.75957018132975,US_SMID_CAP
GLOB,40.49,39.3,40.98,38.97,1142902.0,7.258278145695369,46276101.98,72.1,27.56,1748340140.923709,5.35762749296413,15.897133882999608,0.8084955732421312,-31.27970128988459,1.0937075799094624,2026-09-14,46.9,26.46,72.1,101.23,78.1,1748.3,20.0,55.0,46.8,74.6,0.0,⚠️ ELENDİ (ZOMBİ VEYA PRİMLİ),0.0,5.967024339178228,1.6953409519025602,Technology Services,Information Technology Services,9.70509735573294,US_SMALL_CAP
ACLS,105.31,107.26,109.02,104.95,435632.0,-7.158600017632024,45876405.92,193.78,73.6,3252129594.269946,8.88687120606991,35.41260340305333,3.0512423867431617,22.63887271456853,1.3931165399010947,2026-09-14,43.1,70.66,193.78,263.27,84.0,3252.1,20.0,30.0,13.9,48.8,0.0,🪤 DÜŞEN BIÇAK (RÖLATİF ÇÖKÜŞ),0.0,-24.821530553969165,-6.266132621272801,Producer Manufacturing,Industrial Machinery,10.3251230844549,US_SMID_CAP
SRPT,20.92,20.55,21.4,20.38,2192860.0,2.298288508557469,45874631.2,25.32,14.68,2209717378.0889974,-18.4462476037049,15.0,1.4462925617560702,16.41624930439623,0.6478305228603795,2026-09-14,42.5,14.09,25.32,52.3,21.0,2209.7,20.0,55.0,10.6,34.2,0.0,⚠️ SAHTE KÂR (FAALİYET KÂRI YETERSİZ),0.0,14.818880351262363,-7.351638618246221,Health Technology,Pharmaceuticals: Major,-3.15238884409201,US_SMALL_CAP
ENVA,226.72,222.52,226.95,222.52,202023.0,1.4497941650259571,45802654.56,267.4499,103.02,5644958506.661179,26.0809653681655,16.810884959033107,3.7686777861943583,94.0265297389816,0.7758188661507674,2026-09-14,120.1,98.9,267.45,566.8,18.0,5645.0,20.0,70.0,70.5,34.4,0.0,⚠️ ELENDİ (ZOMBİ VEYA PRİMLİ),0.0,-14.12121212121212,-1.541668476136714,Finance,Finance/Rental/Leasing,24.1373676852175,US_SMID_CAP
FBP,28.15,27.69,28.16,27.69,1654065.0,1.6612495485734826,46561929.75,29.88,19.16,4297611564.340917,19.4940308004002,11.865121180189671,2.174075901893956,27.89641072239889,1.4025999993725011,2026-09-14,46.9,18.39,29.88,70.38,6.1,4297.6,20.0,70.0,81.0,57.4,0.0,⚠️ ELENDİ (ZOMBİ VEYA PRİMLİ),0.0,-4.446707399864231,-0.9500351864883994,Finance,Regional Banks,43.45623425020806,US_SMID_CAP
CPA,127.49,126.81,128.325,126.12,414472.0,-1.285327138985684,52841035.28,160.465,107.44,5244753875.232676,23.0665988845398,8.373947427190204,1.811385200319397,8.042372881355929,1.7406861748682534,2026-09-14,18.7,103.14,160.47,318.72,25.9,5244.8,90.0,85.0,34.4,60.9,0.0,NÖTR,-80.4,-6.628094331331477,-1.9307692307692348,Transportation,Airlines,19.3637635243947,US_SMID_CAP
PENN,18.0,17.82,18.05,17.52,2938401.0,1.0101010101010084,52891218.0,22.36,11.65,2413198566.666667,-37.3984410442529,15.0,1.294499312836615,-9.774436090225562,1.046327837075445,2026-09-14,54.5,11.18,22.36,45.0,24.2,2413.2,20.0,55.0,67.3,41.7,0.0,⚠️ SAHTE KÂR (FAALİYET KÂRI YETERSİZ),0.0,-4.407859798194362,5.017502917152855,Consumer Services,Casinos/Gaming,6.02513966480447,US_SMALL_CAP
NSIT,161.84,163.2,164.015,158.78,327319.0,-2.13460724436113,52973306.96,165.79,63.62,4749817784.666626,13.1118813595855,23.687831152483827,2.9760952468169357,25.24377031419285,1.4132480972126993,2026-09-14,154.4,61.08,165.79,404.6,2.4,4749.8,20.0,30.0,26.0,49.5,0.0,⚠️ SAHTE KÂR (FAALİYET KÂRI YETERSİZ),0.0,3.511352734250086,1.8630412890231671,Technology Services,Information Technology Services,5.74088028322916,US_SMID_CAP
NUTX,217.02,199.47,219.0,198.28,244414.0,8.379944067119457,53042726.28,219.0,83.99,1486147216.9467638,57.1561996677076,8.585195265523135,3.766618891133224,135.8400347750489,1.557041866355616,2026-09-14,158.4,80.63,219.0,542.55,0.9,1486.1,20.0,100.0,72.2,96.4,0.0,⚠️ ELENDİ (ZOMBİ VEYA PRİMLİ),0.0,16.171511161072754,9.219929542023165,Health Services,Medical/Nursing Services,43.0210695389267,US_SMALL_CAP
KSS,17.17,16.84,17.575,16.71,3115587.0,-0.3482298316889072,53494628.79000001,25.22,11.38,1946673456.6633775,6.67078443483632,7.489313443252203,0.4655013859307425,7.919547454431185,0.7220123064725604,2026-09-14,50.9,10.92,25.22,42.93,46.9,1946.7,20.0,55.0,11.7,25.3,0.0,⚠️ SAHTE KÂR (FAALİYET KÂRI YETERSİZ),0.0,-11.813045711350782,-10.805194805194796,Retail Trade,Department Stores,3.86260531432275,US_SMALL_CAP
GVA,114.41,116.24,116.469,112.7,468425.0,-3.792465523040704,53592504.25,162.08,97.26,5007097638.935503,-18.1660548962928,15.0,6.651697778852706,4.992199687987518,1.214648963402744,2026-09-14,17.6,93.37,162.08,286.02,41.7,5007.1,100.0,55.0,12.1,42.5,0.0,⚠️ SAHTE KÂR (FAALİYET KÂRI YETERSİZ),0.0,-7.345319080012962,-4.171203618393504,Industrial Services,Engineering & Construction,6.15752722104282,US_SMID_CAP
WSC,18.48,18.17,18.58,17.82,2902082.0,-0.9646302250803844,53630475.36,29.77,14.91,3348408700.540193,-7.08267403639833,15.0,3.674153483387777,-21.395150999574653,1.1527199569430349,2026-09-14,23.9,14.31,29.77,46.2,61.1,3348.4,65.0,55.0,63.1,40.3,0.0,⚠️ ELENDİ (ZOMBİ VEYA PRİMLİ),0.0,-19.30131004366812,-5.182144689584392,Finance,Finance/Rental/Leasing,20.552007746804,US_SMID_CAP
KFY,78.38,79.06,79.58,77.81,684295.0,1.0181724449026832,53635042.1,87.51,58.95,4276322707.9530864,14.2109237805466,14.770286058870084,1.996061865184586,4.6741452991453,1.3045076281750545,2026-09-14,33.0,56.59,87.51,195.95,11.6,4276.3,20.0,55.0,13.0,50.7,0.0,⚠️ ELENDİ (ZOMBİ VEYA PRİMLİ),0.0,-7.788235294117652,-6.790343679391138,Commercial Services,Personnel Services,13.382813650542898,US_SMID_CAP
EXLS,36.45,36.04,36.77,35.93,1472730.0,3.374929098128204,53681008.50000001,44.32,24.85,5526275473.038856,25.9443791796562,22.96786389413989,6.385181474039728,-17.064846416382252,0.7243890738559305,2026-09-14,46.7,23.86,44.32,91.12,21.6,5526.3,20.0,60.0,23.9,42.2,0.0,⚠️ ELENDİ (ZOMBİ VEYA PRİMLİ),0.0,2.272727272727279,-0.8702746804460165,Technology Services,Data Processing Services,14.4242605195337,US_SMID_CAP
MRCY,81.03,78.47,82.575,78.47,662497.0,0.5210271678451825,53682131.91,128.45,65.04,4872830755.333085,-1.99756371681624,15.0,3.2250964484137805,11.33553173948887,1.0213376515941728,2026-09-14,24.6,62.44,128.45,202.57,58.5,4872.8,65.0,55.0,27.5,38.4,0.0,⚠️ SAHTE KÂR (FAALİYET KÂRI YETERSİZ),0.0,-26.45003176908414,-3.9928909952606686,Electronic Technology,Aerospace & Defense,2.12937490214737,US_SMID_CAP
ASH,69.67,70.51,70.59,69.3,770940.0,-1.7486955295444857,53711389.8,78.25,46.295,3190424203.1487803,3.99042298483639,61.63305024769993,1.706108957353643,28.164091243561447,1.2301591480700316,2026-09-14,50.5,44.44,78.25,174.18,12.3,3190.4,20.0,30.0,12.3,43.1,0.0,⚠️ SAHTE KÂR (FAALİYET KÂRI YETERSİZ),0.0,-4.952251023192354,-3.943195918930097,Consumer Non-Durables,Food: Specialty/Candy,8.5729788388497,US_SMID_CAP
FLNC,9.41,9.325,9.65,9.24,5756436.0,-5.2366565961732086,54168062.76,33.51,7.26,1737051899.4108765,-20.7196058386306,15.0,3.6090144820814927,35.5907780979827,1.016563323301388,2026-09-14,29.6,6.97,33.51,23.52,256.1,1737.1,65.0,55.0,10.2,35.6,0.0,⚠️ SAHTE KÂR (FAALİYET KÂRI YETERSİZ),0.0,-27.615384615384617,-6.923837784371902,Producer Manufacturing,Electrical Products,-3.7398209025998304,US_SMALL_CAP
FEIM,85.5,87.16,87.93,80.92,635579.0,-3.253182461103253,54342004.5,89.76,26.05,955678839.4285716,3.04162219850587,330.370942812983,2.0,171.6010165184244,1.8274813277912851,2026-09-14,228.2,25.01,89.76,213.75,5.0,955.7,20.0,30.0,39.7,64.0,0.0,⚠️ ELENDİ (ZOMBİ VEYA PRİMLİ),0.0,8.640406607369755,37.858755240245074,Electronic Technology,Telecommunications Equipment,8.23841023248154,US_MICRO_CAP
INOD,55.24,52.0,55.58,51.97,986916.0,3.815072354820524,54517239.84,125.14,34.2301,1899297678.9144895,37.7402148232945,41.88338767154447,11.896788254829032,-10.164254350300862,1.300703757759088,2026-09-14,61.4,32.86,125.14,138.1,126.5,1899.3,20.0,75.0,69.8,64.6,0.0,⚠️ ELENDİ (ZOMBİ VEYA PRİMLİ),0.0,-10.440985732814523,0.4181057989456535,Technology Services,Data Processing Services,17.081383763605,US_SMALL_CAP
TNGX,24.54,23.98,24.99,23.44,2010906.0,3.195962994112691,49347633.24,34.39,6.69,4137698521.4911695,-21.3404905276993,15.0,4.033106313602777,255.65217391304347,0.8774539642395706,2026-09-14,266.8,6.42,34.39,61.35,40.1,4137.7,20.0,55.0,38.1,46.7,0.0,⚠️ SAHTE KÂR (FAALİYET KÂRI YETERSİZ),0.0,-2.657675525585092,9.163701067615651,Health Technology,Biotechnology,-253.37942056456896,US_SMID_CAP
THO,73.48,73.0,74.37,72.605,744379.0,0.8509470216854303,54696968.92,122.83,69.71,3825175523.1940713,6.14793310306323,14.810037287110754,0.886614462433875,-32.96843641671228,1.2832773248464082,2026-09-14,5.4,66.92,122.83,183.7,67.2,3825.2,100.0,55.0,12.8,49.2,0.0,⚠️ SAHTE KÂR (FAALİYET KÂRI YETERSİZ),0.0,-6.179775280898864,-2.2612396914072925,Consumer Durables,Recreational Products,2.54144540895553,US_SMID_CAP
BH,364.95,375.0,386.02,364.71,149881.0,-2.0715378216652875,54699070.95,483.6,234.915,1158568971.4685917,-5.25102508750532,15.0,2.106676389107603,14.970229656932233,0.8016745836941505,2026-09-14,55.4,225.52,483.6,912.38,32.5,1158.6,20.0,55.0,10.0,28.1,0.0,⚠️ SAHTE KÂR (FAALİYET KÂRI YETERSİZ),0.0,-6.073864367520273,-5.000520616409839,Consumer Services,Restaurants,5.17415658313856,US_SMALL_CAP
TARS,79.95,79.69,80.235,78.4,689656.0,0.8069600302610018,55137997.2,91.53,48.76,3508445390.320263,-13.6826114604677,15.0,9.9775738583821,55.96956691377294,0.7318948988329792,2026-09-14,64.0,46.81,91.53,199.88,14.5,3508.4,20.0,55.0,55.6,29.7,0.0,⚠️ SAHTE KÂR (FAALİYET KÂRI YETERSİZ),0.0,16.17262423714038,-3.3252720677146312,Health Technology,Pharmaceuticals: Major,-8.0047037014436,US_SMID_CAP
CALM,75.02,74.85,75.87,73.37,737203.0,1.405785347391176,55304969.06,108.805,71.92,3519719495.3311706,12.1956592230535,11.45203639250168,1.3387289355855814,-31.9546485260771,0.8287043958699843,2026-09-14,4.3,69.04,108.81,187.55,45.0,3519.7,100.0,55.0,30.7,36.0,0.0,⚠️ ELENDİ (ZOMBİ VEYA PRİMLİ),0.0,-8.823529411764712,0.0239993600170671,Process Industries,Agricultural Commodities/Milling,11.7924243173588,US_SMID_CAP
FRPT,63.77,64.45,66.0,63.66,870400.0,0.0470662064637608,55505408.0,86.0,46.45,3064663520.2864766,17.6217550392968,16.805017524441986,2.505313527593021,18.300714219460165,0.8013774411329622,2026-09-14,37.3,44.59,86.0,159.43,34.9,3064.7,20.0,40.0,10.0,28.3,0.0,⚠️ SAHTE KÂR (FAALİYET KÂRI YETERSİZ),0.0,-12.427904421862111,-7.459004498621381,Consumer Non-Durables,Food: Specialty/Candy,8.26096484522317,US_SMID_CAP
GPOR,173.06,176.31,176.31,172.84,321808.0,-0.1096681096681083,55692092.48,225.78,149.18,3060369606.7270417,27.4111285765093,6.9215970947370105,1.6761194145494835,-1.446469248291567,1.4119265781331445,2026-09-14,16.0,143.21,225.78,432.65,30.5,3060.4,100.0,85.0,14.1,49.4,0.0,NÖTR,0.0,2.0581470779029365,-4.37617416289092,Energy Minerals,Oil & Gas Production,42.1816529930528,US_SMID_CAP
PIPR,74.64,75.4,76.4,74.41,747816.0,-2.342012298835544,55816986.24,95.065,68.69625,5274830323.820489,23.6160793532111,17.302610227641523,3.6728433486056815,-13.357903595577346,1.2238861859298324,2026-09-14,8.7,65.95,95.06,186.6,27.4,5274.8,90.0,70.0,12.2,42.8,0.0,NÖTR,-67.1,-3.863987635239567,-2.4951012410189377,Finance,Investment Banks/Brokers,23.0586392140754,US_SMID_CAP
ENOV,18.22,19.3,19.69,18.0,3083499.0,-5.497925311203331,56181351.78,34.28,18.0,1050738159.5871366,-54.2485871415206,15.0,0.71131335695789,-44.41732763880415,1.383771068409383,2026-09-14,1.2,16.85,34.28,45.55,88.1,1050.7,65.0,55.0,13.8,48.4,0.0,⚠️ SAHTE KÂR (FAALİYET KÂRI YETERSİZ),0.0,-29.35246219464909,-4.155707522356669,Health Technology,Medical Specialties,3.40698849561722,US_SMALL_CAP
ATRO,70.965,71.94,72.0,69.85,795832.0,-4.075425790754259,56476217.88,94.46,32.61665362,3048960736.059611,33.6817861559715,37.60332768122086,15.396648384073316,108.9767707072727,1.6055627141916722,2026-09-14,117.6,31.31,94.46,177.41,33.1,3049.0,20.0,60.0,18.7,56.2,0.0,🪤 DÜŞEN BIÇAK (RÖLATİF ÇÖKÜŞ),0.0,-23.372206025267246,-4.872654155495967,Electronic Technology,Aerospace & Defense,13.6584615058009,US_SMID_CAP
LGN,52.78,53.48,54.34,52.0405,1072102.0,-6.8314210061782825,56585543.56,107.2375,28.31,5704223811.107855,12.0,15.0,6.757777589990602,95.48148148148148,1.2859615150256063,2026-09-14,86.4,27.18,107.24,131.95,103.2,5704.2,20.0,55.0,12.9,45.0,0.0,⚠️ SAHTE KÂR (FAALİYET KÂRI YETERSİZ),0.0,-17.62135164663648,-0.2079788239742852,Industrial Services,Engineering & Construction,3.03863022563666,US_SMID_CAP
STWD,15.44,15.6,15.77,15.35,3692497.0,-1.1523687580025592,57012153.68,20.48,15.35,5715408473.336748,3.37543657994518,25.93650260372921,0.8805251671087351,-24.866180048661803,0.8914205655876764,2026-09-14,0.6,14.51,20.48,38.6,32.6,5715.4,65.0,30.0,10.0,31.2,0.0,⚠️ ELENDİ (ZOMBİ VEYA PRİMLİ),0.0,-5.6811240073304905,-2.2165927802406564,Finance,Real Estate Investment Trusts,73.3316085149412,US_SMID_CAP
RUN,8.33,8.39,8.45,8.24,6870941.0,-2.686915887850472,57234938.53,22.44,8.22,2006255481.779205,12.6232173582797,5.601129639591178,0.5731234678579562,-47.87234042553192,0.984754095646944,2026-09-14,1.3,7.71,22.44,20.82,169.4,2006.3,65.0,55.0,10.0,34.5,0.0,⚠️ SAHTE KÂR (FAALİYET KÂRI YETERSİZ),0.0,-15.730905412240766,-6.299212598425202,Electronic Technology,Semiconductors,2.45672053444447,US_SMALL_CAP
SAIC,132.01,130.2,132.31,129.9,433722.0,1.6243264049268555,57255641.22,142.6608,81.08,5530906722.672362,25.7365391127667,15.419927578553906,3.861016282895121,24.022923712889884,0.7180977616420475,2026-09-14,62.8,77.84,142.66,330.02,8.1,5530.9,20.0,40.0,59.8,33.3,0.0,⚠️ SAHTE KÂR (FAALİYET KÂRI YETERSİZ),0.0,4.010400252127316,5.011534484130139,Technology Services,Information Technology Services,7.82221021345582,US_SMID_CAP
BFAM,66.87,66.83,68.03,66.015,857447.0,2.687346437346437,57337480.89,112.41,57.63,3252242881.701321,14.9433971929106,21.15202125640539,3.490088971955593,-41.30091292134831,1.0549187102597093,2026-09-14,16.0,55.32,112.41,167.18,68.1,3252.2,100.0,40.0,10.5,50.4,0.0,⚠️ ELENDİ (ZOMBİ VEYA PRİMLİ),0.0,-9.18104033681922,-4.662104362703159,Commercial Services,Miscellaneous Commercial Services,10.9054430283595,US_SMID_CAP
QS,5.2,5.13,5.25,5.12,10492953.0,-1.5151515151515165,54563355.6,19.0699,4.77,3219390433.409091,-39.0750918578442,15.0,3.071996975264517,-41.44144144144144,0.9621673427680808,2026-09-14,9.0,4.58,19.07,13.0,266.7,3219.4,100.0,55.0,25.8,33.7,0.0,⚠️ ELENDİ (ZOMBİ VEYA PRİMLİ),0.0,-16.799999999999997,-4.587155963302752,Producer Manufacturing,Electrical Products,10.0,US_SMID_CAP
KD,13.57,13.42,13.725,13.2,3628378.0,3.1939163498098853,49237089.46,32.3,10.1,2955793808.8387837,7.55208333333333,37.831056593253415,2.782482458262763,-58.11728395061728,1.094050696911263,2026-09-14,34.4,9.7,32.3,33.92,138.0,2955.8,20.0,30.0,39.6,54.3,0.0,⚠️ SAHTE KÂR (FAALİYET KÂRI YETERSİZ),0.0,-3.0714285714285694,2.1068472535741245,Technology Services,Data Processing Services,3.96873120865905,US_SMALL_CAP
EWTX,44.62,43.98,45.7,43.95,1104350.0,0.4954954954954929,49276097.0,48.4,13.85,4845916608.215315,-38.0316020471524,15.0,10.73248874916716,203.5374149659864,1.1199979392078483,2026-09-14,222.2,13.3,48.4,111.55,8.5,4845.9,20.0,55.0,11.2,41.7,0.0,⚠️ BİYOTEK TUZAĞI (FDA RİSKİ),0.0,4.374269005847947,6.92547328061347,Health Technology,Biotechnology,10.0,US_SMID_CAP
ARQT,24.27,23.79,24.75,23.79,2031570.0,1.6118903077245048,49306203.9,31.77,16.57,3050543976.298932,15.8635861750563,117.189763399324,13.818587623054894,37.66307430516166,1.038074377318629,2026-09-14,46.5,15.91,31.77,60.67,30.9,3050.5,20.0,30.0,10.4,44.4,0.0,⚠️ SAHTE KÂR (FAALİYET KÂRI YETERSİZ),0.0,-4.411185506104769,4.297378599054577,Health Technology,Pharmaceuticals: Major,7.382414366105511,US_SMID_CAP
LIVN,80.63,78.7,80.77,78.3,552034.0,3.133793809158337,44510501.42,85.76,48.82,4442189702.224226,15.4023366927257,23.92439617826835,3.3492425469695646,41.80443193809356,0.9913091604074676,2026-09-14,65.2,46.87,85.76,201.57,6.4,4442.2,20.0,30.0,72.0,50.4,0.0,⚠️ ELENDİ (ZOMBİ VEYA PRİMLİ),0.0,-1.1766147812231988,-0.0495847279038133,Health Technology,Medical Specialties,15.0091947117835,US_SMID_CAP
FHI,58.99,59.73,59.86,58.09,837053.0,-0.9736444519053188,49377756.47,67.2,46.6601,4404210086.931173,33.2300854108615,10.967945857504091,3.5279370270118333,9.260974254491572,1.515523445310811,2026-09-14,26.4,44.79,67.2,147.47,13.9,4404.2,20.0,100.0,16.3,53.0,0.0,NÖTR,0.0,-7.277585664885249,-3.893776474421637,Finance,Investment Managers,27.9822193427636,US_SMID_CAP
GT,5.32,5.34,5.48,5.3,9295155.0,-0.9310986964618216,49450224.6,10.62,5.3,1531621278.1750467,-63.9346323067253,15.0,0.5390425914573908,-37.92298716452742,1.09248768979659,2026-09-14,0.4,4.92,10.62,13.3,99.6,1531.6,65.0,55.0,10.9,38.2,0.0,⚠️ SAHTE KÂR (FAALİYET KÂRI YETERSİZ),0.0,-13.355048859934843,-12.643678160919531,Consumer Durables,Automotive Aftermarket,2.80902051658848,US_SMALL_CAP
KNSA,76.58,77.89,77.89,75.02,646079.0,0.4064507670119343,49476729.82,82.94,35.2,5975078599.751672,14.0377807712791,77.86476868327402,9.128936391888622,106.86115613182062,1.2477076657819195,2026-09-14,117.6,33.79,82.94,191.45,8.3,5975.1,20.0,30.0,18.6,45.7,0.0,⚠️ BİYOTEK TUZAĞI (FDA RİSKİ),0.0,-0.9570615623383276,-3.974921630094046,Health Technology,Pharmaceuticals: Major,11.922487774247,US_SMID_CAP
PK,15.32,15.22,15.38,15.06,3238426.0,0.2617801047120479,49612686.32,16.2,9.84,3084503209.183246,-5.01989592898684,15.0,0.998276474363778,27.454242928452583,0.905453963079561,2026-09-14,55.7,9.45,16.2,38.3,5.7,3084.5,20.0,55.0,52.8,33.0,0.0,⚠️ ELENDİ (ZOMBİ VEYA PRİMLİ),0.0,1.7940199335548144,1.9973368841544652,Finance,Real Estate Investment Trusts,11.9244391971665,US_SMID_CAP
ABCL,11.17,10.66,11.305,10.66,4446726.0,2.571166207529838,49669929.42,12.5799,2.745,3619609161.569329,-17.304014090807,15.0,3.8205275543151096,142.2993492407809,1.1580288545862865,2026-09-14,306.9,2.64,12.58,27.93,12.6,3619.6,20.0,55.0,52.3,53.4,0.0,⚠️ SAHTE KÂR (FAALİYET KÂRI YETERSİZ),0.0,3.0442804428044288,-2.869565217391305,Health Technology,Biotechnology,-340.253577743071,US_SMID_CAP
NCNO,22.18,21.41,22.35,21.41,2241393.0,4.376470588235293,49714096.74,31.23,13.8,2345228373.2423525,3.38227669695216,73.51673848193569,2.5077249914355195,-27.350147396003933,0.9605169889348216,2026-09-14,60.7,13.25,31.23,55.45,40.8,2345.2,20.0,30.0,54.3,55.5,0.0,⚠️ ELENDİ (ZOMBİ VEYA PRİMLİ),0.0,6.378896882493996,-4.643164230438528,Technology Services,Packaged Software,8.76649674404253,US_SMALL_CAP
TRMD,35.34,35.21,35.645,34.6522,1411339.0,0.7411630558723065,49876720.260000005,35.938,19.3,3601019303.0808454,26.6639628552417,5.956093097395733,1.4241159207805776,55.00000000000001,1.2230100119749934,2026-09-14,83.1,18.53,35.94,88.35,1.7,3601.0,20.0,85.0,39.2,46.5,0.0,⚠️ ELENDİ (ZOMBİ VEYA PRİMLİ),0.0,18.5508218718551,2.4941995359628963,Transportation,Marine Shipping,39.0870327379012,US_SMID_CAP
ALGT,78.5,76.73,79.58,76.05,636881.0,0.2938546058515446,49995158.5,123.63,57.11,2146013691.4271116,1.76465916891817,55.80039806653397,1.2075503740791085,21.085917013728217,1.3444851454130768,2026-09-14,37.5,54.83,123.63,196.25,57.5,2146.0,20.0,30.0,40.6,48.5,0.0,⚠️ ELENDİ (ZOMBİ VEYA PRİMLİ),0.0,-7.874662598286578,3.6440454185371074,Transportation,Airlines,8.63570742926329,US_SMALL_CAP
NAT,7.63,7.5,7.7,7.3,6561953.0,2.27882037533512,50067701.39,7.7,3.0614,1615657514.730563,25.6588180177859,13.080747471284072,3.382691966660756,138.4375,1.442219803608784,2026-09-14,149.2,2.94,7.7,19.07,0.9,1615.7,20.0,100.0,59.9,61.9,0.0,⚠️ ELENDİ (ZOMBİ VEYA PRİMLİ),0.0,14.73684210526315,7.46478873239437,Transportation,Marine Shipping,28.6882712316322,US_SMALL_CAP
AZZ,132.75,134.48,134.905,131.73,377533.0,-3.1516743269862064,50117505.75,162.2,92.98,3989337133.45371,15.3151977615311,20.2134786978104,2.8958059567873766,11.601513240857502,2.0972494269871023,2026-09-14,42.8,89.26,162.2,331.88,22.2,3989.3,20.0,40.0,21.0,73.4,0.0,⚠️ ELENDİ (ZOMBİ VEYA PRİMLİ),0.0,-11.393672406888262,-3.734590282813637,Process Industries,Industrial Specialties,16.2288685520157,US_SMID_CAP
SXT,126.55,128.31,128.34,126.19,417098.0,-1.5940902021772916,52783751.9,138.82,82.6,5386324216.600699,13.0712285932143,34.20455159738364,4.275103862558873,19.12830650475383,1.3900014063375836,2026-09-14,53.2,79.3,138.82,316.38,9.7,5386.3,20.0,30.0,13.9,48.7,0.0,⚠️ ELENDİ (ZOMBİ VEYA PRİMLİ),0.0,-2.6463574121086326,-6.411773406300845,Consumer Non-Durables,Food: Specialty/Candy,14.048962383275098,US_SMID_CAP
OII,46.56,50.41,50.41,46.155,1094618.0,-8.8667058132707,50965414.080000006,54.25,22.02,4634100416.967704,34.8979198162512,13.406663019378618,3.980623528426064,88.73125253344142,1.4203553321294378,2026-09-14,111.4,21.14,54.25,116.4,16.5,4634.1,20.0,70.0,14.2,49.7,0.0,⚠️ ELENDİ (ZOMBİ VEYA PRİMLİ),0.0,-9.48678071539657,-9.292811221507884,Producer Manufacturing,Industrial Machinery,10.3728127823515,US_SMID_CAP
RPD,12.79,10.62,12.9599,10.62,3996118.0,24.054316197866136,51110349.22,20.95,4.97,862054250.8525702,14.0281594004548,42.030890568517904,4.376989151637521,-36.241276171485545,2.2109725623972696,2026-09-14,157.3,4.77,20.95,31.97,63.8,862.1,20.0,30.0,81.9,100.0,0.0,⚠️ SAHTE KÂR (FAALİYET KÂRI YETERSİZ),0.0,-7.184325108853413,13.891362422083692,Technology Services,Information Technology Services,1.54009360666042,US_MICRO_CAP
HP,42.63,44.48,44.48,42.135,1200188.0,-3.2016348773841887,51164014.440000005,48.17,20.32,4260397183.920301,-5.22621458655978,15.0,1.6550525691750244,101.5602836879433,0.9167375244692386,2026-09-14,109.8,19.51,48.17,106.58,13.0,4260.4,20.0,55.0,10.0,32.1,0.0,⚠️ SAHTE KÂR (FAALİYET KÂRI YETERSİZ),0.0,-1.8194380469829552,-4.395604395604397,Industrial Services,Contract Drilling,2.67805841453136,US_SMID_CAP
BFH,109.23,108.65,109.45,106.99,469359.0,2.6887280248190275,51268083.57,114.53,53.83,4196536922.789038,17.3939672331955,8.539130842655785,1.2562262150248014,72.06994328922497,0.9736013577677316,2026-09-14,102.9,51.68,114.53,273.07,4.9,4196.5,20.0,70.0,67.2,47.5,0.0,⚠️ ELENDİ (ZOMBİ VEYA PRİMLİ),0.0,-2.114884846312393,2.0173718128327365,Finance,Finance/Rental/Leasing,17.26055092241597,US_SMID_CAP
PGY,21.49,19.87,21.74,19.7,2395111.0,7.611417125688531,51470935.38999999,44.99,10.4,1792821349.1642463,26.3934520061817,16.61640763937215,3.014173206258372,-43.755234505862646,1.2589334799340326,2026-09-14,106.6,9.98,44.99,53.72,109.4,1792.8,20.0,100.0,65.4,82.1,0.0,⚠️ ELENDİ (ZOMBİ VEYA PRİMLİ),0.0,-0.324675324675326,-5.058537662911434,Technology Services,Packaged Software,22.8705302617096,US_SMALL_CAP
GPI,284.01,282.08,286.24,279.21,181704.0,2.062744816185722,51605753.04,470.48,249.54,3386030987.782334,9.39850859038796,11.84139756926348,1.1473065966715787,-41.41587078941398,0.7117407612834084,2026-09-14,13.8,239.56,470.48,710.02,65.7,3386.0,100.0,55.0,32.7,35.2,0.0,⚠️ SAHTE KÂR (FAALİYET KÂRI YETERSİZ),0.0,8.148966147519126,-0.1546844788187723,Retail Trade,Specialty Stores,4.23294274829834,US_SMID_CAP
CHEF,112.84,110.87,114.0,109.81,458502.0,2.1638750565866918,51737365.68,117.65,53.2,4603429714.195382,15.2520040167403,53.65157854697603,7.099337881674347,70.55622732769046,0.5727422592378801,2026-09-14,112.1,51.07,117.65,282.1,4.3,4603.4,20.0,30.0,37.0,30.9,0.0,⚠️ SAHTE KÂR (FAALİYET KÂRI YETERSİZ),0.0,1.868737022659572,-1.2687024236591151,Distribution Services,Food Distributors,4.14302064029971,US_SMID_CAP
CNK,34.83,35.0,35.565,34.76,1485598.0,-0.7126567844925884,51743378.34,38.98,21.6,4037209944.996295,45.4266030736619,19.36936936936937,8.14466305928791,23.335694050991503,0.6825572167359616,2026-09-14,61.2,20.74,38.98,87.07,11.9,4037.2,20.0,70.0,10.0,23.9,0.0,⚠️ ELENDİ (ZOMBİ VEYA PRİMLİ),0.0,-6.496644295302018,-0.5425471159337659,Consumer Services,Movies/Entertainment,13.439181756013404,US_SMID_CAP
TYRA,25.07,23.2,26.36,23.2,2066099.0,13.799364502950516,51797101.93,40.65,12.1,1496100859.3985474,-45.3072607809262,15.0,4.22928921961432,101.04250200481154,1.345557346651585,2026-09-14,107.2,11.62,40.65,62.67,62.1,1496.1,20.0,55.0,26.3,100.0,0.0,⚠️ BİYOTEK TUZAĞI (FDA RİSKİ),0.0,0.6019261637239108,2.2847817217462207,Health Technology,Biotechnology,10.0,US_SMALL_CAP
CNO,55.53,55.32,55.84,55.1,940083.0,1.0738987986894857,52202808.99,57.59,38.215,5137711543.895342,10.9340476702579,19.099539107106004,1.9862106263162715,41.36965376782077,0.8960581402697106,2026-09-14,45.3,36.69,57.59,138.82,3.7,5137.7,20.0,40.0,20.3,36.7,0.0,⚠️ ELENDİ (ZOMBİ VEYA PRİMLİ),0.0,1.4246575342465777,-1.3676731793960857,Finance,Multi-Line Insurance,14.451834370306802,US_SMID_CAP
DJCO,677.05,649.9,680.4632,649.9,77250.0,2.2888653875207705,52302112.5,680.4632,348.63,932942422.2623508,-3.30791583823112,15.0,2.7626201921360414,50.9856830649837,1.2486261071959657,2026-09-14,94.2,334.68,680.46,1692.62,0.5,932.9,20.0,55.0,66.9,55.1,0.0,⚠️ ELENDİ (ZOMBİ VEYA PRİMLİ),0.0,12.096226758721162,9.905361751862731,Consumer Services,Publishing: Newspapers,13.4528137641456,US_MICRO_CAP
CHH,96.54,97.27,97.805,95.77,542122.0,-0.2376769660018495,52336457.88,123.82,84.035,4345132141.479383,563.786441262722,13.626547348511584,30.67722500444874,-16.125108601216326,0.9935543463718686,2026-09-14,14.9,80.67,123.82,241.35,28.3,4345.1,90.0,100.0,10.0,34.8,0.0,NÖTR,0.0,-7.925608011444911,-2.632375189107412,Consumer Services,Hotels/Resorts/Cruise lines,25.516562300974694,US_SMID_CAP
SHOO,42.34,42.07,42.82,41.55,1238545.0,-1.3743303051479066,52439995.3,49.7,30.7,3098318161.518286,16.1621540212756,21.22731374711722,3.297066125098507,33.27038086244887,1.1323062526175345,2026-09-14,37.9,29.47,49.7,105.85,17.4,3098.3,20.0,55.0,28.4,39.6,0.0,⚠️ ELENDİ (ZOMBİ VEYA PRİMLİ),0.0,-10.087067317901887,1.705500840739853,Consumer Non-Durables,Apparel/Footwear,9.03436408060321,US_SMID_CAP
BKH,70.62,71.46,71.625,70.53,743560.0,-0.9537166900420656,52510207.2,78.69,58.1,5384997211.327069,7.88970248697144,17.799173303760462,1.3656293787836655,19.290540540540544,0.9192705722272628,2026-09-14,21.5,55.78,78.69,176.55,11.4,5385.0,65.0,40.0,10.0,32.2,0.0,⚠️ ELENDİ (ZOMBİ VEYA PRİMLİ),0.0,-4.2180930421809295,-3.034463819854447,Utilities,Gas Distributors,23.8561238691719,US_SMID_CAP
WAFD,33.61,33.88,34.22,33.54,1497883.0,-0.796930342384897,50343847.63,39.4857,26.31,2487527278.863636,8.49678659257559,10.591164051175395,0.9129607008582808,6.664550936210719,1.458281470892015,2026-09-14,27.7,25.26,39.49,84.03,17.5,2487.5,65.0,55.0,14.6,51.0,0.0,⚠️ ELENDİ (ZOMBİ VEYA PRİMLİ),0.0,-11.10817244115314,-6.352744497074397,Finance,Major Banks,41.92724307855886,US_SMALL_CAP
CRK,14.3,15.07,15.0991,14.275,2508949.0,-3.247631935047352,35877970.7,28.099,12.12,4198774145.581868,20.9208843488892,8.30719182061113,1.6279766072284438,-11.619283065512972,0.7594072156835396,2026-09-14,18.0,11.64,28.1,35.75,96.5,4198.8,100.0,85.0,10.0,26.6,0.0,NÖTR,0.0,4.379562043795631,-4.666666666666662,Energy Minerals,Oil & Gas Production,19.2784978541,US_SMID_CAP
SLM,26.4,25.87,26.51,25.87,1359322.0,1.3824884792626706,35886100.8,31.06,17.77,4961799930.138248,30.3326256542732,7.3904036728066735,2.2314278010546875,-9.12220309810672,0.7608333601530058,2026-09-14,48.6,17.06,31.06,66.0,17.7,4961.8,20.0,100.0,53.5,33.5,0.0,⚠️ ELENDİ (ZOMBİ VEYA PRİMLİ),0.0,-4.967602591792666,1.0719754977029003,Finance,Finance/Rental/Leasing,42.4341926915002,US_SMID_CAP
GFF,93.81,94.14,95.195,93.32,383379.0,-2.311777569509527,35964783.99,108.57,65.01,4249097243.01687,229.229860765788,20.822142809579827,33.031341218226565,17.51221345358888,1.3457773659019467,2026-09-14,44.3,62.41,108.57,234.53,15.7,4249.1,20.0,85.0,13.5,47.1,0.0,⚠️ ELENDİ (ZOMBİ VEYA PRİMLİ),0.0,-10.606060606060602,-3.8043478260869503,Producer Manufacturing,Building Products,19.6878302099797,US_SMID_CAP
CCXI,12.0,12.13,12.28,11.8,3002977.0,-2.5974025974026,36035724.0,19.69,10.07,668400001.948052,-97.7367162769563,15.0,2.491430517117166,17.64705882352942,1.905861403275619,2026-09-14,19.2,9.67,19.69,30.0,64.1,668.4,100.0,55.0,19.1,66.7,0.0,🪤 DÜŞEN BIÇAK (RÖLATİF ÇÖKÜŞ),0.0,-27.841250751653632,-13.54466858789626,Finance,Financial Conglomerates,10.0,US_MICRO_CAP
CRML,6.46,6.2,6.68,6.06,5583362.0,0.4665629860031143,36068518.52,32.15,5.115,948901288.3297044,-138.75395700713,15.0,5.447982728376737,3.5256410256410216,0.987120146036928,2026-09-14,26.3,4.91,32.15,16.15,397.7,948.9,65.0,55.0,30.2,36.9,0.0,⚠️ ELENDİ (ZOMBİ VEYA PRİMLİ),0.0,-3.437967115097166,-17.39130434782609,Non-Energy Minerals,Precious Metals,10.0,US_MICRO_CAP
CBT,80.76,79.1,80.82,78.02,452343.0,1.3554216867469857,36531220.68,94.53,58.33,4169720234.0135536,11.8881118881119,22.77174679261244,2.597956570118288,-0.8471454880294631,1.3254163618127677,2026-09-14,38.5,56.0,94.53,201.9,17.1,4169.7,20.0,30.0,80.3,53.2,0.0,⚠️ ELENDİ (ZOMBİ VEYA PRİMLİ),0.0,-5.917986952469709,0.622975330176925,Process Industries,Chemicals: Specialty,15.134837644468902,US_SMID_CAP
SYNA,95.06,95.74,97.08,94.8,384369.0,-5.909135900227653,36538117.14,149.11,58.28,3717509776.232604,-42.230252968508,15.0,3.994941813626257,32.932456999021106,0.5435231882100822,2026-09-14,63.1,55.95,149.11,237.65,56.9,3717.5,20.0,55.0,10.0,19.0,0.0,⚠️ SAHTE KÂR (FAALİYET KÂRI YETERSİZ),0.0,-11.18378024852845,-3.79516243295213,Electronic Technology,Semiconductors,-2.93184096224524,US_SMID_CAP
LPG,55.38,55.39,55.9551,54.23,660277.0,0.3624501631025785,36566140.260000005,55.9551,23.76,2369304860.1507792,28.34202271141,7.348433581465707,1.9161084936750776,76.08903020667728,1.1738529068227357,2026-09-14,133.1,22.81,55.96,138.45,1.0,2369.3,20.0,100.0,35.1,42.9,0.0,⚠️ ELENDİ (ZOMBİ VEYA PRİMLİ),0.0,20.05202688055495,2.745825602968468,Transportation,Marine Shipping,52.01965339032329,US_SMALL_CAP
DCO,164.5,170.14,170.78,164.29,222755.0,-4.764661610606143,36643197.5,210.39,84.76,2483913604.863081,-3.54910249744505,15.0,3.597468431941146,76.88172043010752,0.9921891633549896,2026-09-14,94.1,81.37,210.39,411.25,27.9,2483.9,20.0,55.0,10.0,34.7,0.0,⚠️ ELENDİ (ZOMBİ VEYA PRİMLİ),0.0,-17.585170340681362,-1.11211301472798,Electronic Technology,Aerospace & Defense,10.3557092463552,US_SMALL_CAP
HURN,156.43,156.97,157.48,153.07,234301.0,4.33535649969986,36651705.43,186.775,84.875,2488812492.053692,26.8809137486842,23.460511713008792,6.491582480404493,10.57468014420019,1.1820679592841634,2026-09-14,84.3,81.48,186.78,391.08,19.4,2488.8,20.0,70.0,48.5,63.0,0.0,⚠️ ELENDİ (ZOMBİ VEYA PRİMLİ),0.0,-0.0830352580480298,0.578666495209931,Commercial Services,Miscellaneous Commercial Services,11.6191985220347,US_SMALL_CAP
DAN,30.3,30.55,30.59,30.025811,1215317.0,-2.509652509652502,36824105.1,39.56,17.74,3259573488.426641,-2.8809218950064,15.0,1.697686328078163,43.194706994328925,0.9587253714249562,2026-09-14,70.8,17.03,39.56,75.75,30.6,3259.6,20.0,55.0,10.0,33.6,0.0,⚠️ SAHTE KÂR (FAALİYET KÂRI YETERSİZ),0.0,-1.0450685826257358,-3.5031847133757896,Producer Manufacturing,Auto Parts: OEM,4.0198381623597,US_SMID_CAP
MC,62.71,63.31,64.24,62.1,588162.0,-2.061533656098704,36883639.02,78.2162,51.06,5087269107.418554,44.6780004051725,21.83419797360816,9.18430861385921,-16.764003185558803,0.8070582226804051,2026-09-14,22.8,49.02,78.22,156.78,24.7,5087.3,65.0,85.0,10.0,28.2,0.0,NÖTR,0.0,-10.720387243735756,-8.719068413391561,Finance,Investment Banks/Brokers,18.4170333559086,US_SMID_CAP
ICHR,51.38,52.1,53.79,51.15,718049.0,-10.409764603312988,36893357.620000005,113.58,14.06,1924398351.2864864,-5.16592247974538,15.0,2.2192668471854664,196.65127020785215,1.0954204785104762,2026-09-14,265.4,13.5,113.58,128.45,121.1,1924.4,20.0,55.0,11.0,38.3,0.0,⚠️ SAHTE KÂR (FAALİYET KÂRI YETERSİZ),0.0,-26.27349691490888,-5.638200183654729,Producer Manufacturing,Industrial Machinery,1.32231290825979,US_SMALL_CAP
AVNT,41.16,40.79,41.52,40.5,896471.0,-0.6037189084762135,36898746.36,46.64,27.48,3775176395.21758,7.09042375709042,22.27152210378226,1.5491715169234566,12.12203759193679,1.3577448559645853,2026-09-14,49.8,26.38,46.64,102.9,13.3,3775.2,20.0,30.0,34.2,47.5,0.0,⚠️ ELENDİ (ZOMBİ VEYA PRİMLİ),0.0,-10.32679738562092,-3.651685393258433,Process Industries,Chemicals: Major Diversified,10.7879333633498,US_SMID_CAP
EBC,21.84,21.63,21.96,21.63,2029669.0,1.1111111111111038,44327970.96,23.775,16.615,4990692360.188889,9.4417984951874,12.38095238095238,1.1669428181989647,25.80645161290323,0.9715478184548272,2026-09-14,31.4,15.95,23.77,54.6,8.8,4990.7,20.0,55.0,28.8,39.6,0.0,⚠️ ELENDİ (ZOMBİ VEYA PRİMLİ),0.0,-7.103360272224592,-0.8174386920980914,Finance,Regional Banks,35.93844099805189,US_SMID_CAP
TNDM,16.81,17.18,17.62,16.6,2201455.0,-1.7533606078316817,37006458.55,29.65,11.46,1169618069.8082995,-48.0257593743719,15.0,8.965285518477234,31.430805316653636,1.5528341548392457,2026-09-14,46.7,11.0,29.65,42.02,76.4,1169.6,20.0,55.0,15.5,54.3,0.0,⚠️ SAHTE KÂR (FAALİYET KÂRI YETERSİZ),0.0,-26.65794066317628,-16.11776447105789,Health Technology,Medical Specialties,-4.17042107669755,US_SMALL_CAP
SKY,83.76,82.23,84.42,82.085,442033.0,0.7215007215007319,37024684.080000006,99.1651,63.69,4546504080.808081,12.177220272417,24.51201311053232,2.890267156475393,10.999204876755911,0.9632155399956288,2026-09-14,31.5,61.14,99.17,209.4,18.4,4546.5,20.0,30.0,40.1,37.3,0.0,⚠️ SAHTE KÂR (FAALİYET KÂRI YETERSİZ),0.0,-12.449043587331447,-2.559329920893426,Consumer Durables,Homebuilding,8.92823534033911,US_SMID_CAP
TPC,84.51,86.0,87.24,84.15,438937.0,-5.183439919219108,37094565.870000005,102.3,57.9,4442616067.041064,10.1090443010065,36.5622566409968,3.508592751648428,35.454399743548656,1.1156684702930335,2026-09-14,46.0,55.58,102.3,211.28,21.1,4442.6,20.0,30.0,11.2,39.0,0.0,⚠️ SAHTE KÂR (FAALİYET KÂRI YETERSİZ),0.0,-11.535643253428235,-3.8566552901023896,Industrial Services,Engineering & Construction,4.49004324929445,US_SMID_CAP
TALO,17.66,18.06,18.205,17.6,2100668.0,-0.1131221719456989,37097796.88,18.44,8.87,2948610239.55543,-17.7950091472384,15.0,1.450628920743583,80.20408163265306,1.2652635621431134,2026-09-14,99.1,8.52,18.44,44.15,4.4,2948.6,20.0,55.0,12.7,44.3,0.0,⚠️ SAHTE KÂR (FAALİYET KÂRI YETERSİZ),0.0,12.98784388995521,3.274853801169583,Energy Minerals,Oil & Gas Production,6.27842698820307,US_SMALL_CAP
ALMS,9.22,9.25,9.3562,9.02,4027069.0,0.4357298474945635,37129576.18,31.35,3.76,1230825321.1655777,-93.6456583305333,15.0,2.6203678177906493,110.98398169336386,0.5924314392255126,2026-09-14,145.2,3.61,31.35,23.05,240.0,1230.8,20.0,55.0,19.2,22.9,0.0,⚠️ SAHTE KÂR (FAALİYET KÂRI YETERSİZ),0.0,-60.24148339801639,-17.89848619768477,Health Technology,Pharmaceuticals: Major,-5479.54852662882,US_SMALL_CAP
AVAH,14.38,14.27,14.695,14.2,2585578.0,2.1306818181818232,37180611.64,14.695,5.93,3139019960.629261,199.620030150571,11.693909083516305,10.919915556703067,70.98692033293699,0.8852171450381199,2026-09-14,142.5,5.69,14.7,35.95,2.2,3139.0,20.0,70.0,10.0,41.6,0.0,⚠️ ELENDİ (ZOMBİ VEYA PRİMLİ),0.0,20.738874895046184,5.891016200294556,Health Services,Medical/Nursing Services,11.3902229120723,US_SMID_CAP
HGV,38.67,39.28,39.665,38.56,962417.0,-2.0268558398783814,37216665.39,55.4,36.79,3005593035.7874336,11.6557313778464,21.86475178106977,2.7377068678424576,-15.861618798955613,1.1089016939833352,2026-09-14,5.1,35.32,55.4,96.68,43.3,3005.6,100.0,40.0,11.1,38.8,0.0,⚠️ ELENDİ (ZOMBİ VEYA PRİMLİ),0.0,-14.23819028609448,-8.016175071360603,Finance,Real Estate Development,12.1683093252464,US_SMID_CAP
TENB,35.08,30.92,35.13,30.895,11924486.0,16.506144138160074,418310968.88,43.67,15.725,3863710721.159748,2.45566365202569,606.9204152249135,19.527836073056815,14.978695509668947,1.7042108226953958,2026-09-14,123.1,15.1,43.67,87.7,24.5,3863.7,20.0,30.0,85.4,100.0,0.0,⚠️ SAHTE KÂR (FAALİYET KÂRI YETERSİZ),0.0,-12.321919520119971,3.419811320754707,Technology Services,Packaged Software,4.20405945537254,US_SMID_CAP
CNXC,29.27,28.76,30.34,28.72,1286749.0,3.647308781869692,37663143.23,57.875,19.12,1786007163.578966,-37.7349467463115,15.0,0.6594858488801808,-46.00627190555248,0.9486220585781856,2026-09-14,53.1,18.36,57.88,73.17,97.7,1786.0,20.0,55.0,10.0,51.4,0.0,⚠️ ELENDİ (ZOMBİ VEYA PRİMLİ),0.0,15.055031446540871,-9.883004926108368,Technology Services,Information Technology Services,7.37194623244907,US_SMALL_CAP
AIR,120.08,122.5,122.5,119.94,313731.0,-4.303474657315912,37672818.48,154.0,74.243,4834281474.471788,12.8764492007958,24.66620105994002,2.8106186520874017,59.97868371969091,1.0765208171416514,2026-09-14,61.7,71.27,154.0,300.2,28.2,4834.3,20.0,30.0,10.8,37.7,0.0,⚠️ SAHTE KÂR (FAALİYET KÂRI YETERSİZ),0.0,-17.44809569641139,-3.7126132627696222,Electronic Technology,Aerospace & Defense,8.43712212817412,US_SMID_CAP
MAN,58.02,57.47,58.89,57.06,650327.0,2.763018065887358,37731972.54,63.88,25.15,2698253096.1774707,5.08205916063111,26.1598809684837,1.2810393154542754,46.18291761148905,0.833690464851272,2026-09-14,130.7,24.14,63.88,145.05,10.1,2698.3,20.0,30.0,11.8,43.0,0.0,⚠️ SAHTE KÂR (FAALİYET KÂRI YETERSİZ),0.0,-2.372539121655724,-4.540967423494567,Commercial Services,Personnel Services,1.83832760803714,US_SMALL_CAP
HIW,30.66,30.86,31.035,30.545,1233793.0,-0.8729388942773992,37828093.38,35.435,20.45,3381988535.097964,7.08170106766496,20.51384985949418,1.4301320329984542,-5.1361386138613865,1.0921489289568052,2026-09-14,49.9,19.63,35.44,76.65,15.6,3382.0,20.0,40.0,10.9,38.2,0.0,⚠️ ELENDİ (ZOMBİ VEYA PRİMLİ),0.0,-3.615215341087704,-0.2926829268292678,Finance,Real Estate Investment Trusts,25.5870732159583,US_SMID_CAP
CURB,29.08,29.29,29.58,28.97,1301567.0,-0.8185538881309753,37849568.36,32.15,21.93,3345305729.31105,1.43893857096074,106.99043414275202,1.4687632740491043,27.43207712532865,0.929449853994979,2026-09-14,32.6,21.05,32.15,72.7,10.6,3345.3,20.0,30.0,10.0,32.5,0.0,⚠️ ELENDİ (ZOMBİ VEYA PRİMLİ),0.0,-3.1635031635031727,-0.4450530640191802,Finance,Real Estate Investment Trusts,17.1696708012306,US_SMID_CAP
VECO,40.9,42.17,42.2812,40.22,926671.0,-8.76645103725184,37900843.9,86.63,26.0,2500202480.1806827,2.64278461697645,112.30093355299284,2.7694172374216657,60.078277886497055,1.7754889405438794,2026-09-14,57.3,24.96,86.63,102.25,111.8,2500.2,20.0,30.0,17.8,62.1,0.0,⚠️ SAHTE KÂR (FAALİYET KÂRI YETERSİZ),0.0,-22.13972967827908,-4.617537313432845,Electronic Technology,Electronic Production Equipment,4.26060464026248,US_SMALL_CAP
IOND,79.86,83.0,84.27,79.53,462679.0,-4.233121477395373,36949544.94,85.0,50.0,3593394722.9636645,12.0,15.0,7.038200702409962,59.72,0.8995917142034422,2026-09-14,59.7,48.0,85.0,199.65,6.4,3593.4,20.0,55.0,10.0,31.5,0.0,⚠️ ELENDİ (ZOMBİ VEYA PRİMLİ),0.0,23.986958546809507,6.48,Technology Services,Data Processing Services,10.0,US_SMID_CAP
RH,134.17,131.4,139.93,129.5,965791.0,0.0745879018423169,129580178.46999998,248.44,106.3037,2540262064.9909005,280.715445517137,23.860503992459677,21.10570154395513,-38.50490420753507,1.091641181049665,2026-09-14,26.2,102.05,248.44,335.42,85.2,2540.3,65.0,70.0,10.9,38.6,0.0,🪤 DÜŞEN BIÇAK (RÖLATİF ÇÖKÜŞ),0.0,-25.7745076344324,-7.4178857300579635,Retail Trade,Specialty Stores,10.3844662851549,US_SMALL_CAP
SEDG,35.33,33.64,37.23,33.25,3688146.0,1.8742791234140677,130302198.18,81.25,28.21,2173704603.8572664,-58.4240422607057,15.0,5.273771903767471,20.58020477815699,1.0513672635381766,2026-09-14,25.2,27.08,81.25,88.32,130.0,2173.7,65.0,55.0,13.7,46.2,0.0,⚠️ SAHTE KÂR (FAALİYET KÂRI YETERSİZ),0.0,9.720496894409925,4.341405788541048,Producer Manufacturing,Electrical Products,-9.9682424353421,US_SMALL_CAP
LEU,146.25,150.0,150.975,146.08,902716.0,-3.97872759503644,132022215.0,464.25,142.13,2918105411.463463,8.05313408053134,66.72902313272802,3.4517453086355943,-33.622293831979306,1.224998870285273,2026-09-14,2.9,135.28,464.25,365.62,217.4,2918.1,65.0,30.0,12.2,42.9,0.0,⚠️ SAHTE KÂR (FAALİYET KÂRI YETERSİZ),0.0,-23.828125,-15.045018878884695,Non-Energy Minerals,Other Metals/Minerals,1.56151086727158,US_SMALL_CAP
ENPH,36.66,35.24,37.49,35.2187,3686079.0,0.852819807427772,135131656.14,73.74,25.775,4844422228.08033,12.9964368018393,36.329402437815865,4.098640159294667,-2.344166222695798,0.8424502159960863,2026-09-14,42.2,24.74,73.74,91.65,101.1,4844.4,20.0,30.0,27.3,33.7,0.0,⚠️ ELENDİ (ZOMBİ VEYA PRİMLİ),0.0,-10.399608945374563,1.2008281573498831,Producer Manufacturing,Electrical Products,25.6314254701912,US_SMID_CAP
SIG,100.75,97.69,101.36,97.35,1352155.0,0.4887293038100886,136229616.25,110.2,71.615,3860462180.8198686,19.8546536098095,11.60914904649421,2.124114934541419,9.356344296103336,1.013923807261382,2026-09-14,40.7,68.75,110.2,251.88,9.4,3860.5,20.0,55.0,58.8,37.9,0.0,⚠️ SAHTE KÂR (FAALİYET KÂRI YETERSİZ),0.0,9.237775127398889,23.71070726915521,Retail Trade,Specialty Stores,7.441410260170709,US_SMID_CAP
CELC,83.53,83.45,84.905,82.49,1645970.0,0.0958657878969422,137487874.1,151.02,44.42,4087282096.468784,-1433.70260175983,15.0,2.0,45.70033141461714,1.9875748946602327,2026-09-14,88.0,42.64,151.02,208.82,80.8,4087.3,20.0,55.0,19.9,70.0,0.0,⚠️ ELENDİ (ZOMBİ VEYA PRİMLİ),0.0,0.5900770712909379,-12.835229051445266,Health Technology,Medical Specialties,10.0,US_SMID_CAP
NAVN,21.37,21.1,21.63,20.82,6479985.0,1.66508087535681,138477279.45000002,30.88,8.105,5569780569.934349,-49.3879634830164,15.0,4.221468051566309,-2.8636363636363598,1.3218446409142584,2026-09-14,163.7,7.78,30.88,53.43,44.5,5569.8,20.0,55.0,38.3,54.6,0.0,⚠️ SAHTE KÂR (FAALİYET KÂRI YETERSİZ),0.0,-28.57620320855615,-23.459885386819487,Technology Services,Packaged Software,-24.7934004380819,US_SMID_CAP
COCO,55.03,50.85,56.02,50.85,2539182.0,5.806575658527213,139731185.46,85.83,37.63,3158561390.90848,31.3695200782984,30.373109614747765,7.878592648269445,41.13875352654527,1.8736731559441064,2026-09-14,46.2,36.12,85.83,137.57,56.0,3158.6,20.0,75.0,61.9,94.6,0.0,⚠️ ELENDİ (ZOMBİ VEYA PRİMLİ),0.0,-15.364503229775448,0.8799266727772759,Consumer Non-Durables,Food: Specialty/Candy,19.0983799279905,US_SMID_CAP
VSXY,74.54,73.63,75.59,72.7174,1916601.0,-1.4672835426305346,142863438.54000002,102.46,25.09,5945611518.937475,45.225628742515,16.843294542989494,6.023434343434344,177.10037174721194,0.7054494598875485,2026-09-14,197.1,24.09,102.46,186.35,37.5,5945.6,20.0,55.0,25.9,24.7,0.0,⚠️ ELENDİ (ZOMBİ VEYA PRİMLİ),0.0,-18.08791208791208,1.235909276110296,Retail Trade,Apparel/Footwear Retail,9.76405522274319,US_SMID_CAP
VRNS,47.48,45.705,47.61,45.33,3026771.0,5.230496453900709,143711087.07999998,63.9,19.7,5453575521.3687935,-35.9749208643345,15.0,12.268511939060533,-17.09446481578489,1.3299397896374352,2026-09-14,141.0,18.91,63.9,118.7,34.6,5453.6,20.0,55.0,75.3,72.7,0.0,⚠️ SAHTE KÂR (FAALİYET KÂRI YETERSİZ),0.0,3.622872108249665,2.3717119448037822,Technology Services,Packaged Software,-24.0147745746219,US_SMID_CAP
IBP,200.3,200.0,202.445,197.28,743879.0,-1.9483062463285636,148998963.70000002,349.0,193.11,5323809292.764833,38.4509202453988,21.55942565603944,8.324951579787367,-25.461446859184285,1.819842939622272,2026-09-14,3.7,185.39,349.0,500.75,74.2,5323.8,100.0,70.0,30.1,63.7,0.0,NÖTR,-83.6,-19.124623988048366,-15.734118636937309,Industrial Services,Engineering & Construction,12.506747638326598,US_SMID_CAP
CCC,6.76,7.0,7.08,6.7,22591877.0,-1.8867924528301872,152721088.51999998,9.83,4.08,3981604026.792453,2.16700461357651,95.88652482269504,2.2418699052179853,-30.666666666666668,2.576444859201004,2026-09-14,65.7,3.92,9.83,16.9,45.4,3981.6,20.0,30.0,25.8,90.2,0.0,⚠️ ELENDİ (ZOMBİ VEYA PRİMLİ),0.0,-5.322128851540614,-4.9226441631505,Technology Services,Packaged Software,15.4880011508825,US_SMID_CAP
MKTX,163.1,163.44,163.47,163.045,959100.0,0.0613496932515302,156429210.0,195.965,108.75,5739960386.016563,23.3438637218149,19.222156747200945,4.632847542389419,-13.39209855564996,1.077441062311278,2026-09-14,50.0,104.4,195.97,407.75,20.2,5740.0,20.0,70.0,10.8,38.0,0.0,⚠️ ELENDİ (ZOMBİ VEYA PRİMLİ),0.0,0.2581755593803709,-0.0306466441924678,Finance,Investment Banks/Brokers,40.2812961790163,US_SMID_CAP
WING,114.71,119.63,119.63,111.27,1375631.0,-2.0409906063193857,157798632.01,302.8,105.43,3124992420.7049527,12.0,27.235386295645565,2.0,-58.24171823807791,1.2500917828037192,2026-09-14,8.8,101.21,302.8,286.77,164.0,3125.0,100.0,30.0,12.5,43.8,0.0,⚠️ ELENDİ (ZOMBİ VEYA PRİMLİ),0.0,0.1047211798586179,3.482183130356337,Consumer Services,Restaurants,28.7705749397477,US_SMID_CAP
SMR,8.51,8.31,8.8,8.235,37041976.0,-1.1614401858304255,315227215.76,57.42,7.21,3656944936.076655,-30.1869885047455,15.0,1.6941796666587032,-75.94686263425665,1.0703370782075428,2026-09-14,18.0,6.92,57.42,21.27,574.7,3656.9,100.0,55.0,10.7,37.5,0.0,⚠️ SAHTE KÂR (FAALİYET KÂRI YETERSİZ),0.0,-12.896622313203682,-12.177502579979356,Producer Manufacturing,Electrical Products,-6853.966323666981,US_SMID_CAP
MNDY,96.105,90.0,97.04,89.74,1685933.0,10.669046522339936,162026590.965,220.8,57.5,4062753795.957105,13.3938519172987,40.9707123673104,6.574302859159901,-50.168516021984864,1.4659599867449693,2026-09-14,67.1,55.2,220.8,240.26,129.7,4062.8,20.0,30.0,66.7,100.0,0.0,⚠️ SAHTE KÂR (FAALİYET KÂRI YETERSİZ),0.0,2.2176132737715464,1.3872771389387042,Technology Services,Packaged Software,2.90154022445153,US_SMID_CAP
PRIM,74.17,72.5,74.78,71.41,2187681.0,-1.4744952178533468,162260299.77,205.5,65.0,3992743762.00611,8.8903704368773,29.18814686553068,2.48551151538792,-39.453061224489794,2.07912430633084,2026-09-14,14.1,62.4,205.5,185.43,177.1,3992.7,100.0,30.0,65.4,72.8,0.0,⚠️ SAHTE KÂR (FAALİYET KÂRI YETERSİZ),0.0,-8.20544554455445,-0.0942887931034391,Industrial Services,Engineering & Construction,3.02873800386644,US_SMID_CAP
AGX,392.56,389.1,398.69,382.37,418069.0,-5.1191569584763394,164117166.64000002,805.75,234.34,5507554418.692125,39.8468914406982,31.03510977239128,10.86876169597646,69.51377493738664,0.9062616244638116,2026-09-14,67.5,224.97,805.75,981.4,105.3,5507.6,20.0,60.0,26.5,31.7,0.0,🪤 DÜŞEN BIÇAK (RÖLATİF ÇÖKÜŞ),0.0,-29.53762205628949,-6.4219308700834326,Industrial Services,Engineering & Construction,15.360569902527702,US_SMID_CAP
ACHR,5.51,5.41,5.61,5.38,29861372.0,-1.2544802867383564,164536159.72,14.62,4.3,4242831100.476702,-44.7609985447218,15.0,2.2421068479884108,-35.93023255813954,1.4335773064827009,2026-09-14,28.1,4.13,14.62,13.77,165.3,4242.8,20.0,55.0,23.5,50.2,0.0,⚠️ SAHTE KÂR (FAALİYET KÂRI YETERSİZ),0.0,-20.3757225433526,-3.839441535776625,Electronic Technology,Aerospace & Defense,-13569.5652173913,US_SMID_CAP
OLLI,77.02,73.47,78.31,73.47,2147652.0,4.703643284393683,165412157.04,139.21,60.29,4575172770.519303,14.8623838757423,17.21232708337989,2.41953293778483,-41.039577432442776,0.939952717268972,2026-09-14,27.7,57.88,139.21,192.55,80.7,4575.2,20.0,40.0,42.1,56.4,0.0,⚠️ ELENDİ (ZOMBİ VEYA PRİMLİ),0.0,0.4041194107678298,3.6747879930003897,Retail Trade,Department Stores,13.0261701301919,US_SMID_CAP
USAR,15.71,15.25,16.07,15.25,10567785.0,0.9640102827763518,166019902.35000002,43.98,11.45,5892453051.809127,-23.6463977156245,15.0,1.514475240595263,7.602739726027405,0.8306827793268153,2026-09-14,37.2,10.99,43.98,39.28,179.9,5892.5,20.0,55.0,16.8,33.9,0.0,⚠️ SAHTE KÂR (FAALİYET KÂRI YETERSİZ),0.0,-15.514923366496358,-15.764075067024118,Producer Manufacturing,Metal Fabrication,-949.475763561769,US_SMID_CAP
CORZ,16.96,17.05,17.565,16.87,10018377.0,-5.462653288740247,169911673.92000002,30.46,13.355,5449933746.497212,12.0,15.0,2.0,8.370607028753996,0.9002204064217284,2026-09-14,27.0,12.82,30.46,42.4,79.6,5449.9,20.0,55.0,10.0,31.5,0.0,⚠️ SAHTE KÂR (FAALİYET KÂRI YETERSİZ),0.0,-13.777325876970009,-3.8548752834467104,Technology Services,Packaged Software,-30.616995714392804,US_SMID_CAP
DV,13.52,13.65,13.65,13.51,23385020.0,0.8202833706189369,316165470.4,13.65,7.64,2095432255.212528,5.38887095925089,37.52428531779073,1.9139487509077808,-1.8867924528301872,10.589480102028432,2026-09-14,77.0,7.33,13.65,33.8,1.0,2095.4,20.0,30.0,30.0,100.0,0.0,⚠️ ELENDİ (ZOMBİ VEYA PRİMLİ),0.0,1.7306245297215983,1.273408239700374,Technology Services,Packaged Software,12.6866652012232,US_SMALL_CAP
FSLY,24.86,23.23,25.1,22.75,7347771.0,7.340241796200342,182665587.06,34.82,7.735,3960198049.376511,-8.38939850961797,15.0,3.99122764768024,216.687898089172,1.4411072049290068,2026-09-14,221.4,7.43,34.82,62.15,40.1,3960.2,20.0,55.0,70.1,87.1,0.0,⚠️ SAHTE KÂR (FAALİYET KÂRI YETERSİZ),0.0,-17.243675099866845,19.17545541706616,Technology Services,Information Technology Services,-11.9629263664317,US_SMID_CAP
ELF,96.76,96.73,98.63,94.59,1897766.0,-0.1547827881539485,183627838.16,150.99,48.82,5709613870.325045,6.03989781845854,98.36332215106232,4.878769436798608,-29.690451969190523,1.174342053764147,2026-09-14,98.2,46.87,150.99,241.9,56.0,5709.6,20.0,30.0,16.9,41.1,0.0,⚠️ ELENDİ (ZOMBİ VEYA PRİMLİ),0.0,5.621657024342327,-9.62921453254879,Consumer Non-Durables,Household/Personal Care,11.9985971332031,US_SMID_CAP
KGS,56.62,61.27,61.85,56.37,3245583.0,-11.32341425215349,183764909.46,77.68,32.55,5724510292.549413,4.597150327216,67.56563245823389,2.6433425070670427,69.47021849745586,2.2400239353084106,2026-09-14,73.9,31.25,77.68,141.55,37.2,5724.5,20.0,30.0,22.4,78.4,0.0,⚠️ ELENDİ (ZOMBİ VEYA PRİMLİ),0.0,-9.160917696133485,-8.61846352485475,Industrial Services,Oilfield Services/Equipment,32.6450239641966,US_SMID_CAP
SOUN,6.47,6.25,6.65,6.24,28538674.0,3.3546325878594248,184645220.78,22.17,5.6501,2910706806.939297,-32.2420073654211,15.0,5.749577890340354,-55.03822098679639,1.1953205040444232,2026-09-14,14.5,5.42,22.17,16.18,242.7,2910.7,100.0,55.0,20.5,58.6,0.0,⚠️ SAHTE KÂR (FAALİYET KÂRI YETERSİZ),0.0,-13.154362416107388,-3.2016756433273548,Technology Services,Packaged Software,-95.7490157480315,US_SMALL_CAP
QLYS,172.91,153.34,175.515,153.34,1092359.0,15.058557359595415,188879794.69,201.54,74.51,5981821612.232566,38.5922887919357,29.94994197426082,10.656813741502468,27.233259749816032,1.5356729090748826,2026-09-14,132.1,71.53,201.54,432.27,16.6,5981.8,20.0,75.0,68.9,100.0,0.0,⚠️ ELENDİ (ZOMBİ VEYA PRİMLİ),0.0,-11.91543555781967,0.2318706161961658,Technology Services,Packaged Software,35.0435843966584,US_SMID_CAP
PURR,11.85,11.42,12.26,11.25,16210217.0,2.0671834625323013,192091071.45,14.14,3.01,2344375498.75969,33.9402330000844,18.241995073891623,1.2689213846984144,178.8235294117647,0.5979726482782812,2026-09-14,293.7,2.89,14.14,29.62,19.3,2344.4,20.0,40.0,19.1,31.3,0.0,⚠️ SAHTE KÂR (FAALİYET KÂRI YETERSİZ),0.0,75.29585798816568,-4.319741622930966,Finance,Financial Conglomerates,-60.10487315010571,US_SMALL_CAP
ANF,140.62,143.16,144.95,140.52,1375627.0,-3.1742752874750297,193440668.74,155.22,65.45,5967122280.894444,40.5005183664957,12.044126967812666,4.40529876427955,50.17086715079026,0.763919431738619,2026-09-14,114.9,62.83,155.22,351.55,10.4,5967.1,20.0,85.0,10.0,26.7,0.0,⚠️ ELENDİ (ZOMBİ VEYA PRİMLİ),0.0,28.74931331258012,-2.94706328939194,Retail Trade,Apparel/Footwear Retail,13.896977886439698,US_SMID_CAP
WIX,83.33,77.8,85.2552,77.7545,1940941.0,8.814311830765213,161738613.53,190.93,40.16,3487319767.5386524,12.0,15.0,2.0,-50.98235294117647,1.2185647357238227,2026-09-14,107.5,38.55,190.93,208.32,129.1,3487.3,20.0,55.0,46.3,86.7,0.0,⚠️ SAHTE KÂR (FAALİYET KÂRI YETERSİZ),0.0,6.83333333333333,4.162499999999998,Technology Services,Packaged Software,-3.1386910575716795,US_SMID_CAP
CDNA,52.37,50.49,52.67,50.17,795190.0,4.19816951850378,41644100.3,53.6712,13.715,2709321137.660963,29.4865120430085,25.243420418393903,6.334947815610318,290.82089552238807,0.7129865699149418,2026-09-14,281.8,13.17,53.67,130.92,2.5,2709.3,20.0,30.0,60.3,45.9,0.0,⚠️ SAHTE KÂR (FAALİYET KÂRI YETERSİZ),0.0,11.342617199957482,5.478348439073512,Health Technology,Medical Specialties,-0.396647812979574,US_SMALL_CAP
ARIS,18.68,18.66,18.885,18.1501,2234191.0,-4.401228249744111,41734687.88,23.29,8.75,3855551875.144756,20.8350537039755,13.97929029507977,2.186872620429717,90.61224489795916,1.588121779334772,2026-09-14,113.5,8.4,23.29,46.7,24.7,3855.6,20.0,85.0,46.8,55.6,0.0,⚠️ ELENDİ (ZOMBİ VEYA PRİMLİ),0.0,5.477131564088079,-6.553276638319154,Non-Energy Minerals,Precious Metals,46.2928123403028,US_SMID_CAP
RXT,3.49,3.11,3.67,3.08,11966932.0,8.385093167701864,41764592.68,8.6,0.393,889506248.6677018,12.0,15.0,2.0,132.66666666666669,1.6941236015366936,2026-09-14,788.0,0.38,8.6,8.73,146.4,889.5,20.0,55.0,44.2,100.0,0.0,⚠️ SAHTE KÂR (FAALİYET KÂRI YETERSİZ),0.0,-19.954128440366976,9.404388714733551,Technology Services,Data Processing Services,-1.70231663089335,US_MICRO_CAP
BCRX,8.23,8.17,8.38,8.095,5096564.0,1.35467980295568,41944721.72,11.22,6.0,2103053929.758621,12.0,15.0,2.0,2.236024844720493,1.1891239860550045,2026-09-14,37.2,5.76,11.22,20.58,36.3,2103.1,20.0,55.0,11.9,48.4,0.0,⚠️ BİYOTEK TUZAĞI (FDA RİSKİ),0.0,-14.9793388429752,-17.699999999999996,Health Technology,Biotechnology,40.8886545263567,US_SMALL_CAP
GNW,10.6,10.52,10.66,10.49,3989904.0,1.0486177311725398,42292982.4,10.69,7.84,4005220975.9008574,2.30646266270838,20.12148823082764,0.4595082221626884,21.420389461626563,1.0420413197867489,2026-09-14,35.2,7.53,10.69,26.5,0.8,4005.2,20.0,40.0,31.0,41.7,0.0,⚠️ SAHTE KÂR (FAALİYET KÂRI YETERSİZ),0.0,6.21242484969939,2.217936354869821,Finance,Multi-Line Insurance,7.23081328751432,US_SMID_CAP
BLLN,100.82,98.0,101.98,97.985,420320.0,2.0755290067834333,42376662.4,150.44,61.96,4757396837.107624,9.05062878738516,163.64226586593085,8.794709566100329,0.8199999999999932,0.7484967559560803,2026-09-14,62.7,59.48,150.44,252.05,49.2,4757.4,20.0,30.0,36.8,36.6,0.0,⚠️ ELENDİ (ZOMBİ VEYA PRİMLİ),0.0,7.095814743998293,3.045789043336048,Health Services,Medical/Nursing Services,10.8959971012451,US_SMID_CAP
VCYT,41.21,41.17,41.403,40.5,1032485.0,0.8319060435527366,42548706.85,60.91,29.455,3312901971.09934,8.77445908348854,29.239392649354336,2.3853280043064404,30.452674897119344,0.9112813057257716,2026-09-14,39.9,28.28,60.91,103.03,47.8,3312.9,20.0,30.0,49.2,36.1,0.0,⚠️ ELENDİ (ZOMBİ VEYA PRİMLİ),0.0,-3.1264692054536867,-6.785795068988916,Health Technology,Medical Specialties,17.2233493504182,US_SMID_CAP
KTB,67.42,66.54,67.57,65.7925,631538.0,1.200840588411884,42578291.96,88.96,56.19,3684747325.141399,40.9637108724128,14.084271658066807,5.9568407362379485,-18.55520657163566,0.8764122189630316,2026-09-14,20.0,53.94,88.96,168.55,31.9,3684.7,100.0,85.0,66.9,36.7,0.0,🪤 DÜŞEN BIÇAK (RÖLATİF ÇÖKÜŞ),-73.4,-20.52339974065778,-8.034374573728003,Consumer Non-Durables,Apparel/Footwear,13.1447185859926,US_SMID_CAP
HLNE,96.27,95.26,96.77,94.5501,443216.0,0.3021462804750907,42668404.32,155.66,71.88,5312719521.450718,32.4948206392374,14.667479241258471,4.4429860632291325,-37.47077162899455,0.8177812285390916,2026-09-14,33.9,69.0,155.66,240.67,61.7,5312.7,20.0,100.0,46.6,30.1,0.0,⚠️ ELENDİ (ZOMBİ VEYA PRİMLİ),0.0,-10.187517492303389,-5.367148333824838,Finance,Investment Managers,54.6159796636866,US_SMID_CAP
POR,48.08,48.5,48.65,47.97,888756.0,-0.3316749585406378,42731388.48,54.62,41.8,5654580446.577114,6.44514106583072,21.279985836947866,1.350219691527596,13.664302600472816,1.1441649718334554,2026-09-14,15.0,40.13,54.62,120.2,13.6,5654.6,90.0,40.0,11.4,40.0,0.0,⚠️ ELENDİ (ZOMBİ VEYA PRİMLİ),0.0,-4.280310571371688,-1.877551020408167,Utilities,Electric Utilities,17.27842435094,US_SMID_CAP
UMAC,22.66,22.37,23.1599,22.05,1887294.0,-1.2636165577342011,42766082.04,34.9264,7.245,1132014437.117211,-2.94215750942946,15.0,2.917257263211017,113.7735849056604,0.6388469968256586,2026-09-14,212.8,6.96,34.93,56.65,54.1,1132.0,20.0,55.0,13.3,22.4,0.0,⚠️ SAHTE KÂR (FAALİYET KÂRI YETERSİZ),0.0,-28.80929940307885,-9.97218911402464,Electronic Technology,Electronic Equipment/Instruments,-93.5187883201197,US_SMALL_CAP
BH.A,1822.69,1820.0,1886.5,1819.0,23483.0,-1.2723569749428554,42802229.27,2513.0,1238.0,1168023895.1037493,-5.25102508750532,15.0,10.52149058134686,16.317166560306323,1.1699382223993624,2026-09-14,47.2,1188.48,2513.0,4556.73,37.9,1168.0,20.0,55.0,11.7,40.9,0.0,⚠️ SAHTE KÂR (FAALİYET KÂRI YETERSİZ),0.0,-5.706673564407653,-4.969238790406671,Consumer Services,Restaurants,5.17415658313856,US_SMALL_CAP
OGS,77.28,78.03,78.135,77.2,554066.0,-0.077579519006985,42818220.48,90.78,74.42,4857532302.988362,8.57612387334484,16.67637729008869,1.3717128945272064,2.14115781126091,1.1155744433413073,2026-09-14,3.8,71.44,90.78,193.2,17.5,4857.5,90.0,40.0,11.2,39.0,0.0,⚠️ ELENDİ (ZOMBİ VEYA PRİMLİ),0.0,-4.3682712535577295,-4.3682712535577295,Utilities,Gas Distributors,20.6491173507589,US_SMID_CAP
GEO,30.85,31.25,31.65,30.63,1388152.0,-2.0323912353127884,42824489.2,33.15,12.51,4060464110.4017153,20.1101792508045,14.555319650861051,2.691173648306785,35.60439560439561,0.635449871447644,2026-09-14,146.6,12.01,33.15,77.12,7.5,4060.5,20.0,70.0,10.0,22.2,0.0,⚠️ ELENDİ (ZOMBİ VEYA PRİMLİ),0.0,2.3217247097844207,0.4885993485342089,Commercial Services,Miscellaneous Commercial Services,12.4900922109658,US_SMID_CAP
RAMP,37.65,37.74,37.78,37.6075,1006788.0,0.1329787234042477,37905568.2,38.2295,21.71,2288930869.831117,16.0547763905114,15.554637471596775,2.341677125950509,39.75501113585745,0.8559702382708446,2026-09-14,73.4,20.84,38.23,94.12,1.5,2288.9,20.0,70.0,10.0,30.6,0.0,⚠️ ELENDİ (ZOMBİ VEYA PRİMLİ),0.0,-0.6596306068601583,-0.2384737678855416,Technology Services,Packaged Software,12.9236249314989,US_SMALL_CAP
GRDN,46.49,43.5,46.815,43.5,925863.0,6.530705774518792,43043370.870000005,47.02,23.14,2944600018.27154,31.7494267491377,44.91787439613527,11.987643624811769,54.29804181878527,1.6582814939207646,2026-09-14,100.9,22.21,47.02,116.23,1.1,2944.6,20.0,30.0,72.9,90.7,0.0,⚠️ SAHTE KÂR (FAALİYET KÂRI YETERSİZ),0.0,21.16236643210843,15.848492399700971,Retail Trade,Drugstore Chains,5.71700539699851,US_SMALL_CAP
MAT,14.03,14.11,14.24,14.0,3071821.0,0.1427551748750861,43097648.63,22.48,12.7277,4008371236.336902,20.5024152411392,10.332891442038592,2.0060739859531926,-21.48852825965306,0.9393797768922534,2026-09-14,10.2,12.22,22.48,35.07,60.2,4008.4,100.0,55.0,10.0,33.6,0.0,⚠️ SAHTE KÂR (FAALİYET KÂRI YETERSİZ),0.0,-5.965147453083114,-1.4747191011236014,Consumer Durables,Recreational Products,8.67554989836919,US_SMID_CAP
ZD,57.35,56.445,57.55,56.04,755784.0,2.0099608680185037,43344212.4,58.06,22.45,1966371453.5120957,-2.752666161289,15.0,0.8961597017530509,51.84008472332538,1.4026645623159624,2026-09-14,155.5,21.55,58.06,143.38,1.2,1966.4,20.0,55.0,65.5,59.1,0.0,⚠️ ELENDİ (ZOMBİ VEYA PRİMLİ),0.0,2.7962000358487225,2.328486038005174,Technology Services,Internet Software/Services,10.2001657606193,US_SMALL_CAP
HRMY,41.54,41.93,42.25,41.48,1044170.0,0.0481695568400674,43374821.8,43.49,25.52,2419139790.87235,20.4556392937405,13.461226870605008,2.416162814707533,24.29682824655894,1.0712365042584977,2026-09-14,62.8,24.5,43.49,103.85,4.7,2419.1,20.0,85.0,10.7,37.7,0.0,⚠️ ELENDİ (ZOMBİ VEYA PRİMLİ),0.0,8.686551543694401,0.0963855421686726,Health Technology,Pharmaceuticals: Major,24.0286988825896,US_SMALL_CAP
AESI,13.14,13.66,13.66,12.83,3302288.0,-7.203389830508472,43392064.32,20.13,7.6417,1642545396.1016948,-9.92520759474453,15.0,1.475769416082742,20.10968921389398,1.0719033483281764,2026-09-14,72.0,7.34,20.13,32.85,53.2,1642.5,20.0,55.0,10.7,37.5,0.0,⚠️ SAHTE KÂR (FAALİYET KÂRI YETERSİZ),0.0,11.167512690355332,0.1524390243902542,Industrial Services,Oilfield Services/Equipment,-9.39067469310847,US_SMALL_CAP
ITRI,91.89,92.19,93.265,91.55,474643.0,-1.7744521646178475,43614945.27,142.0,77.77,4023565011.983218,16.9668001958194,15.362110472114484,2.488797836704094,-23.730079681274905,1.099963384224626,2026-09-14,18.2,74.66,142.0,229.72,54.5,4023.6,100.0,55.0,11.0,38.5,0.0,NÖTR,0.0,-10.63022758218245,-3.344903755127793,Electronic Technology,Electronic Equipment/Instruments,13.8660001059411,US_SMID_CAP
CRI,30.5,30.08,31.34,30.08,1433646.0,0.2300361485376283,43726203.0,44.44,27.15,1119691168.008544,20.1784475541203,5.710006552466536,1.0899326671760166,2.45213301981861,0.8843632252412459,2026-09-14,12.3,26.06,44.44,76.25,45.7,1119.7,100.0,70.0,10.0,32.1,0.0,🪤 DÜŞEN BIÇAK (RÖLATİF ÇÖKÜŞ),0.0,-21.59383033419023,-7.294832826747716,Retail Trade,Apparel/Footwear Retail,8.91881915104249,US_SMALL_CAP
NXST,170.52,169.54,173.41,169.54,257235.0,0.8486855723452714,43863712.2,254.3,154.47,5253431527.277996,7.34350807343508,32.54012174875484,2.3192505822948366,-16.880331464781865,0.7173210866214675,2026-09-14,10.4,148.29,254.3,426.3,49.1,5253.4,100.0,30.0,10.0,29.3,0.0,⚠️ ELENDİ (ZOMBİ VEYA PRİMLİ),0.0,-8.85182809493265,-3.4865293185419945,Consumer Services,Broadcasting,18.0054458815521,US_SMID_CAP
QUBT,7.97,7.63,8.17,7.63,5504746.0,-0.2503128911138981,43872825.62,25.84,6.18,1803984444.873592,-1.50672528445388,15.0,1.1331243380037392,-50.18750000000001,0.9155003878707584,2026-09-14,29.0,5.93,25.84,19.93,224.2,1804.0,65.0,55.0,27.3,32.0,0.0,⚠️ SAHTE KÂR (FAALİYET KÂRI YETERSİZ),0.0,-9.328782707622292,0.504413619167718,Technology Services,Information Technology Services,-775.47842019544,US_SMALL_CAP
MSGE,80.39,79.01,80.95,78.68,546652.0,1.5153428463189833,43945354.28,90.41,41.65,3802887685.20937,407.536713771128,58.34663957032952,83.06811606183352,84.16953035509736,1.6164355693179682,2026-09-14,93.0,39.98,90.41,200.97,12.5,3802.9,20.0,60.0,51.6,64.2,0.0,⚠️ ELENDİ (ZOMBİ VEYA PRİMLİ),0.0,-5.054919097673321,3.849631830512859,Consumer Services,Movies/Entertainment,15.9602708939803,US_SMID_CAP
SDRL,46.87,48.275,48.275,46.3,940864.0,-2.150313152400838,44098295.68,55.47,28.1,2920146775.4849687,0.03487358326068,2740.9356725146195,1.0235047975013118,37.974683544303794,1.8464943035953751,2026-09-14,66.8,26.98,55.47,117.17,18.3,2920.1,20.0,30.0,18.5,64.6,0.0,⚠️ ELENDİ (ZOMBİ VEYA PRİMLİ),0.0,-1.0346283783783825,-5.313131313131318,Industrial Services,Contract Drilling,9.33420365535248,US_SMALL_CAP
LASR,38.45,38.46,39.57,38.14,1150880.0,-4.756006935843435,44251336.0,86.95,27.22,2218188015.703493,-3.80452017368395,15.0,5.039635520976418,31.994507380707187,0.816546851404763,2026-09-14,41.3,26.13,86.95,96.12,126.1,2218.2,20.0,55.0,10.0,28.6,0.0,⚠️ SAHTE KÂR (FAALİYET KÂRI YETERSİZ),0.0,-23.604212199483403,-7.327066763075437,Electronic Technology,Semiconductors,-4.6176524546265,US_SMALL_CAP
ASB,29.94,30.03,30.3,29.91,1919647.0,-0.332889480692403,57474231.18,32.46,23.86,5654158847.908123,9.65811666389126,10.463775207073708,1.0378780420503535,13.840304182509508,0.9814827634761144,2026-09-14,25.5,22.91,32.46,74.85,8.4,5654.2,20.0,55.0,10.0,34.4,0.0,⚠️ ELENDİ (ZOMBİ VEYA PRİMLİ),0.0,-6.641721234798874,-2.69743256418589,Finance,Major Banks,38.85975547043735,US_SMID_CAP
WSBC,40.38,40.18,40.62,40.135,1098430.0,0.4977600796416198,44354603.400000006,43.02,29.57,3872679924.4270782,8.97967626046724,11.717253786779642,0.9963199326904216,26.58307210031349,1.076008774756881,2026-09-14,36.6,28.39,43.02,100.95,6.5,3872.7,20.0,55.0,11.5,40.1,0.0,⚠️ ELENDİ (ZOMBİ VEYA PRİMLİ),0.0,-5.610098176718089,-0.8836524300441811,Finance,Regional Banks,44.145186873256286,US_SMID_CAP
LMND,50.03,48.65,50.25,48.53,889178.0,1.2753036437247016,44485575.34,99.9,46.16,3872152721.368219,-26.9627897915449,15.0,7.745061613722212,-1.1264822134387358,0.9884942953952393,2026-09-14,8.4,44.31,99.9,125.08,99.7,3872.2,100.0,55.0,62.0,41.0,0.0,⚠️ SAHTE KÂR (FAALİYET KÂRI YETERSİZ),0.0,-5.674962292609347,-8.117539026629938,Finance,Multi-Line Insurance,-13.7939001848429,US_SMID_CAP
ADPT,24.78,24.26,24.878,23.965,1730345.0,2.3966942148760406,42877949.1,26.87,12.0,3954785051.387604,-39.5833010467066,15.0,27.579605783035984,83.01329394387004,1.128630751404066,2026-09-14,106.5,11.52,26.87,61.95,8.4,3954.8,20.0,55.0,66.3,51.5,0.0,⚠️ SAHTE KÂR (FAALİYET KÂRI YETERSİZ),0.0,2.10135970333746,2.9925187032419056,Health Technology,Biotechnology,-11.8124778873089,US_SMID_CAP
WKC,35.01,35.4,36.12,34.94,1140024.0,-0.5680204487361625,39912240.24,41.2,22.21,1790818266.7114456,-12.5551431972551,15.0,1.4253435114503816,35.06944444444443,1.2320722402784252,2026-09-14,57.6,21.32,41.2,87.52,17.7,1790.8,20.0,55.0,12.3,43.1,0.0,⚠️ SAHTE KÂR (FAALİYET KÂRI YETERSİZ),0.0,-6.063858331097411,-0.2848191398462017,Distribution Services,Wholesale Distributors,0.814463138046104,US_SMALL_CAP
EROC,11.26,11.8,11.9288,11.11,3549410.0,-11.338582677165352,39966356.6,20.7,8.88,2470444860.0157485,12.0,15.0,11.01869067423427,-43.98009950248756,1.57472758784614,2026-09-14,26.8,8.52,20.7,28.15,83.8,2470.4,65.0,55.0,15.7,55.1,0.0,🪤 DÜŞEN BIÇAK (RÖLATİF ÇÖKÜŞ),0.0,-29.844236760124616,-3.595890410958904,Producer Manufacturing,Electrical Products,10.0,US_SMALL_CAP
XMTR,85.03,85.27,87.28,83.61,471304.0,-1.2542097317384722,40074979.12,106.08,35.86,4874223513.868541,-7.12043215761042,15.0,8.150756890231746,68.44294770206024,1.038190229287642,2026-09-14,137.1,34.43,106.08,212.57,24.8,4874.2,20.0,55.0,10.4,36.3,0.0,⚠️ SAHTE KÂR (FAALİYET KÂRI YETERSİZ),0.0,-10.030684583641946,-9.963998305802622,Technology Services,Information Technology Services,-3.75787431070758,US_SMID_CAP
NG,7.23,7.23,7.415,7.05,5549554.0,-3.5999999999999943,40123275.42,14.398,5.075,3172384024.308,-24.6279170519184,15.0,7.535017508754377,2.5531914893617107,1.0535565650430012,2026-09-14,42.5,4.87,14.4,18.08,99.2,3172.4,20.0,55.0,10.5,36.9,0.0,⚠️ ELENDİ (ZOMBİ VEYA PRİMLİ),0.0,-8.015267175572516,-10.4089219330855,Non-Energy Minerals,Precious Metals,10.0,US_SMID_CAP
KNF,56.47,56.69,57.6138,56.25,710871.0,-2.0128405344438725,40142885.37,96.28,56.25,3205430392.4634733,9.12016772062648,23.0085971560119,1.99604819924428,-29.191222570532915,0.7954399480442054,2026-09-14,0.4,53.08,96.28,141.18,70.5,3205.4,65.0,30.0,10.0,27.8,0.0,⚠️ SAHTE KÂR (FAALİYET KÂRI YETERSİZ),0.0,-14.348551494008808,-8.698464025869042,Non-Energy Minerals,Construction Materials,8.96395654165413,US_SMID_CAP
LRN,82.7,83.51,84.425,82.45,488101.0,0.8536585365853694,40365952.7,155.06,60.6147,3436999179.482927,21.7350675525427,11.47606955025464,2.101394441646538,-48.63354037267081,0.7087727032602316,2026-09-14,36.4,58.19,155.06,206.75,87.5,3437.0,20.0,85.0,10.0,29.1,0.0,⚠️ ELENDİ (ZOMBİ VEYA PRİMLİ),0.0,-0.0362625407953597,-2.211185999763498,Consumer Services,Other Consumer Services,18.1156531042277,US_SMID_CAP
CSW,293.13,293.45,299.98,290.51,137770.0,-2.5207010076153056,40384520.1,355.4825,230.45,4776109869.878821,11.0722529586341,40.17956274415736,4.45068782736196,16.206144697720514,1.074204054326952,2026-09-14,27.2,221.23,355.48,732.83,21.3,4776.1,20.0,30.0,10.7,37.6,0.0,⚠️ ELENDİ (ZOMBİ VEYA PRİMLİ),0.0,-14.477024070021882,-3.5312314881853544,Process Industries,Industrial Specialties,18.1727548901161,US_SMID_CAP
SDGR,20.75,19.03,21.4,18.84,1950944.0,9.095688748685598,40482088.0,23.02,10.945,1552216791.298633,-16.1752710515191,15.0,4.716959686475624,11.021936864633489,2.2151968226512024,2026-09-14,89.6,10.51,23.02,51.88,10.9,1552.2,20.0,55.0,56.6,100.0,0.0,⚠️ SAHTE KÂR (FAALİYET KÂRI YETERSİZ),0.0,12.405200433369442,0.8260447035957323,Technology Services,Packaged Software,-59.23716872237341,US_SMALL_CAP
EYE,17.51,17.28,17.625,17.04,2312558.0,1.2724117987276022,40492890.580000006,30.02,14.75,1384503744.7917874,5.75493955345029,28.2967032967033,1.5432697222995866,-24.42813983599482,1.1146266289648743,2026-09-14,18.7,14.16,30.02,43.78,71.4,1384.5,100.0,30.0,53.6,45.4,0.0,⚠️ SAHTE KÂR (FAALİYET KÂRI YETERSİZ),0.0,-7.452431289640591,4.164187983343266,Retail Trade,Specialty Stores,4.24716709631922,US_SMALL_CAP
NOG,26.36,27.03,27.23,26.3128,1537673.0,-0.8276899924755413,40533060.28,31.17,17.18,2808634944.4213696,-22.0501901844499,15.0,1.407602334184872,1.6583108368684911,0.7909285583048598,2026-09-14,53.4,16.49,31.17,65.9,18.2,2808.6,20.0,55.0,10.0,27.7,0.0,⚠️ ELENDİ (ZOMBİ VEYA PRİMLİ),0.0,6.677458518818286,2.448503692188104,Energy Minerals,Oil & Gas Production,29.639635042929303,US_SMALL_CAP
UAA,5.03,5.07,5.155,5.01,8086442.0,-1.5655577299412928,40674803.260000005,8.15,4.13,2136250712.5264187,-29.8246352434259,15.0,1.5126318290214806,1.0040160642570244,1.1216346263943708,2026-09-14,21.8,3.96,8.15,12.58,62.0,2136.3,100.0,55.0,11.2,39.3,0.0,⚠️ SAHTE KÂR (FAALİYET KÂRI YETERSİZ),0.0,-6.505576208178432,-2.1400778210116624,Consumer Non-Durables,Apparel/Footwear,0.674558384709849,US_SMALL_CAP
TDS,37.71,37.64,37.97,37.21,1081603.0,0.6673785371062466,40787249.13,49.12,31.51,4057595842.9588895,10.5558163893218,13.855820105820106,1.0596458967453617,-3.357252690927735,0.7552595694808946,2026-09-14,19.7,30.25,49.12,94.28,30.3,4057.6,100.0,55.0,29.7,29.8,0.0,⚠️ SAHTE KÂR (FAALİYET KÂRI YETERSİZ),0.0,9.209383145091223,0.7211538461538546,Communications,Wireless Telecommunications,-2.69204842109949,US_SMID_CAP
APLE,15.48,15.34,15.61,15.34,2635063.0,-0.4501607717041818,40790775.24,17.28,10.85,3654560281.612862,5.52937544787701,20.885051268213708,1.163558957036262,22.85714285714286,1.1084826001628905,2026-09-14,42.7,10.42,17.28,38.7,11.6,3654.6,20.0,40.0,13.7,38.8,0.0,⚠️ ELENDİ (ZOMBİ VEYA PRİMLİ),0.0,-2.457466918714548,-0.1290322580645133,Finance,Real Estate Investment Trusts,17.814214553855,US_SMID_CAP
BBAI,2.88,2.8,2.94,2.79,14181028.0,0.3484320557491214,40841360.64,9.39,2.59,1380944124.878049,-16.5537953502547,15.0,1.7926836100166197,-44.50867052023122,0.941785191780352,2026-09-14,11.2,2.49,9.39,7.2,226.0,1380.9,100.0,55.0,23.4,34.7,0.0,⚠️ SAHTE KÂR (FAALİYET KÂRI YETERSİZ),0.0,-14.792899408284024,-2.7027027027027053,Technology Services,Packaged Software,-71.1654903629195,US_SMALL_CAP
RDN,35.85,36.3,36.3,35.67,1161210.0,0.6457046603032116,41629378.5,41.05,31.5,4743002011.608647,12.0264139096629,9.21096580252306,0.9957373553160292,1.933466022177992,1.340747020119576,2026-09-14,13.8,30.24,41.05,89.62,14.5,4743.0,90.0,55.0,13.4,50.2,0.0,⚠️ ELENDİ (ZOMBİ VEYA PRİMLİ),0.0,-3.0819140308191417,-1.8883415435139512,Finance,Specialty Insurance,51.1139250355928,US_SMID_CAP
SMG,55.91,56.26,56.82,55.76,730704.0,-0.9916769966353856,40853660.64,75.34,52.0,3255095481.934655,12.0,48.92369618480924,2.0,-8.67363606664489,0.9500126047923694,2026-09-14,7.5,49.92,75.34,139.77,34.8,3255.1,100.0,30.0,10.0,33.3,0.0,⚠️ ELENDİ (ZOMBİ VEYA PRİMLİ),0.0,-8.9413680781759,-4.963454020057797,Process Industries,Chemicals: Agricultural,15.032311614395,US_SMID_CAP
AMPX,9.17,8.93,9.32,8.85,4455162.0,-2.8601694915254194,40853835.54,24.225,7.71,1339559294.3368642,-37.9692520638687,15.0,10.662170804023022,12.93103448275863,1.0154479227494455,2026-09-14,18.9,7.4,24.23,22.93,164.2,1339.6,100.0,55.0,35.5,35.5,0.0,⚠️ SAHTE KÂR (FAALİYET KÂRI YETERSİZ),0.0,-28.9422704378148,-4.67775467775467,Producer Manufacturing,Electrical Products,-17.0496575969532,US_SMALL_CAP
BW,7.03,7.33,7.36,6.945,5814088.0,-11.46095717884131,40873038.64,22.03,2.64,1047224360.8211586,12.0,15.0,18.27825589558254,183.4677419354839,1.270475537215203,2026-09-14,166.3,2.53,22.03,17.57,213.4,1047.2,20.0,55.0,12.7,44.5,0.0,⚠️ SAHTE KÂR (FAALİYET KÂRI YETERSİZ),0.0,-26.77083333333333,-0.4249291784702459,Electronic Technology,Electronic Equipment/Instruments,4.00466272814613,US_SMALL_CAP
SEB,4264.37,4296.0,4344.39,4264.21,9585.0,-0.7362662942271906,40873986.45,5989.37,3140.0101,4084388045.4413176,12.2856312372832,6.443204769008336,0.7445111197605104,6.879655528487067,0.5928743737242531,2026-09-14,35.8,3014.41,5989.37,10660.92,40.5,4084.4,20.0,55.0,10.0,20.8,0.0,⚠️ SAHTE KÂR (FAALİYET KÂRI YETERSİZ),0.0,1.9325343574146367,-0.7237874406932003,Process Industries,Agricultural Commodities/Milling,3.63123052959502,US_SMID_CAP
BRUN,14.57,15.74,15.8775,14.46,2812103.0,-12.387251954299453,40972340.71,42.0,10.59,1221623633.552616,-65.3572920098377,15.0,11.185751026831984,41.45631067961164,1.4009529419108568,2026-09-14,37.6,10.17,42.0,36.42,188.3,1221.6,20.0,55.0,14.0,49.0,0.0,⚠️ SAHTE KÂR (FAALİYET KÂRI YETERSİZ),0.0,-44.48466374547532,-14.545454545454549,Technology Services,Packaged Software,-47.1024022095189,US_SMALL_CAP
TAC,11.79,11.98,11.98,11.715,3479955.0,-2.400662251655637,41028669.45,17.8754,11.38,3729176754.0520015,-1.36904761904762,15.0,6.30763865634264,-6.130573248407655,1.5518805043694697,2026-09-14,3.6,10.92,17.88,29.47,51.7,3729.2,100.0,55.0,15.5,54.3,0.0,⚠️ SAHTE KÂR (FAALİYET KÂRI YETERSİZ),0.0,-6.428571428571433,0.0,Utilities,Electric Utilities,-1.19152691968226,US_SMID_CAP
AMC,2.5,2.445,2.54,2.42,16432871.0,1.6260162601626031,41082177.5,3.18,0.93,2231511570.121952,12.0,15.0,2.0,-11.032028469750893,0.6914088928529274,2026-09-14,168.8,0.89,3.18,6.25,27.2,2231.5,20.0,55.0,30.2,32.3,0.0,⚠️ SAHTE KÂR (FAALİYET KÂRI YETERSİZ),0.0,-4.942965779467677,-4.942965779467677,Consumer Services,Movies/Entertainment,5.23266929224181,US_SMALL_CAP
FTDR,80.1,80.62,81.51,79.92,514426.0,-1.123318108875461,41205522.6,93.43,48.47,5518354320.744351,101.85873605948,21.196644526184865,19.541208529822907,20.180045011252798,1.1764676286502045,2026-09-14,65.3,46.53,93.43,200.25,16.6,5518.4,20.0,85.0,11.8,41.2,0.0,⚠️ ELENDİ (ZOMBİ VEYA PRİMLİ),0.0,-6.708595387840676,-1.8382352941176472,Consumer Durables,Homebuilding,20.1210992081975,US_SMID_CAP
PPLI,38.97,37.83,38.98,37.83,1057995.0,3.892295387896563,41230065.15,48.32,29.56,2901839770.1684885,8.23809700591576,7.095388088778836,0.5708883840694453,6.272157076629389,1.0748363965299492,2026-09-14,31.8,28.38,48.32,97.42,24.0,2901.8,20.0,55.0,79.5,57.1,0.0,⚠️ SAHTE KÂR (FAALİYET KÂRI YETERSİZ),0.0,-4.085650996800402,0.0256673511293583,Technology Services,Internet Software/Services,0.922544181280814,US_SMALL_CAP
OBDC,11.08,11.06,11.14,11.01,3725254.0,0.0,41275814.32,14.03,10.52,5464019390.000001,3.9230928365854,19.465917076598732,0.7770487296515624,-22.30014025245442,1.2656405948777905,2026-09-14,5.3,10.1,14.03,27.7,26.6,5464.0,90.0,40.0,18.0,44.3,0.0,⚠️ ELENDİ (ZOMBİ VEYA PRİMLİ),0.0,-6.890756302521011,-2.120141342756185,Finance,Financial Conglomerates,54.1230698169734,US_SMID_CAP
RRR,54.75,56.1,56.3,54.61,754310.0,-2.057245080500892,41298472.5,68.99,50.52,5749636578.796959,90.2181750206959,19.372302030995684,18.92433721613494,-10.699722720600231,0.7304694494378616,2026-09-14,8.4,48.5,68.99,136.88,26.0,5749.6,90.0,85.0,10.0,25.6,0.0,NÖTR,-86.3,-11.693548387096774,-4.500261643118783,Consumer Services,Hotels/Resorts/Cruise lines,28.5773568154499,US_SMID_CAP
CLBT,11.67,11.27,11.85,11.25,3543906.0,3.9180765805877065,41357383.02,19.98,9.58,2933150102.8610864,12.3075297672502,50.32341526520052,5.409740313922548,-32.15116279069767,1.5676032223770502,2026-09-14,21.8,9.2,19.98,29.18,71.2,2933.2,100.0,30.0,43.7,74.5,0.0,⚠️ ELENDİ (ZOMBİ VEYA PRİMLİ),0.0,7.756232686980608,-2.2613065326633133,Technology Services,Packaged Software,11.3556774498385,US_SMALL_CAP
BANC,18.46,18.29,18.715,18.29,2243376.0,-0.4851752021563334,41412720.96,21.93,15.33,2924578027.9051213,-0.657248388142792,15.0,1.0044470997542203,10.077519379844968,0.917041106641813,2026-09-14,20.4,14.72,21.93,46.15,18.8,2924.6,90.0,55.0,10.0,32.1,0.0,⚠️ SAHTE KÂR (FAALİYET KÂRI YETERSİZ),0.0,-5.816326530612248,-1.6515716568993006,Finance,Regional Banks,-5.356714614733737,US_SMALL_CAP
RCUS,24.07,24.59,24.99,24.02,1720763.0,-2.1146807645384285,41418765.41,31.735,11.58,3064914332.0898743,-90.8193484698914,15.0,6.588130963394407,109.30434782608695,1.060003996660743,2026-09-14,107.9,11.12,31.73,60.17,31.8,3064.9,20.0,55.0,10.6,37.1,0.0,⚠️ SAHTE KÂR (FAALİYET KÂRI YETERSİZ),0.0,-15.691768826619969,-18.79217273954116,Health Technology,Biotechnology,-415.38461538461496,US_SMID_CAP
MIR,15.38,15.6,15.87,15.38,2693320.0,-3.754693366708383,41423261.6,30.277,14.11,3830198892.4205256,1.49022231683951,174.3764172335601,2.0977256453097826,-30.122671512948664,0.7010883669861754,2026-09-14,9.0,13.55,30.28,38.45,96.9,3830.2,100.0,30.0,10.0,24.5,0.0,⚠️ SAHTE KÂR (FAALİYET KÂRI YETERSİZ),0.0,-1.0296010296010192,-7.349397590361448,Electronic Technology,Aerospace & Defense,6.82017757830032,US_SMID_CAP
MPT,3.58,3.585,3.64,3.555,11408910.0,-1.6483516483516498,40843897.8,6.47,3.555,2137976105.236264,-0.677289705254348,15.0,0.4748980561016441,-22.17391304347825,1.2147728144497882,2026-09-14,0.7,3.31,6.47,8.95,80.7,2138.0,65.0,55.0,12.1,42.5,0.0,⚠️ ELENDİ (ZOMBİ VEYA PRİMLİ),0.0,-14.761904761904765,-11.386138613861386,Finance,Real Estate Investment Trusts,57.345478663909,US_SMALL_CAP
KEEL,3.45,3.3,3.53,3.2755,27426262.0,-3.3613445378151168,94620603.9,7.37,1.68,2130627434.6638656,-75.620643336011,15.0,6.472916940280307,62.73584905660377,0.8146191886965227,2026-09-14,105.4,1.61,7.37,8.62,113.6,2130.6,20.0,55.0,34.1,28.5,0.0,⚠️ SAHTE KÂR (FAALİYET KÂRI YETERSİZ),0.0,5.022831050228311,4.5454545454545565,Technology Services,Data Processing Services,-121.100356651355,US_SMALL_CAP
SHAZ,51.91,54.91,55.38,51.6,1838101.0,-12.624137350614376,95415822.91,97.48,16.55,1858559932.273691,12.0,15.0,1.6449864988152991,71.66005291005291,1.0956962367584815,2026-09-14,213.7,15.89,97.48,129.77,87.8,1858.6,20.0,55.0,11.0,38.3,0.0,🪤 DÜŞEN BIÇAK (RÖLATİF ÇÖKÜŞ),0.0,-25.853449507213263,-6.299638989169679,Technology Services,Data Processing Services,10.0,US_SMALL_CAP
ALM,14.7,15.675,15.675,14.6516,6547956.0,-5.100064557779219,96254953.2,24.41,4.72,4240666865.093609,39.5798640352166,59.9510603588907,10.899303779166758,218.8720173535792,0.9405859007553108,2026-09-14,211.4,4.53,24.41,36.75,66.1,4240.7,20.0,30.0,10.0,32.9,0.0,⚠️ SAHTE KÂR (FAALİYET KÂRI YETERSİZ),0.0,4.775481111903065,-16.429789653212055,Non-Energy Minerals,Other Metals/Minerals,5.26520780181653,US_SMID_CAP
ORA,92.08,92.67,94.325,91.75,1052416.0,-2.961323637896514,96906465.28,146.39,90.97,5662638254.99589,4.97567344206209,45.11071918479326,2.1799675940525334,0.5679335954565269,1.077440415604753,2026-09-14,1.2,86.56,146.39,230.2,59.0,5662.6,65.0,30.0,10.8,37.7,0.0,⚠️ ELENDİ (ZOMBİ VEYA PRİMLİ),0.0,-19.00782830504002,-12.388201712654611,Utilities,Electric Utilities,19.3536389782218,US_SMID_CAP
OLED,76.62,82.1,82.955,75.89,1265318.0,-8.305409286740066,96948665.16,153.38,75.89,3521978796.2857823,11.5130538457713,18.53993757107944,2.103502075636576,-44.67870036101083,1.7643046357061845,2026-09-14,1.0,72.02,153.38,191.55,100.2,3522.0,65.0,40.0,17.6,61.8,0.0,⚠️ ELENDİ (ZOMBİ VEYA PRİMLİ),0.0,-15.542328042328036,-7.653368687477394,Electronic Technology,Electronic Production Equipment,34.4015896972853,US_SMID_CAP
ALK,40.71,40.0,40.98,39.9,2388469.0,-1.0932944606413892,97234572.99,60.63,33.03,4543362953.68003,-4.59800315291645,15.0,1.2375725945309688,-38.13069908814589,1.104845075673734,2026-09-14,23.3,31.71,60.63,101.78,48.9,4543.4,65.0,55.0,46.0,38.7,0.0,⚠️ SAHTE KÂR (FAALİYET KÂRI YETERSİZ),0.0,-13.804785094219769,-1.5001209774981792,Transportation,Airlines,-0.318363476258213,US_SMID_CAP
VAL,81.27,84.13,84.63,80.79,1201389.0,-2.9380150483697696,97636884.03,114.12,46.7,5643048201.729845,33.8570193139768,6.0681405819501375,1.7486914937681213,52.50516044285982,0.9416506705814948,2026-09-14,74.0,44.83,114.12,203.17,40.4,5643.0,20.0,85.0,10.0,33.0,0.0,⚠️ ELENDİ (ZOMBİ VEYA PRİMLİ),0.0,-6.024514338575402,-7.637231503579952,Industrial Services,Contract Drilling,12.0877578706201,US_SMID_CAP
AMBA,63.98,64.3,65.68,63.5,1528133.0,-5.717653993516066,97769949.34,96.69,48.3,2824139422.57707,-9.41215003559385,15.0,4.552741856405753,-22.98988926336062,0.6059175866785228,2026-09-14,32.5,46.37,96.69,159.95,51.1,2824.1,20.0,55.0,10.0,21.2,0.0,⚠️ SAHTE KÂR (FAALİYET KÂRI YETERSİZ),0.0,-22.10859508156806,1.2662234884457062,Electronic Technology,Semiconductors,-14.6064753315574,US_SMALL_CAP
BILL,49.67,48.25,49.88,47.78,1986697.0,5.121693121693125,98679239.99,57.21,31.41,4235697621.60254,-0.301962135989884,15.0,1.2951810763275475,-4.737245876486381,1.1497494327201694,2026-09-14,58.1,30.15,57.21,124.18,15.2,4235.7,20.0,55.0,67.5,65.8,0.0,⚠️ SAHTE KÂR (FAALİYET KÂRI YETERSİZ),0.0,-3.233976232222865,-1.311345122193516,Technology Services,Packaged Software,1.05543259246982,US_SMID_CAP
UEC,10.26,10.1,10.31,9.76,9652369.0,-1.8181818181818137,99033305.94,20.34,8.905,5077390479.381819,-8.95953070359461,15.0,3.560682568272444,-15.625000000000002,1.1669446617840789,2026-09-14,15.2,8.55,20.34,25.65,98.2,5077.4,100.0,55.0,68.9,40.8,0.0,⚠️ SAHTE KÂR (FAALİYET KÂRI YETERSİZ),0.0,-8.800000000000002,-10.000000000000004,Non-Energy Minerals,Other Metals/Minerals,-629.317326732673,US_SMID_CAP
HUBG,35.26,32.44,36.825,31.41,2809736.0,-2.1642619311875726,99071291.36,53.26,31.41,2156272770.035516,12.0,15.0,2.0,-5.26598602901666,2.359942717716772,2026-09-14,12.3,30.15,53.26,88.15,51.0,2156.3,100.0,55.0,53.1,82.6,0.0,⚠️ ELENDİ (ZOMBİ VEYA PRİMLİ),0.0,-14.58333333333334,-3.211638759264347,Transportation,Air Freight/Couriers,10.0,US_SMALL_CAP
CRUS,116.34,115.97,118.82,114.71,851628.0,-2.0624631703005325,99078401.52,180.42,106.26,5830677131.759575,20.9040361313439,14.234675149883763,2.6808681551622158,0.4316298342541436,0.7909156535134362,2026-09-14,9.5,102.01,180.42,290.85,55.1,5830.7,100.0,85.0,10.0,27.7,0.0,NÖTR,-83.4,-5.41463414634146,2.8374436488995034,Electronic Technology,Semiconductors,23.0468868150042,US_SMID_CAP
POST,79.37,81.27,81.66,79.0,1261601.0,-1.0225713929417548,100133271.37,117.28,75.4,3488851812.8338947,8.28644935116338,14.575872771013536,1.1334800178626283,-24.99527499527499,1.4703254619237751,2026-09-14,5.3,72.38,117.28,198.43,47.8,3488.9,100.0,55.0,14.7,51.5,0.0,⚠️ ELENDİ (ZOMBİ VEYA PRİMLİ),0.0,-1.231956197112985,-4.854950851114837,Consumer Non-Durables,Food: Specialty/Candy,10.2930163447251,US_SMID_CAP
KVYO,17.4,17.01,17.43,16.545,5758894.0,6.356968215158918,100204755.6,36.225,12.53,4954257488.545232,0.658114058890112,820.754716981132,5.200254633157899,-45.35175879396986,0.8526866713395763,2026-09-14,38.9,12.03,36.23,43.5,108.2,4954.3,20.0,30.0,73.8,61.6,0.0,⚠️ SAHTE KÂR (FAALİYET KÂRI YETERSİZ),0.0,-9.233176838810657,-10.585817060637217,Technology Services,Packaged Software,-1.86377060222098,US_SMID_CAP
SATA,100.01,99.65,100.01,99.65,576970.0,0.2606516290726868,57702769.7,101.35,79.01,2575912172.0,-137.872221995685,15.0,12.683190365797364,21.963414634146343,1.1691729201419454,2026-09-14,26.6,75.85,101.35,250.03,1.3,2575.9,65.0,55.0,81.7,42.2,0.0,⚠️ SAHTE KÂR (FAALİYET KÂRI YETERSİZ),0.0,0.3109327983951878,0.0200020002000302,Finance,Financial Conglomerates,-14415.5789473684,US_SMALL_CAP
RDW,10.49,10.27,10.935,10.2101,9643647.0,-1.2241054613935878,101161857.03,26.64,4.87,2622422500.433145,-19.2396379198163,15.0,1.5973540872621292,23.12206572769954,0.8484660155674578,2026-09-14,115.4,4.68,26.64,26.23,154.0,2622.4,20.0,55.0,10.0,29.7,0.0,⚠️ SAHTE KÂR (FAALİYET KÂRI YETERSİZ),0.0,-21.71641791044776,-0.8506616257088834,Electronic Technology,Aerospace & Defense,-40.6472862397718,US_SMALL_CAP
INSW,105.84,103.65,106.7,102.6089,973446.0,2.112879884225757,103029524.64,106.73,42.26,5242394036.756005,37.4116050605098,6.758836489032217,2.313674243235716,122.9149115417018,1.4243638403096404,2026-09-14,150.4,40.57,106.73,264.6,0.8,5242.4,20.0,100.0,54.8,60.4,0.0,⚠️ ELENDİ (ZOMBİ VEYA PRİMLİ),0.0,10.67656593119315,3.5515115937775263,Transportation,Marine Shipping,55.6529596108849,US_SMID_CAP
BULL,9.04,9.12,9.36,8.865,11397133.0,-1.9522776572668272,103030082.32,16.04,4.5,4789070319.149674,4.74634414724858,110.37851037851036,4.589298405929536,-34.22823674924516,0.8053187897815827,2026-09-14,100.9,4.32,16.04,22.6,77.4,4789.1,20.0,30.0,10.0,28.2,0.0,⚠️ ELENDİ (ZOMBİ VEYA PRİMLİ),0.0,13.710691823899358,-7.660878447395302,Technology Services,Packaged Software,12.4378606947845,US_SMID_CAP
PVH,73.01,72.64,73.34,70.71,1421764.0,3.3550396375991007,103802989.64,100.745,59.6,3368523132.4278035,-3.49947197316381,15.0,0.7028810034302635,-10.647411577530278,1.1545743635611068,2026-09-14,22.5,57.22,100.75,182.53,38.0,3368.5,65.0,55.0,64.0,57.2,0.0,⚠️ SAHTE KÂR (FAALİYET KÂRI YETERSİZ),0.0,-10.75663121867742,0.3022393185877165,Consumer Non-Durables,Apparel/Footwear,8.5512525920529,US_SMID_CAP
INFQ,12.6,12.45,13.18,12.36,8292568.0,-3.9634146341463383,104486356.8,27.5,8.52,2839498684.02439,-25.0357163430747,15.0,4.928729013784794,22.093023255813947,1.0977478859210423,2026-09-14,47.9,8.18,27.5,31.5,118.3,2839.5,20.0,55.0,11.0,38.4,0.0,⚠️ SAHTE KÂR (FAALİYET KÂRI YETERSİZ),0.0,2.689486552567238,-2.3255813953488427,Electronic Technology,Computer Processing Hardware,-314.960533066655,US_SMALL_CAP
BBWI,17.91,18.29,18.32,17.73,5858559.0,-3.554119547657513,104926791.69,27.4,14.275,3611467432.948303,12.0,4.653035774596659,2.0,-35.15568428674874,0.9917856227491,2026-09-14,25.5,13.7,27.4,44.77,53.0,3611.5,20.0,55.0,10.0,34.7,0.0,⚠️ ELENDİ (ZOMBİ VEYA PRİMLİ),0.0,-6.230366492146603,-3.813104189044043,Retail Trade,Specialty Stores,14.8682385575589,US_SMID_CAP
CVLT,140.21,132.21,141.5,131.69,749503.0,7.795802260321377,105087815.63,198.1799,71.75,5810942225.218191,32.774298807553,89.41964285714286,111.600178292846,-22.09257098405289,1.5577402859330485,2026-09-14,95.4,68.88,198.18,350.53,41.3,5810.9,20.0,45.0,67.2,93.5,0.0,⚠️ ELENDİ (ZOMBİ VEYA PRİMLİ),0.0,-7.415478077126249,3.0955882352941235,Technology Services,Packaged Software,9.00996263497837,US_SMID_CAP
KBH,49.57,48.48,50.1,48.48,2120802.0,0.8340113913751094,105128155.14,68.41,44.025,3039123143.8755083,6.94834749904589,12.034474386987132,0.8004411549799082,-25.63756375637563,2.168492572909717,2026-09-14,12.6,42.26,68.41,123.92,38.0,3039.1,100.0,55.0,45.9,80.1,0.0,⚠️ SAHTE KÂR (FAALİYET KÂRI YETERSİZ),0.0,-11.56110615521855,-4.892555640828851,Consumer Durables,Homebuilding,5.96493867156175,US_SMID_CAP
DAVE,365.78,345.9,373.44,345.0,291753.0,4.296997519317953,106717412.34,458.25,152.21,4665709006.311197,104.778757730067,23.72621897033736,22.442776380907503,62.41729940944006,0.8543284651996869,2026-09-14,140.3,146.12,458.25,914.45,25.3,4665.7,20.0,75.0,40.8,51.4,0.0,⚠️ ELENDİ (ZOMBİ VEYA PRİMLİ),0.0,10.537608413163683,-4.0803482456600415,Finance,Major Banks,33.5354087755223,US_SMID_CAP
PTEN,12.42,12.88,13.02,12.31,8637788.0,-3.346303501945523,107281326.96,13.39,5.1,4736800445.43502,-2.785530021401,15.0,1.5280436612024546,120.21276595744682,1.0231334395256144,2026-09-14,143.5,4.9,13.39,31.05,7.8,4736.8,20.0,55.0,10.2,35.8,0.0,⚠️ SAHTE KÂR (FAALİYET KÂRI YETERSİZ),0.0,12.75533363595097,0.3231017770597669,Energy Minerals,Oil & Gas Production,-0.709771803260443,US_SMID_CAP
OPEN,2.79,2.74,2.89,2.73,38840274.0,0.0,108364364.46,10.87,2.73,2709344033.0,-196.893203883495,15.0,2.956761339550657,-71.50153217568948,1.3955900162451065,2026-09-14,2.2,2.58,10.87,6.97,289.6,2709.3,65.0,55.0,14.0,48.8,0.0,⚠️ SAHTE KÂR (FAALİYET KÂRI YETERSİZ),0.0,-24.184782608695656,-10.14492753623188,Finance,Real Estate Development,-15.7344806392133,US_SMALL_CAP
PLUG,2.06,2.03,2.11,2.02,52864858.0,-1.9047619047619064,108901607.48,4.58,1.55,2878221961.9142857,-145.071258461238,15.0,4.94645344090669,35.526315789473685,1.1479806193597593,2026-09-14,32.9,1.49,4.58,5.15,122.3,2878.2,20.0,55.0,11.5,40.2,0.0,⚠️ SAHTE KÂR (FAALİYET KÂRI YETERSİZ),0.0,-9.846827133479216,-2.369668246445489,Electronic Technology,Electronic Production Equipment,-67.4990962078359,US_SMALL_CAP
UUUU,12.34,12.54,12.6,12.21,8829463.0,-4.710424710424706,108955573.42,27.9,10.69,3267305677.0378385,-11.4111863044592,15.0,3.891136470417588,-1.2800000000000011,1.5496739405320423,2026-09-14,15.4,10.26,27.9,30.85,126.1,3267.3,100.0,55.0,15.5,54.2,0.0,⚠️ SAHTE KÂR (FAALİYET KÂRI YETERSİZ),0.0,-16.05442176870748,-15.072264280798343,Non-Energy Minerals,Other Metals/Minerals,-78.6465326499699,US_SMID_CAP
CAKE,105.17,103.3,105.8,103.17,1091871.0,2.40506329113924,114832073.07,118.46,43.07,5233325465.292404,38.8335329914143,28.54467484529367,10.08732049614616,82.14409421544856,0.7965200218237255,2026-09-14,144.2,41.35,118.46,262.93,12.6,5233.3,20.0,30.0,44.4,39.9,0.0,⚠️ SAHTE KÂR (FAALİYET KÂRI YETERSİZ),0.0,-6.6814551907719615,-1.526217228464415,Consumer Services,Restaurants,6.98311947901219,US_SMID_CAP
FOUR,45.32,45.73,46.36,43.89,2547556.0,0.5993340732519493,115455237.92,88.5,34.56,3578472284.290344,6.54103722161657,72.9086229086229,5.837580778747703,-47.83009094048578,1.1892783463572985,2026-09-14,31.1,33.18,88.5,113.3,95.3,3578.5,20.0,30.0,22.9,44.6,0.0,⚠️ ELENDİ (ZOMBİ VEYA PRİMLİ),0.0,-5.740432612312808,2.2101939557961137,Commercial Services,Miscellaneous Commercial Services,9.66352286747945,US_SMID_CAP
UNF,270.07,276.27,278.995,270.02,371986.0,-1.6783165865734722,100462259.02,306.67,147.66,4692174567.910769,5.29587663475145,42.61930311829314,2.134670713585633,54.32571428571429,1.0832039700337233,2026-09-14,82.9,141.75,306.67,675.17,13.6,4692.2,20.0,30.0,10.8,37.9,0.0,⚠️ SAHTE KÂR (FAALİYET KÂRI YETERSİZ),0.0,-6.225694444444446,-1.228833705153061,Consumer Services,Other Consumer Services,5.76867680629722,US_SMID_CAP
MTRN,240.22,245.66,251.89,239.63,350477.0,-6.714302357190009,84191584.94,304.58,109.6096,5004677603.506038,9.45845526031849,55.97185330164499,5.0305651543209935,113.81397418780595,1.439807772021364,2026-09-14,119.2,105.23,304.58,600.55,26.8,5004.7,20.0,30.0,14.4,50.4,0.0,⚠️ SAHTE KÂR (FAALİYET KÂRI YETERSİZ),0.0,-14.439378828893002,0.037479698496649,Electronic Technology,Electronic Equipment/Instruments,6.19228690420925,US_SMID_CAP
FND,48.13,47.2,48.46,46.51,1752873.0,1.668779045204899,84365777.49000001,92.405,42.64,5125362144.46768,9.6935086016998,22.456025754677366,2.06117135173099,-46.07282913165266,0.7153107213747758,2026-09-14,12.9,40.93,92.41,120.33,92.0,5125.4,100.0,30.0,53.5,33.4,0.0,⚠️ SAHTE KÂR (FAALİYET KÂRI YETERSİZ),0.0,-18.17409044542672,-1.9555917702179688,Retail Trade,Home Improvement Chains,6.5571446338576,US_SMID_CAP
WT,22.79,23.47,24.01,22.705,3702583.0,-4.76389469285416,84381866.57,25.91,10.69,3452961156.134559,18.5636224052024,43.74280230326296,8.260568561994134,61.63120567375886,1.428542987878549,2026-09-14,113.2,10.26,25.91,56.97,13.7,3453.0,20.0,45.0,14.3,50.0,0.0,⚠️ ELENDİ (ZOMBİ VEYA PRİMLİ),0.0,1.0195035460992927,-8.326629123089301,Finance,Investment Managers,39.7485566198662,US_SMID_CAP
SBET,9.15,8.77,9.235,8.74,9237790.0,3.0405405405405355,84525778.5,19.535,4.46,1987595986.3682432,-183.577843699579,15.0,1.407564544141378,-44.91270319084888,1.1313936908315751,2026-09-14,105.2,4.28,19.54,22.88,113.6,1987.6,20.0,55.0,57.3,54.8,0.0,⚠️ SAHTE KÂR (FAALİYET KÂRI YETERSİZ),0.0,45.933014354067,6.395348837209311,Commercial Services,Advertising/Marketing Services,-18.644703601145,US_SMALL_CAP
CECO,70.67,74.34,75.75,70.575,1196077.0,-9.790656114373244,84526761.59,101.2399,42.82,4139129553.949196,-2.57852888230334,15.0,1.9896819211762744,48.52879361076084,1.873503721390965,2026-09-14,65.0,41.11,101.24,176.68,43.3,4139.1,20.0,55.0,18.7,65.6,0.0,⚠️ SAHTE KÂR (FAALİYET KÂRI YETERSİZ),0.0,-8.339818417639421,-4.808728448275853,Producer Manufacturing,Industrial Machinery,5.81805016098816,US_SMID_CAP
DLB,61.91,65.0,65.7,61.7,1370592.0,-3.9857320099255698,84853350.72,73.01,48.26,5799035338.869726,8.71872759373049,26.25307437876346,2.24404282928456,-14.29955703211517,1.4468530182568875,2026-09-14,28.3,46.33,73.01,154.77,17.9,5799.0,20.0,30.0,14.5,50.6,0.0,⚠️ ELENDİ (ZOMBİ VEYA PRİMLİ),0.0,-0.8805635606788412,0.7485760781122762,Technology Services,Packaged Software,19.3325974356797,US_SMID_CAP
PLNT,51.16,51.12,52.2,50.5,1658790.0,0.8078817733990081,84863696.39999999,114.26,37.03,3864266865.665418,12.0,17.358260102466666,2.0,-50.17530190884301,1.0152857491471348,2026-09-14,38.2,35.55,114.26,127.9,123.3,3864.3,20.0,40.0,10.2,39.6,0.0,⚠️ ELENDİ (ZOMBİ VEYA PRİMLİ),0.0,4.089521871820953,-0.1171417415072281,Consumer Services,Other Consumer Services,30.9490994718472,US_SMID_CAP
WK,75.89,74.51,75.97,73.9,1121099.0,5.608126913442807,85080203.11,97.095,43.34,4129667290.4991655,12.0,92.911361410382,2.0,-2.8794471461479394,1.2707449784502498,2026-09-14,75.1,41.61,97.09,189.72,27.9,4129.7,20.0,30.0,77.3,72.5,0.0,⚠️ SAHTE KÂR (FAALİYET KÂRI YETERSİZ),0.0,2.3880194279546627,-2.4550128534704325,Technology Services,Information Technology Services,3.25630088940941,US_SMID_CAP
VSH,30.8,31.17,32.26,30.1901,2762686.0,-7.25685034628124,85090728.8,69.47,11.77,4724086065.3297205,1.1341307952574,160.91954022988506,1.6217790178653704,100.91324200913242,0.6664267611442211,2026-09-14,161.7,11.3,69.47,77.0,125.6,4724.1,20.0,30.0,10.0,23.3,0.0,⚠️ SAHTE KÂR (FAALİYET KÂRI YETERSİZ),0.0,-8.059701492537311,-0.6451612903225784,Electronic Technology,Electronic Production Equipment,3.3013705274390204,US_SMID_CAP
VVV,30.37,30.56,30.96,30.15,2809220.0,-0.5891980360065457,85316011.4,41.33,28.5,3874799422.307365,28.3992879638505,38.48688379166138,9.299776156194596,-24.752229930624377,1.5518334478933868,2026-09-14,6.6,27.36,41.33,75.92,36.1,3874.8,100.0,60.0,15.5,54.3,0.0,NÖTR,-76.8,-9.801009801009805,-4.736511919698865,Consumer Services,Other Consumer Services,17.724032586558,US_SMID_CAP
HRB,45.74,46.23,46.85,45.49,1867524.0,1.3741134751773152,85420547.76,58.67,28.16,5638183164.174645,707.453097139313,7.993848197277129,48.34328594831686,-11.919892162526471,1.1735862960062695,2026-09-14,62.4,27.03,58.67,114.35,28.3,5638.2,20.0,100.0,11.7,47.9,0.0,⚠️ ELENDİ (ZOMBİ VEYA PRİMLİ),0.0,-14.87064954401637,-9.479517118543438,Consumer Services,Other Consumer Services,23.9451491765584,US_SMID_CAP
AROC,30.49,32.27,32.27,30.44,2805409.0,-6.957583155325006,85536920.41,42.23,22.88,5346061199.753737,21.9475130423621,16.376624771726288,3.442012420144521,23.341423948220065,1.601436710287134,2026-09-14,33.3,21.96,42.23,76.22,38.5,5346.1,20.0,70.0,16.0,56.1,0.0,⚠️ ELENDİ (ZOMBİ VEYA PRİMLİ),0.0,-8.548290341931628,-6.18461538461539,Industrial Services,Oilfield Services/Equipment,38.3292079536965,US_SMID_CAP
CROX,111.49,111.8,112.55,110.36,775057.0,-0.8801564722617434,86411104.92999999,141.28,73.205,5345396681.355973,42.2996417078699,9.632131872688944,3.87287493834108,38.2564484126984,0.8308328889150924,2026-09-14,52.3,70.28,141.28,278.72,26.7,5345.4,20.0,100.0,10.5,29.1,0.0,⚠️ ELENDİ (ZOMBİ VEYA PRİMLİ),0.0,-15.300463420192964,-3.597060095114579,Consumer Non-Durables,Apparel/Footwear,20.8115385317295,US_SMID_CAP
AAP,45.01,44.42,45.515,44.42,1919905.0,0.7385854968666031,86414924.05,65.21,37.89,2718604087.642569,4.84304932735426,32.67039268345794,1.1965439790390802,-27.109311740890693,1.138163594806753,2026-09-14,18.8,36.37,65.21,112.52,44.9,2718.6,100.0,30.0,16.8,43.5,0.0,⚠️ SAHTE KÂR (FAALİYET KÂRI YETERSİZ),0.0,-20.35038046363476,5.582922824302123,Retail Trade,Specialty Stores,3.90815261509915,US_SMALL_CAP
HAE,106.31,106.98,107.47,102.835,887941.0,3.525172850326229,94397007.71,109.5707,47.315,4836791632.407538,11.2000632778508,51.85347770949176,5.77475782791754,99.49333833739914,1.5186739180183135,2026-09-14,124.7,45.42,109.57,265.77,3.1,4836.8,20.0,30.0,50.1,70.8,0.0,⚠️ ELENDİ (ZOMBİ VEYA PRİMLİ),0.0,17.327005849244017,4.646126587262525,Health Technology,Medical Specialties,18.3683884696375,US_SMID_CAP
WRBY,25.71,24.62,25.99,24.445,3386037.0,4.046944556859571,87055011.27,31.0,14.96,3177962787.05949,2.05511815203946,423.55848434925866,8.09541952283941,-5.024011821204283,1.438373342416028,2026-09-14,71.9,14.36,31.0,64.28,20.6,3178.0,20.0,30.0,59.0,70.6,0.0,⚠️ SAHTE KÂR (FAALİYET KÂRI YETERSİZ),0.0,0.7050528789659213,11.78260869565218,Retail Trade,Specialty Stores,0.247255941711661,US_SMID_CAP
INSP,74.32,72.14,75.29,71.845,1172084.0,1.8082191780821824,87109282.88,147.03,38.91,2148619113.777534,17.9649274043565,16.14038135777266,2.6022664087743155,-10.382250090437736,1.6799827771106426,2026-09-14,91.0,37.35,147.03,185.8,97.8,2148.6,20.0,55.0,47.4,67.8,0.0,⚠️ SAHTE KÂR (FAALİYET KÂRI YETERSİZ),0.0,27.89537084839097,21.83606557377048,Health Technology,Medical Specialties,6.02208420214033,US_SMALL_CAP
BTE,5.03,5.1,5.13,5.0,17369304.0,0.0,87367599.12,5.36,2.1835,3516976080.942529,12.0,15.0,2.3521872442054828,109.58333333333336,1.0796628355706508,2026-09-14,130.4,2.1,5.36,12.58,6.6,3517.0,20.0,55.0,10.8,37.8,0.0,⚠️ ELENDİ (ZOMBİ VEYA PRİMLİ),0.0,16.435185185185183,2.653061224489793,Energy Minerals,Integrated Oil,10.0,US_SMID_CAP
DHT,22.15,22.14,22.28,21.55,3948795.0,0.6818181818181753,87465809.25,22.28,10.83,3571368107.068181,39.1763532556201,7.535295118217384,2.6860726828227164,75.79365079365078,1.2108676119058903,2026-09-14,104.5,10.4,22.28,55.38,0.6,3571.4,20.0,100.0,57.2,45.8,0.0,⚠️ ELENDİ (ZOMBİ VEYA PRİMLİ),0.0,14.234141309953571,9.7621407333994,Transportation,Marine Shipping,56.659503230469696,US_SMID_CAP
CBZ,54.6,54.7,54.71,54.53,1609767.0,0.1100110011001141,87893278.2,57.51,24.29,2962807781.7271733,6.96594694879076,25.56179775280899,1.577721873640082,-5.175408127822155,1.225395856344549,2026-09-14,124.8,23.32,57.51,136.5,5.3,2962.8,20.0,30.0,12.3,43.4,0.0,⚠️ ELENDİ (ZOMBİ VEYA PRİMLİ),0.0,-0.2739726027397234,0.2202643171806251,Commercial Services,Miscellaneous Commercial Services,10.8962058580563,US_SMALL_CAP
CRGY,14.59,14.99,15.04,14.53,6065049.0,-0.4774897680764002,88489064.91,15.04,7.68,4820589736.184175,1.13592440283054,15.0,0.935517875508796,65.79545454545453,1.081334488268873,2026-09-14,90.0,7.37,15.04,36.48,3.1,4820.6,20.0,55.0,10.8,37.8,0.0,⚠️ ELENDİ (ZOMBİ VEYA PRİMLİ),0.0,20.77814569536424,5.3429602888086665,Energy Minerals,Integrated Oil,24.6725653859809,US_SMID_CAP
RDNT,75.49,75.29,76.27,74.31,1177390.0,0.0,88881171.1,85.84,50.82,5940893850.0,-2.08202894292366,15.0,5.416559935537985,2.4009766684753067,1.758830264864998,2026-09-14,48.5,48.79,85.84,188.72,13.7,5940.9,20.0,55.0,31.9,61.6,0.0,⚠️ SAHTE KÂR (FAALİYET KÂRI YETERSİZ),0.0,-1.7952387147131643,2.262259550257385,Health Services,Medical/Nursing Services,4.62768386183455,US_SMID_CAP
ITGR,126.13,126.3,126.3,126.12,708759.0,0.1031746031745995,89395772.67,126.795,62.0,4287416807.0264287,7.50358093975781,34.385649246203755,2.4944984768587948,22.159806295399516,0.8835613671858639,2026-09-14,103.4,59.52,126.8,315.32,0.5,4287.4,20.0,30.0,10.0,31.4,0.0,⚠️ ELENDİ (ZOMBİ VEYA PRİMLİ),0.0,0.7830603276068635,0.2304513668149968,Health Technology,Medical Specialties,10.0349751149066,US_SMID_CAP
ECO,79.72,75.85,80.46,74.38,1131890.0,4.688115561391981,90234270.8,80.46,27.74,3057163408.9202886,61.5919910455297,7.433862680554649,3.547120145124022,168.14665321224348,2.3376038677473283,2026-09-14,187.4,26.63,80.46,199.3,0.9,3057.2,20.0,100.0,76.3,100.0,0.0,⚠️ ELENDİ (ZOMBİ VEYA PRİMLİ),0.0,34.11843876177658,13.942685628528542,Transportation,Marine Shipping,62.341887032832,US_SMID_CAP
CHDN,83.6,84.66,85.22,82.795,1090409.0,-0.3100405437634213,91158192.4,118.35,79.4,5826940197.185785,34.3070595148157,14.344789718423446,4.363908182536642,-15.35891465019743,1.1691661353781135,2026-09-14,5.3,76.22,118.35,209.0,41.6,5826.9,100.0,100.0,11.7,40.9,0.0,NÖTR,-89.8,-6.056860321384425,-6.758866830247605,Consumer Services,Movies/Entertainment,25.809686152612095,US_SMID_CAP
ARR,15.5,15.7,15.76,15.47,5893351.0,-1.8987341772151944,91346940.5,19.31,13.98,2194072139.620253,20.3313718066215,4.159845414776844,0.8195733142698818,1.4397905759162346,1.6401258822526543,2026-09-14,10.9,13.42,19.31,38.75,24.6,2194.1,90.0,85.0,16.4,57.4,0.0,NÖTR,0.0,-7.462686567164179,-3.816320198572749,Finance,Real Estate Investment Trusts,114.365802521491,US_SMALL_CAP
YOU,42.24,42.985,43.5,42.12,2169285.0,0.023679848448982,91630598.4,69.07,29.435,5714568516.804169,90.2894542435177,28.832764505119453,20.90923491208617,12.971382722653118,1.4467098510731522,2026-09-14,43.5,28.26,69.07,105.6,63.5,5714.6,20.0,75.0,14.5,50.8,0.0,⚠️ ELENDİ (ZOMBİ VEYA PRİMLİ),0.0,-7.571115973741796,-4.757609921082299,Technology Services,Packaged Software,25.1294088961371,US_SMID_CAP
HRI,140.42,137.71,143.36,136.0,656197.0,-0.3830874006810587,92143182.74,188.35,88.45,4694443881.260357,2.57826887661142,95.64743546079968,2.481496136115064,9.497816593886444,1.0960918850578207,2026-09-14,58.8,84.91,188.35,351.05,34.1,4694.4,20.0,30.0,25.0,38.4,0.0,⚠️ ELENDİ (ZOMBİ VEYA PRİMLİ),0.0,-16.55574043261232,3.060550458715587,Finance,Finance/Rental/Leasing,13.1177924217463,US_SMID_CAP
VFC,13.07,12.77,13.15,12.76,7101067.0,-0.7593014426727384,92810945.69,22.2699,12.455,5138268624.570995,17.9381726585757,19.035828721235077,2.9117042938170283,-14.964216005204936,1.0802210262574898,2026-09-14,4.9,11.96,22.27,32.67,70.4,5138.3,100.0,40.0,52.1,37.8,0.0,⚠️ SAHTE KÂR (FAALİYET KÂRI YETERSİZ),0.0,-11.088435374149652,0.6158583525789074,Consumer Non-Durables,Apparel/Footwear,7.125173979090441,US_SMID_CAP
SPHR,147.4,142.96,150.57,141.7075,633176.0,2.717770034843209,93330142.4,181.63,56.36,5293665822.281534,-3.3837823912347,15.0,2.3760833827947705,157.24258289703317,1.124559847429168,2026-09-14,161.5,54.11,181.63,368.5,23.2,5293.7,20.0,55.0,31.2,52.9,0.0,⚠️ SAHTE KÂR (FAALİYET KÂRI YETERSİZ),0.0,-16.57233416345936,3.810127473765756,Consumer Services,Media Conglomerates,-1.51984935641138,US_SMID_CAP
GRAL,75.53,74.68,76.56,73.46,1145747.0,-0.9182736455463764,86538270.91,118.84,36.98,3373640731.4820933,-16.1236588991779,15.0,1.3268186356798095,98.97260273972604,2.110434349985439,2026-09-14,104.2,35.5,118.84,188.82,57.3,3373.6,20.0,55.0,44.6,73.9,0.0,⚠️ SAHTE KÂR (FAALİYET KÂRI YETERSİZ),0.0,11.106207708149451,-5.492992992992994,Health Technology,Medical Specialties,-323.016646194248,US_SMID_CAP
FHB,25.78,25.79,26.05,25.655,1518870.0,0.0970685303824582,39156468.6,30.58,22.645,3136926630.739662,10.3224792064157,11.192150733698012,1.110012676017526,0.5852516582130399,0.8978375042213501,2026-09-14,13.8,21.74,30.58,64.45,18.6,3136.9,90.0,55.0,10.0,31.9,0.0,⚠️ ELENDİ (ZOMBİ VEYA PRİMLİ),0.0,-7.399425287356318,-0.7316134000770033,Finance,Regional Banks,40.91790804195535,US_SMID_CAP
CLDX,39.18,37.4,39.42,37.27,1000169.0,6.17886178861789,39186621.42,45.14,22.1,3076787245.538212,-43.8767272276035,15.0,4.304212701492193,55.59968228752979,1.5679780796078455,2026-09-14,77.3,21.22,45.14,97.95,15.2,3076.8,20.0,55.0,70.1,85.8,0.0,⚠️ SAHTE KÂR (FAALİYET KÂRI YETERSİZ),0.0,-7.222353776935821,0.564681724845993,Health Technology,Biotechnology,-206220.253164557,US_SMID_CAP
ELMT,21.5,22.47,25.03,20.22,14002536.0,32.79802347127856,301054524.0,25.03,12.485,654879216.8004941,12.0,15.0,3.491886641990668,19.444444444444443,57.33046459973183,2026-09-14,72.2,11.99,25.03,53.75,16.4,654.9,20.0,70.0,30.0,100.0,0.0,⚠️ ELENDİ (ZOMBİ VEYA PRİMLİ),0.0,25.364431486880477,29.987908101571957,Producer Manufacturing,Metal Fabrication,10.0,US_MICRO_CAP
BELFB,230.39,238.28,241.8115,229.08,171082.0,-7.976513820099068,39415581.98,335.285,129.9359,3245650862.9801483,8.1667191735268,59.80117323366039,3.63272902953991,56.19661016949152,1.1661403373642456,2026-09-14,77.3,124.74,335.29,575.97,45.5,3245.7,20.0,30.0,11.7,40.8,0.0,🪤 DÜŞEN BIÇAK (RÖLATİF ÇÖKÜŞ),0.0,-20.516801214379363,-4.56484818358809,Electronic Technology,Electronic Components,16.4770848844366,US_SMID_CAP
SHLS,7.05,6.83,7.26,6.75,5601150.0,-3.4246575342465757,39488107.5,13.1799,5.43,1186514729.589041,5.33981315181792,37.51995742416179,1.9222274935789423,3.600293901542985,1.360093539682562,2026-09-14,29.8,5.21,13.18,17.62,87.0,1186.5,65.0,30.0,26.0,47.6,0.0,⚠️ ELENDİ (ZOMBİ VEYA PRİMLİ),0.0,-13.602941176470592,0.2844950213371205,Electronic Technology,Semiconductors,10.6307541092885,US_SMALL_CAP
TRIP,9.23,9.2,9.365,8.965,4293917.0,1.5401540154015465,39632853.91,20.16,8.41,1081749933.9911993,0.837533927879023,913.861386138614,1.6315635965106106,-48.26233183856503,0.979699789905776,2026-09-14,9.8,8.07,20.16,23.08,118.4,1081.7,100.0,30.0,32.5,42.0,0.0,⚠️ SAHTE KÂR (FAALİYET KÂRI YETERSİZ),0.0,-16.243194192377487,0.9846827133479196,Consumer Services,Other Consumer Services,4.95442599116479,US_SMALL_CAP
SEZL,121.57,118.25,122.2,118.25,326097.0,2.2713889122570783,39643612.29,195.71,49.5,4093871607.248423,88.8405817041124,26.436306702039747,17.567081338606684,37.99091940976164,0.766509367437085,2026-09-14,145.6,47.52,195.71,303.92,61.0,4093.9,20.0,75.0,55.3,38.2,0.0,⚠️ ELENDİ (ZOMBİ VEYA PRİMLİ),0.0,-6.692762299485762,-0.1560446780552003,Technology Services,Packaged Software,40.3854578134077,US_SMID_CAP
KRC,34.91,34.8,35.22,34.46,1138194.0,0.0286532951289341,39734352.54,45.03,27.36,4099919419.499713,3.18522268142883,24.57758377921712,0.7769198499572149,-18.96471680594244,0.942596232775292,2026-09-14,27.6,26.27,45.03,87.27,29.0,4099.9,20.0,30.0,22.3,33.1,0.0,⚠️ ELENDİ (ZOMBİ VEYA PRİMLİ),0.0,-5.7250877666756805,-5.032644178454847,Finance,Real Estate Investment Trusts,24.6816618007868,US_SMID_CAP
FULT,23.75,23.59,23.9,23.49,1679417.0,0.635593220338977,39886153.75,25.23,16.6,4534221016.366525,11.1013498978805,11.374521072796934,1.2551135970287366,22.9296066252588,1.3440764993796293,2026-09-14,43.1,15.94,25.23,59.38,6.2,4534.2,20.0,55.0,32.2,50.2,0.0,⚠️ ELENDİ (ZOMBİ VEYA PRİMLİ),0.0,-3.061224489795918,-0.5027230833682488,Finance,Major Banks,37.34558182790108,US_SMID_CAP
TEN,49.62,48.35,49.69,47.7,804120.0,3.5908141962421687,39900434.4,49.69,20.5,1461280786.0058455,16.8897802727216,5.025013671439856,0.7112035048200449,125.2383113935542,2.0429665239767574,2026-09-14,142.0,19.68,49.69,124.05,0.1,1461.3,20.0,70.0,85.5,89.5,0.0,⚠️ ELENDİ (ZOMBİ VEYA PRİMLİ),0.0,21.58784611614799,14.3054595715273,Transportation,Marine Shipping,38.2915649418514,US_SMALL_CAP
AXTI,57.06,59.68,62.65,56.9,10194614.0,-11.903659101435842,581704674.84,143.16,3.854,3741607264.1963873,0.759896081305507,3067.741935483871,4.233616069043705,1578.235294117647,1.229662280339263,2026-09-14,1380.5,3.7,143.16,142.65,150.9,3741.6,20.0,30.0,12.3,43.0,0.0,⚠️ SAHTE KÂR (FAALİYET KÂRI YETERSİZ),0.0,-27.302841126258112,-1.092043681747262,Electronic Technology,Electronic Production Equipment,3.0930052824897,US_SMID_CAP
ONDS,7.23,6.995,7.47,6.99,84250276.0,0.0,609129495.48,15.28,4.95,4131617137.0,7.6644984051379,80.87248322147651,2.4399709768320874,12.093023255813955,1.4885624834343856,2026-09-14,46.1,4.75,15.28,18.08,111.3,4131.6,20.0,30.0,14.9,52.1,0.0,⚠️ SAHTE KÂR (FAALİYET KÂRI YETERSİZ),0.0,-23.329798515376453,-4.993429697766096,Electronic Technology,Telecommunications Equipment,-127.283223541317,US_SMID_CAP
MARA,11.5,11.1,11.94,10.96,53211214.0,-4.006677796327216,611928961.0,23.45,6.66,4442441969.198664,-107.12050599717,15.0,2.644723890825798,-27.3989898989899,1.303578883023258,2026-09-14,72.7,6.39,23.45,28.75,103.9,4442.4,20.0,55.0,20.2,45.6,0.0,⚠️ SAHTE KÂR (FAALİYET KÂRI YETERSİZ),0.0,27.63596004439512,2.8162717925793426,Technology Services,Data Processing Services,-122.795159030065,US_SMID_CAP
BWIN,32.0,31.84,32.18,31.72,22671834.0,7.92580101180439,725498688.0,32.59,15.88,4463946555.143338,-10.7233672973068,15.0,3.486765545526262,3.69410239792612,22.81673395062685,2026-09-14,101.5,15.24,32.59,80.0,1.8,4463.9,20.0,55.0,45.2,100.0,0.0,⚠️ SAHTE KÂR (FAALİYET KÂRI YETERSİZ),0.0,4.1327692808330605,3.1925185424056703,Finance,Insurance Brokers/Services,-2.64862973734091,US_SMID_CAP
BTDR,11.66,11.4,12.2,11.35,9916097.0,-2.508361204013384,115621691.02,27.8,6.9157,3168981000.877926,-49.508997204873,15.0,2.8735490548833087,-18.2328190743338,0.9508601599579308,2026-09-14,68.6,6.64,27.8,29.15,138.4,3169.0,20.0,55.0,10.0,33.3,0.0,⚠️ SAHTE KÂR (FAALİYET KÂRI YETERSİZ),0.0,31.900452488687783,-0.5119453924914718,Technology Services,Data Processing Services,-29.9514808736638,US_SMID_CAP
DK,74.47,77.76,79.145,73.38,2380383.0,-2.141918528252294,177267122.01,79.145,25.85,4559959900.509068,212.705882352941,20.93677078354747,24.43706479579448,157.50345781466112,1.135442343668187,2026-09-14,188.1,24.82,79.14,186.18,6.3,4560.0,20.0,40.0,11.4,39.7,0.0,⚠️ SAHTE KÂR (FAALİYET KÂRI YETERSİZ),0.0,8.842443729903533,4.153846153846152,Energy Minerals,Oil Refining/Marketing,6.05814291046324,US_SMID_CAP
ATEN,25.61,24.55,26.08,24.55,1480511.0,3.516572352465647,37915886.71,38.49,16.52,1859517088.3257885,19.445462649959,43.77777777777778,7.797538036213947,43.31281477336317,1.6693056270121296,2026-09-14,55.0,15.86,38.49,64.03,50.3,1859.5,20.0,60.0,43.7,76.0,0.0,⚠️ ELENDİ (ZOMBİ VEYA PRİMLİ),0.0,-5.498154981549822,3.5584310553982976,Technology Services,Information Technology Services,16.5636062339203,US_SMALL_CAP
OPCH,23.99,23.73,24.09,23.61,1556038.0,2.172061328790452,37329351.62,36.8,18.01,3593348024.8935266,15.9991083445363,18.152239709443094,2.8519426853435825,-18.0389477280492,1.0224572385444874,2026-09-14,33.2,17.29,36.8,59.97,53.4,3593.3,20.0,40.0,51.1,46.6,0.0,⚠️ SAHTE KÂR (FAALİYET KÂRI YETERSİZ),0.0,-0.332363938512679,-1.6400164001640103,Health Services,Medical/Nursing Services,5.86093022308184,US_SMID_CAP
UPST,26.1,25.21,26.5,25.14,4894101.0,1.992966002344672,127736036.1,71.38,23.965,2539870602.450176,7.94130693163137,47.52367079388201,3.184635658158036,-57.99806887672997,1.1782170318614704,2026-09-14,8.9,23.01,71.38,65.25,173.5,2539.9,100.0,30.0,40.6,51.2,0.0,⚠️ SAHTE KÂR (FAALİYET KÂRI YETERSİZ),0.0,-15.806451612903222,-6.552094522019328,Finance,Finance/Rental/Leasing,3.9888710289643794,US_SMALL_CAP
HAYW,12.87,13.04,13.13,12.85,3045534.0,-1.8306636155606424,39196022.58,17.73,12.835,2729978963.382151,10.4123453644408,17.700453857791224,1.7195790171276482,-19.562500000000004,1.354383718261447,2026-09-14,0.3,11.9,17.73,32.17,37.8,2730.0,65.0,55.0,13.5,47.4,0.0,🪤 DÜŞEN BIÇAK (RÖLATİF ÇÖKÜŞ),0.0,-15.495732107682214,-5.506607929515419,Consumer Durables,Recreational Products,21.2875812234163,US_SMALL_CAP
ACVA,10.41,10.42,10.44,10.41,18684791.0,0.0,194508674.31,10.595,4.065,1767701081.0,-15.0582944028311,15.0,4.515544142588825,0.579710144927541,1.1679378089319132,2026-09-14,156.1,3.9,10.6,26.02,1.8,1767.7,20.0,55.0,11.7,40.9,0.0,⚠️ SAHTE KÂR (FAALİYET KÂRI YETERSİZ),0.0,31.439393939393945,56.306306306306304,Technology Services,Internet Software/Services,-7.09400141513142,US_SMALL_CAP
IOVA,9.26,8.56,9.41,8.54,21034797.0,7.674418604651165,194782220.22,9.41,1.76,4194515678.6837206,-40.3639372534476,15.0,5.698742091918372,282.6446280991736,1.981955036840834,2026-09-14,426.1,1.69,9.41,23.15,1.6,4194.5,20.0,55.0,65.7,100.0,0.0,⚠️ SAHTE KÂR (FAALİYET KÂRI YETERSİZ),0.0,42.02453987730062,5.949656750572077,Health Technology,Biotechnology,-91.1719896955763,US_SMID_CAP
RGTI,15.27,14.55,15.595,14.522,12998910.0,0.0,198493355.7,58.1501,12.53,5096648779.0,-43.765041986913,15.0,9.480703322902697,-8.998808104886779,0.7909096466388489,2026-09-14,21.9,12.03,58.15,38.17,280.8,5096.6,65.0,55.0,35.5,27.7,0.0,⚠️ SAHTE KÂR (FAALİYET KÂRI YETERSİZ),0.0,-17.16842961757526,0.328515111695131,Electronic Technology,Computer Processing Hardware,-727.619261589156,US_SMID_CAP
MXL,64.79,67.52,70.9259,64.71,3069823.0,-13.11519377765856,198893832.17,128.3,12.77,5876011361.054581,-21.3238988831356,15.0,12.119318893904053,301.9230769230769,1.3249790958468746,2026-09-14,407.4,12.26,128.3,161.98,98.0,5876.0,20.0,55.0,13.2,46.4,0.0,⚠️ SAHTE KÂR (FAALİYET KÂRI YETERSİZ),0.0,-15.46741470415551,7.597774640870219,Electronic Technology,Semiconductors,-11.5956268785264,US_SMID_CAP
M,22.58,21.77,23.175,21.7,8956945.0,2.264492753623189,202247818.1,26.585,16.41,5897368414.413949,15.9931762448022,8.250210091709597,1.196706037482656,29.69557725445145,1.2378948118510642,2026-09-14,37.6,15.75,26.59,56.45,17.8,5897.4,20.0,55.0,25.9,54.6,0.0,⚠️ SAHTE KÂR (FAALİYET KÂRI YETERSİZ),0.0,-4.443504020313164,0.758589915216413,Retail Trade,Department Stores,4.28007023705004,US_SMID_CAP
SEI,61.11,62.89,64.29,60.5901,3368304.0,-9.359240581429846,205837057.44,86.19,29.89,4678980847.165826,8.08983064525426,77.63943590395121,4.255728101385357,99.640640313623,1.1991740971012652,2026-09-14,104.4,28.69,86.19,152.78,41.0,4679.0,20.0,30.0,12.0,42.0,0.0,⚠️ ELENDİ (ZOMBİ VEYA PRİMLİ),0.0,1.0082644628099164,14.22429906542056,Industrial Services,Oilfield Services/Equipment,24.2636948558353,US_SMID_CAP
RUM,8.0,7.672,8.6523,7.6,25849049.0,11.576011157601116,206792392.0,10.595,4.6197,3966481480.613668,-19.1824191018588,15.0,2.3935255134860203,9.739368998628258,7.5294697100864,2026-09-14,73.2,4.43,10.6,20.0,32.5,3966.5,20.0,55.0,30.0,100.0,0.0,⚠️ SAHTE KÂR (FAALİYET KÂRI YETERSİZ),0.0,6.524633821571241,-11.11111111111111,Technology Services,Internet Software/Services,-100.96226306352,US_SMID_CAP
CLSK,13.27,12.765,13.645,12.58,18538054.0,-2.9261155815654747,245999976.58,23.61,8.0,3407962639.3686905,-68.6218932793154,15.0,4.476257619251618,30.353634577603145,1.1571170644021844,2026-09-14,65.9,7.68,23.61,33.17,77.9,3408.0,20.0,55.0,32.3,40.5,0.0,⚠️ SAHTE KÂR (FAALİYET KÂRI YETERSİZ),0.0,17.2779496243924,8.238172920065251,Technology Services,Data Processing Services,-51.8287925140523,US_SMID_CAP
AEHR,83.37,85.5,88.37,82.5304,3123830.0,-11.954799873270666,260433707.1,147.4,18.7,2722826411.880558,-4.16260200594657,15.0,12.335869459068352,214.4850999622784,0.9200694201291512,2026-09-14,345.8,17.95,147.4,208.43,76.8,2722.8,20.0,55.0,10.0,32.2,0.0,⚠️ SAHTE KÂR (FAALİYET KÂRI YETERSİZ),0.0,-37.60197590000749,6.85721609843631,Electronic Technology,Electronic Production Equipment,-28.2854342913142,US_SMALL_CAP
ASST,29.03,27.73,29.6,27.6,9776868.0,5.1049963794351925,283822478.04,120.0,7.02,2707412395.11803,-137.872221995685,15.0,3.681562006990276,-84.75026790779769,0.9002550443991395,2026-09-14,313.5,6.74,120.0,72.58,313.4,2707.4,20.0,55.0,39.1,57.0,0.0,⚠️ SAHTE KÂR (FAALİYET KÂRI YETERSİZ),0.0,131.49920255183414,15.289912629070695,Finance,Financial Conglomerates,-14415.5789473684,US_SMALL_CAP
ABCB,84.82,84.43,85.45,84.43,422311.0,0.1889912591542601,35820419.02,93.22,68.8,5692036238.667611,9.39837704968186,15.346203253062184,1.39148591731601,13.898214045924528,1.314983414452484,2026-09-14,23.3,66.05,93.22,212.05,9.9,5692.0,65.0,40.0,13.1,47.0,0.0,⚠️ ELENDİ (ZOMBİ VEYA PRİMLİ),0.0,-4.984877338411564,-0.9112149532710294,Finance,Regional Banks,45.32959900432096,US_SMID_CAP
INDV,34.47,34.74,35.01,34.15,3429242.0,-0.057987822557272,118205971.74,42.81,22.22,4067930678.905189,12.0,12.243375719258363,2.0,46.55612244897959,1.8068338496154333,2026-09-14,55.1,21.33,42.81,86.17,24.2,4067.9,20.0,55.0,18.1,63.2,0.0,⚠️ BİYOTEK TUZAĞI (FDA RİSKİ),0.0,-9.28947368421053,-0.7772020725388691,Health Technology,Pharmaceuticals: Major,39.9399399399308,US_SMID_CAP
NVTS,10.89,10.65,11.16,10.5505,10927583.0,-6.362854686156494,119001378.87,34.17,5.83,2843307974.3525367,-52.6010069823379,15.0,3.547693510555121,71.496062992126,1.0321297496297517,2026-09-14,86.8,5.6,34.17,27.23,213.8,2843.3,20.0,55.0,18.3,36.1,0.0,⚠️ SAHTE KÂR (FAALİYET KÂRI YETERSİZ),0.0,-20.88630584816564,-2.8545941123996457,Electronic Technology,Semiconductors,-269.300670589845,US_SMALL_CAP
SITE,89.34,92.19,93.8656,89.32,1363523.0,-3.749191984486092,121817144.82,168.56,89.32,3900172681.393666,9.81343620965069,24.44991789819376,2.316310413596488,-36.51673417181837,1.4045533750122066,2026-09-14,0.0,83.98,168.56,223.35,88.7,3900.2,65.0,30.0,14.0,49.2,0.0,⚠️ SAHTE KÂR (FAALİYET KÂRI YETERSİZ),0.0,-8.209185246070067,-8.4349697652967,Distribution Services,Wholesale Distributors,4.8611402002262,US_SMID_CAP
SLS,11.725,10.91,12.28,10.784,10534541.0,1.5591165006496293,123517493.225,15.8765,1.39,2367813455.8943267,-39.6337108146882,15.0,17.198638777246458,523.6702127659574,1.4873567403739223,2026-09-14,743.5,1.33,15.88,29.31,35.4,2367.8,20.0,55.0,32.9,59.9,0.0,⚠️ BİYOTEK TUZAĞI (FDA RİSKİ),0.0,-5.443548387096779,-13.212435233160624,Health Technology,Pharmaceuticals: Major,10.0,US_SMALL_CAP
WHR,34.0,35.2,35.7,33.86,3680908.0,-3.436523714853737,125150872.0,94.82,33.86,2216778827.49219,5.98112905805213,11.430108249848718,0.5619120478735844,-63.941032983349245,1.382373037636563,2026-09-14,0.4,31.45,94.82,85.0,178.9,2216.8,65.0,55.0,13.8,48.4,0.0,⚠️ SAHTE KÂR (FAALİYET KÂRI YETERSİZ),0.0,-20.0,-11.825726141078844,Consumer Durables,Electronics/Appliances,3.07702621170477,US_SMALL_CAP
PL,16.2,16.1,16.425,15.98,7800997.0,-1.5197568389057752,126376151.4,51.76,9.66,5894337598.030395,-71.9701211951522,15.0,10.439018732239168,68.3991683991684,0.500653725275247,2026-09-14,67.7,9.27,51.76,40.5,219.5,5894.3,20.0,55.0,10.0,17.5,0.0,⚠️ SAHTE KÂR (FAALİYET KÂRI YETERSİZ),0.0,-34.83507642799678,-17.51527494908351,Technology Services,Packaged Software,-25.6821702557378,US_SMID_CAP
KRMN,34.74,34.7,36.72,34.51,3646254.0,-1.5306122448979569,126670863.96,118.38,33.99,4604220809.882653,9.50274351051786,123.71794871794872,10.933846139319986,-45.59974945192608,1.0711540134323223,2026-09-14,2.2,32.63,118.38,86.85,240.8,4604.2,65.0,30.0,10.7,37.5,0.0,🪤 DÜŞEN BIÇAK (RÖLATİF ÇÖKÜŞ),0.0,-43.13308233753478,-13.882002974714926,Electronic Technology,Aerospace & Defense,19.451040790295,US_SMID_CAP
TFX,130.3,132.68,134.27,129.51,976919.0,-0.5267577677685302,127292545.70000002,145.0,100.18,5521123739.894649,-10.5074543169672,15.0,1.9008458691176449,-1.3476680799515453,1.6659339587441673,2026-09-14,30.1,96.17,145.0,325.75,11.3,5521.1,20.0,55.0,16.7,58.3,0.0,⚠️ ELENDİ (ZOMBİ VEYA PRİMLİ),0.0,-5.029154518950421,-6.05623648161498,Health Technology,Medical Specialties,11.0159911620361,US_SMID_CAP
ASO,54.25,54.75,55.12,53.16,2349840.0,-2.005057803468207,127478820.0,62.445,41.29,3340654914.401192,18.6125438248178,9.041968065602187,1.5447135488889738,13.612565445026178,0.910631125452784,2026-09-14,31.4,39.64,62.45,135.62,15.1,3340.7,20.0,70.0,17.0,31.9,0.0,⚠️ ELENDİ (ZOMBİ VEYA PRİMLİ),0.0,11.419182583692756,24.19871794871795,Retail Trade,Specialty Stores,9.55439391871539,US_SMID_CAP
TTAN,58.99,54.77,59.3,54.36,5711063.0,7.882223847841995,336895606.37,119.6,53.8,5690641401.5812,-8.33592344052392,15.0,3.543826238972477,-49.563953488372086,1.240309631381264,2026-09-14,9.6,51.65,119.6,147.47,102.7,5690.6,100.0,55.0,73.6,82.8,0.0,⚠️ SAHTE KÂR (FAALİYET KÂRI YETERSİZ),0.0,-36.90909090909091,-35.57230231542158,Technology Services,Packaged Software,-12.5983113089704,US_SMID_CAP
ECG,111.24,111.27,114.9928,110.0,342479.0,-6.849773907218228,38097363.96,171.577,77.86,5680340933.953776,39.5245454757263,22.375090514120203,7.346526349158128,41.02434077079108,0.8367687750053446,2026-09-14,42.9,74.75,171.58,278.1,54.2,5680.3,20.0,30.0,10.0,29.3,0.0,⚠️ SAHTE KÂR (FAALİYET KÂRI YETERSİZ),0.0,-18.36195508586525,-4.260263361735092,Industrial Services,Engineering & Construction,7.83056685209872,US_SMID_CAP
COLM,57.67,56.52,57.78,55.97,662135.0,1.3176387912860157,38185325.45,69.06,47.47,2952311480.2696767,12.6576344950075,14.95397381044989,1.843341834590196,4.1350668111231474,1.1305401821676746,2026-09-14,21.5,45.57,69.06,144.18,19.8,2952.3,90.0,55.0,72.8,46.2,0.0,⚠️ ELENDİ (ZOMBİ VEYA PRİMLİ),0.0,-0.5689655172413763,0.8745845723281441,Consumer Non-Durables,Apparel/Footwear,7.641644094935731,US_SMALL_CAP
AKR,19.82,20.17,20.17,19.68,1927391.0,0.2529084471421381,38200889.62,23.03,18.61,2721934532.0546284,1.93311814196942,58.60437610881136,1.1648401635948074,-1.7108851971237238,1.3626830261036962,2026-09-14,6.5,17.87,23.03,49.55,16.2,2721.9,90.0,30.0,13.6,49.0,0.0,⚠️ ELENDİ (ZOMBİ VEYA PRİMLİ),0.0,-4.66570466570466,-1.929737753587336,Finance,Real Estate Investment Trusts,19.4130919923006,US_SMALL_CAP
ERAS,16.16,16.06,16.53,15.97,2364226.0,1.7632241813601974,38205892.16,24.28,1.59,5652154347.405541,-78.2488588486733,15.0,13.95786727933873,916.3522012578616,0.528418698619323,2026-09-14,916.4,1.53,24.28,40.4,50.2,5652.2,20.0,55.0,10.0,27.3,0.0,⚠️ BİYOTEK TUZAĞI (FDA RİSKİ),0.0,-7.6571428571428575,0.7481296758104801,Health Technology,Pharmaceuticals: Major,10.0,US_SMID_CAP
CON,35.81,34.56,36.05,34.52,1093423.0,2.460658082975677,39155477.63,36.05,18.545,4566410036.814306,47.8922963752743,23.53907841977256,9.5712834767734,62.40362811791384,1.698067467798895,2026-09-14,93.1,17.8,36.05,89.53,0.7,4566.4,20.0,75.0,65.0,71.7,0.0,⚠️ ELENDİ (ZOMBİ VEYA PRİMLİ),0.0,2.578057863076499,4.585280373831776,Health Services,Medical/Nursing Services,16.7103758964618,US_SMID_CAP
BBT,31.36,31.35,31.72,31.35,1219527.0,0.0638162093171652,38244366.72,32.83,22.81,2628472463.724314,6.04815333535171,22.716407098877216,1.0416891574309208,19.831868551776832,1.603579262201561,2026-09-14,37.5,21.9,32.83,78.4,4.7,2628.5,20.0,40.0,16.0,56.4,0.0,⚠️ ELENDİ (ZOMBİ VEYA PRİMLİ),0.0,-1.2283464566929152,-0.3178639542275951,Finance,Regional Banks,28.66352727327205,US_SMALL_CAP
KRG,26.02,26.04,26.37,25.85,1474618.0,0.5021243723445307,38369560.36,29.92,21.33,5213027232.468905,10.9040826829281,16.63151166506871,1.8168944651054315,15.541740674955596,0.7238196437816106,2026-09-14,22.0,20.48,29.92,65.05,15.0,5213.0,65.0,40.0,10.0,27.8,0.0,⚠️ ELENDİ (ZOMBİ VEYA PRİMLİ),0.0,-1.6257088846880896,0.1925298421255322,Finance,Real Estate Investment Trusts,23.4226818793494,US_SMID_CAP
WLTH,10.65,10.29,10.695,10.16,3605182.0,2.6011560693641576,38395188.3,14.75,7.2,1590697024.1907516,-15.4965702868419,15.0,2.5900561300427056,-26.77896184255757,1.2244987238514369,2026-09-14,47.9,6.91,14.75,26.62,38.5,1590.7,20.0,55.0,70.5,55.9,0.0,⚠️ SAHTE KÂR (FAALİYET KÂRI YETERSİZ),0.0,11.401673640167362,16.39344262295082,Technology Services,Packaged Software,-40.8241282276158,US_SMALL_CAP
BTBT,1.52,1.51,1.58,1.48,25284538.0,-4.402515723270444,38432497.76,4.55,1.18,548162953.4591194,-56.6654759974303,15.0,1.39672504732325,-48.64864864864865,0.8851419919898315,2026-09-14,28.8,1.13,4.55,3.8,199.3,548.2,65.0,55.0,10.0,31.0,0.0,⚠️ SAHTE KÂR (FAALİYET KÂRI YETERSİZ),0.0,1.3333333333333346,-4.702194357366769,Commercial Services,Miscellaneous Commercial Services,-60.1780843147153,US_MICRO_CAP
TBBK,50.23,50.45,51.0,49.6,769777.0,-0.7900454276120988,38665898.71,81.6526,48.41,2048721409.452696,29.6291565084594,9.442794300109034,2.9226954898089685,-34.03808273145109,1.2242847588851964,2026-09-14,3.8,46.46,81.65,125.57,62.6,2048.7,100.0,100.0,12.2,42.8,0.0,🪤 DÜŞEN BIÇAK (RÖLATİF ÇÖKÜŞ),0.0,-27.35030373155916,-25.530022238695334,Finance,Regional Banks,46.64461535943482,US_SMALL_CAP
LIFE,39.36,39.63,40.76,38.36,983723.0,-2.211180124223604,38719337.28,42.55,9.45,2509546594.870062,-26.1115984076648,15.0,5.270332154114367,107.15789473684212,0.8279623369690048,2026-09-14,316.5,9.07,42.55,98.4,8.1,2509.5,20.0,55.0,10.0,29.0,0.0,⚠️ SAHTE KÂR (FAALİYET KÂRI YETERSİZ),0.0,12.32876712328767,4.237288135593224,Technology Services,Packaged Software,-17.6723520626326,US_SMALL_CAP
PHVS,38.86,38.16,40.46,38.1,997974.0,2.209363492898465,38781269.64,43.25,20.65,2714902855.621778,-71.1375670589695,15.0,7.932587297245436,65.15087122821929,0.7604817769950251,2026-09-14,88.2,19.82,43.25,97.15,11.3,2714.9,20.0,55.0,10.0,37.7,0.0,⚠️ BİYOTEK TUZAĞI (FDA RİSKİ),0.0,14.294117647058822,9.89819004524887,Health Technology,Biotechnology,10.0,US_SMALL_CAP
LION,11.63,11.29,11.74,11.215,3337232.0,3.194321206743578,38812008.16,16.7,5.875,3460619362.597161,12.0,15.0,2.0,51.82767624020888,1.4757894924901822,2026-09-14,98.0,5.64,16.7,29.08,43.6,3460.6,20.0,55.0,55.4,67.6,0.0,⚠️ SAHTE KÂR (FAALİYET KÂRI YETERSİZ),0.0,-1.3570822731127936,4.7747747747747855,Consumer Services,Movies/Entertainment,6.254986990459671,US_SMID_CAP
RWT,3.83,3.53,3.84,3.53,10143436.0,7.887323943661979,38849359.88,6.97,3.2201,481095588.0197183,0.0183162901260099,15.0,0.5549445852332578,-37.92544570502431,1.2055972154575616,2026-09-14,18.9,3.09,6.97,9.57,82.0,481.1,100.0,55.0,77.5,81.6,0.0,⚠️ ELENDİ (ZOMBİ VEYA PRİMLİ),0.0,-19.70649895178196,-14.12556053811659,Finance,Real Estate Investment Trusts,95.4325960386101,US_MICRO_CAP
WEN,7.63,7.6,7.7,7.5801,5094476.0,0.0,38870851.88,10.12,6.07,1454811641.9999998,108.042253219344,11.562357933020154,12.074504280672882,-22.92929292929293,0.880498072686154,2026-09-14,25.7,5.83,10.12,19.07,32.6,1454.8,65.0,100.0,10.0,30.8,0.0,NÖTR,0.0,-11.893764434180142,-2.053915275994867,Consumer Services,Restaurants,13.0959868366718,US_SMALL_CAP
FSM,11.63,11.52,11.725,11.42,3344148.0,-3.002502085070888,38892441.24,13.85,7.69,3441984209.384569,22.9591595370397,10.364443417803102,1.9503146100626496,35.54778554778555,0.7491353514767797,2026-09-14,51.2,7.38,13.85,29.08,19.1,3442.0,20.0,85.0,33.9,26.2,0.0,⚠️ ELENDİ (ZOMBİ VEYA PRİMLİ),0.0,9.40733772342427,-5.370219690805519,Non-Energy Minerals,Precious Metals,48.6178845518833,US_SMID_CAP
CVBF,22.75,22.44,22.79,22.4,1709686.0,1.381461675579317,38895356.5,23.41,17.945,4003941776.62656,7.59931911413858,15.736321505153214,1.2649894296927215,12.401185770750995,1.7758207616408772,2026-09-14,26.8,17.23,23.41,56.88,2.9,4003.9,20.0,40.0,73.4,69.1,0.0,⚠️ ELENDİ (ZOMBİ VEYA PRİMLİ),0.0,-1.770293609671849,1.336302895322943,Finance,Regional Banks,54.19232096003679,US_SMID_CAP
CNR,96.3,97.16,97.16,95.23,404302.0,-1.2003693444136674,38934282.6,114.8,73.21,4779971625.383195,2.67490803066815,48.614266242616985,1.2908589359274192,33.768578969301295,0.9248200292656168,2026-09-14,31.5,70.28,114.8,240.75,19.2,4780.0,20.0,30.0,16.9,32.4,0.0,⚠️ SAHTE KÂR (FAALİYET KÂRI YETERSİZ),0.0,2.435911073290067,-2.0644767619241344,Energy Minerals,Coal,-1.32491862398426,US_SMID_CAP
PAY,37.08,36.67,37.905,36.67,1050203.0,1.9241341396371516,38941527.24,45.31,20.11,4669842235.250137,15.0173432909779,56.30124506529001,7.612634345134833,11.922728644732857,1.0344327622102756,2026-09-14,84.4,19.31,45.31,92.7,22.2,4669.8,20.0,30.0,10.3,45.8,0.0,⚠️ SAHTE KÂR (FAALİYET KÂRI YETERSİZ),0.0,-12.070192079677504,2.600996126175976,Commercial Services,Miscellaneous Commercial Services,7.578956344294059,US_SMID_CAP
HYMC,20.55,20.14,20.975,19.83,1902440.0,-2.97450424929178,39095142.0,58.7299,5.69,1914883526.5226629,-73.1797383678979,15.0,7.629166805885039,241.93011647254576,0.9948086866348976,2026-09-14,261.2,5.46,58.73,51.38,185.8,1914.9,20.0,55.0,28.0,34.8,0.0,🪤 DÜŞEN BIÇAK (RÖLATİF ÇÖKÜŞ),0.0,-25.054704595186,-8.258928571428562,Non-Energy Minerals,Precious Metals,10.0,US_SMALL_CAP
GNTX,22.58,22.47,22.73,22.28,1692500.0,-0.9214567792891656,38216650.0,29.38,20.48,4757229881.006581,16.1296493905654,11.983229846627394,1.87454651415706,-20.240197809961145,0.6966248699976572,2026-09-14,10.3,19.66,29.38,56.45,30.1,4757.2,100.0,70.0,30.3,24.4,0.0,NÖTR,-65.8,-4.443504020313164,-0.9214567792891656,Producer Manufacturing,Auto Parts: OEM,19.5548104693033,US_SMID_CAP
NKTR,68.5,70.0,70.0,68.03,919846.0,-1.806192660550466,63009451.0,109.0,33.4,2338795155.339736,-35.7549692232424,15.0,2.588669488127455,43.03612445186887,1.417847492062965,2026-09-14,105.1,32.06,109.0,171.25,59.1,2338.8,20.0,55.0,14.2,49.6,0.0,⚠️ SAHTE KÂR (FAALİYET KÂRI YETERSİZ),0.0,-7.432432432432432,-8.263023972144104,Health Technology,Pharmaceuticals: Major,-239.32110864826203,US_SMALL_CAP
MANE,101.7,99.31,104.185,98.46,620693.0,2.75841163989088,63124478.1,131.2399,32.0,4249039894.992423,12.0,15.0,5.218609448402731,199.11764705882356,1.1853196684886842,2026-09-14,217.8,30.72,131.24,254.25,29.0,4249.0,20.0,55.0,21.1,55.3,0.0,⚠️ BİYOTEK TUZAĞI (FDA RİSKİ),0.0,-7.780195865070727,2.810351799433887,Health Technology,Pharmaceuticals: Major,10.0,US_SMID_CAP
CNX,35.42,36.48,36.57,35.28,1784698.0,-1.364522417153982,63214003.16,43.62,29.22,5240163495.625731,21.2486692250072,5.92268075713999,1.0898213394525786,18.65996649916248,1.25421683182379,2026-09-14,21.2,28.05,43.62,88.55,23.2,5240.2,65.0,85.0,12.5,43.9,0.0,NÖTR,0.0,-0.561482313307119,-6.172185430463571,Energy Minerals,Oil & Gas Production,39.7695410180974,US_SMID_CAP
AI,11.17,10.52,11.375,10.52,5664058.0,5.977229601518035,63267527.86,20.22,7.675,1756816046.373814,-59.7719786840907,15.0,2.5687609235580906,-32.097264437689965,0.8845410159140011,2026-09-14,45.5,7.37,20.22,27.93,81.0,1756.8,20.0,55.0,45.3,60.8,0.0,⚠️ SAHTE KÂR (FAALİYET KÂRI YETERSİZ),0.0,9.40254652301664,2.383134738771767,Technology Services,Packaged Software,-198.131094490967,US_SMALL_CAP
BEPC,29.71,30.5,30.555,29.615,2131840.0,-3.444913877153067,63336966.4,45.18,29.615,4482632318.324017,12.0,15.0,2.0,-11.865915158706615,1.1806120315721125,2026-09-14,0.3,27.93,45.18,74.28,52.1,4482.6,65.0,55.0,11.8,41.3,0.0,🪤 DÜŞEN BIÇAK (RÖLATİF ÇÖKÜŞ),0.0,-17.33444629938786,-5.68253968253968,Utilities,Electric Utilities,21.5629382918988,US_SMID_CAP
DOCS,26.39,26.37,26.72,25.81,2406115.0,3.166536356528548,63497374.85,76.51,17.15,4703911298.304145,17.2064697051242,31.293727024783585,5.181072495749518,-62.56737588652482,0.9373506485330578,2026-09-14,53.9,16.46,76.51,65.97,189.9,4703.9,20.0,45.0,28.6,48.6,0.0,⚠️ ELENDİ (ZOMBİ VEYA PRİMLİ),0.0,-0.8453879391320605,-1.41949943967127,Technology Services,Packaged Software,30.5730298001123,US_SMID_CAP
NVST,25.79,25.59,25.935,25.25,2476771.0,0.9393346379647688,63875924.09,30.4199,18.77,4142330521.356947,3.0569723102666,44.80542043085476,1.3463819443864382,19.897721989772187,1.16807839422051,2026-09-14,37.4,18.02,30.42,64.47,18.0,4142.3,20.0,30.0,52.0,45.6,0.0,⚠️ ELENDİ (ZOMBİ VEYA PRİMLİ),0.0,-7.892857142857146,-5.531135531135537,Health Technology,Medical Specialties,10.6108874496762,US_SMID_CAP
LPX,66.79,66.735,67.465,66.1,958994.0,-0.7430524595036408,64051209.260000005,100.34,65.35,4670184518.266755,3.09810671256454,86.5828364013482,2.68079082325846,-31.101712399422315,0.8846127521185179,2026-09-14,2.2,62.74,100.34,166.98,50.2,4670.2,65.0,30.0,10.0,31.0,0.0,⚠️ SAHTE KÂR (FAALİYET KÂRI YETERSİZ),0.0,-9.498644986449852,-2.5603618061127658,Non-Energy Minerals,Forest Products,4.53808752025932,US_SMID_CAP
GBCI,45.75,45.63,46.42,45.63,1404584.0,-0.1745581496836096,64259718.0,54.575,39.895,5957197400.796422,7.94579063146965,18.720078562952654,1.3811066422625875,-5.84482403786788,1.6812590506655327,2026-09-14,14.7,38.3,54.58,114.38,19.3,5957.2,90.0,40.0,16.8,58.8,0.0,⚠️ ELENDİ (ZOMBİ VEYA PRİMLİ),0.0,-7.799274486094313,-1.016875811337081,Finance,Regional Banks,34.43813809779689,US_SMID_CAP
ATRC,55.79,54.84,56.02,54.81,1154685.0,2.291895856252292,64419876.15,56.02,25.36,2837830637.636964,2.15144088634797,257.6905311778291,5.494705719556287,50.13455328310012,1.1118951602225438,2026-09-14,120.0,24.35,56.02,139.47,0.4,2837.8,20.0,30.0,54.5,50.4,0.0,⚠️ SAHTE KÂR (FAALİYET KÂRI YETERSİZ),0.0,27.636696408144584,7.226600038439357,Health Technology,Medical Specialties,2.43845918872515,US_SMALL_CAP
FLG,13.02,13.1,13.206,13.0,4956642.0,-1.213960546282247,64535478.84,15.44,10.57,5404508829.946889,0.59124222454887,644.5544554455446,0.7109579257065348,2.6813880126182954,1.4062907756607022,2026-09-14,23.2,10.15,15.44,32.55,18.6,5404.5,65.0,30.0,14.1,49.2,0.0,⚠️ SAHTE KÂR (FAALİYET KÂRI YETERSİZ),0.0,-8.37438423645321,-3.412462908011876,Finance,Major Banks,5.645933014354067,US_SMID_CAP
AMLX,33.64,31.84,33.955,31.57,1923747.0,6.388361796331435,64714849.08,41.14,10.83,4222258988.1695127,-74.7300046186653,15.0,15.664507597099924,184.1216216216216,1.1847658003046184,2026-09-14,210.6,10.4,41.14,84.1,22.3,4222.3,20.0,55.0,63.4,73.4,0.0,⚠️ BİYOTEK TUZAĞI (FDA RİSKİ),0.0,50.51454138702461,0.7789095266626662,Health Technology,Pharmaceuticals: Major,10.0,US_SMID_CAP
WOLF,23.96,24.0,25.12,23.63,2705296.0,-7.561728395061731,64818892.16,80.82,1.2,1269769684.1666667,-438.625543365763,15.0,1.3435832962763792,1092.0398009950252,1.091043220829795,2026-09-14,1896.7,1.15,80.82,59.9,237.3,1269.8,20.0,55.0,10.9,38.2,0.0,⚠️ SAHTE KÂR (FAALİYET KÂRI YETERSİZ),0.0,-23.328,-11.586715867158674,Electronic Technology,Semiconductors,-67.2229739888739,US_SMALL_CAP
FRVO,14.96,15.31,15.8894,14.87,4349982.0,-4.041051956382289,65075730.720000006,42.65,14.6,4409657443.212316,12.0,15.0,1.5783520991238882,-58.44444444444444,0.4246501261406455,2026-09-14,2.5,14.02,42.65,37.4,185.1,4409.7,65.0,55.0,10.0,14.9,0.0,🪤 DÜŞEN BIÇAK (RÖLATİF ÇÖKÜŞ),0.0,-27.237354085603105,-13.375796178343943,Utilities,Alternative Power Generation,10.0,US_SMID_CAP
DIOD,90.31,89.49,92.13,88.235,932106.0,-4.946847700242082,84178492.86,125.99,42.28,4158929518.4247975,4.49626103696554,48.640060322076806,2.12181885761517,66.07208532548731,1.8803677435792845,2026-09-14,113.6,40.59,125.99,225.78,39.5,4158.9,20.0,30.0,23.4,65.8,0.0,⚠️ SAHTE KÂR (FAALİYET KÂRI YETERSİZ),0.0,-8.454130765331985,-1.073502026508932,Electronic Technology,Semiconductors,4.80460549174672,US_SMID_CAP
AQN,5.35,5.32,5.38,5.235,12268806.0,0.7532956685499066,65638112.1,7.105,5.235,4118974873.1156464,4.23426297166936,30.679983117407417,0.9571060764636088,-5.309734513274348,2.993851611591965,2026-09-14,2.2,5.03,7.11,13.38,32.9,4119.0,65.0,30.0,71.0,100.0,0.0,⚠️ ELENDİ (ZOMBİ VEYA PRİMLİ),0.0,-7.917383820998279,-4.121863799283162,Utilities,Electric Utilities,19.8945851703745,US_SMID_CAP
LXP,60.81,60.89,60.89,60.775,1081288.0,-0.0493096646942819,65753123.28,61.61,43.975,3585191230.0769234,3.21305119482506,61.34369010390397,1.8403883064977424,31.908893709327547,1.1569668194112366,2026-09-14,38.3,42.22,61.61,152.03,1.3,3585.2,20.0,30.0,11.6,40.5,0.0,⚠️ ELENDİ (ZOMBİ VEYA PRİMLİ),0.0,0.1152453078696086,0.2638087386644743,Finance,Real Estate Investment Trusts,14.8462485332352,US_SMID_CAP
TREX,43.66,44.15,45.045,43.54,1509257.0,-2.869855394883217,65894160.62,60.275,29.77,4447434209.483871,17.7409722618187,25.79768376270385,4.4030339182867095,-29.019671598114133,0.9916365853562384,2026-09-14,46.7,28.58,60.27,109.15,38.0,4447.4,20.0,45.0,10.0,34.7,0.0,⚠️ ELENDİ (ZOMBİ VEYA PRİMLİ),0.0,-12.540064102564113,0.3216911764705732,Non-Energy Minerals,Forest Products,20.1669847130752,US_SMID_CAP
HCC,95.46,95.94,96.54,93.8874,692522.0,-2.362687941086225,66108150.12,111.42,60.7,5040486944.810679,10.036828704424,22.958152958152954,2.200870342084786,63.96427344555135,1.5219621501686085,2026-09-14,57.3,58.27,111.42,238.65,16.7,5040.5,20.0,30.0,28.2,53.3,0.0,⚠️ ELENDİ (ZOMBİ VEYA PRİMLİ),0.0,-0.1777684826937171,-7.401299835095556,Energy Minerals,Coal,13.60963895576,US_SMID_CAP
LCID,4.16,4.15,4.24,4.03,15896113.0,-1.4218009478672893,66127830.080000006,25.23,2.37,1639331910.7488153,-125.9916264669,15.0,2.0,-78.86178861788618,1.5632017720304177,2026-09-14,75.5,2.28,25.23,10.4,506.5,1639.3,20.0,55.0,32.3,54.7,0.0,⚠️ SAHTE KÂR (FAALİYET KÂRI YETERSİZ),0.0,-35.60371517027863,-9.368191721132892,Consumer Durables,Motor Vehicles,-258.985199615803,US_SMALL_CAP
SLDE,26.23,25.2,26.49,25.2,2528917.0,5.595813204508859,66333492.91,26.49,12.53,3063971481.2805963,53.8821006380406,6.389146002825546,2.5370817273048223,89.79739507959479,1.80436463660302,2026-09-14,109.3,12.03,26.49,65.58,1.0,3064.0,20.0,100.0,59.8,91.1,0.0,⚠️ ELENDİ (ZOMBİ VEYA PRİMLİ),0.0,21.660482374768097,7.654422327108566,Technology Services,Packaged Software,53.04932315668201,US_SMID_CAP
BIPC,35.82,36.95,36.97,35.1,1856848.0,-3.2153472034585184,66512295.36,51.72,34.18,4405525573.214267,12.0,15.0,2.0,-11.13867526668321,1.4180627875210643,2026-09-14,4.8,32.81,51.72,89.55,44.4,4405.5,100.0,55.0,14.2,49.6,0.0,⚠️ ELENDİ (ZOMBİ VEYA PRİMLİ),0.0,-11.642821904292054,-2.610114192495924,Utilities,Gas Distributors,60.156883959966,US_SMID_CAP
LBRT,19.53,20.53,20.53,19.345,3411135.0,-6.822519083969464,66619466.55,34.478,10.685,3187128322.4642177,6.12313337936453,26.528117359413205,1.6229773032482817,75.00000000000001,1.079415202254183,2026-09-14,82.8,10.26,34.48,48.83,76.5,3187.1,20.0,30.0,10.8,37.8,0.0,⚠️ SAHTE KÂR (FAALİYET KÂRI YETERSİZ),0.0,-7.703213610586006,-3.268945022288262,Industrial Services,Oilfield Services/Equipment,1.33298728238949,US_SMID_CAP
ASAN,9.66,9.18,9.795,9.11,6928940.0,10.148232611174466,66933560.4,15.48,5.38,2211851476.618016,-93.7974148547034,15.0,21.359867330016584,-30.000000000000004,0.9795210887811168,2026-09-14,79.6,5.16,15.48,24.15,60.2,2211.9,20.0,55.0,52.2,85.0,0.0,⚠️ SAHTE KÂR (FAALİYET KÂRI YETERSİZ),0.0,-1.829268292682924,10.526315789473683,Technology Services,Packaged Software,-14.9699261103671,US_SMALL_CAP
MEOH,62.71,63.7,63.975,61.39,1071756.0,-0.3020667726550043,67209818.76,66.75,32.0,4851513086.001146,3.37041195546747,56.94713242900816,1.893137982633717,57.48367654445003,1.7054734291352904,2026-09-14,96.0,30.72,66.75,156.78,6.4,4851.5,20.0,30.0,18.5,59.7,0.0,⚠️ ELENDİ (ZOMBİ VEYA PRİMLİ),0.0,14.225865209471772,6.180155773789364,Process Industries,Chemicals: Specialty,17.3814027669945,US_SMID_CAP
EXK,9.72,9.7,9.9,9.45,6936395.0,-4.518664047151268,67421759.4,15.15,6.02,2878524328.3659577,10.4055395872668,56.841573412178604,4.045444290336509,55.76923076923077,0.7528236496631187,2026-09-14,61.5,5.78,15.15,24.3,55.9,2878.5,20.0,30.0,21.5,26.3,0.0,⚠️ ELENDİ (ZOMBİ VEYA PRİMLİ),0.0,-8.215297450424922,-12.903225806451609,Non-Energy Minerals,Precious Metals,26.264271972937404,US_SMALL_CAP
CENX,41.54,43.0,43.095,41.32,1624183.0,-5.698070374574344,67468561.82,70.43,25.4,4112181351.9432464,56.7332549941245,7.187721696399217,2.930782315684906,67.90622473726759,1.085979128549127,2026-09-14,63.5,24.38,70.43,103.85,69.5,4112.2,20.0,85.0,10.9,38.0,0.0,⚠️ ELENDİ (ZOMBİ VEYA PRİMLİ),0.0,-10.474137931034482,-11.182381868719274,Non-Energy Minerals,Aluminum,14.869526094781,US_SMID_CAP
GLNG,51.47,52.7,52.94,51.22,1313412.0,-2.68481754584988,67601315.64,57.79,35.02,5228799353.890905,8.54908031695405,15.0,2.704286033284733,26.090151886330226,1.1301298079984303,2026-09-14,47.0,33.62,57.79,128.68,12.3,5228.8,20.0,55.0,11.3,39.6,0.0,⚠️ ELENDİ (ZOMBİ VEYA PRİMLİ),0.0,-0.6754148977228897,-0.6178798995945168,Industrial Services,Oil & Gas Pipelines,45.5128205128209,US_SMID_CAP
VISN,6.465,6.4,6.72,6.39,10475518.0,-0.2314814814814902,67724223.87,20.55,6.0003,1490999704.93287,47.4029400678477,7.019543973941367,0.5760147972989227,-60.74681238615665,1.028742165091823,2026-09-14,7.7,5.76,20.55,16.16,217.9,1491.0,100.0,85.0,10.3,36.0,0.0,🪤 DÜŞEN BIÇAK (RÖLATİF ÇÖKÜŞ),0.0,-43.66013071895425,1.8110236220472475,Electronic Technology,Telecommunications Equipment,12.324567379752,US_SMALL_CAP
PTCT,66.48,67.09,67.99,65.91,1018793.0,0.6357856494096301,67729358.64,90.87,57.74,5548474297.983651,12.0,15.0,2.0,9.126723571897577,1.2061876382913457,2026-09-14,15.1,55.43,90.87,166.2,36.7,5548.5,100.0,55.0,12.1,45.4,0.0,⚠️ BİYOTEK TUZAĞI (FDA RİSKİ),0.0,-7.124895222129078,-5.862361937128293,Health Technology,Pharmaceuticals: Major,11.5714039299968,US_SMID_CAP
POET,7.43,7.385,7.68,7.345,8815136.0,-6.54088050314466,65496460.48,20.81,3.87,1285821579.2603774,-16.886127027807,15.0,1.5169797606724529,36.83241252302026,1.0004620553919883,2026-09-14,92.0,3.72,20.81,18.57,180.1,1285.8,20.0,55.0,10.0,35.0,0.0,⚠️ SAHTE KÂR (FAALİYET KÂRI YETERSİZ),0.0,-16.610549943883285,-0.5354752342704154,Producer Manufacturing,Electrical Products,-3624.609941913271,US_SMALL_CAP
CRC,55.79,57.32,57.685,55.595,1031482.0,-1.6916299559471382,57546380.78,71.98,43.245,4955261823.834186,-3.55411954765751,15.0,1.4565731551400531,7.123655913978497,1.237760180170148,2026-09-14,29.0,41.52,71.98,139.47,29.0,4955.3,20.0,55.0,12.4,43.3,0.0,⚠️ ELENDİ (ZOMBİ VEYA PRİMLİ),0.0,5.224443606186337,5.264150943396224,Energy Minerals,Integrated Oil,21.5796519410977,US_SMID_CAP
DFTX,40.25,43.53,43.77,39.5,7286639.0,3.4970429416302378,293287219.75,49.7,8.7732,5408269999.865005,-64.0868995790911,15.0,5.886964432496629,316.6666666666667,4.5271846145884,2026-09-14,358.8,8.42,49.7,100.62,23.5,5408.3,20.0,55.0,30.0,100.0,0.0,⚠️ BİYOTEK TUZAĞI (FDA RİSKİ),0.0,-6.395348837209302,6.088560885608863,Health Technology,Pharmaceuticals: Major,10.0,US_SMID_CAP
HOG,27.59,28.0,28.2233,27.55,2103394.0,-1.0046645138141412,58032640.46,31.25,17.09,2871360631.383208,6.31666883567755,17.064571994062344,0.9288054935192336,-9.86605684416857,1.4427722487584056,2026-09-14,61.4,16.41,31.25,68.97,13.3,2871.4,20.0,55.0,14.4,50.5,0.0,⚠️ SAHTE KÂR (FAALİYET KÂRI YETERSİZ),0.0,-1.884779516358468,0.3637686431429662,Consumer Durables,Motor Vehicles,6.24462832996371,US_SMALL_CAP
VERA,34.05,35.11,35.535,33.22,1705875.0,-2.8530670470756063,58085043.74999999,56.05,23.05,2453756647.339515,-91.7531833773765,15.0,6.008703355344657,39.26380368098159,0.9006213000085369,2026-09-14,47.7,22.13,56.05,85.12,64.6,2453.8,20.0,55.0,10.0,31.5,0.0,⚠️ BİYOTEK TUZAĞI (FDA RİSKİ),0.0,8.820709491850424,-1.8449120784087647,Health Technology,Biotechnology,10.0,US_SMALL_CAP
GPK,9.52,9.54,9.77,9.5,6107807.0,0.2105263157894692,58146322.64,20.44,8.785,2818601286.2736835,6.01177564301209,14.5967494633548,0.8709645841281342,-54.6234509056244,1.0665097024892194,2026-09-14,8.4,8.43,20.44,23.8,114.7,2818.6,100.0,55.0,10.7,38.4,0.0,⚠️ SAHTE KÂR (FAALİYET KÂRI YETERSİZ),0.0,-19.322033898305094,-9.677419354838706,Process Industries,Containers/Packaging,6.93527845316661,US_SMALL_CAP
MTH,64.88,63.57,65.18,63.3021,896930.0,1.0277172220492006,58192818.4,85.38,58.03,4228495373.615696,6.37674950913184,13.559322033898304,0.8360118010642399,-18.879719929982507,1.3468080710281227,2026-09-14,11.8,55.71,85.38,162.2,31.6,4228.5,100.0,55.0,61.1,52.3,0.0,⚠️ SAHTE KÂR (FAALİYET KÂRI YETERSİZ),0.0,-11.06237148732009,-3.781699540263994,Finance,Real Estate Development,7.14153495630717,US_SMID_CAP
AUB,39.94,39.72,40.28,39.71,1457294.0,0.5538771399798562,58204322.36,43.62,30.87,5704027107.005538,9.75929128355317,11.946637951663076,1.099977912311325,13.272830402722631,1.1589031051860192,2026-09-14,29.4,29.64,43.62,99.85,9.2,5704.0,20.0,55.0,11.6,43.3,0.0,⚠️ ELENDİ (ZOMBİ VEYA PRİMLİ),0.0,-6.023529411764711,-1.86732186732188,Finance,Regional Banks,45.40742841824658,US_SMID_CAP
VKTX,31.53,31.7,32.43,31.39,1846758.0,-1.4071294559099414,58228279.74,43.15,22.959,3678067109.269231,-88.8529280315806,15.0,9.00787653523871,21.831530139103563,1.0234895302476354,2026-09-14,37.3,22.04,43.15,78.83,36.9,3678.1,20.0,55.0,10.2,35.8,0.0,⚠️ BİYOTEK TUZAĞI (FDA RİSKİ),0.0,-3.1633906633906665,-6.577777777777775,Health Technology,Pharmaceuticals: Major,10.0,US_SMID_CAP
RXRX,3.41,3.19,3.455,3.18,17091000.0,6.562499999999999,58280310.0,7.18,2.77,1828684410.5062497,-56.5803541587952,15.0,1.9905434592259643,-31.249999999999996,1.2281908012195502,2026-09-14,23.1,2.66,7.18,8.53,110.6,1828.7,100.0,55.0,59.4,75.8,0.0,⚠️ SAHTE KÂR (FAALİYET KÂRI YETERSİZ),0.0,3.3333333333333437,-0.1464128843338182,Health Technology,Biotechnology,-991.72181204995,US_SMALL_CAP
BETA,20.68,20.75,21.515,20.45,2834586.0,-2.314596126594246,58619238.48,39.5,13.43,4837901121.581482,12.0,15.0,2.9940596582312757,-39.1764705882353,1.2057408794499451,2026-09-14,54.0,12.89,39.5,51.7,91.0,4837.9,20.0,55.0,12.1,42.2,0.0,⚠️ SAHTE KÂR (FAALİYET KÂRI YETERSİZ),0.0,-17.969059896866327,-2.222222222222217,Electronic Technology,Aerospace & Defense,-1129.30957584408,US_SMID_CAP
GTX,26.205,26.84,27.025,26.12,2237534.0,-5.123099203475752,58634578.47,36.25,12.2644,4887059910.37853,12.0,14.337692181430212,2.0,97.32680722891568,0.7296570308617897,2026-09-14,113.7,11.77,36.25,65.51,38.3,4887.1,20.0,55.0,10.0,25.5,0.0,⚠️ ELENDİ (ZOMBİ VEYA PRİMLİ),0.0,-7.826239887442847,-4.46591323368575,Producer Manufacturing,Auto Parts: OEM,14.8108684070325,US_SMID_CAP
IMAX,53.43,52.05,53.755,52.05,1098065.0,2.572470723747353,58669612.95,55.5706,30.74,2930214132.2902665,12.1017121075308,73.16171436396002,8.23350294482952,66.96875,1.2984923598654332,2026-09-14,73.8,29.51,55.57,133.57,4.0,2930.2,20.0,30.0,56.3,58.3,0.0,⚠️ ELENDİ (ZOMBİ VEYA PRİMLİ),0.0,-1.4933628318584111,1.732673267326726,Consumer Durables,Electronics/Appliances,22.7678678721934,US_SMALL_CAP
NESR,32.74,33.145,33.165,31.7505,1792312.0,-2.3852116875372604,58680294.88,36.94,9.92,3301886741.0995827,9.43773689973819,35.96221441124781,3.168661032631208,215.1106833493744,1.2538907922510727,2026-09-14,230.0,9.52,36.94,81.85,12.8,3301.9,20.0,30.0,40.5,43.9,0.0,⚠️ ELENDİ (ZOMBİ VEYA PRİMLİ),0.0,-9.282349681352178,-4.520268299795851,Industrial Services,Oilfield Services/Equipment,9.33736484003175,US_SMID_CAP
ACMR,66.86,67.57,69.02,65.79,879846.0,-7.138888888888889,58826503.56,127.19,28.46,4656745162.842222,10.554963036657,31.75945278358351,2.5032029466360264,122.5699067909454,1.0181334694168027,2026-09-14,134.9,27.32,127.19,167.15,90.2,4656.7,20.0,30.0,10.2,35.6,0.0,⚠️ ELENDİ (ZOMBİ VEYA PRİMLİ),0.0,-16.633416458852874,-6.16140350877193,Producer Manufacturing,Industrial Machinery,13.2859626199204,US_SMID_CAP
BCPC,166.83,165.58,168.18,164.96,376897.0,1.4842751992213798,62877726.510000005,183.9,139.17,5318210263.534036,12.7934152203,32.8205229092483,4.093390044889151,5.2356020942408446,2.37360260827562,2026-09-14,19.9,133.6,183.9,417.08,10.2,5318.2,90.0,30.0,35.0,90.5,0.0,⚠️ ELENDİ (ZOMBİ VEYA PRİMLİ),0.0,-5.937077131258457,-1.882020819855313,Consumer Non-Durables,Food: Specialty/Candy,21.249566020586,US_SMID_CAP
NUVB,5.94,5.9,6.135,5.77,10029903.0,-2.141680395387148,59577623.82,9.75,2.99,2091612044.8171337,-47.8091679417203,15.0,8.185313288043105,77.84431137724553,2.3223570146499544,2026-09-14,98.7,2.87,9.75,14.85,64.1,2091.6,20.0,55.0,23.2,81.3,0.0,⚠️ SAHTE KÂR (FAALİYET KÂRI YETERSİZ),0.0,-1.3289036544850363,-12.38938053097345,Health Technology,Biotechnology,-81.0041200706298,US_SMALL_CAP
SPSC,83.03,84.6,84.89,82.19,718966.0,0.4233188195452277,59695746.98,114.87,49.04,2989094580.461659,8.26188314969003,40.07432791157875,3.2022257841075805,-26.234896943852167,1.2123976643293886,2026-09-14,69.3,47.08,114.87,207.57,38.3,2989.1,20.0,30.0,12.1,44.6,0.0,⚠️ ELENDİ (ZOMBİ VEYA PRİMLİ),0.0,3.296840009952732,-0.1082771896053939,Technology Services,Packaged Software,15.832267518628,US_SMALL_CAP
FRSH,12.64,12.49,12.71,12.174,4723430.0,6.307821698906644,59704155.2,13.99,6.79,3298038731.276704,19.6954671019922,19.362745098039216,3.7077234460708106,-2.6943802925327147,1.2417955754668772,2026-09-14,86.2,6.52,13.99,31.6,10.7,3298.0,20.0,40.0,64.1,75.0,0.0,⚠️ SAHTE KÂR (FAALİYET KÂRI YETERSİZ),0.0,-0.7069913589945,-2.858899477405471,Technology Services,Packaged Software,4.12770448782344,US_SMID_CAP
RUSHA,48.63,47.96,48.76,47.83,1228292.0,0.662388739391431,59731839.96,55.74002871,30.44668235,5716135643.669012,11.8269810236691,22.00950441276307,2.431525531018076,27.503867221396124,2.3884013431479936,2026-09-14,59.7,29.23,55.74,121.58,14.6,5716.1,20.0,30.0,74.3,86.9,0.0,⚠️ SAHTE KÂR (FAALİYET KÂRI YETERSİZ),0.0,-11.496041690220704,-1.8963082509582363,Retail Trade,Specialty Stores,5.12874831307084,US_SMID_CAP
TDC,29.37,28.32,29.625,28.2688,2036827.0,5.495689655172418,59821608.99,41.7799,20.33,2731410014.7693963,119.115734720416,6.184850590687978,4.625896198480401,36.287703016241295,1.1385211640106647,2026-09-14,44.5,19.52,41.78,73.42,42.3,2731.4,20.0,70.0,55.1,67.3,0.0,⚠️ ELENDİ (ZOMBİ VEYA PRİMLİ),0.0,4.892857142857147,3.4154929577464874,Technology Services,Packaged Software,7.924305144884681,US_SMALL_CAP
MUR,38.2,39.31,39.4553,38.07,1569113.0,-0.7792207792207718,59940116.6,43.34,26.18,5477158737.366234,5.6464904748153,18.93620185396322,1.0412963976596454,46.36015325670499,1.0752427259311843,2026-09-14,45.9,25.13,43.34,95.5,13.5,5477.2,20.0,40.0,10.8,37.6,0.0,⚠️ ELENDİ (ZOMBİ VEYA PRİMLİ),0.0,9.86482599942479,2.9927204098139644,Energy Minerals,Oil & Gas Production,21.6140922209553,US_SMID_CAP
PJT,160.79,164.45,164.86,158.76,373931.0,-1.482752282335651,60124365.49,195.62,127.73,4110587905.101525,83.2257903056947,33.37346146661408,13.183387570604792,-13.26464559283634,0.975151984878704,2026-09-14,25.9,122.62,195.62,401.97,21.7,4110.6,20.0,75.0,10.0,34.1,0.0,NÖTR,0.0,-9.96192182775228,-12.328244274809167,Finance,Investment Banks/Brokers,21.0196369418312,US_SMID_CAP
FIVN,31.75,31.69,32.24,30.68,1915248.0,3.5551206784083496,60809124.0,35.18,13.29,2372472181.262231,7.91715512311765,46.34359947452926,3.023012024446884,20.952380952380956,1.3587778060218767,2026-09-14,138.9,12.76,35.18,79.38,10.8,2372.5,20.0,30.0,39.6,65.3,0.0,⚠️ SAHTE KÂR (FAALİYET KÂRI YETERSİZ),0.0,-6.411201179071473,-5.201242087662718,Technology Services,Packaged Software,6.04688020453917,US_SMALL_CAP
TNK,100.0,101.42,102.07,98.8001,612984.0,-0.8231677080234041,61298400.0,102.07,47.18,3468011292.274125,28.0356296347863,5.893411754999087,1.459671395856022,90.5850962454736,1.111675124141807,2026-09-14,112.0,45.29,102.07,250.0,2.1,3468.0,20.0,85.0,11.1,38.9,0.0,⚠️ ELENDİ (ZOMBİ VEYA PRİMLİ),0.0,18.553645524599887,8.707468203065556,Transportation,Marine Shipping,38.754386786643,US_SMID_CAP
TNL,66.19,66.18,66.46,65.01,928601.0,-0.8240934971531274,61464100.19,81.0,58.07,4051107937.880732,12.0,18.01774825783972,2.0,6.056721679218076,1.4714450284511813,2026-09-14,14.0,55.75,81.0,165.47,22.4,4051.1,90.0,40.0,58.6,51.5,0.0,⚠️ ELENDİ (ZOMBİ VEYA PRİMLİ),0.0,-11.29723934601984,0.7458143074581353,Consumer Services,Hotels/Resorts/Cruise lines,17.5867122618466,US_SMID_CAP
EPR,58.81,59.39,60.06,58.46,1050486.0,-0.6252112200067548,61779081.66,64.97,48.105,4505370894.653092,11.3464130597574,18.87113335900398,1.9494786362864904,3.5569642542701234,1.2473855613879803,2026-09-14,22.3,46.18,64.97,147.03,10.5,4505.4,65.0,40.0,12.5,43.7,0.0,⚠️ ELENDİ (ZOMBİ VEYA PRİMLİ),0.0,-4.668503809369421,-2.2115064848686368,Finance,Real Estate Investment Trusts,36.6355102452811,US_SMID_CAP
COLD,14.97,14.64,15.005,14.46,4148314.0,2.3939808481532245,62100260.580000006,16.88,10.1,4273643954.324897,-16.5000468510827,15.0,1.7696876270817767,9.99265246142543,1.10966483971024,2026-09-14,48.2,9.7,16.88,37.43,12.8,4273.6,20.0,55.0,72.1,50.8,0.0,⚠️ SAHTE KÂR (FAALİYET KÂRI YETERSİZ),0.0,-0.6635700066356977,6.548042704626334,Finance,Real Estate Investment Trusts,6.417393086790281,US_SMID_CAP
LAZ,39.74,40.25,40.8,38.65,1562843.0,-3.3090024330900225,62107380.82,58.75,38.65,3872685473.8885646,26.4542474581921,19.47943728248616,4.2356622725489865,-29.38877043354655,1.5661439616279231,2026-09-14,2.8,37.1,58.75,99.35,47.8,3872.7,65.0,70.0,16.6,54.8,0.0,NÖTR,0.0,-11.688888888888885,-9.331508099475238,Finance,Investment Banks/Brokers,12.0358582484255,US_SMID_CAP
SBLK,30.83,30.89,31.0,30.35,2019837.0,-1.090792428617271,62271574.70999999,32.88,16.72,3452506279.72666,11.6807591106167,12.060871606290586,1.3958765724551851,60.32241289651585,1.3111918345365678,2026-09-14,84.4,16.05,32.88,77.07,6.6,3452.5,20.0,55.0,46.5,45.9,0.0,⚠️ ELENDİ (ZOMBİ VEYA PRİMLİ),0.0,6.530753282653756,-5.138461538461543,Transportation,Marine Shipping,27.8357114060106,US_SMID_CAP
GHC,1167.63,1144.17,1169.96,1125.01,53415.0,2.5523244069315174,62368956.45,1262.345,929.755,4944828691.483466,11.8247242738532,9.408555796394932,1.0384853438271615,-0.2647920528217359,1.427834417719421,2026-09-14,25.6,892.56,1262.35,2919.08,8.1,4944.8,20.0,55.0,77.0,62.7,0.0,⚠️ SAHTE KÂR (FAALİYET KÂRI YETERSİZ),0.0,-0.5629172911840765,4.625406582378305,Consumer Services,Other Consumer Services,5.79846712180277,US_SMID_CAP
DYN,18.52,18.4,19.145,18.265,3196933.0,1.702361339923112,59207199.16,27.305,11.92,3458543981.946183,-81.5652687351405,15.0,4.369748692260685,41.26620900076278,0.7683249398623527,2026-09-14,55.4,11.44,27.3,46.3,47.4,3458.5,20.0,55.0,10.0,35.4,0.0,⚠️ BİYOTEK TUZAĞI (FDA RİSKİ),0.0,-28.021764477263897,-24.68483123220821,Health Technology,Biotechnology,10.0,US_SMID_CAP
MRX,70.82,71.61,72.3601,70.0,1057330.0,-2.986301369863023,74880110.6,79.1099,27.91,5094144217.280547,26.2038900067727,13.19988071274137,2.7008875706923567,109.15534554046071,1.1764364233876,2026-09-14,153.7,26.79,79.11,177.05,11.7,5094.1,20.0,85.0,11.8,41.2,0.0,⚠️ ELENDİ (ZOMBİ VEYA PRİMLİ),0.0,-2.141771452259239,-6.384666226040994,Technology Services,Internet Software/Services,32.1859999544924,US_SMID_CAP
DNN,2.89,2.93,2.96,2.8,25918477.0,-4.304635761589401,74904398.53,4.43,2.2,2616074638.6682577,-66.8238032882293,15.0,12.861437547351452,18.44262295081968,1.060633771564372,2026-09-14,31.4,2.11,4.43,7.23,53.3,2616.1,20.0,55.0,19.4,37.1,0.0,⚠️ SAHTE KÂR (FAALİYET KÂRI YETERSİZ),0.0,-11.349693251533733,-14.749262536873156,Non-Energy Minerals,Other Metals/Minerals,-2100.65966283899,US_SMALL_CAP
AYA,26.91,26.65,27.005,25.47,2784113.0,-3.789774758669999,74920480.83,30.4,8.59,3876013397.739939,25.4222799614621,36.23855879615266,7.916927838005924,132.98701298701295,2.4798436265528454,2026-09-14,213.3,8.25,30.4,67.28,13.0,3876.0,20.0,60.0,86.1,86.8,0.0,⚠️ ELENDİ (ZOMBİ VEYA PRİMLİ),0.0,-2.3584905660377307,-6.530045154567555,Non-Energy Minerals,Precious Metals,52.99860749119391,US_SMID_CAP
AMR,197.85,205.32,205.32,197.07,379444.0,-5.520271238240773,75072995.39999999,253.8199,133.64,2508549042.432071,-2.96029370328758,15.0,1.6745351905876649,39.61611742290592,1.2058926161784438,2026-09-14,48.0,128.29,253.82,494.62,28.3,2508.5,20.0,55.0,12.1,42.2,0.0,⚠️ SAHTE KÂR (FAALİYET KÂRI YETERSİZ),0.0,25.277021465206094,-8.51290113751965,Energy Minerals,Coal,-2.16832849658587,US_SMALL_CAP
BHF,50.0,50.49,50.7,49.815,1507500.0,-0.2195170624625811,75375000.0,66.8,44.51,2875578152.065456,13.5973165344024,3.9913467602238346,0.438993857685742,2.9866117404737444,1.922979044694625,2026-09-14,12.3,42.73,66.8,125.0,33.6,2875.6,90.0,55.0,19.2,67.3,0.0,⚠️ ELENDİ (ZOMBİ VEYA PRİMLİ),0.0,-16.065133456437803,-6.524584034398957,Finance,Life/Health Insurance,16.9371806432221,US_SMALL_CAP
MBGL,20.26,20.31,20.61,20.22,3742484.0,0.4960317460317531,75822725.84,26.0,17.67,5973079889.736112,12.0,15.0,0.607328894976167,-19.121756487025944,1.0310185424071103,2026-09-14,14.7,16.96,26.0,50.65,28.3,5973.1,90.0,55.0,10.3,38.6,0.0,⚠️ ELENDİ (ZOMBİ VEYA PRİMLİ),0.0,-2.6897214217098884,-0.3443187407771605,Technology Services,Internet Software/Services,10.0,US_SMID_CAP
WH,69.2,69.29,69.59,68.63,1106661.0,-0.1587072572500352,76580941.2,90.35,68.44,5135409893.181359,39.6190476190476,25.3118255971323,10.74042170123934,-21.63967840561658,0.9797652358332084,2026-09-14,1.1,65.05,90.35,173.0,30.6,5135.4,65.0,75.0,22.9,34.3,0.0,NÖTR,-71.4,-7.126560193262652,-2.4252679075014085,Consumer Services,Hotels/Resorts/Cruise lines,38.1523272214386,US_SMID_CAP
FBIN,40.74,39.74,41.06,39.66,1893578.0,0.0245519273263076,77144367.72,64.84,32.34,4863193845.738769,6.40622983263778,32.993197278911566,2.109170543057054,-32.37051792828685,0.9968193113981052,2026-09-14,26.0,31.05,64.84,101.85,59.2,4863.2,20.0,30.0,48.0,35.0,0.0,⚠️ ELENDİ (ZOMBİ VEYA PRİMLİ),0.0,-15.054211843202664,-3.482587064676614,Producer Manufacturing,Building Products,15.1597258589676,US_SMID_CAP
RELY,22.25,21.92,22.73,21.92,3486601.0,1.1823556161891842,77576872.25,27.479,12.08,4709970096.816735,32.2455689645147,16.0141068086944,4.1795182940803,20.20529443544029,0.8353935436599983,2026-09-14,84.2,11.6,27.48,55.62,23.5,4710.0,20.0,55.0,10.0,35.2,0.0,⚠️ ELENDİ (ZOMBİ VEYA PRİMLİ),0.0,-13.692785104732357,-17.03952274422073,Commercial Services,Miscellaneous Commercial Services,10.3629528483463,US_SMID_CAP
PARR,81.7,85.75,85.92,79.52,963767.0,-3.484937979917309,78739763.9,87.03,33.21,4093139718.3992906,54.7397900126994,4.76785172389645,2.0306773961993274,140.71891573364766,1.1662304345984646,2026-09-14,146.0,31.88,87.03,204.25,6.5,4093.1,20.0,85.0,11.7,40.8,0.0,⚠️ ELENDİ (ZOMBİ VEYA PRİMLİ),0.0,-0.232018561484916,1.189001733960872,Energy Minerals,Oil Refining/Marketing,13.307092232730898,US_SMID_CAP
WAY,24.9,23.89,24.98,23.66,3163103.0,6.092884533446952,78761264.69999999,40.35,17.26,4774535726.536004,3.76529706055634,35.45493378897906,1.1988502592694237,-34.66281815796379,1.9602223537395151,2026-09-14,44.3,16.57,40.35,62.25,62.0,4774.5,20.0,30.0,81.1,99.1,0.0,⚠️ ELENDİ (ZOMBİ VEYA PRİMLİ),0.0,-2.8103044496487213,-4.3778801843318,Technology Services,Packaged Software,25.363823122289496,US_SMID_CAP
MYRG,271.75,280.75,280.98,270.94,291310.0,-6.698482455538005,79163492.5,503.565,171.51,4230943858.241777,24.7139201480805,25.77784101688484,5.608229227676152,51.78172475424486,0.9915302465908596,2026-09-14,58.4,164.65,503.56,679.38,85.3,4230.9,20.0,30.0,10.0,34.7,0.0,⚠️ SAHTE KÂR (FAALİYET KÂRI YETERSİZ),0.0,-16.724124722286064,-5.62269917343891,Industrial Services,Engineering & Construction,5.51887631984715,US_SMID_CAP
ATKR,94.07,94.06,94.25,93.87,846684.0,-0.0849707912905071,79647563.88,94.39,53.75,3177032149.8635154,-11.8668057890167,15.0,2.48934875228241,51.067929982334974,1.097281756098699,2026-09-14,75.0,51.6,94.39,235.17,0.3,3177.0,20.0,55.0,14.7,38.4,0.0,⚠️ SAHTE KÂR (FAALİYET KÂRI YETERSİZ),0.0,0.2023860247123964,0.4270310665100795,Producer Manufacturing,Electrical Products,4.90923518680618,US_SMID_CAP
HTFL,49.54,49.49,50.82,48.56,1619526.0,-0.6816359262229419,80231318.03999999,51.778,20.13,4307682849.666399,-154.233931386728,15.0,15.357763979006302,48.19024827998803,0.8508034618292984,2026-09-14,146.1,19.32,51.78,123.85,4.5,4307.7,20.0,55.0,10.0,29.8,0.0,⚠️ SAHTE KÂR (FAALİYET KÂRI YETERSİZ),0.0,26.83051715309779,-0.4020908725371991,Technology Services,Packaged Software,-34.3138040787457,US_SMID_CAP
PENG,46.59,47.21,48.83,46.45,1464613.0,-8.932759968725554,68236319.67,89.86,16.04,2387397323.788897,17.1713718657108,29.55843167110773,5.437218160938857,77.96027501909856,1.0519501917569092,2026-09-14,190.5,15.4,89.86,116.48,92.9,2387.4,20.0,45.0,10.5,36.8,0.0,🪤 DÜŞEN BIÇAK (RÖLATİF ÇÖKÜŞ),0.0,-23.42209072978304,-6.83863227354528,Electronic Technology,Semiconductors,8.1323346897752,US_SMALL_CAP
CRSP,52.96,51.33,53.8,51.33,1524031.0,2.3975251353441647,80712681.76,78.48,44.12,5120843260.083527,-26.0949261874161,15.0,2.931012726882301,-5.597147950089127,1.3062636553844866,2026-09-14,20.0,42.36,78.48,132.4,48.2,5120.8,65.0,55.0,35.5,57.7,0.0,⚠️ SAHTE KÂR (FAALİYET KÂRI YETERSİZ),0.0,-1.907760696425266,-5.529789511237961,Health Technology,Biotechnology,-3971.52777777778,US_SMID_CAP
EOSE,3.82,3.77,3.97,3.75,21134410.0,-3.2911392405063378,80733446.2,19.86,3.01,1391120841.2658226,12.0,15.0,2.0,-47.23756906077349,0.7634949310739909,2026-09-14,26.9,2.89,19.86,9.55,419.9,1391.1,65.0,55.0,10.0,26.7,0.0,⚠️ SAHTE KÂR (FAALİYET KÂRI YETERSİZ),0.0,-7.281553398058259,8.522727272727268,Producer Manufacturing,Electrical Products,-158.780945446399,US_SMALL_CAP
TMDX,85.86,82.615,88.49,80.585,943370.0,4.477975176441947,80997748.2,156.0,60.105,2977207892.132635,36.2849427258615,22.335527171509582,5.739381542533991,-25.585023400936038,1.2566596487395372,2026-09-14,42.9,57.7,156.0,214.65,81.7,2977.2,20.0,70.0,36.0,66.4,0.0,⚠️ ELENDİ (ZOMBİ VEYA PRİMLİ),0.0,-4.695304695304699,1.453385324353071,Health Technology,Medical Specialties,12.2079142157889,US_SMALL_CAP
KAI,267.3,262.0,272.0,260.25,303082.0,0.3755163349605708,81013818.60000001,354.07,244.87,3156576913.7743144,11.2596679073194,28.76482362309795,3.0857427831945348,-16.56522146268377,1.8702889030545344,2026-09-14,9.2,235.08,354.07,668.25,32.5,3156.6,100.0,30.0,32.7,67.3,0.0,⚠️ ELENDİ (ZOMBİ VEYA PRİMLİ),0.0,-19.053964023984012,-9.662374531075727,Producer Manufacturing,Industrial Machinery,15.5435355261593,US_SMID_CAP
DX,12.41,12.52,12.5699,12.34,6542395.0,-0.8785942492012734,81191121.95,14.9305,11.825,3079751539.25,18.2307849849323,4.73501468961044,0.9605791030312038,-1.1942675159235696,1.3790927116989768,2026-09-14,4.9,11.35,14.93,31.02,20.3,3079.8,90.0,70.0,13.8,48.3,0.0,NÖTR,0.0,-4.685099846390165,-2.895148669796551,Finance,Real Estate Investment Trusts,120.134952103504,US_SMID_CAP
CVI,48.63,50.25,51.11,47.47,1670824.0,-2.0741039065646274,81252171.12,52.4,19.62,4888803135.776279,13.9253279515641,70.82726478298865,9.312006801613853,52.063789868667925,1.3672515071628286,2026-09-14,147.9,18.84,52.4,121.58,7.8,4888.8,20.0,30.0,13.7,47.9,0.0,⚠️ SAHTE KÂR (FAALİYET KÂRI YETERSİZ),0.0,35.76214405360135,13.38307297738401,Energy Minerals,Oil Refining/Marketing,6.79886685552408,US_SMID_CAP
CE,44.78,45.61,45.84,44.66,1815946.0,-2.842265133434589,81318061.88,70.7,35.13,4914557185.76394,-24.5684634120513,15.0,1.179398090839464,-4.397950469684036,1.0472838496992256,2026-09-14,27.5,33.72,70.7,111.95,57.9,4914.6,20.0,55.0,10.5,36.7,0.0,⚠️ SAHTE KÂR (FAALİYET KÂRI YETERSİZ),0.0,0.2013873349742748,0.1789709172259469,Process Industries,Chemicals: Specialty,8.74176276771005,US_SMID_CAP
BOX,34.86,34.66,35.18,34.3101,2342737.0,3.288888888888887,81667811.82,36.34,21.34,4782818489.468444,70.2265998205256,50.310290085149376,2.0,6.670746634026927,0.8490867233776264,2026-09-14,63.4,20.49,36.34,87.15,4.2,4782.8,20.0,45.0,27.0,46.2,0.0,⚠️ ELENDİ (ZOMBİ VEYA PRİMLİ),0.0,3.873659117997608,-2.133632790567092,Technology Services,Information Technology Services,9.44460200798982,US_SMID_CAP
RHI,38.73,38.69,38.96,37.77,2124623.0,2.7866242038216487,82286648.78999999,46.699,21.83,3964473772.10828,9.11105316487648,33.70757180156657,3.282776484708347,6.313477902827333,1.211272937384891,2026-09-14,77.4,20.96,46.7,96.82,20.6,3964.5,20.0,30.0,55.1,56.3,0.0,⚠️ SAHTE KÂR (FAALİYET KÂRI YETERSİZ),0.0,-12.671927846674192,-9.21237693389592,Commercial Services,Personnel Services,0.201212831072657,US_SMID_CAP
PI,173.09,170.86,182.9375,170.0,477931.0,-2.1094898767107737,82725076.79,247.0635,87.36,5288663537.389322,-12.8746049728698,15.0,22.833405447618645,-5.2859097127222965,1.2807250915261104,2026-09-14,98.1,83.87,247.06,432.73,42.7,5288.7,20.0,55.0,12.8,44.8,0.0,⚠️ SAHTE KÂR (FAALİYET KÂRI YETERSİZ),0.0,-2.484507042253519,-1.8485965409696572,Electronic Technology,Semiconductors,-1.80499293452661,US_SMID_CAP
CPRI,14.16,13.845,14.185,13.66,5844210.0,1.943844492440601,82754013.6,28.265,12.4,1609306963.8704104,152.066115702569,15.460203078938749,11.65729527698425,-34.10888785481619,1.1837043551422957,2026-09-14,14.2,11.9,28.27,35.4,99.6,1609.3,100.0,55.0,75.2,51.1,0.0,⚠️ SAHTE KÂR (FAALİYET KÂRI YETERSİZ),0.0,-10.20925808497146,7.435508345978759,Retail Trade,Apparel/Footwear Retail,2.35055136390022,US_SMALL_CAP
BLSH,37.62,36.7,39.555,36.595,2211541.0,7.118451025056947,83198172.42,74.98,20.55,5654368604.393509,-55.7258066802243,15.0,2.3413227913646137,-32.338129496402885,1.7648380708295432,2026-09-14,83.1,19.73,74.98,94.05,99.3,5654.4,20.0,55.0,17.6,97.4,0.0,⚠️ ELENDİ (ZOMBİ VEYA PRİMLİ),0.0,37.24917913170375,8.44623810896512,Technology Services,Packaged Software,18.0882394505508,US_SMID_CAP
BDC,113.41,117.25,117.532,112.6,735861.0,-7.238671683297897,83453996.00999999,159.99,98.0,4431857588.751431,18.6437034488736,18.42686770870568,3.1925569873252027,-14.81898753192128,1.798775330611846,2026-09-14,15.7,94.08,159.99,283.52,41.1,4431.9,100.0,55.0,18.0,63.0,0.0,NÖTR,-69.7,-17.345674513519427,-5.175585284280935,Producer Manufacturing,Electrical Products,12.6687640254908,US_SMID_CAP
ESAB,67.52,68.44,69.03,67.21,1241021.0,-4.484368368934788,83793737.92,137.42,67.21,4197570577.143018,8.57984628207602,24.32189042181477,1.7729299952604582,-40.03019806377121,1.5442673993745135,2026-09-14,0.5,63.47,137.42,168.8,103.5,4197.6,65.0,30.0,15.4,54.0,0.0,🪤 DÜŞEN BIÇAK (RÖLATİF ÇÖKÜŞ),0.0,-20.71395021136684,-9.61178045515396,Producer Manufacturing,Industrial Machinery,14.1529718809282,US_SMID_CAP
OUST,33.46,33.215,35.08,32.6725,2513505.0,-5.292952165298607,84101877.3,63.79,16.4,2412878861.168978,-18.00550696305,15.0,6.171883069930792,11.310711909514312,1.414265706659651,2026-09-14,104.0,15.74,63.79,83.65,90.6,2412.9,20.0,55.0,14.1,49.5,0.0,⚠️ SAHTE KÂR (FAALİYET KÂRI YETERSİZ),0.0,-27.316172477462796,-6.431767337807599,Electronic Technology,Semiconductors,-34.4078045161952,US_SMALL_CAP
RARE,13.61,14.44,14.4444,13.6,5896688.0,-4.825174825174834,80253923.67999999,39.8899,13.6,1341794604.453846,12.0,15.0,2.0,-56.1250805931657,0.8587511591642378,2026-09-14,0.1,12.59,39.89,34.02,193.1,1341.8,65.0,55.0,10.0,30.1,0.0,⚠️ SAHTE KÂR (FAALİYET KÂRI YETERSİZ),0.0,-48.25095057034221,-12.051696284329566,Health Technology,Pharmaceuticals: Major,-73.7711892185183,US_SMALL_CAP
PLAY,8.47,8.11,8.51,8.084,8056511.0,4.054054054054055,68238648.17,22.1,7.94,294660270.2702703,-52.5162337662338,15.0,2.9585488789300323,-63.22188449848024,4.447607760009147,2026-09-14,6.7,7.62,22.1,21.18,160.9,294.7,100.0,55.0,86.9,100.0,0.0,🪤 DÜŞEN BIÇAK (RÖLATİF ÇÖKÜŞ),0.0,-20.24482109227871,-1.3969732246798512,Consumer Services,Movies/Entertainment,5.98739495798319,US_MICRO_CAP
BIRK,30.66,30.62,31.105,30.46,2225842.0,-1.5097976228718242,68244315.72,50.73,30.25,5454040334.0815935,12.4492651908338,14.331120875011685,1.7025161255930488,-34.37499999999999,0.9999063363567,2026-09-14,1.4,28.82,50.73,76.65,65.5,5454.0,65.0,55.0,10.0,35.0,0.0,🪤 DÜŞEN BIÇAK (RÖLATİF ÇÖKÜŞ),0.0,-22.867924528301888,-9.020771513353123,Consumer Non-Durables,Apparel/Footwear,24.4594353623425,US_SMID_CAP
BTU,27.35,27.73,27.77,27.09,2512908.0,-3.048564338886917,68728033.8,41.1399,19.77,3333964933.1035094,-5.31575961244708,15.0,1.0262775842588907,49.69896004378764,1.1816244418348172,2026-09-14,38.3,18.98,41.14,68.38,50.4,3334.0,20.0,55.0,11.8,41.4,0.0,⚠️ SAHTE KÂR (FAALİYET KÂRI YETERSİZ),0.0,10.863396838265098,0.0,Energy Minerals,Coal,-3.71238375426962,US_SMID_CAP
TE,4.37,4.36,4.455,4.27,15754412.0,-5.206073752711501,68846780.44,12.49,1.7,1286862482.264642,-123.159322807385,15.0,6.077125255531296,130.00000000000003,0.7820256351663869,2026-09-14,157.1,1.63,12.49,10.93,185.8,1286.9,20.0,55.0,13.5,27.4,0.0,⚠️ SAHTE KÂR (FAALİYET KÂRI YETERSİZ),0.0,-10.63394683026584,-2.672605790645882,Producer Manufacturing,Electrical Products,-16.9750544464509,US_SMALL_CAP
FCEL,15.28,14.875,15.56,14.71,4516002.0,-3.838892385147899,69004510.56,37.88,5.71,1221700097.1478915,-21.2116935544929,15.0,1.2519213059308951,138.74999999999997,0.5346323077402816,2026-09-14,167.6,5.48,37.88,38.2,147.9,1221.7,20.0,55.0,29.2,18.7,0.0,⚠️ SAHTE KÂR (FAALİYET KÂRI YETERSİZ),0.0,-24.11224236404272,5.234159779614323,Electronic Technology,Electronic Equipment/Instruments,-87.9483835808404,US_SMALL_CAP
SHAK,63.51,63.32,64.64,62.945,1087722.0,-0.2199528672427346,69081224.22,107.46,51.6,2718160663.4351926,7.65048371657656,66.94423948561189,4.710323626155609,-38.62582141476614,0.9251878641147072,2026-09-14,23.1,49.54,107.46,158.78,69.2,2718.2,100.0,30.0,10.0,32.4,0.0,⚠️ SAHTE KÂR (FAALİYET KÂRI YETERSİZ),0.0,-14.751677852348996,-8.328521939953815,Consumer Services,Restaurants,5.44953704091421,US_SMALL_CAP
EXP,182.67,181.96,184.835,181.91,378808.0,-1.3234658599827231,69196857.36,245.53,171.99,5603461193.440903,27.0301265045963,14.448882736800474,3.784334178232672,-22.43970788043479,0.9965214559323474,2026-09-14,6.2,165.11,245.53,456.67,34.4,5603.5,100.0,85.0,10.0,34.9,0.0,NÖTR,-81.0,-13.393703773942727,-5.425834843385979,Non-Energy Minerals,Construction Materials,23.2087448503915,US_SMID_CAP
IRDM,46.18,46.33,46.94,45.96,1500857.0,-2.367864693446084,69309576.26,57.18,15.645,4894227998.526427,19.7151330795264,52.6207839562443,10.35542101132414,151.11473626971178,2.078471218393772,2026-09-14,195.2,15.02,57.18,115.45,23.8,4894.2,20.0,45.0,20.8,72.7,0.0,⚠️ ELENDİ (ZOMBİ VEYA PRİMLİ),0.0,-7.64,-2.015701251856573,Communications,Specialty Telecommunications,23.7573359844102,US_SMID_CAP
IRTC,114.72,113.17,115.48,112.45,606281.0,2.9525262496634586,69552556.32,212.0,100.8458,3781515951.9770255,-9.63047613786627,15.0,20.320861298430767,-36.34093557516231,1.11414592516336,2026-09-14,13.8,96.81,212.0,286.8,84.8,3781.5,100.0,55.0,46.0,53.8,0.0,⚠️ SAHTE KÂR (FAALİYET KÂRI YETERSİZ),0.0,-7.071688942891862,-5.5569276364534455,Health Technology,Medical Specialties,1.38004400631985,US_SMID_CAP
BOOT,142.84,141.91,145.49,141.62,487489.0,-1.0734815430431357,69632928.76,210.25,133.1797,4325887019.853729,19.1754184326974,18.07231964371568,3.1886825432578365,-22.847574808253206,1.0022415767147403,2026-09-14,7.3,127.85,210.25,357.1,47.2,4325.9,100.0,55.0,10.0,35.1,0.0,NÖTR,-72.1,-12.298151900288572,-2.9025898987152536,Retail Trade,Apparel/Footwear Retail,13.611148688584098,US_SMID_CAP
BAND,48.97,56.9,57.85,48.83,1423610.0,-13.8913311060313,69714181.7,79.08,12.5,1575893121.5741162,0.593671783939133,15.0,4.166992855611187,199.6940024479804,1.524120406379292,2026-09-14,291.8,12.0,79.08,122.42,61.5,1575.9,20.0,55.0,15.2,53.3,0.0,⚠️ SAHTE KÂR (FAALİYET KÂRI YETERSİZ),0.0,-8.825172221187865,3.771985590167411,Technology Services,Packaged Software,-1.82397940703464,US_SMALL_CAP
LUNR,13.88,13.78,14.38,13.69,5033422.0,-3.275261324041804,69863897.36,46.75,7.78,3177466086.28014,12.0,15.0,2.0,63.29411764705884,0.8699614799941103,2026-09-14,78.4,7.47,46.75,34.7,236.8,3177.5,20.0,55.0,10.0,30.4,0.0,⚠️ SAHTE KÂR (FAALİYET KÂRI YETERSİZ),0.0,-27.595200834637456,-6.689075630252095,Electronic Technology,Aerospace & Defense,-19.6221333550967,US_SMID_CAP
LFST,13.38,13.05,13.56,13.05,5241208.0,3.1611410948342336,70127363.04,13.56,4.77,5111904073.457209,3.42926580164679,102.92307692307692,3.4603507937082654,153.88994307400384,1.054376171440676,2026-09-14,180.5,4.58,13.56,33.45,1.3,5111.9,20.0,30.0,31.1,52.7,0.0,⚠️ SAHTE KÂR (FAALİYET KÂRI YETERSİZ),0.0,8.957654723127048,4.124513618677052,Health Services,Medical/Nursing Services,5.07012090856203,US_SMID_CAP
LQDA,65.305,66.79,66.895,65.1301,1074361.0,-2.150134851663153,70161145.105,93.61,21.145,5845377759.485317,131.815523316358,47.86703804148648,29.821813465823997,143.40290719344023,1.0164201714126555,2026-09-14,208.8,20.3,93.61,163.26,43.3,5845.4,20.0,75.0,10.2,35.6,0.0,⚠️ BİYOTEK TUZAĞI (FDA RİSKİ),0.0,-9.27340928035565,-3.835959357973774,Health Technology,Pharmaceuticals: Major,37.3857580387974,US_SMID_CAP
TDW,88.58,93.0,93.43,88.4,842899.0,-4.721953318274713,74663993.42,101.575,46.65,4407406858.068624,19.4940301112016,17.909783861380134,3.163513807427079,47.75646371976647,1.3989658030544592,2026-09-14,89.9,44.78,101.58,221.45,14.7,4407.4,20.0,55.0,14.0,49.0,0.0,⚠️ ELENDİ (ZOMBİ VEYA PRİMLİ),0.0,-4.23783783783784,-5.675646895964219,Transportation,Marine Shipping,17.7709035813491,US_SMID_CAP
DBRG,15.91,15.9,15.94,15.9,4451060.0,0.0628930817610049,70816364.6,15.98,8.94,3027358419.274843,15.873708408532,10.337881741390516,1.915104650658912,28.203062046736505,1.1168794442627334,2026-09-14,78.0,8.58,15.98,39.77,0.4,3027.4,20.0,55.0,11.2,39.4,0.0,⚠️ ELENDİ (ZOMBİ VEYA PRİMLİ),0.0,-0.0628140703517574,-0.1882057716436597,Finance,Investment Managers,34.5550360899258,US_SMID_CAP
MIDD,109.72,106.8,109.85,106.4,648048.0,1.301818853291475,71103826.56,148.545,89.1447162,4961795829.195087,-9.85490120975381,15.0,2.2452067843224324,-1.6099650553694214,1.2820752253357293,2026-09-14,23.1,85.58,148.54,274.3,35.4,4961.8,65.0,55.0,77.5,51.4,0.0,⚠️ ELENDİ (ZOMBİ VEYA PRİMLİ),0.0,-5.722632754768858,-2.035714285714287,Producer Manufacturing,Industrial Machinery,17.098646946574,US_SMID_CAP
KLIC,79.45,81.25,82.73,79.41,898389.0,-7.755718100545679,71377006.05,135.8,35.02,4157547896.226634,13.2312231670728,36.48344583735133,4.559268772480724,103.3009211873081,1.653526090012628,2026-09-14,126.9,33.62,135.8,198.62,70.9,4157.5,20.0,30.0,16.5,57.9,0.0,⚠️ ELENDİ (ZOMBİ VEYA PRİMLİ),0.0,-15.925925925925924,-1.1570042299079282,Producer Manufacturing,Industrial Machinery,13.0568619877859,US_SMID_CAP
JBLU,4.36,4.29,4.49,4.27,16389769.0,-0.9090909090909096,71459392.84,6.62,3.87,1645081204.881818,-44.3554443053817,15.0,1.035740162250122,-16.79389312977099,0.8453048984505287,2026-09-14,12.7,3.72,6.62,10.9,51.8,1645.1,100.0,55.0,10.0,29.6,0.0,⚠️ SAHTE KÂR (FAALİYET KÂRI YETERSİZ),0.0,-23.642732049036773,-5.627705627705623,Transportation,Airlines,-5.88235294117647,US_SMALL_CAP
IRT,15.34,15.26,15.38,15.02,4666423.0,0.9874917709019114,71582928.82,17.79,14.6,3707466372.631995,1.28578245904701,83.82513661202186,1.076544110938783,-13.38226990400904,1.214519390103142,2026-09-14,5.1,14.02,17.79,38.35,16.0,3707.5,90.0,30.0,66.6,47.4,0.0,⚠️ ELENDİ (ZOMBİ VEYA PRİMLİ),0.0,-9.870740305522911,-4.184884447220497,Finance,Real Estate Investment Trusts,17.0430755757107,US_SMID_CAP
FRMI,5.05,5.275,5.36,5.01,14227808.0,-8.181818181818185,71850430.39999999,36.9899,4.47,3234360098.218182,12.0,15.0,3.123588972803127,-79.8,0.8936978483004314,2026-09-14,13.0,4.29,36.99,12.62,632.5,3234.4,100.0,55.0,10.0,31.3,0.0,🪤 DÜŞEN BIÇAK (RÖLATİF ÇÖKÜŞ),0.0,-24.626865671641795,5.208333333333334,Finance,Real Estate Development,10.0,US_SMID_CAP
BRZE,25.6,24.7,25.63,24.0,2828344.0,6.934001670843776,72405606.4,37.3273,15.26,2907761392.815372,-18.8555030244096,15.0,4.823190502836451,-17.414026711400734,0.7943327265159715,2026-09-14,67.8,14.65,37.33,64.0,45.8,2907.8,20.0,55.0,75.4,62.5,0.0,⚠️ SAHTE KÂR (FAALİYET KÂRI YETERSİZ),0.0,-14.666666666666664,-21.31066916669228,Technology Services,Internet Software/Services,-13.192950238600098,US_SMALL_CAP
AXGN,43.78,41.55,44.0,41.55,1668221.0,3.842504743833028,73034715.38,52.91,15.2701,2353679020.365275,-18.2062393327056,15.0,9.166858602567055,160.5952380952381,1.2754656992964997,2026-09-14,186.7,14.66,52.91,109.45,20.9,2353.7,20.0,55.0,70.2,63.9,0.0,⚠️ SAHTE KÂR (FAALİYET KÂRI YETERSİZ),0.0,-9.09468438538205,-6.312861117055416,Health Technology,Medical Specialties,-5.11517911885784,US_SMALL_CAP
BB,7.75,7.55,7.91,7.46,9458033.0,1.043024771838332,73299755.75,13.59,3.1201,4542278447.690859,8.11825120808079,79.70963067185446,6.062221562652516,100.25839793281654,1.0264562699844495,2026-09-14,148.4,3.0,13.59,19.38,75.4,4542.3,20.0,30.0,30.5,41.1,0.0,⚠️ ELENDİ (ZOMBİ VEYA PRİMLİ),0.0,-14.26991150442477,1.043024771838332,Technology Services,Packaged Software,13.235635137979198,US_SMID_CAP
ALHC,12.94,12.73,13.33,12.65,5666592.0,2.6169706582077725,73325700.48,25.12,12.39,2684210769.6812057,20.0439302828381,69.30905195500803,10.111586909636484,-21.337386018237083,1.3207729896251372,2026-09-14,4.4,11.89,25.12,32.35,94.1,2684.2,100.0,30.0,13.2,59.3,0.0,⚠️ SAHTE KÂR (FAALİYET KÂRI YETERSİZ),0.0,-3.863298662704319,-2.9985007496251903,Health Services,Managed Health Care,1.20157410577217,US_SMALL_CAP
KLAR,14.25,13.84,14.39,13.84,5152734.0,3.0368763557483724,73426459.5,47.48,12.06,5379487602.819957,-5.98451558903536,15.0,2.2134512598032594,-67.28650137741046,0.6931224338820148,2026-09-14,18.2,11.58,47.48,35.62,233.2,5379.5,100.0,55.0,41.3,39.4,0.0,⚠️ SAHTE KÂR (FAALİYET KÂRI YETERSİZ),0.0,-31.37490970382856,-1.4522821576763545,Commercial Services,Miscellaneous Commercial Services,-1.23793018073781,US_SMID_CAP
STNG,85.46,85.71,86.24,84.0404,860426.0,1.1121628017037362,73532005.96,87.39,48.93,4279952192.2335534,24.6193235920985,5.380392354378101,1.2154107138184205,44.84745762711864,1.0736491851231458,2026-09-14,74.7,46.97,87.39,213.65,2.3,4280.0,20.0,85.0,31.1,43.1,0.0,⚠️ ELENDİ (ZOMBİ VEYA PRİMLİ),0.0,8.328051717581435,6.214267959234403,Transportation,Marine Shipping,46.7231597053982,US_SMID_CAP
GXO,46.93,45.22,47.015,44.99,1567222.0,2.3778359511343723,73549728.46,66.85,44.99,5382147260.36431,4.42044879365615,41.38083061458425,1.803199574578613,-8.926838734717641,1.191147538865469,2026-09-14,4.3,43.19,66.85,117.33,42.4,5382.1,100.0,30.0,76.0,53.6,0.0,⚠️ SAHTE KÂR (FAALİYET KÂRI YETERSİZ),0.0,-2.83643892339544,0.4494863013698648,Transportation,Air Freight/Couriers,3.2768858588080105,US_SMID_CAP
LSTR,172.09,172.4,174.05,171.2,429800.0,-0.3993517768260202,73964282.0,228.46,119.32,5840205206.618589,14.9780842918849,44.565583322543056,6.979795542162078,30.73767378257237,1.3981578018539091,2026-09-14,44.2,114.55,228.46,430.23,32.8,5840.2,20.0,30.0,14.0,48.9,0.0,⚠️ SAHTE KÂR (FAALİYET KÂRI YETERSİZ),0.0,-8.017531669250094,-0.8412561221550031,Transportation,Trucking,3.92249916222361,US_SMID_CAP
CLMT,56.55,57.46,58.0617,54.91,1312249.0,-0.4401408450704225,74207680.95,58.4,17.42,4970644924.420774,12.0,15.0,2.0,219.67213114754097,1.0022857249351618,2026-09-14,224.6,16.72,58.4,141.38,3.3,4970.6,20.0,55.0,12.9,35.1,0.0,⚠️ SAHTE KÂR (FAALİYET KÂRI YETERSİZ),0.0,15.715162676488644,5.938553765455215,Energy Minerals,Oil Refining/Marketing,1.19353574073267,US_SMID_CAP
BKU,44.47,44.67,44.98,44.105,1580834.0,-0.6922733363108581,70299687.98,52.11,35.1,3167697911.216838,9.00886471777856,12.213342121886244,1.070164478528847,13.79222108495394,1.995952626436864,2026-09-14,26.7,33.7,52.11,111.17,17.2,3167.7,20.0,55.0,20.0,69.9,0.0,⚠️ ELENDİ (ZOMBİ VEYA PRİMLİ),0.0,-7.967715231788082,-3.452019105514553,Finance,Major Banks,32.413633986800015,US_SMID_CAP
KBR,37.32,36.11,37.38,36.07,1416575.0,1.4130434782608783,52866579.0,52.23,29.94,4704848581.105435,27.0893371757925,11.255202364436938,2.875824044570649,-23.976369932776535,1.3016709114604654,2026-09-15,24.6,28.74,52.23,93.3,40.0,4704.8,65.0,70.0,76.6,52.6,81.4,🦅 US KULUÇKA LİDERİ (MULTI-BAGGER),0.0,-2.456874019864082,1.744820065430754,Technology Services,Information Technology Services,9.97021882688075,US_SMID_CAP
CHH,97.42,96.85,99.55,95.9,690363.0,0.9115392583385078,67255163.46000001,123.82,84.035,4384739920.042054,563.786441262722,13.750758677149351,30.956859953733126,-13.86383731211317,1.2409924804839698,2026-09-15,15.9,80.67,123.82,243.55,27.1,4384.7,90.0,100.0,12.4,48.0,77.4,⚡ TABAN BİRİKTİRME (TAKİP),77.4,-7.086313781592746,-2.9874526986656043,Consumer Services,Hotels/Resorts/Cruise lines,25.516562300974698,US_SMID_CAP
GPOR,175.95,173.93,179.19,173.27,293399.0,1.6699410609037248,51623554.05,225.78,149.18,3111475930.9479375,27.4111285765093,7.037183686692343,1.7041096208828246,1.787573759111405,1.218041354596129,2026-09-15,17.9,143.21,225.78,439.88,28.3,3111.5,90.0,85.0,12.2,51.0,75.7,⚡ TABAN BİRİKTİRME (TAKİP),75.7,3.7624579819543524,-1.604965887484624,Energy Minerals,Oil & Gas Production,42.1816529930528,US_SMID_CAP
ITRI,92.3,91.94,92.56,90.935,588795.0,0.44618565676351785,54345778.5,142.0,77.77,4041517423.269126,16.9668001958194,15.430654005617225,2.4999024956773086,-22.644988266845456,1.3122379485588551,2026-09-15,18.7,74.66,142.0,230.75,53.8,4041.5,100.0,55.0,60.7,48.2,75.3,🦅 US KULUÇKA LİDERİ (MULTI-BAGGER),75.3,-10.231472476171946,-4.391961881085569,Electronic Technology,Electronic Equipment/Instruments,13.8660001059411,US_SMID_CAP
ADT,7.1,7.03,7.17,7.01,5988154.0,0.28248587570620864,42515893.4,8.8863,6.24,4798284732.0197735,17.2045837228042,9.831071725283856,1.4978270959031263,-20.045045045045057,0.8991983840553222,2026-09-15,13.8,5.99,8.89,17.75,25.2,4798.3,90.0,70.0,17.7,32.9,74.7,⚡ TABAN BİRİKTİRME (TAKİP),8.9,-5.333333333333338,-3.9242219215155623,Commercial Services,Miscellaneous Commercial Services,25.188275639873904,US_SMID_CAP
RLI,61.38,61.25,61.41,60.46,642486.0,0.06521030322790862,39435790.68,67.1199,47.26,5633025041.893381,25.1636468760827,12.90254771714454,3.2149743006330955,-8.223684210526306,1.2807322639135406,2026-09-15,29.9,45.37,67.12,153.45,9.4,5633.0,20.0,85.0,78.4,45.2,70.4,⚡ TABAN BİRİKTİRME (TAKİP),0.0,-3.9286273282203754,-0.35714285714285526,Finance,Multi-Line Insurance,28.6579440348043,US_SMID_CAP
OSIS,202.59,198.26,202.8,195.3244,282609.0,1.3203300825206377,57253757.31,311.7225,186.5,3229683240.785897,17.3438450263306,22.549336064022796,3.8715388291896335,-13.6702603656198,1.0985849463669717,2026-09-15,8.6,179.04,311.72,506.48,53.9,3229.7,100.0,45.0,77.1,45.1,65.9,🦅 US KULUÇKA LİDERİ (MULTI-BAGGER),65.9,-11.362443122156108,-0.5156157925751242,Electronic Technology,Aerospace & Defense,12.926599566401501,US_SMID_CAP
CVCO,536.07,534.02,537.5282,521.7775,96485.0,0.07467283962142568,51722713.95,713.005,443.335,4122057398.55258,16.6584759581635,23.324123827963543,3.721875822081742,-1.3815813679679145,0.9621492470634928,2026-09-15,20.9,425.6,713.0,1340.18,33.0,4122.1,65.0,45.0,66.7,34.0,55.8,⚡ TABAN BİRİKTİRME (TAKİP),-1.6,-11.47679046187889,-4.513635311091702,Consumer Durables,Homebuilding,9.6172234851304,US_SMID_CAP
MZTI,101.34,102.17,102.17,98.0,499691.0,-1.554303477754026,50638685.940000005,184.26,98.0,2765670042.383524,18.641334148939,14.524451069196813,2.6261145244035076,-44.92391304347826,1.1761874363877567,2026-09-15,3.4,93.74,184.26,253.35,81.8,2765.7,100.0,85.0,53.9,41.2,0.0,NÖTR,0.0,-13.679727427597957,-2.341717259323497,Consumer Non-Durables,Food: Specialty/Candy,11.5392447908435,US_SMALL_CAP
DJCO,687.66,674.78,688.35,661.01,73755.0,1.5670925337862809,50718363.3,688.35,348.63,947562441.2404697,-3.30791583823112,15.0,2.805913006903878,68.95823095823096,1.156647251992435,2026-09-15,97.2,334.68,688.35,1719.15,0.1,947.6,20.0,55.0,78.0,48.3,0.0,⚠️ ELENDİ (ZOMBİ VEYA PRİMLİ),0.0,13.852878358913221,10.504748589885745,Consumer Services,Publishing: Newspapers,13.4528137641456,US_MICRO_CAP
RRR,53.81,54.32,55.06,53.6475,943598.0,-1.7168949771689455,50775008.38,68.99,50.52,5650921203.065205,90.2181750206959,19.039699950463522,18.599426221008606,-12.304432855280309,0.9727203725044479,2026-09-15,6.5,48.5,68.99,134.53,28.2,5650.9,90.0,85.0,10.0,34.0,0.0,NÖTR,0.0,-13.209677419354835,-5.497014401123982,Consumer Services,Hotels/Resorts/Cruise lines,28.5773568154499,US_SMID_CAP
IRTC,111.88,113.79,115.16,110.81,452261.0,-2.475592747559278,50598960.68,212.0,100.8458,3687901045.626569,-9.63047613786627,15.0,19.81779952988523,-37.59830442300184,0.8063777625232903,2026-09-15,10.9,96.81,212.0,279.7,89.5,3687.9,100.0,55.0,10.0,28.2,0.0,⚠️ SAHTE KÂR (FAALİYET KÂRI YETERSİZ),0.0,-9.372215471850957,-7.826660075795024,Health Technology,Medical Specialties,1.38004400631985,US_SMID_CAP
CALM,74.39,74.56,75.22,73.525,679899.0,-0.8397760597174027,50577686.61,105.2775,71.92,3490161419.965476,12.1956592230535,11.355864932527325,1.327486610480024,-32.71526772793054,0.7615922599978314,2026-09-15,3.4,69.04,105.28,185.97,41.5,3490.2,100.0,55.0,10.0,26.7,0.0,⚠️ ELENDİ (ZOMBİ VEYA PRİMLİ),0.0,-9.58920758385999,-0.3616394320921458,Process Industries,Agricultural Commodities/Milling,11.7924243173588,US_SMID_CAP
HZO,52.5,52.21,52.5,52.21,970041.0,0.5554491476728579,50927152.5,52.5,21.42,1159553554.9703124,0.42080907755861,363.57340720221606,1.2173924335234165,101.53550863723608,1.0783748621656166,2026-09-15,145.1,20.56,52.5,131.25,0.0,1159.6,20.0,30.0,80.8,40.5,0.0,⚠️ SAHTE KÂR (FAALİYET KÂRI YETERSİZ),0.0,0.7677543186180394,0.5939835217474656,Retail Trade,Specialty Stores,2.89744858950429,US_SMALL_CAP
KFY,77.84,77.73,78.32,77.3601,654585.0,-0.6889512630773055,50952896.4,87.51,58.95,4246860980.3317175,14.2109237805466,14.668525986507367,1.9823099717525925,7.469280684799111,1.212796800188538,2026-09-15,32.0,56.59,87.51,194.6,12.4,4246.9,20.0,55.0,12.1,42.4,0.0,⚠️ ELENDİ (ZOMBİ VEYA PRİMLİ),0.0,-8.423529411764703,-8.110022429465225,Commercial Services,Personnel Services,13.382813650542898,US_SMID_CAP
DNTH,104.77,107.85,108.255,104.04,478962.0,-2.7114866747144597,50180848.739999995,117.875,32.22,5860245080.93797,-26.0654164045383,15.0,4.898548109053828,180.28357410379877,0.7749167222013781,2026-09-15,225.2,30.93,117.88,261.93,12.5,5860.2,20.0,55.0,10.0,27.1,0.0,⚠️ SAHTE KÂR (FAALİYET KÂRI YETERSİZ),0.0,-3.8454478707782656,-0.7953792254521385,Health Technology,Biotechnology,-11441.3865546219,US_SMID_CAP
AKR,19.64,19.7,19.9,19.62,2598399.0,-0.9081735620585252,51032556.36,23.03,18.61,2697214538.157417,1.93311814196942,58.07214665878179,1.1542613931888,-2.9644268774703453,1.6920849608793116,2026-09-15,5.5,17.87,23.03,49.1,17.3,2697.2,90.0,30.0,16.9,59.2,0.0,⚠️ ELENDİ (ZOMBİ VEYA PRİMLİ),0.0,-5.531505531505525,-3.108041440552536,Finance,Real Estate Investment Trusts,19.4130919923006,US_SMALL_CAP
SOC,4.96,4.85,5.085,4.82,10302292.0,2.9045643153526903,51099368.32,24.96,2.88,951673166.605809,-103.207248874947,15.0,1.9404485722445435,-78.63910422049956,1.5490679219364671,2026-09-15,72.2,2.76,24.96,12.4,403.2,951.7,20.0,55.0,19.5,68.7,0.0,⚠️ SAHTE KÂR (FAALİYET KÂRI YETERSİZ),0.0,19.518072289156613,0.8130081300813016,Energy Minerals,Integrated Oil,-292.816988930316,US_MICRO_CAP
HRMY,42.17,41.64,42.19,40.9358,1212537.0,1.5166104959075652,51132685.29,43.49,25.52,2455828745.3753014,20.4556392937405,13.665381250202534,2.452806593553603,30.476485148514854,1.188611440317842,2026-09-15,65.2,24.5,43.49,105.43,3.1,2455.8,20.0,85.0,79.7,49.2,0.0,⚠️ ELENDİ (ZOMBİ VEYA PRİMLİ),0.0,10.334903192046056,-0.07109004739336762,Health Technology,Pharmaceuticals: Major,24.0286988825896,US_SMALL_CAP
CLBT,11.25,11.41,11.56,11.23,4551416.0,-3.598971722365038,51203430.0,19.98,9.58,2827586993.251928,12.3075297672502,48.51228978007762,5.215045289771094,-33.115338882283,1.8492701048299325,2026-09-15,17.4,9.2,19.98,28.12,77.6,2827.6,100.0,30.0,18.5,64.7,0.0,⚠️ ELENDİ (ZOMBİ VEYA PRİMLİ),0.0,3.878116343490304,-0.7060900264783766,Technology Services,Packaged Software,11.3556774498385,US_SMALL_CAP
OLN,17.14,17.07,17.15,16.68,3001648.0,1.5402843601895828,51448246.72,30.464,16.68,1953659791.0722752,-7.58872594450199,15.0,1.141731968761574,-35.53967657013914,1.1714607287691456,2026-09-15,2.8,15.85,30.46,42.85,77.7,1953.7,65.0,55.0,78.7,48.7,0.0,⚠️ SAHTE KÂR (FAALİYET KÂRI YETERSİZ),0.0,-10.822060353798118,-2.336182336182337,Process Industries,Industrial Specialties,0.617615467239527,US_SMALL_CAP
TCBI,97.77,98.43,98.805,97.43,526472.0,-0.6806176351076816,51473167.44,108.92,75.41,4250489167.0169644,10.1876602190876,12.718545113955667,1.269549003007339,12.095849575785367,1.1875785980864644,2026-09-15,29.7,72.39,108.92,244.42,11.4,4250.5,20.0,55.0,11.9,41.6,0.0,⚠️ ELENDİ (ZOMBİ VEYA PRİMLİ),0.0,-3.0059523809523823,-0.4682887101700172,Finance,Major Banks,35.902832092324424,US_SMID_CAP
MLYS,28.91,28.58,28.985,27.55,1781062.0,-0.13816925734023885,51490502.42,47.65,22.3,2555843061.577547,-80.8765622324944,15.0,4.636326605233869,-20.445789763346184,1.2586714390396325,2026-09-15,29.6,21.41,47.65,72.28,64.8,2555.8,65.0,55.0,75.3,44.1,0.0,⚠️ BİYOTEK TUZAĞI (FDA RİSKİ),0.0,11.707882534775894,3.1394933999286443,Health Technology,Biotechnology,10.0,US_SMALL_CAP
VVX,75.17,73.21,75.42,72.09,687436.0,3.0290570175438707,51674564.120000005,93.98,50.8888,2356230523.0689425,8.34915387199067,25.89122722419316,2.076969729623689,38.895048041389515,1.1536768460925648,2026-09-15,47.7,48.85,93.98,187.93,25.0,2356.2,20.0,30.0,71.0,55.5,0.0,⚠️ SAHTE KÂR (FAALİYET KÂRI YETERSİZ),0.0,-8.685617103984441,0.4543632233061652,Commercial Services,Miscellaneous Commercial Services,4.18522733120994,US_SMALL_CAP
LSTR,172.78,172.34,174.57,171.28,299244.0,0.40095298971468285,51703378.32,228.46,119.32,5863621601.050149,14.9780842918849,44.74427036125858,7.007781241064349,33.58589763414257,0.9341545942129016,2026-09-15,44.8,114.55,228.46,431.95,32.2,5863.6,20.0,30.0,10.0,34.7,0.0,⚠️ SAHTE KÂR (FAALİYET KÂRI YETERSİZ),0.0,-7.648725212464591,-2.9543922713996804,Transportation,Trucking,3.92249916222361,US_SMID_CAP
PIPR,72.99,74.55,75.1209,72.83,708400.0,-2.210610932475892,51706116.0,95.065,68.69625,5158224285.602893,23.6160793532111,16.92011683434559,3.5916510720086916,-15.759709158058746,1.1199844176081029,2026-09-15,6.3,65.95,95.06,182.47,30.2,5158.2,100.0,70.0,11.2,39.2,0.0,NÖTR,0.0,-5.989180834621337,-4.76252609603341,Finance,Investment Banks/Brokers,23.0586392140754,US_SMID_CAP
BEPC,29.05,29.75,29.97,29.025,1784069.0,-2.221474251093908,51827204.45,45.18,29.025,4383051594.838438,12.0,15.0,2.0,-14.983904009364943,0.9380666993259694,2026-09-15,0.1,27.31,45.18,72.62,55.5,4383.1,65.0,55.0,10.0,32.8,0.0,🪤 DÜŞEN BIÇAK (RÖLATİF ÇÖKÜŞ),0.0,-19.170840289371167,-8.676516818610493,Utilities,Electric Utilities,21.5629382918988,US_SMID_CAP
NESR,32.09,32.69,33.3415,31.93,1615823.0,-1.985339034819788,51851760.07000001,36.94,9.92,3236333172.0769706,9.43773689973819,35.24824253075572,3.105752368269257,210.94961240310082,1.0931409392976477,2026-09-15,223.5,9.52,36.94,80.23,15.1,3236.3,20.0,30.0,10.9,38.3,0.0,⚠️ ELENDİ (ZOMBİ VEYA PRİMLİ),0.0,-11.08340260459961,-8.314285714285704,Industrial Services,Oilfield Services/Equipment,9.33736484003175,US_SMID_CAP
SIGI,89.34,89.43,89.54,88.36,581597.0,-0.0894654439722638,51959875.980000004,100.4,72.78,5321904937.617759,14.1526479139453,11.08422972419697,1.536788751408164,12.746087834427069,1.8879470385274975,2026-09-15,22.8,69.87,100.4,223.35,12.4,5321.9,65.0,55.0,65.2,66.1,0.0,⚠️ ELENDİ (ZOMBİ VEYA PRİMLİ),0.0,-4.846096495899454,-1.9427066183733905,Finance,Property/Casualty Insurance,12.707160266640798,US_SMID_CAP
RLAY,18.97,19.05,19.09,18.64,2742821.0,-0.4721930745015732,52031314.37,21.27,4.05,4157116643.667366,-36.7735511520139,15.0,4.657855127692017,374.25,0.8331991662482678,2026-09-15,368.4,3.89,21.27,47.42,12.1,4157.1,20.0,55.0,41.0,29.2,0.0,⚠️ SAHTE KÂR (FAALİYET KÂRI YETERSİZ),0.0,-3.312945973496443,1.0386151797603211,Health Technology,Biotechnology,-2999.37198067633,US_SMID_CAP
WAFD,33.01,33.59,33.745,32.91,1577156.0,-1.785182981255583,52061919.559999995,39.4857,26.31,2443120331.9681644,8.49678659257559,10.402092393016952,0.8966626818010072,5.6319999999999935,1.3768576354787316,2026-09-15,25.5,25.26,39.49,82.52,19.6,2443.1,65.0,55.0,13.8,48.2,0.0,⚠️ ELENDİ (ZOMBİ VEYA PRİMLİ),0.0,-12.695054218460736,-10.029980921231944,Finance,Major Banks,41.92724307855886,US_SMALL_CAP
SPHR,144.12,147.35,149.65,144.01,363859.0,-2.225237449118047,52439359.08,181.63,56.36,5175868973.570963,-3.3837823912347,15.0,2.3232098855385503,140.24004000666778,0.6384903748004602,2026-09-15,155.7,54.11,181.63,360.3,26.0,5175.9,20.0,55.0,10.0,22.3,0.0,⚠️ SAHTE KÂR (FAALİYET KÂRI YETERSİZ),0.0,-18.428797826579125,1.4929577464788764,Consumer Services,Media Conglomerates,-1.51984935641138,US_SMID_CAP
QS,5.05,5.19,5.26,4.98,9996532.0,-2.8846153846153912,50482486.6,19.0699,4.77,3126523162.375,-39.0750918578442,15.0,2.983381677901117,-49.75124378109454,0.9918358572423317,2026-09-15,5.9,4.58,19.07,12.62,277.6,3126.5,100.0,55.0,10.0,34.7,0.0,⚠️ ELENDİ (ZOMBİ VEYA PRİMLİ),0.0,-19.200000000000003,-8.514492753623184,Producer Manufacturing,Electrical Products,10.0,US_SMID_CAP
BCC,75.93,75.47,76.31,74.5,626947.0,0.9036544850498429,47604085.71,91.97,65.0,2649300189.8599334,5.05955159294946,25.82916624145321,1.3092781140877328,-11.87325905292478,2.299608996742862,2026-09-15,16.8,62.4,91.97,189.83,21.1,2649.3,90.0,30.0,63.6,85.0,0.0,⚠️ SAHTE KÂR (FAALİYET KÂRI YETERSİZ),0.0,-9.918139755605646,-3.6299022718619103,Distribution Services,Wholesale Distributors,2.54054855916813,US_SMALL_CAP
QTWO,60.08,61.11,61.99,59.85,793095.0,-3.0185633575464155,47649147.6,85.13,40.79,3746270084.0858755,14.9843336273578,43.08663224325875,5.82261944219926,-27.263922518159802,1.5409624440739411,2026-09-15,47.3,39.16,85.13,150.2,41.7,3746.3,20.0,30.0,15.4,53.9,0.0,⚠️ ELENDİ (ZOMBİ VEYA PRİMLİ),0.0,-9.73557692307693,-1.8621365566808241,Technology Services,Information Technology Services,10.4366950012822,US_SMID_CAP
ENOV,17.94,18.07,18.59,17.3,2658431.0,-1.536772777167934,47692252.14,34.28,17.3,1034590626.1811198,-54.2485871415206,15.0,0.7003820869278018,-43.919974992185054,1.0656343153978636,2026-09-15,3.7,16.59,34.28,44.85,91.1,1034.6,100.0,55.0,10.7,37.3,0.0,⚠️ SAHTE KÂR (FAALİYET KÂRI YETERSİZ),0.0,-30.43815432338115,-6.31853785900782,Health Technology,Medical Specialties,3.40698849561722,US_SMALL_CAP
HLNE,93.03,95.95,96.57,92.91,514104.0,-3.3655344344032354,47827095.12,155.66,71.88,5133917758.56996,32.4948206392374,14.173840176734974,4.2934558373554195,-37.59307707788287,0.9309297509325068,2026-09-15,29.4,69.0,155.66,232.57,67.3,5133.9,20.0,100.0,10.0,32.6,0.0,NÖTR,0.0,-13.2101875174923,-9.60940536338904,Finance,Investment Managers,54.615979663686595,US_SMID_CAP
BH,346.62,364.33,364.35,339.57,138051.0,-5.022605836415943,47851237.62,483.6,234.915,1103384187.379696,-5.25102508750532,15.0,2.000866337833888,14.147401699268912,0.7055246704423845,2026-09-15,47.6,225.52,483.6,866.55,39.5,1103.4,20.0,55.0,10.0,24.7,0.0,⚠️ SAHTE KÂR (FAALİYET KÂRI YETERSİZ),0.0,-10.791403937717156,-16.145732533384944,Consumer Services,Restaurants,5.17415658313856,US_SMALL_CAP
PENN,17.74,17.96,18.035,17.605,2713454.0,-1.444444444444453,48136673.95999999,22.36,11.65,2378341294.7733335,-37.3984410442529,15.0,1.2758009894289748,-10.629722921914372,0.9429913408747507,2026-09-15,52.3,11.18,22.36,44.35,26.0,2378.3,20.0,55.0,10.0,33.0,0.0,⚠️ SAHTE KÂR (FAALİYET KÂRI YETERSİZ),0.0,-5.788635156664896,4.722550177095615,Consumer Services,Casinos/Gaming,6.02513966480447,US_SMALL_CAP
VOYG,34.51,33.27,35.31,32.14,1394933.0,4.259818731117814,48139137.83,52.4,17.41,2106112713.593655,-31.1136603705008,15.0,6.288964334592583,14.651162790697663,1.2625338524663312,2026-09-15,98.2,16.71,52.4,86.27,51.8,2106.1,20.0,55.0,47.3,65.5,0.0,⚠️ SAHTE KÂR (FAALİYET KÂRI YETERSİZ),0.0,-22.432007192627566,1.4105201292976692,Technology Services,Information Technology Services,-83.7737473454629,US_SMALL_CAP
XRAY,9.83,10.28,10.385,9.81,4897865.0,-5.298651252408485,48146012.95,14.755,9.405,1959648679.7957606,-32.9809725158562,15.0,1.4493971657871494,-28.038067349926795,1.3815056203132619,2026-09-15,4.5,9.03,14.76,24.57,50.2,1959.6,100.0,55.0,13.8,48.4,0.0,⚠️ SAHTE KÂR (FAALİYET KÂRI YETERSİZ),0.0,-14.521739130434783,-12.544483985765124,Health Technology,Medical Specialties,5.07823222618721,US_SMALL_CAP
KRC,34.5,34.83,35.0076,34.39,1398944.0,-1.1744485820681656,48263568.0,45.03,27.36,4051767779.819536,3.18522268142883,24.288932695015486,0.7677953257955862,-20.101899027327466,1.1201992256783322,2026-09-15,26.1,26.27,45.03,86.25,30.5,4051.8,20.0,30.0,11.2,39.2,0.0,⚠️ ELENDİ (ZOMBİ VEYA PRİMLİ),0.0,-6.832298136645965,-6.504065040650403,Finance,Real Estate Investment Trusts,24.6816618007868,US_SMID_CAP
PENG,47.5,47.85,48.1299,46.19,1018685.0,1.9532088430993702,48387537.5,89.86,16.04,2434028194.945267,17.1713718657108,30.13576957238929,5.543418386876919,82.83294842186297,0.7292303553566721,2026-09-15,196.1,15.4,89.86,118.75,89.2,2434.0,20.0,45.0,31.8,35.3,0.0,🪤 DÜŞEN BIÇAK (RÖLATİF ÇÖKÜŞ),0.0,-21.92636423405655,-10.241874527588818,Electronic Technology,Semiconductors,8.1323346897752,US_SMALL_CAP
MAN,58.45,57.97,58.635,56.79,828425.0,0.7411237504308854,48421441.25,63.88,25.15,2718250556.022923,5.08205916063111,26.35375805942558,1.2905334020734645,50.64432989690723,1.05470566719133,2026-09-15,132.4,24.14,63.88,146.12,9.3,2718.3,20.0,30.0,66.5,40.6,0.0,⚠️ SAHTE KÂR (FAALİYET KÂRI YETERSİZ),0.0,-1.6489988221436933,-3.4522629666336244,Commercial Services,Personnel Services,1.83832760803714,US_SMALL_CAP
ACIW,51.29,52.04,52.43,51.02,944568.0,-2.5830959164292486,48446892.72,61.08,38.0545,5177994715.511111,15.6173773684003,23.468313886982383,3.4687069074540338,2.0087509944311814,1.2639418336903427,2026-09-15,34.8,36.53,61.08,128.22,19.1,5178.0,20.0,30.0,12.6,44.2,0.0,⚠️ ELENDİ (ZOMBİ VEYA PRİMLİ),0.0,-4.948109710896964,-1.2704523580365807,Technology Services,Packaged Software,19.0194551930603,US_SMID_CAP
BAND,50.08,49.51,53.18,48.54,971609.0,2.2666938942209507,48658178.72,79.08,12.5,1611613865.7398405,0.593671783939133,15.0,4.261445828241949,203.5151515151515,0.9395645860538808,2026-09-15,300.6,12.0,79.08,125.2,57.9,1611.6,20.0,55.0,10.0,44.2,0.0,⚠️ SAHTE KÂR (FAALİYET KÂRI YETERSİZ),0.0,-6.758517966859062,16.98201354823638,Technology Services,Packaged Software,-1.8239794070346398,US_SMALL_CAP
TNL,65.4,66.95,66.95,64.9,744190.0,-1.1935337664299623,48670026.00000001,81.0,58.07,4002756872.5154862,12.0,17.802700348432058,2.0,5.415860735009682,1.0807363918981148,2026-09-15,12.6,55.75,81.0,163.5,23.9,4002.8,90.0,40.0,10.8,37.8,0.0,⚠️ ELENDİ (ZOMBİ VEYA PRİMLİ),0.0,-12.355936746180646,-0.7436636818940581,Consumer Services,Hotels/Resorts/Cruise lines,17.5867122618466,US_SMID_CAP
CURB,29.24,29.03,29.25,28.79,1668862.0,0.5502063273727653,48797524.879999995,32.15,22.08,3363711838.933975,1.43893857096074,107.57910228108904,1.47684450251705,30.013339261894178,1.1850342999581902,2026-09-15,32.4,21.2,32.15,73.1,10.0,3363.7,20.0,30.0,78.8,44.2,0.0,⚠️ ELENDİ (ZOMBİ VEYA PRİMLİ),0.0,-2.6307026307026398,-0.8813559322033951,Finance,Real Estate Investment Trusts,17.1696708012306,US_SMID_CAP
QURE,43.1,44.73,44.825,42.58,1215989.0,-4.073002448252834,52409125.9,71.5,8.73,2989692590.1491213,-157.607476402086,15.0,9.221815692064103,160.4229607250755,0.9486486237683254,2026-09-15,393.7,8.38,71.5,107.75,65.9,2989.7,20.0,55.0,10.0,33.2,0.0,⚠️ SAHTE KÂR (FAALİYET KÂRI YETERSİZ),0.0,-8.414789630259245,-0.6340057636887575,Health Technology,Biotechnology,-1093.17694944299,US_SMALL_CAP
OII,47.68,46.86,48.285,46.52,1024636.0,2.4054982817869357,48854644.48,54.25,22.02,4745573748.865979,34.8979198162512,13.729160067954735,4.076377359006759,95.0900163666121,1.2460896887937714,2026-09-15,116.5,21.14,54.25,119.2,13.8,4745.6,20.0,70.0,34.5,55.6,0.0,⚠️ ELENDİ (ZOMBİ VEYA PRİMLİ),0.0,-7.3094867807153925,-8.34294502114572,Producer Manufacturing,Industrial Machinery,10.3728127823515,US_SMID_CAP
SHOO,40.46,42.48,43.17,40.375,1207489.0,-4.4402456306093585,48855004.94,49.7,31.015,2960745213.722248,16.1621540212756,20.284768875965106,3.1506682905405197,29.554915145693244,1.0540303958075135,2026-09-15,30.5,29.77,49.7,101.15,22.8,2960.7,20.0,55.0,10.5,36.9,0.0,NÖTR,0.0,-14.079422382671485,-6.5373065373065335,Consumer Non-Durables,Apparel/Footwear,9.03436408060321,US_SMALL_CAP
IMAX,52.77,53.27,53.74,52.53,926263.0,-1.2352610892756815,48878898.510000005,55.5706,30.74,2894018345.8837733,12.1017121075308,72.257976174175,8.131797686667673,62.219489701813714,1.0957148656935634,2026-09-15,71.7,29.51,55.57,131.93,5.3,2894.0,20.0,30.0,11.0,38.4,0.0,⚠️ ELENDİ (ZOMBİ VEYA PRİMLİ),0.0,-2.71017699115044,3.288314738696417,Consumer Durables,Electronics/Appliances,22.7678678721934,US_SMALL_CAP
EEFT,70.11,71.17,71.63,70.0,697913.0,-1.613808588268321,48930680.43,90.93,62.5,2622366122.4863877,22.3427331887202,11.00835322195704,2.131927090586984,-23.22601839684625,1.1272948883241303,2026-09-15,12.2,60.0,90.93,175.28,29.7,2622.4,90.0,85.0,11.3,39.5,0.0,NÖTR,0.0,-4.728903383611909,-4.43020719738277,Commercial Services,Miscellaneous Commercial Services,11.5507703561469,US_SMALL_CAP
ASH,70.27,69.71,70.96,68.992,697494.0,0.8612028132625151,49012903.379999995,78.25,46.295,3217899975.855461,3.99042298483639,62.16383581033262,1.7208020156916963,32.71010387157695,1.0618697044977687,2026-09-15,51.8,44.44,78.25,175.67,11.4,3217.9,20.0,30.0,31.5,41.5,0.0,⚠️ SAHTE KÂR (FAALİYET KÂRI YETERSİZ),0.0,-4.133697135061393,-3.567997804309055,Consumer Non-Durables,Food: Specialty/Candy,8.5729788388497,US_SMID_CAP
OGN,13.66,13.65,13.68,13.65,3594072.0,0.0732600732600717,49095023.52,13.785,5.69,3587244796.28718,24.036802760207,17.49935946707661,3.565844120925449,27.66355140186917,1.1172947261543413,2026-09-15,140.1,5.46,13.79,34.15,1.0,3587.2,20.0,70.0,11.2,39.5,0.0,⚠️ ELENDİ (ZOMBİ VEYA PRİMLİ),0.0,-0.21913805697589014,-0.7988380537400104,Health Technology,Pharmaceuticals: Major,19.405908274849,US_SMID_CAP
SON,48.28,48.69,48.7,47.815,1022336.0,-0.08278145695364061,49358382.08,60.67,38.65,4773684970.024835,18.9251949473233,7.44361018177333,1.3329556441615824,-0.22731969415168304,0.7630458481631791,2026-09-15,24.9,37.1,60.67,120.7,25.7,4773.7,65.0,70.0,11.2,26.7,0.0,NÖTR,-57.7,-17.058924583404913,-6.957024474850645,Process Industries,Containers/Packaging,9.95874064793606,US_SMID_CAP
WOLF,24.02,23.92,24.4,23.25,2058304.0,0.2504173622704454,49440462.08,80.82,1.2,1271392210.999165,-438.625543365763,15.0,1.3469478621268207,913.5021097046413,0.7914293097890496,2026-09-15,1901.7,1.15,80.82,60.05,236.5,1271.4,20.0,55.0,31.7,29.0,0.0,⚠️ SAHTE KÂR (FAALİYET KÂRI YETERSİZ),0.0,-23.136,-17.172413793103452,Electronic Technology,Semiconductors,-67.2229739888739,US_SMALL_CAP
ATRO,66.64,70.97,71.88,66.265,744933.0,-6.094553653209332,49642335.12,94.46,32.61665362,2860518184.621715,33.6817861559715,35.311572700296736,14.45829138750998,101.32938566770592,1.4002886921875477,2026-09-15,104.3,31.31,94.46,166.6,41.7,2860.5,20.0,75.0,14.0,49.0,0.0,🪤 DÜŞEN BIÇAK (RÖLATİF ÇÖKÜŞ),0.0,-28.04232804232804,-12.107623318385642,Electronic Technology,Aerospace & Defense,13.6584615058009,US_SMALL_CAP
CRC,57.64,56.5,58.01,56.45,863123.0,3.3160064527693165,49750409.72,71.98,43.245,5119578709.52142,-3.55411954765751,15.0,1.5048732149538029,7.2771263726037665,0.9637940874354906,2026-09-15,33.3,41.52,71.98,144.1,24.9,5119.6,20.0,55.0,46.4,50.3,0.0,⚠️ ELENDİ (ZOMBİ VEYA PRİMLİ),0.0,8.713692946058087,4.212619779425055,Energy Minerals,Integrated Oil,21.5796519410977,US_SMID_CAP
AVAH,14.31,14.34,14.45,14.052,3479713.0,-0.48678720445062784,49794693.03,14.695,5.93,3123739654.2851186,199.620030150571,11.636984630397658,10.866758805036223,68.3529411764706,1.1766660192215457,2026-09-15,141.3,5.69,14.7,35.77,2.7,3123.7,20.0,70.0,32.5,41.2,0.0,⚠️ ELENDİ (ZOMBİ VEYA PRİMLİ),0.0,20.151133501259448,6.552494415487721,Health Services,Medical/Nursing Services,11.3902229120723,US_SMID_CAP
RCAT,7.965,7.78,8.15,7.62,6253152.0,2.115384615384616,49806355.68,18.78,5.77,1216369871.273077,-34.4018163584331,15.0,2.5811615713165383,-28.724832214765108,1.1071341063395492,2026-09-15,38.0,5.54,18.78,19.91,135.8,1216.4,20.0,55.0,32.2,49.3,0.0,⚠️ SAHTE KÂR (FAALİYET KÂRI YETERSİZ),0.0,-29.947229551451183,-5.795387344766413,Technology Services,Packaged Software,-150.148167371415,US_SMALL_CAP
BCRX,8.16,8.19,8.23,8.0201,6112996.0,-0.8505467800729074,49882047.36,11.22,6.0,2085166385.2636693,12.0,15.0,2.0,3.4220532319391697,1.3508325148891651,2026-09-15,36.0,5.76,11.22,20.4,37.5,2085.2,20.0,55.0,36.8,47.3,0.0,⚠️ BİYOTEK TUZAĞI (FDA RİSKİ),0.0,-15.70247933884297,-10.545932909449679,Health Technology,Biotechnology,40.8886545263567,US_SMALL_CAP
LGND,276.98,280.53,280.53,270.77,180222.0,-1.3076786032424583,49917889.56,326.63,163.45,5521765087.555747,21.9615878221314,29.611811368763167,5.702687745212692,67.22815914991247,0.9036719098644658,2026-09-15,69.5,156.91,326.63,692.45,17.9,5521.8,20.0,60.0,28.1,31.6,0.0,⚠️ ELENDİ (ZOMBİ VEYA PRİMLİ),0.0,-3.695977191335487,-2.831082266269073,Health Technology,Pharmaceuticals: Major,34.4518176373812,US_SMID_CAP
CDNA,52.64,52.2,53.74,51.7301,949905.0,0.51556234485393,50002999.2,53.74,13.95,2723289411.763987,29.4865120430085,25.37356598862431,6.367608421113751,288.4870848708487,0.8819960657184353,2026-09-15,277.3,13.39,53.74,131.6,2.1,2723.3,20.0,30.0,10.0,33.4,0.0,⚠️ SAHTE KÂR (FAALİYET KÂRI YETERSİZ),0.0,11.916657808015318,4.237623762376239,Health Technology,Medical Specialties,-0.396647812979574,US_SMALL_CAP
TARS,78.23,80.01,80.01,77.77,623982.0,-2.1513445903689794,48814111.86,91.53,50.71,3432966615.4340215,-13.6826114604677,15.0,9.762921862929726,56.978027490719384,0.6567648786533995,2026-09-15,54.3,48.68,91.53,195.58,17.0,3433.0,20.0,55.0,10.0,23.0,0.0,⚠️ SAHTE KÂR (FAALİYET KÂRI YETERSİZ),0.0,13.673350770124982,-12.757890041262403,Health Technology,Pharmaceuticals: Major,-8.0047037014436,US_SMID_CAP
NOVT,138.23,141.4,141.4,137.81,401352.0,-1.2995358800428571,55478886.95999999,176.375,98.27,5227550197.568796,5.10888769779906,88.35410674336848,3.2338020392861444,20.27320977986599,1.3982119976338339,2026-09-15,40.7,94.34,176.38,345.57,27.6,5227.6,20.0,30.0,14.0,48.9,0.0,⚠️ ELENDİ (ZOMBİ VEYA PRİMLİ),0.0,-16.978978978978983,-6.827985980048546,Electronic Technology,Electronic Equipment/Instruments,11.6460247120761,US_SMID_CAP
FLO,6.14,5.96,6.16,5.92,9058267.0,2.3333333333333277,55617759.379999995,13.79,5.92,1302032551.6366668,4.01074854148486,23.80767739433889,0.983778864456422,-55.377906976744185,1.087268854301229,2026-09-15,3.7,5.68,13.79,15.35,124.6,1302.0,100.0,40.0,69.2,49.7,0.0,⚠️ SAHTE KÂR (FAALİYET KÂRI YETERSİZ),0.0,-18.675496688741724,-1.9169329073482446,Consumer Non-Durables,Food: Specialty/Candy,6.2909198943476605,US_SMALL_CAP
SBRA,20.27,20.47,20.51,20.075,2747334.0,-1.1219512195121972,55688460.18,22.77,17.165,5178230009.737072,2.39613723973895,77.93156478277585,1.882497601603327,6.12565445026177,1.2143152081583575,2026-09-15,18.1,16.48,22.77,50.67,12.3,5178.2,90.0,30.0,12.1,42.5,0.0,⚠️ ELENDİ (ZOMBİ VEYA PRİMLİ),0.0,2.1158690176322326,-1.887705711519848,Finance,Real Estate Investment Trusts,18.796699059437,US_SMID_CAP
COHU,49.97,51.07,51.16,48.14,1116049.0,0.0,55768968.53,74.6,18.6652,2365501519.9999995,-4.83648998119157,15.0,3.2474558779471296,141.51764137264377,1.1307519413428935,2026-09-15,167.7,17.92,74.6,124.92,49.3,2365.5,20.0,55.0,26.1,39.6,0.0,⚠️ SAHTE KÂR (FAALİYET KÂRI YETERSİZ),0.0,-13.035154890358514,-2.4785323965651895,Electronic Technology,Semiconductors,-6.38174512055109,US_SMALL_CAP
VSNT,37.49,37.46,37.815,37.15,1493559.0,-0.19965393318247235,55993526.910000004,59.0,27.17,5203323038.077999,8.15249582682677,7.051233824857057,0.6430158937612194,-31.836363636363632,1.0749554416722782,2026-09-15,38.0,26.08,59.0,93.73,57.4,5203.3,20.0,55.0,12.3,37.6,0.0,⚠️ ELENDİ (ZOMBİ VEYA PRİMLİ),0.0,-4.337841286042347,-2.318916102136531,Consumer Services,Cable/Satellite TV,19.2913385826772,US_SMID_CAP
BIRK,30.01,30.75,30.82,29.93,1867613.0,-2.120026092628828,56047066.13,50.73,29.93,5338413373.272669,12.4492651908338,14.02729737309526,1.6664223394992628,-35.32327586206896,0.8125487173427389,2026-09-15,0.3,28.21,50.73,75.03,69.0,5338.4,65.0,55.0,10.0,28.4,0.0,🪤 DÜŞEN BIÇAK (RÖLATİF ÇÖKÜŞ),0.0,-24.503144654088047,-11.735294117647054,Consumer Non-Durables,Apparel/Footwear,24.4594353623425,US_SMID_CAP
NG,7.25,7.22,7.315,6.9,7731238.0,0.27662517289072713,56051475.5,14.398,5.075,3181159645.816044,-24.6279170519184,15.0,7.5558612639653155,4.166666666666667,1.4604585970844581,2026-09-15,42.9,4.87,14.4,18.12,98.6,3181.2,20.0,55.0,62.7,52.5,0.0,⚠️ ELENDİ (ZOMBİ VEYA PRİMLİ),0.0,-7.760814249363871,-9.375,Non-Energy Minerals,Precious Metals,10.0,US_SMID_CAP
COGT,32.74,33.37,33.93,32.69,1712414.0,-2.005387608500433,56064434.36000001,43.73,11.6,5681207774.839869,-109.736930918909,15.0,12.017016153600517,159.2240696753761,1.0828043923913442,2026-09-15,182.2,11.14,43.73,81.85,33.6,5681.2,20.0,55.0,10.8,37.9,0.0,⚠️ BİYOTEK TUZAĞI (FDA RİSKİ),0.0,-10.887316276537833,-4.156908665105371,Health Technology,Biotechnology,10.0,US_SMID_CAP
POR,47.45,47.86,48.04,47.28,1183955.0,-1.3103161397670453,56178664.75,54.62,42.01,5580487585.517888,6.44514106583072,21.001150747986195,1.3325275449871972,11.515863689776747,1.5097574974614325,2026-09-15,12.9,40.33,54.62,118.62,15.1,5580.5,90.0,40.0,15.1,52.8,0.0,⚠️ ELENDİ (ZOMBİ VEYA PRİMLİ),0.0,-5.534541110889895,-2.5467241733415382,Utilities,Electric Utilities,17.27842435094,US_SMID_CAP
BLBD,61.8,62.88,63.45,61.63,914604.0,-0.9774074667521221,56522527.199999996,83.39,46.14,1957579189.415158,64.2857224327879,7.511120834244877,2.989163556582254,6.185567010309268,1.7163475098713947,2026-09-15,33.9,44.29,83.39,154.5,34.9,1957.6,20.0,85.0,17.2,60.1,0.0,NÖTR,0.0,-4.996156802459646,-2.707808564231747,Consumer Durables,Motor Vehicles,11.7728457975344,US_SMALL_CAP
BETA,20.66,20.65,21.3048,20.055,2736678.0,-0.09671179883945635,56539767.48,39.5,13.43,4833222354.746615,12.0,15.0,2.991164049277473,-39.23529411764706,1.1299137522926077,2026-09-15,53.8,12.89,39.5,51.65,91.2,4833.2,20.0,55.0,11.3,39.5,0.0,⚠️ SAHTE KÂR (FAALİYET KÂRI YETERSİZ),0.0,-18.048393494644984,-9.026860413914576,Electronic Technology,Aerospace & Defense,-1129.30957584408,US_SMID_CAP
FOUR,42.35,45.06,45.12,42.08,1335540.0,-6.553398058252425,56560119.0,88.5,34.56,3343960785.400485,6.54103722161657,68.13063063063063,5.455020873344334,-51.75438596491228,0.6086348549067989,2026-09-15,22.5,33.18,88.5,105.88,109.0,3344.0,65.0,30.0,10.0,21.3,0.0,⚠️ ELENDİ (ZOMBİ VEYA PRİMLİ),0.0,-11.917637271214636,-6.512141280353191,Commercial Services,Miscellaneous Commercial Services,9.66352286747945,US_SMID_CAP
GTX,25.63,26.4,26.6,25.43,2207707.0,-2.1942377408891405,56583530.41,36.25,12.2644,4779826038.589582,12.0,14.023089128412758,2.0,95.20182787509518,0.7229304311421344,2026-09-15,109.0,11.77,36.25,64.08,41.4,4779.8,20.0,55.0,10.0,25.3,0.0,⚠️ ELENDİ (ZOMBİ VEYA PRİMLİ),0.0,-9.848751319029196,-8.33333333333334,Producer Manufacturing,Auto Parts: OEM,14.8108684070325,US_SMID_CAP
EXK,9.64,9.77,9.82,9.43,5912778.0,-0.8230452674897125,56999179.92,15.15,6.02,2854832684.534713,10.4055395872668,56.373741532242974,4.012148452555962,57.259380097879294,0.6883492120026486,2026-09-15,60.1,5.78,15.15,24.1,57.2,2854.8,20.0,30.0,12.3,24.1,0.0,⚠️ ELENDİ (ZOMBİ VEYA PRİMLİ),0.0,-8.97072710103871,-12.87844554902846,Non-Energy Minerals,Precious Metals,26.264271972937404,US_SMALL_CAP
FCN,146.92,149.16,150.36,146.79,324043.0,-2.611692960360616,47608397.559999995,189.3,137.65,4056692494.3075695,15.6340884851435,17.762839733049617,3.0520637368627472,-10.343565021053285,1.0209677048383352,2026-09-15,6.7,132.14,189.3,367.3,28.8,4056.7,90.0,40.0,10.2,35.7,0.0,⚠️ ELENDİ (ZOMBİ VEYA PRİMLİ),0.0,-4.286644951140073,-2.059862675821614,Commercial Services,Miscellaneous Commercial Services,9.68580342847939,US_SMID_CAP
PJT,155.33,159.65,160.51,155.06,369777.0,-3.3957335655202314,57437461.410000004,195.62,127.73,3971002963.315194,83.2257903056947,32.24018763361631,12.735714853797143,-15.452863052471145,0.9693022948571357,2026-09-15,21.6,122.62,195.62,388.33,25.9,3971.0,65.0,75.0,10.0,33.9,0.0,NÖTR,0.0,-13.01937506999664,-14.569354306456926,Finance,Investment Banks/Brokers,21.0196369418312,US_SMID_CAP
BANC,18.6,18.4,18.775,18.26,3098893.0,0.7583965330444234,57639409.800000004,21.93,15.33,2946757901.1809316,-0.657248388142792,15.0,1.0120647917350218,11.846061334936875,1.228768026915033,2026-09-15,21.3,14.72,21.93,46.5,17.9,2946.8,90.0,55.0,34.7,46.8,0.0,⚠️ SAHTE KÂR (FAALİYET KÂRI YETERSİZ),0.0,-5.1020408163265305,-1.326259946949602,Finance,Regional Banks,-5.356714614733737,US_SMALL_CAP
COLD,14.98,14.87,15.12,14.765,3848138.0,0.06680026720106738,57645107.24,16.88,10.1,4276498869.653975,-16.5000468510827,15.0,1.7708697831452918,8.00288392213411,0.9785875282220702,2026-09-15,48.3,9.7,16.88,37.45,12.7,4276.5,20.0,55.0,24.6,34.6,0.0,⚠️ SAHTE KÂR (FAALİYET KÂRI YETERSİZ),0.0,-0.5972130059721291,5.492957746478882,Finance,Real Estate Investment Trusts,6.417393086790281,US_SMID_CAP
GBCI,45.25,45.83,46.24,45.2,1275248.0,-1.092896174863388,57704972.0,54.575,39.895,5892091183.076502,7.94579063146965,18.515487540406724,1.3660125805985157,-7.991053273688491,1.4391997664322675,2026-09-15,13.4,38.3,54.58,113.12,20.6,5892.1,90.0,40.0,14.4,50.4,0.0,⚠️ ELENDİ (ZOMBİ VEYA PRİMLİ),0.0,-8.806932688432079,-3.2292557741659498,Finance,Regional Banks,34.43813809779689,US_SMID_CAP
ZD,59.21,57.18,60.0,56.855,974585.0,3.243243243243242,57705177.85,60.0,22.45,2030145564.2054057,-2.752666161289,15.0,0.9252243407288255,60.156883959967544,1.663546402324971,2026-09-15,163.7,21.55,60.0,148.03,1.3,2030.1,20.0,55.0,51.5,74.4,0.0,⚠️ ELENDİ (ZOMBİ VEYA PRİMLİ),0.0,6.130130847822193,7.42017416545719,Technology Services,Internet Software/Services,10.2001657606193,US_SMALL_CAP
CRI,29.15,30.7,30.815,28.86,1983679.0,-4.426229508196726,57824242.849999994,44.44,27.15,1070131055.652459,20.1784475541203,5.457268557521295,1.0416897458419963,-2.540956201939156,1.1960321483242682,2026-09-15,7.4,26.06,44.44,72.88,52.5,1070.1,100.0,70.0,12.0,41.9,0.0,🪤 DÜŞEN BIÇAK (RÖLATİF ÇÖKÜŞ),0.0,-25.06426735218509,-13.244047619047628,Retail Trade,Apparel/Footwear Retail,8.91881915104249,US_SMALL_CAP
OGS,76.35,77.3,77.56,76.06,762422.0,-1.203416149068332,58210919.699999996,90.78,74.42,4799076125.978261,8.57612387334484,16.4756910727002,1.3552054800356133,0.8853065539111885,1.5343885102894042,2026-09-15,2.6,71.44,90.78,190.88,18.9,4799.1,65.0,40.0,15.3,53.7,0.0,⚠️ ELENDİ (ZOMBİ VEYA PRİMLİ),0.0,-5.519118920925638,-4.930892790437066,Utilities,Gas Distributors,20.6491173507589,US_SMID_CAP
FLY,20.49,21.21,21.665,20.42,2859567.0,-4.073033707865173,58592527.83,62.17,16.0,3430121332.219101,-56.8667761871235,15.0,2.784784665064747,-53.70537731586082,1.3296140968618961,2026-09-15,28.1,15.36,62.17,51.22,203.4,3430.1,20.0,55.0,13.3,46.5,0.0,⚠️ SAHTE KÂR (FAALİYET KÂRI YETERSİZ),0.0,-26.162162162162165,-7.053753685643018,Electronic Technology,Aerospace & Defense,-116.40343817179,US_SMID_CAP
NXST,168.8,169.46,170.75,167.01,347181.0,-1.0086793338024858,58604152.800000004,254.3,154.47,5200441173.638284,7.34350807343508,32.21189626548098,2.2958567809721346,-18.414693088448523,0.9904834776773831,2026-09-15,9.3,148.29,254.3,422.0,50.7,5200.4,100.0,30.0,10.0,34.7,0.0,⚠️ ELENDİ (ZOMBİ VEYA PRİMLİ),0.0,-9.771220868077828,-4.541084657580727,Consumer Services,Broadcasting,18.0054458815521,US_SMID_CAP
SLS,11.29,11.6,11.7,11.03,5236473.0,-3.7100213219616247,59119780.169999994,15.8765,1.39,2279967131.6179104,-39.6337108146882,15.0,16.560565611523455,503.7433155080212,0.7319210582902057,2026-09-15,712.2,1.33,15.88,28.22,40.7,2280.0,20.0,55.0,10.0,25.6,0.0,⚠️ BİYOTEK TUZAĞI (FDA RİSKİ),0.0,-8.951612903225815,-18.010167029774877,Health Technology,Pharmaceuticals: Major,10.0,US_SMALL_CAP
BKU,44.6,44.47,44.822,44.13,1328006.0,0.2923319091522432,59229067.6,52.11,35.1,3176958276.285136,9.00886471777856,12.249045618082448,1.07329291078,13.255459624174705,1.4689017321348123,2026-09-15,27.1,33.7,52.11,111.5,16.8,3177.0,20.0,55.0,39.8,52.9,0.0,⚠️ ELENDİ (ZOMBİ VEYA PRİMLİ),0.0,-7.69867549668874,-3.442303528902352,Finance,Major Banks,32.413633986800015,US_SMID_CAP
BC,68.8,69.55,70.75,68.36,864310.0,-1.9104647847162866,59464528.0,90.25,58.56,4458063278.95067,-4.82741300890142,15.0,2.6574911120827776,4.910033546813051,1.1447271771749101,2026-09-15,17.5,56.22,90.25,172.0,31.2,4458.1,100.0,55.0,11.4,40.1,0.0,⚠️ SAHTE KÂR (FAALİYET KÂRI YETERSİZ),0.0,-15.135068459356107,-7.439795506524958,Producer Manufacturing,Trucks/Construction/Farm Machinery,5.88465159239063,US_SMID_CAP
OPCH,23.52,23.94,24.165,23.31,2534033.0,-1.9591496456856978,59600456.16,36.8,18.01,3522948995.1946645,15.9991083445363,17.796610169491522,2.7960688603285146,-17.415730337078656,1.6265543935107616,2026-09-15,30.6,17.29,36.8,58.8,56.5,3522.9,20.0,40.0,16.3,56.9,0.0,⚠️ SAHTE KÂR (FAALİYET KÂRI YETERSİZ),0.0,-2.2850020772746187,-1.4662756598240527,Health Services,Medical/Nursing Services,5.86093022308184,US_SMID_CAP
PATK,70.8,72.89,72.93,70.2125,847525.0,-2.9871197588380474,60004770.0,148.5,70.2125,2273973141.9183335,12.9525962047942,16.83469659501617,2.0108614922580412,-35.96816496337162,1.617679927942359,2026-09-15,0.8,65.49,148.5,177.0,109.7,2274.0,65.0,55.0,16.2,56.6,0.0,⚠️ ELENDİ (ZOMBİ VEYA PRİMLİ),0.0,-17.770034843205572,-14.056809905316822,Consumer Durables,Home Furnishings,7.01898481088183,US_SMALL_CAP
THO,71.32,72.94,73.2499,71.145,801834.0,-2.9395753946652294,57186800.879999995,122.83,69.71,3712731743.319542,6.14793310306323,14.3746850750781,0.8605517618506254,-32.2310908399848,1.320119309490643,2026-09-15,2.3,66.92,122.83,178.3,72.2,3712.7,65.0,55.0,13.2,46.2,0.0,⚠️ SAHTE KÂR (FAALİYET KÂRI YETERSİZ),0.0,-8.937691521961186,-7.938556860720286,Consumer Durables,Recreational Products,2.54144540895553,US_SMID_CAP
BGC,12.14,12.08,12.275,11.78,4324538.0,-0.1644736842105228,52499891.32,12.885,8.265,5772163272.0625,19.5370164812388,30.44132397191575,5.190540731207806,18.67057673509286,1.526610462807955,2026-09-15,46.9,7.93,12.88,30.35,6.1,5772.2,20.0,45.0,47.1,53.4,0.0,⚠️ ELENDİ (ZOMBİ VEYA PRİMLİ),0.0,10.968921389396721,0.5799502899751473,Finance,Investment Banks/Brokers,9.03314598207504,US_SMID_CAP
SRPT,20.72,20.81,21.06,20.29,2534746.0,-0.9560229445506827,52519937.12,25.32,14.68,2188591899.564053,-18.4462476037049,15.0,1.4324656730203524,18.603319977103606,0.7816083887102606,2026-09-15,41.1,14.09,25.32,51.8,22.2,2188.6,20.0,55.0,16.0,27.4,0.0,⚠️ SAHTE KÂR (FAALİYET KÂRI YETERSİZ),0.0,13.721185510428102,4.3303121852970765,Health Technology,Pharmaceuticals: Major,-3.15238884409201,US_SMALL_CAP
MIR,15.67,15.34,15.92,15.2665,3361486.0,1.8855656697009047,52674485.62,30.277,14.11,3902419949.009753,1.49022231683951,177.6643990929705,2.137279639922256,-31.869565217391305,0.8705318146713307,2026-09-15,11.1,13.55,30.28,39.17,93.2,3902.4,100.0,30.0,25.1,39.9,0.0,⚠️ SAHTE KÂR (FAALİYET KÂRI YETERSİZ),0.0,0.8365508365508416,-8.201523140011718,Electronic Technology,Aerospace & Defense,6.82017757830032,US_SMID_CAP
FRVO,15.16,15.1,15.37,14.85,3492988.0,1.3368983957219203,52953698.08,42.65,14.6,4468610050.184492,12.0,15.0,1.5994530630159187,-57.888888888888886,0.3400946981508005,2026-09-15,3.8,14.02,42.65,37.9,181.3,4468.6,100.0,55.0,16.9,18.6,0.0,🪤 DÜŞEN BIÇAK (RÖLATİF ÇÖKÜŞ),0.0,-26.26459143968871,-18.582169709989262,Utilities,Alternative Power Generation,10.0,US_SMID_CAP
TREX,43.63,43.73,43.93,43.015,1214769.0,-0.0687127805771737,53000371.470000006,59.0299,29.77,4444378163.352496,17.7409722618187,25.779957456865993,4.400008471251699,-28.25193224798553,0.7794336924521778,2026-09-15,46.6,28.58,59.03,109.08,35.3,4444.4,20.0,45.0,31.9,27.3,0.0,⚠️ ELENDİ (ZOMBİ VEYA PRİMLİ),0.0,-12.600160256410254,-4.88336603444516,Non-Energy Minerals,Forest Products,20.1669847130752,US_SMID_CAP
REZI,18.71,19.16,19.3,18.56,2845672.0,-3.7056098816263456,53242523.120000005,31.50191285,18.5,2841064554.5244474,15.1957295373665,8.277296053795789,1.1231483210103173,-29.58327550298676,1.4098078947541821,2026-09-15,1.1,17.31,31.5,46.78,68.4,2841.1,65.0,70.0,14.1,49.3,0.0,NÖTR,-85.2,-8.99805447470816,-5.505050505050504,Distribution Services,Electronics Distributors,8.33768949294302,US_SMALL_CAP
LCID,4.12,4.15,4.1598,4.01,12929280.0,-0.9615384615384623,53268633.6,25.23,2.37,1623569124.9615383,-125.9916264669,15.0,2.0,-78.77929436003089,1.1809708206597611,2026-09-15,73.8,2.28,25.23,10.3,512.4,1623.6,20.0,55.0,44.6,41.3,0.0,⚠️ SAHTE KÂR (FAALİYET KÂRI YETERSİZ),0.0,-36.22291021671827,-11.777301927194857,Consumer Durables,Motor Vehicles,-258.985199615803,US_SMALL_CAP
CVI,52.17,48.87,52.55,48.69,1021527.0,7.279457125231337,53293063.59,52.55,19.62,5244681595.103023,13.9253279515641,75.98310515584038,9.989870344235959,70.76923076923077,0.7881431529491205,2026-09-15,165.9,18.84,52.55,130.43,0.7,5244.7,20.0,30.0,64.1,64.0,0.0,⚠️ SAHTE KÂR (FAALİYET KÂRI YETERSİZ),0.0,45.64489112227806,15.933333333333339,Energy Minerals,Oil Refining/Marketing,6.79886685552408,US_SMID_CAP
TNK,99.25,100.3,102.82,99.16,538804.0,-0.75,53476297.0,102.82,47.18,3442001145.7749996,28.0356296347863,5.849211166836594,1.4487238603871018,85.54870069171807,0.9331340306847797,2026-09-15,110.4,45.29,102.82,248.12,3.6,3442.0,20.0,85.0,10.0,32.7,0.0,⚠️ ELENDİ (ZOMBİ VEYA PRİMLİ),0.0,17.66449318316539,5.585106382978723,Transportation,Marine Shipping,38.754386786643,US_SMID_CAP
ARR,15.05,15.3,15.34,15.04,3555879.0,-2.903225806451608,53515978.95,19.31,13.98,2130373245.203226,20.3313718066215,4.039075709186549,0.7957792503072079,-0.46296296296295314,0.9298346582141227,2026-09-15,7.7,13.42,19.31,37.62,28.3,2130.4,90.0,85.0,10.0,32.5,0.0,NÖTR,0.0,-10.149253731343281,-8.063530849114235,Finance,Real Estate Investment Trusts,114.365802521491,US_SMALL_CAP
MC,60.93,62.07,62.195,60.46,879990.0,-2.8384627651092345,53617790.7,78.2162,51.06,4942868889.984053,44.6780004051725,21.21444239406706,8.923615433622096,-18.814123917388404,1.1891816215837836,2026-09-15,19.3,49.02,78.22,152.32,28.4,4942.9,90.0,85.0,11.9,41.6,0.0,NÖTR,0.0,-13.254555808656031,-11.115973741794308,Finance,Investment Banks/Brokers,18.4170333559086,US_SMID_CAP
DCO,166.32,166.97,169.845,156.31,322665.0,1.1063829787234,53665642.8,210.39,84.76,2511395265.017872,-3.54910249744505,15.0,3.6372702103370904,78.3592493297587,1.434983780745205,2026-09-15,96.2,81.37,210.39,415.8,26.5,2511.4,20.0,55.0,47.9,55.8,0.0,⚠️ ELENDİ (ZOMBİ VEYA PRİMLİ),0.0,-16.673346693386772,-0.994106792070966,Electronic Technology,Aerospace & Defense,10.3557092463552,US_SMALL_CAP
KLIC,78.79,80.54,81.05,78.435,683969.0,-0.8307111390811788,53889917.510000005,135.8,35.02,4123010655.739585,13.2312231670728,36.180373788859804,4.521394418927077,103.01468693635661,1.1843516506350595,2026-09-15,125.0,33.62,135.8,196.98,72.4,4123.0,20.0,30.0,11.8,41.5,0.0,⚠️ ELENDİ (ZOMBİ VEYA PRİMLİ),0.0,-16.624338624338616,-4.392670792379554,Producer Manufacturing,Industrial Machinery,13.0568619877859,US_SMID_CAP
BH.A,1768.61,1813.47,1835.69,1692.5,30564.0,-2.967043216345081,54055796.04,2513.0,1238.0,1127264346.55998,-5.25102508750532,15.0,10.209313408794621,16.228986764454596,1.5682692801067268,2026-09-15,42.9,1188.48,2513.0,4421.52,42.1,1127.3,20.0,55.0,20.1,54.9,0.0,⚠️ SAHTE KÂR (FAALİYET KÂRI YETERSİZ),0.0,-8.50439730988102,-9.40472592600182,Consumer Services,Restaurants,5.17415658313856,US_SMALL_CAP
BFLY,7.8,7.39,8.14,7.3,7108962.0,5.263157894736838,55449903.6,10.05,1.6,2116024383.1578946,-35.4566254387669,15.0,10.8895962472776,393.67088607594934,1.7355299447896386,2026-09-15,387.5,1.54,10.05,19.5,28.8,2116.0,20.0,55.0,30.7,87.1,0.0,⚠️ SAHTE KÂR (FAALİYET KÂRI YETERSİZ),0.0,-9.82658959537573,6.8493150684931505,Health Technology,Medical Specialties,-60.0338847028401,US_SMALL_CAP
DYN,17.9,18.52,18.62,17.87,3029307.0,-3.3477321814254912,54224595.3,27.305,11.92,3342761442.435205,-81.5652687351405,15.0,4.223461209042454,33.9820359281437,0.6944904359857504,2026-09-15,50.2,11.44,27.3,44.75,52.5,3342.8,20.0,55.0,10.0,24.3,0.0,⚠️ BİYOTEK TUZAĞI (FDA RİSKİ),0.0,-30.43140303148077,4.800936768149885,Health Technology,Biotechnology,10.0,US_SMID_CAP
MMYT,47.9,50.33,50.59,47.57,1133371.0,-5.242334322453014,54288470.9,103.235,32.67,4505409744.826903,12.0,144.01683704149127,2.0,-50.97738204892027,1.7522181958616971,2026-09-15,46.6,31.36,103.23,119.75,115.5,4505.4,20.0,30.0,17.5,61.3,0.0,🪤 DÜŞEN BIÇAK (RÖLATİF ÇÖKÜŞ),0.0,-22.025069184437573,-13.003995641118784,Technology Services,Internet Software/Services,14.9457351771055,US_SMID_CAP
COLM,56.49,57.59,57.59,56.18,961244.0,-2.0461245014739027,54300673.56,69.06,47.47,2891903513.4069705,12.6576344950075,14.647996888370285,1.8056247656667275,3.2723948811700168,1.594981778515756,2026-09-15,19.0,45.57,69.06,141.22,22.3,2891.9,90.0,55.0,15.9,55.8,0.0,⚠️ ELENDİ (ZOMBİ VEYA PRİMLİ),0.0,-2.6034482758620654,-1.9270833333333324,Consumer Non-Durables,Apparel/Footwear,7.641644094935731,US_SMALL_CAP
HCI,186.22,185.82,187.19,184.04,292027.0,-0.16084066051898527,54381267.94,210.5,144.75,2316365971.644006,33.7631072523805,8.024994613229907,2.150327549088484,3.277688425489433,2.2049891572887783,2026-09-15,28.6,138.96,210.5,465.55,13.0,2316.4,65.0,100.0,48.9,77.2,0.0,NÖTR,0.0,-0.19829572860282144,0.5453269261918854,Finance,Property/Casualty Insurance,51.0373605229549,US_SMALL_CAP
BIPC,35.2,35.9,36.17,35.19,1545553.0,-1.7308766052484574,54403465.6,51.72,34.18,4329271520.7146845,12.0,15.0,2.0,-12.350597609561738,1.2071361284976752,2026-09-15,3.0,32.81,51.72,88.0,46.9,4329.3,65.0,55.0,12.1,42.2,0.0,⚠️ ELENDİ (ZOMBİ VEYA PRİMLİ),0.0,-13.172175629008379,-5.85718106445573,Utilities,Gas Distributors,60.156883959966,US_SMID_CAP
SDRL,49.76,46.71,49.828,46.42,1095840.0,6.165991039044166,54528998.4,55.47,28.1,3100202594.6695113,0.03487358326068,2909.941520467836,1.0866140115994298,51.707317073170735,1.925073153798736,2026-09-15,77.1,26.98,55.47,124.4,11.5,3100.2,20.0,30.0,86.5,98.2,0.0,⚠️ ELENDİ (ZOMBİ VEYA PRİMLİ),0.0,5.067567567567565,-0.08032128514056054,Industrial Services,Contract Drilling,9.33420365535248,US_SMID_CAP
FHB,25.85,25.77,25.965,25.63,2110138.0,0.27152831652443865,54547067.300000004,30.58,22.645,3145444460.5740886,10.3224792064157,11.2225405921681,1.1130266747499242,0.31043849437330945,1.2502851470979817,2026-09-15,14.2,21.74,30.58,64.62,18.3,3145.4,90.0,55.0,34.4,45.1,0.0,⚠️ ELENDİ (ZOMBİ VEYA PRİMLİ),0.0,-7.14798850574712,-0.5386687187379647,Finance,Regional Banks,40.91790804195535,US_SMID_CAP
ASAN,9.5,9.43,9.745,9.35,5748074.0,-1.656314699792962,54606703.0,15.48,5.38,2175216107.3498964,-93.7974148547034,15.0,21.006080707573247,-28.67867867867868,0.7801512426137336,2026-09-15,76.6,5.16,15.48,23.75,62.9,2175.2,20.0,55.0,10.0,27.3,0.0,⚠️ SAHTE KÂR (FAALİYET KÂRI YETERSİZ),0.0,-3.455284552845527,8.820160366552114,Technology Services,Packaged Software,-14.9699261103671,US_SMALL_CAP
SR,80.22,81.15,81.16,79.575,681215.0,-1.4011799410029506,54647067.3,95.31,75.3096,4742349297.660767,6.49847094801223,8.940054161883852,1.3233673314352201,5.289408058800369,1.3355488736014736,2026-09-15,6.5,72.3,95.31,200.55,18.8,4742.3,90.0,55.0,13.4,46.7,0.0,⚠️ ELENDİ (ZOMBİ VEYA PRİMLİ),0.0,-3.882099209202007,-2.798982188295168,Utilities,Gas Distributors,19.7082594125764,US_SMID_CAP
CCXI,12.05,12.03,12.5,11.77,4545481.0,0.41666666666667257,54773046.050000004,19.69,10.07,671185018.0750002,-97.7367162769563,15.0,2.501811477605154,18.137254901960798,2.5892016595795364,2026-09-15,19.7,9.67,19.69,30.12,63.4,671.2,100.0,55.0,25.9,92.7,0.0,🪤 DÜŞEN BIÇAK (RÖLATİF ÇÖKÜŞ),0.0,-27.540589296452186,-9.805389221556878,Finance,Financial Conglomerates,10.0,US_MICRO_CAP
FCEL,15.25,15.19,15.65,15.04,3607449.0,-0.19633507853402724,55013597.25,37.88,5.71,1219301423.2493458,-21.2116935544929,15.0,1.2494633452517117,119.74063400576367,0.4294276277917016,2026-09-15,167.1,5.48,37.88,38.12,148.4,1219.3,20.0,55.0,10.0,15.0,0.0,⚠️ SAHTE KÂR (FAALİYET KÂRI YETERSİZ),0.0,-24.26123665259499,0.49423393739702987,Electronic Technology,Electronic Equipment/Instruments,-87.9483835808404,US_SMALL_CAP
VISN,6.73,6.5,6.78,6.5,8174856.0,4.098994586233575,55016780.88,20.55,6.0003,1552115734.4593966,47.4029400678477,7.30727470141151,0.5996256126561098,-59.1626213592233,1.0082422014329502,2026-09-15,12.2,5.76,20.55,16.83,205.3,1552.1,100.0,85.0,55.1,55.8,0.0,🪤 DÜŞEN BIÇAK (RÖLATİF ÇÖKÜŞ),0.0,-41.35076252723311,5.156250000000001,Electronic Technology,Telecommunications Equipment,12.324567379752,US_SMALL_CAP
ERO,32.53,33.86,33.86,31.91,1700967.0,-3.4144893111638916,55332456.510000005,40.83,16.37,3392964634.2862334,30.2298214478011,11.28992043677589,2.7992838349411318,90.79178885630498,1.117030267838978,2026-09-15,98.7,15.72,40.83,81.33,25.5,3393.0,20.0,100.0,11.2,39.1,0.0,⚠️ ELENDİ (ZOMBİ VEYA PRİMLİ),0.0,-6.280610774992796,-11.675264729839798,Non-Energy Minerals,Other Metals/Minerals,35.8803566588874,US_SMID_CAP
EPR,58.69,58.71,58.95,58.0,943184.0,-0.20404693079409036,55355468.96,64.97,48.105,4496177905.800543,11.3464130597574,18.83262739057887,1.945500784962661,0.2391118701964143,1.0505097486775403,2026-09-15,22.0,46.18,64.97,146.72,10.7,4496.2,65.0,40.0,42.2,36.8,0.0,⚠️ ELENDİ (ZOMBİ VEYA PRİMLİ),0.0,-4.863024801426487,-1.9381787802840496,Finance,Real Estate Investment Trusts,36.6355102452811,US_SMID_CAP
MIAX,39.51,41.48,41.585,39.19,1401227.0,-5.410581757242052,55362478.769999996,57.14,35.43,3920612743.6009097,18.1434392027883,50.8887171561051,3.3870291613695223,5.359999999999995,0.9583530706580952,2026-09-15,11.5,34.01,57.14,98.77,44.6,3920.6,100.0,45.0,10.0,33.5,0.0,NÖTR,-47.2,-9.897377423033074,-6.639886578449911,Finance,Investment Banks/Brokers,9.19046375426091,US_SMID_CAP
SKY,84.64,83.235,85.235,82.12,638930.0,1.050620821394455,54079035.2,99.1651,63.69,4594270514.638013,12.177220272417,24.769541424014516,2.9206329050152484,11.706480137257497,1.3704832909273506,2026-09-15,32.9,61.14,99.17,211.6,17.2,4594.3,20.0,30.0,57.0,53.2,0.0,⚠️ SAHTE KÂR (FAALİYET KÂRI YETERSİZ),0.0,-11.529215009929967,-2.8466483011937602,Consumer Durables,Homebuilding,8.92823534033911,US_SMID_CAP
BRZE,25.42,24.88,25.97,24.88,1551400.0,-0.7031249999999989,39436588.0,37.3273,15.26,2887316173.860156,-18.8555030244096,15.0,4.789277444613382,-16.38157894736841,0.424254620810742,2026-09-15,66.6,14.65,37.33,63.55,46.9,2887.3,20.0,55.0,10.0,14.8,0.0,⚠️ SAHTE KÂR (FAALİYET KÂRI YETERSİZ),0.0,-15.26666666666666,-19.493269992082336,Technology Services,Internet Software/Services,-13.192950238600098,US_SMALL_CAP
BCO,108.85,108.37,110.525,107.24,363809.0,-0.3934846266471512,39600609.65,136.37,91.05,4483491438.259516,64.1302424349673,25.182186234817813,14.443216332444758,-6.365591397849467,0.8715695674026671,2026-09-15,19.5,87.41,136.37,272.12,25.3,4483.5,90.0,45.0,10.0,30.5,0.0,NÖTR,0.0,-5.446490618485067,0.7403979639055966,Commercial Services,Miscellaneous Commercial Services,10.3823840624658,US_SMID_CAP
UTI,20.55,20.16,20.6399,19.68,1935404.0,1.0821446138711384,39772552.2,51.34,19.52,1132206974.5794392,10.5345933683821,33.403771131339404,3.2883630352790947,-24.697691462074015,1.2522961249104891,2026-09-15,5.3,18.74,51.34,51.38,149.8,1132.2,100.0,30.0,69.4,49.2,0.0,⚠️ SAHTE KÂR (FAALİYET KÂRI YETERSİZ),0.0,-19.85179407176287,-7.265342960288806,Commercial Services,Miscellaneous Commercial Services,5.13323411744068,US_SMALL_CAP
AESI,13.63,13.26,13.865,13.16,2919944.0,3.7290715372907166,39798836.72,20.13,7.6417,1703797151.0867581,-9.92520759474453,15.0,1.530801913333925,25.160697887970613,0.8947867224219375,2026-09-15,78.4,7.34,20.13,34.08,47.7,1703.8,20.0,55.0,32.3,50.0,0.0,⚠️ SAHTE KÂR (FAALİYET KÂRI YETERSİZ),0.0,15.313028764805418,-1.3748191027496346,Industrial Services,Oilfield Services/Equipment,-9.39067469310847,US_SMALL_CAP
MBX,61.08,58.79,61.195,58.394,652589.0,2.6727181038829992,39860136.12,72.64,9.64,2941618931.614725,-33.172916355216,15.0,7.151395798379344,467.1309192200557,1.853858069801802,2026-09-15,533.6,9.25,72.64,152.7,18.9,2941.6,20.0,55.0,82.8,78.2,0.0,⚠️ BİYOTEK TUZAĞI (FDA RİSKİ),0.0,-8.835820895522392,0.37797863599013454,Health Technology,Biotechnology,10.0,US_SMALL_CAP
LION,11.19,11.51,11.57,11.0,3572251.0,-3.7833190025795465,39973488.69,16.7,5.875,3329692990.0808253,12.0,15.0,2.0,51.831750339213016,1.4578905536595195,2026-09-15,90.5,5.64,16.7,27.97,49.2,3329.7,20.0,55.0,14.6,51.0,0.0,⚠️ SAHTE KÂR (FAALİYET KÂRI YETERSİZ),0.0,-5.0890585241730255,0.3587443946188264,Consumer Services,Movies/Entertainment,6.254986990459671,US_SMID_CAP
MRP,29.44,29.4,29.45,29.1,1358012.0,-0.06788866259334547,39979873.28,35.1,26.3001,4540475230.023082,8.11972623428877,10.267499040909566,0.8353704473516572,-15.207373271889395,1.160201972462619,2026-09-15,11.9,25.25,35.1,73.6,19.2,4540.5,90.0,55.0,77.6,40.6,0.0,⚠️ ELENDİ (ZOMBİ VEYA PRİMLİ),0.0,-2.4196221411998686,-8.02874101843173,Finance,Real Estate Development,85.10919172223,US_SMID_CAP
SXT,126.64,128.42,128.42,125.31,316927.0,0.07111813512445944,40135635.28,138.82,82.6,5390154743.244567,13.0712285932143,34.22887723660738,4.278144236700559,19.089712243746472,1.0018191789828719,2026-09-15,53.3,79.3,138.82,316.6,9.6,5390.2,20.0,30.0,10.0,35.4,0.0,⚠️ ELENDİ (ZOMBİ VEYA PRİMLİ),0.0,-2.577121317024393,-5.983667409057156,Consumer Non-Durables,Food: Specialty/Candy,14.048962383275098,US_SMID_CAP
MDU,18.59,19.04,19.04,18.465,2160002.0,-0.6944444444444392,40154437.18,22.98,15.76,3910396258.618056,6.89082859236174,19.549900094647178,1.3360096646896025,14.4,1.1803637276529622,2026-09-15,18.0,15.13,22.98,46.48,23.6,3910.4,90.0,40.0,11.8,41.3,0.0,⚠️ ELENDİ (ZOMBİ VEYA PRİMLİ),0.0,-9.669582118561703,-5.104645227156713,Utilities,Gas Distributors,16.983078331829,US_SMID_CAP
NEOG,12.25,11.95,12.365,11.85,3282446.0,2.510460251046031,40209963.5,12.85,5.095,2671798491.7991633,-0.37875640526263,15.0,1.2742245693381002,122.32304900181488,1.40427125379721,2026-09-15,140.4,4.89,12.85,30.62,4.9,2671.8,20.0,55.0,52.8,61.7,0.0,⚠️ SAHTE KÂR (FAALİYET KÂRI YETERSİZ),0.0,3.0277544154751843,2.596314907872701,Health Technology,Medical Specialties,-1.7283255589512598,US_SMALL_CAP
WTM,2045.94,2057.63,2057.63,2027.64,19654.0,-0.537676227515797,40210904.76,2333.0,1648.0,4883087749.890628,21.8941870664221,4.656260703625777,0.9062390675616165,16.246590909090912,0.8869573850687533,2026-09-15,24.1,1582.08,2333.0,5114.85,14.0,4883.1,65.0,85.0,24.3,31.0,0.0,NÖTR,0.0,-4.29783611342396,-1.7942514832094976,Finance,Multi-Line Insurance,24.0474032295968,US_SMID_CAP
ABCB,84.83,84.81,85.49,84.275,474466.0,0.011789672247117564,40248950.78,93.22,68.8,5692707044.385286,9.39837704968186,15.348012520128096,1.3916499689450266,13.972860405750357,1.4023270543790172,2026-09-15,23.3,66.05,93.22,212.07,9.9,5692.7,65.0,40.0,14.0,49.1,0.0,⚠️ ELENDİ (ZOMBİ VEYA PRİMLİ),0.0,-4.9736753668645655,-0.9111085153603564,Finance,Regional Banks,45.329599004320954,US_SMID_CAP
HIW,30.76,30.66,30.865,30.39,1309413.0,0.3261578604044404,40277543.88,35.435,20.45,3393019106.2818003,7.08170106766496,20.580757393282486,1.4347965210382403,-5.208012326656397,1.099810369847252,2026-09-15,50.4,19.63,35.44,76.9,15.2,3393.0,20.0,40.0,50.1,40.1,0.0,⚠️ ELENDİ (ZOMBİ VEYA PRİMLİ),0.0,-3.3008487896887684,-1.850670070197825,Finance,Real Estate Investment Trusts,25.5870732159583,US_SMID_CAP
DRH,12.39,12.33,12.46,12.255,3256141.0,0.5681818181818205,40343586.99,13.79,7.475,2542854355.789773,9.91874483684428,17.177318730070706,1.6633194432511387,47.67580452920143,1.2136244767915365,2026-09-15,65.8,7.18,13.79,30.98,11.3,2542.9,20.0,55.0,34.3,45.3,0.0,⚠️ ELENDİ (ZOMBİ VEYA PRİMLİ),0.0,1.1428571428571475,2.9069767441860583,Finance,Real Estate Investment Trusts,16.2569981854438,US_SMALL_CAP
BEAM,23.22,23.82,23.84,22.86,2584177.0,-3.731343283582098,60004589.94,38.26,20.23,2398339695.089552,-8.08104982606166,15.0,2.246308392409374,11.206896551724139,1.318128457204183,2026-09-15,14.8,19.42,38.26,58.05,64.8,2398.3,100.0,55.0,13.2,46.1,0.0,⚠️ SAHTE KÂR (FAALİYET KÂRI YETERSİZ),0.0,-12.837837837837844,-13.228699551569516,Health Technology,Biotechnology,-242.268721761143,US_SMALL_CAP
BRUN,13.57,14.57,14.7,13.48,2990226.0,-6.863417982155114,40577366.82,42.0,10.59,1137778530.4275908,-65.3572920098377,15.0,10.418026179417296,31.747572815533974,1.5539544971032373,2026-09-15,28.1,10.17,42.0,33.92,209.5,1137.8,65.0,55.0,15.5,54.4,0.0,⚠️ SAHTE KÂR (FAALİYET KÂRI YETERSİZ),0.0,-48.29491331682225,-26.04904632152589,Technology Services,Packaged Software,-47.1024022095189,US_SMALL_CAP
IRON,67.3,68.86,69.445,66.72,603894.0,-2.3505513639001805,40642066.199999996,99.5,40.0001,2583838410.4962273,-39.081671009728,15.0,4.006221847064713,12.335169420797865,1.0687557075201233,2026-09-15,68.2,38.4,99.5,168.25,47.8,2583.8,20.0,55.0,10.7,37.4,0.0,⚠️ BİYOTEK TUZAĞI (FDA RİSKİ),0.0,-15.377844838425757,-12.266979533307257,Health Technology,Biotechnology,10.0,US_SMALL_CAP
BTBT,1.46,1.52,1.525,1.45,27841865.0,-3.947368421052635,40649122.9,4.55,1.18,526524924.4078947,-56.6654759974303,15.0,1.3415911638762796,-50.84175084175085,0.9674155274704639,2026-09-15,23.7,1.13,4.55,3.65,211.6,526.5,100.0,55.0,10.0,33.9,0.0,⚠️ SAHTE KÂR (FAALİYET KÂRI YETERSİZ),0.0,-2.666666666666669,-10.70336391437309,Commercial Services,Miscellaneous Commercial Services,-60.1780843147153,US_MICRO_CAP
CC,14.68,14.5,14.85,14.35,2784439.0,0.6858710562414242,40875564.519999996,28.67,10.44,2209325204.211248,-323.404255319149,15.0,2.0,-13.290017720023627,1.603180868039692,2026-09-15,40.6,10.02,28.67,36.7,95.3,2209.3,20.0,55.0,38.4,59.5,0.0,⚠️ SAHTE KÂR (FAALİYET KÂRI YETERSİZ),0.0,-5.3513862024500325,-3.9895356442119,Process Industries,Chemicals: Specialty,3.2603070553734703,US_SMALL_CAP
NUVB,5.8,5.9,5.91,5.63,7052045.0,-2.356902356902366,40901861.0,9.75,2.99,2042314753.3333333,-47.8091679417203,15.0,7.992393446237374,83.54430379746833,1.4230732992894344,2026-09-15,94.0,2.87,9.75,14.5,68.1,2042.3,20.0,55.0,29.2,49.8,0.0,⚠️ SAHTE KÂR (FAALİYET KÂRI YETERSİZ),0.0,-3.654485049833883,-13.303437967115105,Health Technology,Biotechnology,-81.0041200706298,US_SMALL_CAP
CBT,79.2,79.2,80.51,78.365,517540.0,-1.9316493313521574,40989168.0,94.53,58.33,4089175953.164933,11.8881118881119,22.331876497955733,2.547773159402779,-0.2644503211182392,1.4934284128838715,2026-09-15,35.8,56.0,94.53,198.0,19.4,4089.2,20.0,30.0,14.9,52.3,0.0,⚠️ ELENDİ (ZOMBİ VEYA PRİMLİ),0.0,-7.735321528424977,-3.825136612021848,Process Industries,Chemicals: Specialty,15.134837644468902,US_SMID_CAP
AGO,71.36,72.38,72.565,70.59,575588.0,-2.13933077345036,41073959.68,92.395,70.59,3138356067.2342296,6.2723373838456,9.55530857915668,0.5655299509369482,-13.366516935777593,1.50278501423707,2026-09-15,1.1,67.08,92.39,178.4,29.5,3138.4,65.0,55.0,15.0,52.6,0.0,⚠️ ELENDİ (ZOMBİ VEYA PRİMLİ),0.0,-6.253284287966375,-4.573415351698317,Finance,Specialty Insurance,55.939524838013,US_SMID_CAP
IOND,81.65,79.02,84.06,77.1,503403.0,2.2414224893563817,41102854.95,85.0,50.0,3673937934.6406217,12.0,15.0,7.195956515799818,63.30000000000001,0.9712521495626787,2026-09-15,63.3,48.0,85.0,204.12,4.1,3673.9,20.0,55.0,31.2,45.2,0.0,⚠️ ELENDİ (ZOMBİ VEYA PRİMLİ),0.0,26.76603011954667,7.434210526315797,Technology Services,Data Processing Services,10.0,US_SMID_CAP
TH,18.75,18.55,18.88,18.44,2196333.0,1.078167115902961,41181243.75,20.85,5.97,1867939061.320755,-9.77021850308212,15.0,5.0805297840978065,112.10407239819004,0.9217180115715146,2026-09-15,214.1,5.73,20.85,46.88,11.2,1867.9,20.0,55.0,37.9,37.7,0.0,⚠️ SAHTE KÂR (FAALİYET KÂRI YETERSİZ),0.0,15.313653136531354,-4.092071611253201,Consumer Services,Hotels/Resorts/Cruise lines,-9.4395568964326,US_SMALL_CAP
NSIT,160.72,160.78,163.99,159.275,256664.0,-0.6920415224913523,41251038.08,165.79,63.62,4716947105.463668,13.1118813595855,23.523901525130995,2.9554994319600705,28.278394125628534,1.0578180503826113,2026-09-15,152.6,61.08,165.79,401.8,3.2,4716.9,20.0,30.0,10.6,37.0,0.0,⚠️ SAHTE KÂR (FAALİYET KÂRI YETERSİZ),0.0,2.7950111928365877,-0.16151074667660015,Technology Services,Information Technology Services,5.74088028322916,US_SMID_CAP
PGY,21.04,21.145,21.405,20.44,1965339.0,-2.0939972080037195,41350732.559999995,44.99,10.4,1755279761.1279664,26.3934520061817,16.26846052733318,2.951056503474925,-47.46566791510612,1.0092212015127207,2026-09-15,102.3,9.98,44.99,52.6,113.8,1755.3,20.0,100.0,27.1,35.3,0.0,⚠️ ELENDİ (ZOMBİ VEYA PRİMLİ),0.0,-2.411873840445267,-8.382320923143917,Technology Services,Packaged Software,22.8705302617096,US_SMALL_CAP
DMRA,24.75,28.0,28.165,24.135,1677942.0,-12.82141599154632,41529064.5,38.3251,2.73,1527954072.226136,-99.9963855719642,15.0,3.9588978428405532,866.796875,3.767206434557113,2026-09-15,806.6,2.62,38.33,61.88,54.9,1528.0,20.0,55.0,30.0,100.0,0.0,⚠️ BİYOTEK TUZAĞI (FDA RİSKİ),0.0,-18.505103720777086,-16.55428186109238,Health Technology,Pharmaceuticals: Major,10.0,US_SMALL_CAP
OUT,28.11,28.66,28.7,27.925,1479963.0,-2.226086956521741,41601759.93,34.96,16.97,4951161987.495652,36.1928708770892,20.519745966858896,7.1410607180690935,47.48163693599162,1.0302614855099155,2026-09-15,65.6,16.29,34.96,70.28,24.4,4951.2,20.0,85.0,10.3,36.1,0.0,⚠️ ELENDİ (ZOMBİ VEYA PRİMLİ),0.0,-5.353535353535354,-2.192066805845508,Finance,Real Estate Investment Trusts,20.2131512235501,US_SMID_CAP
CBZ,54.68,54.6,54.71,54.58,762532.0,0.1465201465201434,41695249.76,57.51,24.29,2967148759.108425,6.96594694879076,25.599250936329586,1.5800335540410197,-2.2349365278026103,0.5547372060052567,2026-09-15,125.1,23.32,57.51,136.7,5.2,2967.1,20.0,30.0,43.2,20.1,0.0,⚠️ ELENDİ (ZOMBİ VEYA PRİMLİ),0.0,-0.12785388127853933,0.018291567587338596,Commercial Services,Miscellaneous Commercial Services,10.8962058580563,US_SMALL_CAP
MSGE,80.89,80.1,81.54,79.6,518060.0,0.6219679064560268,41905873.4,90.41,41.65,3826540279.011195,407.536713771128,58.70953694295254,83.58477308423576,82.69904009034444,1.4327514491791673,2026-09-15,94.2,39.98,90.41,202.22,11.8,3826.5,20.0,60.0,37.4,53.3,0.0,⚠️ ELENDİ (ZOMBİ VEYA PRİMLİ),0.0,-4.464391165702139,4.60364670890987,Consumer Services,Movies/Entertainment,15.960270893980299,US_SMID_CAP
UCTT,65.66,67.7,67.875,64.771,615832.0,-1.099563187226998,40435529.12,144.22,21.485,2972889574.4937487,-3.44320188346086,15.0,4.648949773499995,158.09748427672955,0.7038636655607506,2026-09-15,205.6,20.63,144.22,164.15,119.6,2972.9,20.0,55.0,10.0,24.6,0.0,⚠️ SAHTE KÂR (FAALİYET KÂRI YETERSİZ),0.0,-24.241375331718015,-11.461704422869472,Producer Manufacturing,Industrial Machinery,2.84243611351524,US_SMALL_CAP
CAVA,49.99,54.2,54.3388,49.72,7393939.0,-8.926944798688282,369623010.61,98.79,43.41,5839141779.532884,8.32306837061907,89.26785714285714,6.940684155135884,-20.726292419917538,2.5251569211505562,2026-09-15,15.2,41.67,98.79,124.98,97.6,5839.1,100.0,30.0,25.3,88.4,0.0,⚠️ SAHTE KÂR (FAALİYET KÂRI YETERSİZ),0.0,-31.754266211604097,-18.30364438633763,Consumer Services,Restaurants,7.3237408919966,US_SMID_CAP
ANF,135.17,140.15,141.0,134.7,1494445.0,-3.8756933579860737,202004130.64999998,155.22,65.45,5735854888.332598,40.5005183664957,11.577333538893742,4.234562892672924,53.60227272727272,0.876399336363302,2026-09-15,106.5,62.83,155.22,337.92,14.8,5735.9,20.0,85.0,10.0,30.7,0.0,⚠️ ELENDİ (ZOMBİ VEYA PRİMLİ),0.0,23.759384728071772,-11.323230335235857,Retail Trade,Apparel/Footwear Retail,13.896977886439698,US_SMID_CAP
CAKE,96.73,104.98,104.98,95.62,2245541.0,-8.02510221546068,217211180.93,118.46,43.07,4813345806.9497,38.8335329914143,26.25393551188796,9.277802715529313,70.96147048427007,1.6043659390792187,2026-09-15,124.6,41.35,118.46,241.83,22.5,4813.3,20.0,30.0,16.0,56.2,0.0,⚠️ SAHTE KÂR (FAALİYET KÂRI YETERSİZ),0.0,-14.170363797692989,-9.90126676602086,Consumer Services,Restaurants,6.98311947901219,US_SMID_CAP
PURR,11.2,11.33,11.658,10.545,21529191.0,-5.485232067510552,241126939.2,14.14,3.01,2215781199.3924055,33.9402330000844,17.24137931034483,1.199318101993438,163.52941176470586,0.8635147941024416,2026-09-15,272.1,2.89,14.14,28.0,26.3,2215.8,20.0,55.0,21.0,30.2,0.0,⚠️ SAHTE KÂR (FAALİYET KÂRI YETERSİZ),0.0,65.68047337278107,-4.518329070758748,Finance,Financial Conglomerates,-60.10487315010571,US_SMALL_CAP
BOOT,128.37,142.0,143.515,126.8,1893232.0,-10.130215625875104,243034191.84,210.25,126.8,3887665253.5633574,19.1754184326974,16.2415546952099,2.865662126001179,-27.52780443741884,3.776239454054203,2026-09-15,1.2,120.67,210.25,320.93,63.8,3887.7,65.0,55.0,30.0,100.0,0.0,🪤 DÜŞEN BIÇAK (RÖLATİF ÇÖKÜŞ),0.0,-21.18253822066679,-17.08435602635318,Retail Trade,Apparel/Footwear Retail,13.611148688584098,US_SMID_CAP
TTAN,58.6,57.78,59.4,57.1355,4560247.0,-0.6611290049160884,267230474.20000002,119.6,53.8,5653019050.266146,-8.33592344052392,15.0,3.520396975822803,-48.5468434454298,0.9046235084513544,2026-09-15,8.9,51.65,119.6,146.5,104.1,5653.0,100.0,55.0,29.6,31.7,0.0,⚠️ SAHTE KÂR (FAALİYET KÂRI YETERSİZ),0.0,-37.32620320855615,-32.3325635103926,Technology Services,Packaged Software,-12.5983113089704,US_SMID_CAP
AXTI,57.7,57.92,59.7893,57.179,4692739.0,1.121626358219419,270771040.3,143.16,3.854,3783574404.479495,0.759896081305507,3102.150537634409,4.281101422779911,1459.4594594594594,0.5535244245709251,2026-09-15,1397.1,3.7,143.16,144.25,148.1,3783.6,20.0,30.0,10.0,25.0,0.0,⚠️ SAHTE KÂR (FAALİYET KÂRI YETERSİZ),0.0,-26.487450630653576,-10.514888337468983,Electronic Technology,Electronic Production Equipment,3.0930052824897,US_SMID_CAP
TENB,38.09,34.02,38.89,34.01,7354675.0,8.580387685290779,280139570.75,43.67,15.725,4195232214.5396247,2.45566365202569,658.9965397923876,21.203400114673155,26.882078614257175,1.2704743044761349,2026-09-15,142.2,15.1,43.67,95.23,14.6,4195.2,20.0,30.0,59.8,87.4,0.0,⚠️ SAHTE KÂR (FAALİYET KÂRI YETERSİZ),0.0,-4.798800299925006,13.093824228028513,Technology Services,Packaged Software,4.20405945537254,US_SMID_CAP
WING,100.84,113.775,114.5,100.13,2888329.0,-12.091360822944809,291259096.36,302.8,100.13,2747138324.8735075,12.0,23.942257467116196,2.0,-61.947169811320755,2.4915406819315384,2026-09-15,0.7,93.28,302.8,252.1,200.3,2747.1,65.0,40.0,24.9,87.2,0.0,⚠️ ELENDİ (ZOMBİ VEYA PRİMLİ),0.0,-11.999301858800942,-7.230910763569457,Consumer Services,Restaurants,28.7705749397477,US_SMALL_CAP
TRMD,34.93,32.59,35.0095,32.43,8378282.0,-1.160158460667809,292653390.26,35.938,19.3,3559241870.6728387,26.6639628552417,5.886992979401046,1.4075939194359244,53.60598065083555,6.874580302044679,2026-09-15,81.0,18.53,35.94,87.33,2.9,3559.2,20.0,85.0,95.7,100.0,0.0,⚠️ ELENDİ (ZOMBİ VEYA PRİMLİ),0.0,17.17544448171755,-1.6610360360360454,Transportation,Marine Shipping,39.0870327379012,US_SMID_CAP
SMR,8.43,8.365,8.675,8.24,34810890.0,-0.9400705052878975,293455802.7,57.42,7.21,3622567316.968273,-30.1869885047455,15.0,1.67825318330586,-77.69251124636148,1.007912901318376,2026-09-15,16.9,6.92,57.42,21.07,581.1,3622.6,100.0,55.0,10.1,35.3,0.0,⚠️ SAHTE KÂR (FAALİYET KÂRI YETERSİZ),0.0,-13.715455475946776,-15.44633901705116,Producer Manufacturing,Electrical Products,-6853.966323666981,US_SMID_CAP
ALHC,10.37,12.175,12.28,9.94,28547284.0,-19.860896445131377,296035335.08,25.12,9.94,2151102437.381762,20.0439302828381,55.54365291912158,8.103335104554121,-35.18750000000001,6.276270698026616,2026-09-15,4.3,9.54,25.12,25.92,142.2,2151.1,100.0,30.0,30.0,100.0,0.0,⚠️ SAHTE KÂR (FAALİYET KÂRI YETERSİZ),0.0,-22.956909361069847,-22.899628252788105,Health Services,Managed Health Care,1.20157410577217,US_SMALL_CAP
ASST,27.57,28.0,28.36,26.63,10754102.0,-5.0292800551154,296490592.14,88.918,7.02,2571249025.364106,-137.872221995685,15.0,3.4964059432560077,-82.4170918367347,1.00844492880933,2026-09-15,292.7,6.74,88.92,68.92,222.5,2571.2,20.0,55.0,16.2,35.3,0.0,⚠️ SAHTE KÂR (FAALİYET KÂRI YETERSİZ),0.0,119.85645933014355,4.273827534039331,Finance,Financial Conglomerates,-14415.5789473684,US_SMALL_CAP
ENVA,173.61,176.22,179.0,167.85,1844681.0,-23.425370501058566,320255068.41,267.4499,103.02,4322606167.777214,26.0809653681655,12.872872872872874,2.885851051787238,48.931972205541754,7.10133724558284,2026-09-15,68.5,98.9,267.45,434.03,54.1,4322.6,20.0,85.0,32.3,100.0,0.0,🪤 DÜŞEN BIÇAK (RÖLATİF ÇÖKÜŞ),0.0,-34.23863636363636,-23.654353562005273,Finance,Finance/Rental/Leasing,24.1373676852175,US_SMID_CAP
VERA,33.67,37.14,37.14,32.73,10491494.0,-1.1160058737151115,353248602.98,56.05,23.05,2426372577.703965,-91.7531833773765,15.0,5.9416458729648935,40.87866108786613,5.4102589066789495,2026-09-15,46.1,22.13,56.05,84.18,66.5,2426.4,20.0,55.0,30.0,100.0,0.0,⚠️ BİYOTEK TUZAĞI (FDA RİSKİ),0.0,7.6062639821029165,-5.9497206703910495,Health Technology,Biotechnology,10.0,US_SMALL_CAP
ONDS,7.24,7.141,7.43,7.13,67740503.0,0.13831258644536357,490441241.72,15.28,4.95,4137331683.5242047,7.6644984051379,80.98434004474274,2.44334576379866,7.898658718330854,1.1673539830102178,2026-09-15,46.3,4.75,15.28,18.1,111.0,4137.3,20.0,30.0,11.7,41.5,0.0,⚠️ SAHTE KÂR (FAALİYET KÂRI YETERSİZ),0.0,-23.223753976670196,-4.862023653088044,Electronic Technology,Telecommunications Equipment,-127.283223541317,US_SMID_CAP
VET,13.46,13.39,13.63,13.23,2827245.0,1.2791572610985833,38054717.7,14.82,7.1048,2058684906.5067677,-18.5143004951288,15.0,1.3525219691369361,82.3848238482385,1.9890376727110022,2026-09-15,89.4,6.82,14.82,33.65,10.1,2058.7,20.0,55.0,30.4,76.0,0.0,⚠️ ELENDİ (ZOMBİ VEYA PRİMLİ),0.0,17.863397548161128,2.513328255902514,Energy Minerals,Oil & Gas Production,14.0600344618366,US_SMALL_CAP
LRN,83.56,81.51,83.74,81.395,455483.0,1.0399032648125748,38060159.480000004,155.06,60.6147,3472740517.3533254,21.7350675525427,11.595409572179898,2.1232469110518104,-47.11392405063291,0.6494989117813519,2026-09-15,37.9,58.19,155.06,208.9,85.6,3472.7,20.0,85.0,65.7,27.9,0.0,⚠️ ELENDİ (ZOMBİ VEYA PRİMLİ),0.0,1.0032636286715801,0.1798345522119718,Consumer Services,Other Consumer Services,18.1156531042277,US_SMID_CAP
RXO,19.57,19.45,20.0,19.211,1946753.0,0.56526207605344,38097956.21,29.9,10.425,3227604255.6906476,-6.78733031674208,15.0,2.1430839821719943,18.67798665858097,1.2055275279394932,2026-09-15,87.7,10.01,29.9,48.92,52.8,3227.6,20.0,55.0,12.1,45.0,0.0,⚠️ SAHTE KÂR (FAALİYET KÂRI YETERSİZ),0.0,-15.573770491803277,-5.504587155963305,Technology Services,Packaged Software,-0.22992281162752504,US_SMID_CAP
TEN,51.11,49.64,51.24,48.84,746502.0,3.00282144296655,38153717.22,51.24,20.5,1505160358.4417574,16.8897802727216,5.175905859477853,0.7325596761659108,119.63902019767941,1.6255309363947672,2026-09-15,149.3,19.68,51.24,127.78,0.3,1505.2,20.0,70.0,78.7,71.9,0.0,⚠️ ELENDİ (ZOMBİ VEYA PRİMLİ),0.0,25.238912031364855,15.895691609977318,Transportation,Marine Shipping,38.2915649418514,US_SMALL_CAP
RXRX,3.24,3.37,3.37,3.22,11818990.0,-4.985337243401757,38293527.6,7.18,2.77,1737518343.096774,-56.5803541587952,15.0,1.891308154807075,-34.279918864097354,0.811198694273051,2026-09-15,17.0,2.66,7.18,8.1,121.6,1737.5,100.0,55.0,10.0,28.4,0.0,⚠️ SAHTE KÂR (FAALİYET KÂRI YETERSİZ),0.0,-1.8181818181818064,-9.49720670391061,Health Technology,Biotechnology,-991.72181204995,US_SMALL_CAP
DV,13.5,13.5,13.51,13.465,2842537.0,-0.14792899408283708,38374249.5,13.65,7.64,2092332598.0029588,5.38887095925089,37.468776019983345,1.9111174657733019,3.211009174311926,0.6596856242646225,2026-09-15,76.7,7.33,13.65,33.75,1.1,2092.3,20.0,30.0,45.5,23.1,0.0,⚠️ ELENDİ (ZOMBİ VEYA PRİMLİ),0.0,1.5801354401805934,1.0479041916167708,Technology Services,Packaged Software,12.6866652012232,US_SMALL_CAP
AVA,36.31,36.7,36.77,36.22,1057492.0,-0.9276944065484211,38397534.52,43.5,35.7,3041065402.440928,8.30589096231248,13.12678500415748,1.0779989062660504,-0.19241341396371708,1.668633275655253,2026-09-15,1.7,34.13,43.5,90.78,19.8,3041.1,65.0,55.0,16.7,58.4,0.0,⚠️ ELENDİ (ZOMBİ VEYA PRİMLİ),0.0,-5.810635538261985,-2.8884728537041946,Utilities,Electric Utilities,18.7597707139135,US_SMID_CAP
FTRE,19.73,17.21,19.915,17.155,1946640.0,13.325674899483056,38407207.2,21.39,8.305,1876322953.5364733,-15.3044727860607,15.0,3.5794045452813728,94.57593688362918,1.6137776942138975,2026-09-15,137.6,7.97,21.39,49.33,8.4,1876.3,20.0,55.0,76.8,100.0,0.0,⚠️ SAHTE KÂR (FAALİYET KÂRI YETERSİZ),0.0,11.784702549575082,14.178240740740737,Commercial Services,Miscellaneous Commercial Services,0.96768167382776,US_SMALL_CAP
HUN,9.22,9.15,9.33,9.085,4173410.0,-0.8602150537634415,38478840.2,16.085,7.295,1616990875.4086025,-6.08695652173913,15.0,0.5939290402957019,-14.629629629629628,2.0473869804278633,2026-09-15,26.4,7.0,16.09,23.05,74.5,1617.0,65.0,55.0,27.6,71.7,0.0,⚠️ SAHTE KÂR (FAALİYET KÂRI YETERSİZ),0.0,-11.601150527325016,-5.532786885245893,Process Industries,Chemicals: Major Diversified,-0.101729399796541,US_SMALL_CAP
AUB,39.89,39.82,40.345,39.76,964783.0,-0.12518778167250166,38485193.87,43.62,30.87,5696885990.464448,9.75929128355317,11.931682220626945,1.098600874364015,12.524682651621996,0.7282510608249053,2026-09-15,29.2,29.64,43.62,99.72,9.4,5696.9,20.0,55.0,10.0,25.5,0.0,⚠️ ELENDİ (ZOMBİ VEYA PRİMLİ),0.0,-6.141176470588234,-2.9204185933317177,Finance,Regional Banks,45.40742841824658,US_SMID_CAP
PRCT,19.3,20.82,20.91,19.23,1997851.0,-8.182683158896284,38558524.300000004,40.1,16.665,1105381637.8163655,-30.2411188842018,15.0,3.248939465355868,-48.27124095416779,1.5970649863671782,2026-09-15,15.8,16.0,40.1,48.25,107.8,1105.4,100.0,55.0,16.0,55.9,0.0,⚠️ SAHTE KÂR (FAALİYET KÂRI YETERSİZ),0.0,-12.669683257918553,-14.164998888147649,Health Technology,Medical Specialties,-33.8616825754432,US_SMALL_CAP
TRVI,15.04,15.88,15.88,14.78,2568290.0,-5.349276274386415,38627081.6,20.22,7.97,2142836759.864065,-19.6565762626467,15.0,6.662414061946276,83.41463414634147,1.9419217728288225,2026-09-15,88.7,7.65,20.22,37.6,34.4,2142.8,20.0,55.0,19.4,68.0,0.0,⚠️ BİYOTEK TUZAĞI (FDA RİSKİ),0.0,-16.351501668520584,-11.216056670602137,Health Technology,Biotechnology,10.0,US_SMALL_CAP
HYMC,20.7,20.5,20.71,19.63,1869527.0,0.7299270072992631,38699208.9,58.7299,5.69,1928860679.29927,-73.1797383678979,15.0,7.684854154833104,213.16187594553705,1.0079073896632302,2026-09-15,263.8,5.46,58.73,51.75,183.7,1928.9,20.0,55.0,78.8,38.9,0.0,🪤 DÜŞEN BIÇAK (RÖLATİF ÇÖKÜŞ),0.0,-24.507658643326046,-7.795100222717149,Non-Energy Minerals,Precious Metals,10.0,US_SMALL_CAP
TNDM,16.28,16.66,17.005,16.25,2379416.0,-3.1528851873884456,38736892.480000004,29.65,11.46,1132741278.6127307,-48.0257593743719,15.0,8.682620359358083,30.448717948717952,1.5394298156966697,2026-09-15,42.1,11.0,29.65,40.7,82.1,1132.7,20.0,55.0,15.4,53.9,0.0,⚠️ SAHTE KÂR (FAALİYET KÂRI YETERSİZ),0.0,-28.970331588132634,-16.555612506406973,Health Technology,Medical Specialties,-4.17042107669755,US_SMALL_CAP
MARA,11.24,11.265,11.48,10.96,49068859.0,-2.2608695652173894,551533975.16,23.45,6.66,4342004316.726956,-107.12050599717,15.0,2.584930133294084,-30.76686171850939,1.169599769074115,2026-09-15,68.8,6.39,23.45,28.1,108.6,4342.0,20.0,55.0,17.1,40.9,0.0,⚠️ SAHTE KÂR (FAALİYET KÂRI YETERSİZ),0.0,24.750277469478366,0.9883198562443793,Technology Services,Data Processing Services,-122.795159030065,US_SMID_CAP
BNL,19.97,20.24,20.37,19.92,2244181.0,-1.7224409448818967,44816294.57,23.1,17.155,3832102649.8179135,4.90554445153996,26.644429619746493,1.329539341581759,6.166932482721958,1.3271282279760905,2026-09-15,16.4,16.47,23.1,49.92,15.7,3832.1,90.0,30.0,13.3,46.4,0.0,⚠️ ELENDİ (ZOMBİ VEYA PRİMLİ),0.0,-5.979284369114876,-3.666184273999043,Finance,Real Estate Investment Trusts,49.6613054867464,US_SMID_CAP
CLOV,4.66,5.06,5.0964,4.59,9653565.0,-8.627450980392148,44985612.9,5.59,1.58,2475192511.7960787,-5.09746875503168,15.0,6.110433630987504,50.5654281098546,2.435645622268385,2026-09-15,194.9,1.52,5.59,11.65,20.0,2475.2,20.0,55.0,24.4,85.2,0.0,⚠️ SAHTE KÂR (FAALİYET KÂRI YETERSİZ),0.0,3.7861915367483276,10.165484633569733,Finance,Life/Health Insurance,-0.741386160360995,US_SMALL_CAP
GVA,114.06,115.5,116.49,113.35,396000.0,-0.3059173149200195,45167760.0,162.08,97.26,4991780296.622324,-18.1660548962928,15.0,6.631349083611045,5.895460031566252,0.9740470572956125,2026-09-15,17.3,93.37,162.08,285.15,42.1,4991.8,100.0,55.0,10.0,34.1,0.0,⚠️ SAHTE KÂR (FAALİYET KÂRI YETERSİZ),0.0,-7.6287657920311,-3.9575614685079175,Industrial Services,Engineering & Construction,6.15752722104282,US_SMID_CAP
UAA,4.96,5.0,5.075,4.89,9109156.0,-1.391650099403584,45181413.76,8.15,4.13,2106139514.8469183,-29.8246352434259,15.0,1.491581286669293,3.549060542797493,1.2128119047758845,2026-09-15,20.1,3.96,8.15,12.4,64.3,2106.1,100.0,55.0,12.1,42.4,0.0,⚠️ SAHTE KÂR (FAALİYET KÂRI YETERSİZ),0.0,-7.806691449814125,-5.703422053231936,Consumer Non-Durables,Apparel/Footwear,0.674558384709849,US_SMALL_CAP
NTLA,11.36,11.75,11.82,11.2427,3978292.0,-4.29654591406908,45193397.12,28.25,7.95,1591839224.9098568,-55.4380887633138,15.0,2.1857839383362645,-3.3191489361702176,1.225660237475345,2026-09-15,42.9,7.63,28.25,28.4,148.7,1591.8,20.0,55.0,12.3,42.9,0.0,⚠️ SAHTE KÂR (FAALİYET KÂRI YETERSİZ),0.0,-3.972950126796286,-11.457521434138743,Health Technology,Biotechnology,-711.657647968272,US_SMALL_CAP
POET,7.21,7.43,7.505,7.201,6272080.0,-2.9609690444145325,45221696.8,20.81,3.87,1247748802.0201883,-16.886127027807,15.0,1.4720624595489078,38.78729547641963,0.7271936004440276,2026-09-15,86.3,3.72,20.81,18.02,188.6,1247.7,20.0,55.0,10.0,25.5,0.0,⚠️ SAHTE KÂR (FAALİYET KÂRI YETERSİZ),0.0,-19.079685746352418,-9.875,Producer Manufacturing,Electrical Products,-3624.6099419132706,US_SMALL_CAP
EXLS,36.29,36.08,36.83,36.03,1250375.0,-0.4389574759945231,45376108.75,44.32,24.85,5502017851.003566,25.9443791796562,22.867044738500315,6.357153242603613,-16.727856815052775,0.6575228980722373,2026-09-15,46.0,23.86,44.32,90.72,22.1,5502.0,20.0,60.0,10.0,23.0,0.0,⚠️ ELENDİ (ZOMBİ VEYA PRİMLİ),0.0,1.8237934904601532,0.27631942525559944,Technology Services,Data Processing Services,14.4242605195337,US_SMID_CAP
VAC,101.15,101.67,101.945,99.265,449294.0,-1.220703125,45446088.1,131.34,44.58,3479086760.2421875,-14.7104162078837,15.0,1.6912891502505165,30.180180180180184,0.8449788254092081,2026-09-15,126.9,42.8,131.34,252.88,29.8,3479.1,20.0,55.0,36.9,29.6,0.0,⚠️ ELENDİ (ZOMBİ VEYA PRİMLİ),0.0,-17.022149302707135,-4.132309733674533,Consumer Services,Other Consumer Services,10.4009296920395,US_SMID_CAP
FHI,58.25,58.78,58.78,57.41,783342.0,-1.2544499067638615,45629671.5,67.2,46.6601,4348961623.813357,33.2300854108615,10.83035847092072,3.4836808242657957,8.574091332712024,1.3180965303764325,2026-09-15,24.8,44.79,67.2,145.62,15.4,4349.0,65.0,100.0,29.0,46.1,0.0,NÖTR,0.0,-8.440741905061298,-6.18457078434531,Finance,Investment Managers,27.9822193427636,US_SMID_CAP
IRDM,47.09,45.88,47.22,45.88,971091.0,1.9705500216544036,45728675.190000005,57.18,15.645,4990671322.061715,19.7151330795264,53.65770282588879,10.559479762305191,160.4535398230089,1.3460935479229548,2026-09-15,201.0,15.02,57.18,117.73,21.4,4990.7,20.0,45.0,69.9,57.0,0.0,⚠️ ELENDİ (ZOMBİ VEYA PRİMLİ),0.0,-5.819999999999993,-0.3175275190516481,Communications,Specialty Telecommunications,23.7573359844102,US_SMID_CAP
NEO,18.89,18.4,19.29,18.4,2425382.0,2.607278652906032,45815465.980000004,19.76,7.065,2426900915.487235,-6.32746503782233,15.0,3.0753100951245997,135.5361596009975,1.6945529854962822,2026-09-15,167.4,6.78,19.76,47.23,4.6,2426.9,20.0,55.0,24.0,72.3,0.0,⚠️ SAHTE KÂR (FAALİYET KÂRI YETERSİZ),0.0,15.323565323565335,10.145772594752199,Health Services,Medical/Nursing Services,-7.02601478542859,US_SMALL_CAP
CNR,94.51,96.23,97.51,93.24,486002.0,-1.8587746625129722,45932049.02,114.8,73.21,4691122813.849118,2.67490803066815,47.71063657933263,1.2668647770976158,28.497620666213475,1.1030188093437565,2026-09-15,29.1,70.28,114.8,236.28,21.5,4691.1,20.0,30.0,11.0,38.6,0.0,⚠️ SAHTE KÂR (FAALİYET KÂRI YETERSİZ),0.0,0.5318583129454313,-5.489999999999996,Energy Minerals,Coal,-1.32491862398426,US_SMID_CAP
MMSI,86.18,86.81,86.81,85.655,533146.0,-0.9652953344058712,45946522.28,94.7482,59.74,5145844014.020455,9.18976012768273,35.522031243559624,3.063338014716677,1.1146309984747187,0.8230187005638989,2026-09-15,44.3,57.35,94.75,215.45,9.9,5145.8,20.0,30.0,10.0,28.8,0.0,⚠️ ELENDİ (ZOMBİ VEYA PRİMLİ),0.0,-5.150781421967855,-2.5884480614897614,Health Technology,Medical Specialties,12.6909810437966,US_SMID_CAP
BCPC,165.27,167.08,167.71,163.89,278151.0,-0.935083618054308,45970015.77,183.9,139.17,5268480628.318289,12.7934152203,32.51362357616416,4.0551134251563274,5.368186165125927,1.5333065058487592,2026-09-15,18.8,133.6,183.9,413.18,11.3,5268.5,90.0,30.0,15.3,53.7,0.0,⚠️ ELENDİ (ZOMBİ VEYA PRİMLİ),0.0,-6.816644113667119,-3.0333255104435506,Consumer Non-Durables,Food: Specialty/Candy,21.249566020586,US_SMID_CAP
WSBC,40.39,40.33,40.77,40.2,1040168.0,0.024764735017330387,42012385.52,43.02,29.57,3873639056.9395742,8.97967626046724,11.720155533631246,0.9965666686816772,27.172544080604528,0.9621217425761404,2026-09-15,36.6,28.39,43.02,100.97,6.5,3873.6,20.0,55.0,10.0,33.8,0.0,⚠️ ELENDİ (ZOMBİ VEYA PRİMLİ),0.0,-5.5867227676484355,-1.775291828793767,Finance,Regional Banks,44.145186873256286,US_SMID_CAP
SMG,56.09,56.25,56.88,55.3,824275.0,0.3219459846181485,46233584.75,75.34,52.0,3265575050.9422293,12.0,49.081204060203014,2.0,-8.394577821329403,1.0579735220073638,2026-09-15,7.9,49.92,75.34,140.23,34.3,3265.6,100.0,30.0,10.6,38.6,0.0,⚠️ ELENDİ (ZOMBİ VEYA PRİMLİ),0.0,-8.648208469055367,-4.770797962648549,Process Industries,Chemicals: Agricultural,15.032311614394999,US_SMID_CAP
ELVN,53.36,54.32,54.5,52.98,866955.0,-1.9658276685651301,46260718.8,62.32,14.785,3909727752.8157268,-15.3115629207709,15.0,4.366544219034237,165.4726368159204,0.8836453823462951,2026-09-15,260.9,14.19,62.32,133.4,16.8,3909.7,20.0,55.0,10.0,30.9,0.0,⚠️ BİYOTEK TUZAĞI (FDA RİSKİ),0.0,-7.473556441824176,-9.174468085106383,Health Technology,Biotechnology,10.0,US_SMID_CAP
PK,15.22,15.26,15.45,15.125,3039485.0,-0.652741514360311,46260961.7,16.2,9.84,3064369369.0887733,-5.01989592898684,15.0,0.991760309387513,26.83333333333334,0.8530997621946363,2026-09-15,54.7,9.45,16.2,38.05,6.4,3064.4,20.0,55.0,10.0,29.9,0.0,⚠️ ELENDİ (ZOMBİ VEYA PRİMLİ),0.0,1.1295681063122918,0.26350461133070435,Finance,Real Estate Investment Trusts,11.9244391971665,US_SMID_CAP
RITM,9.57,9.7,9.735,9.555,4841473.0,-2.0470829068577205,46332896.61,12.68,8.43,5343955072.280451,5.43694477663872,15.931413351090395,0.7762923401766572,-22.88477034649476,0.9362635267289595,2026-09-15,13.5,8.09,12.68,23.93,32.5,5344.0,100.0,40.0,10.0,32.8,0.0,⚠️ ELENDİ (ZOMBİ VEYA PRİMLİ),0.0,-8.06916426512968,-4.965243296921549,Finance,Real Estate Investment Trusts,42.3236105266001,US_SMID_CAP
CVBF,22.91,22.65,23.0,22.65,2028424.0,0.7032967032967039,46471193.84,23.41,17.945,4032101270.8443956,7.59931911413858,15.846994535519126,1.2738860586488023,13.584531482399594,1.952655499195805,2026-09-15,27.7,17.23,23.41,57.27,2.2,4032.1,20.0,40.0,53.5,71.9,0.0,⚠️ ELENDİ (ZOMBİ VEYA PRİMLİ),0.0,-1.079447322970639,1.5064244572441288,Finance,Regional Banks,54.19232096003679,US_SMID_CAP
LIVN,79.47,80.19,80.2379,79.13,587227.0,-1.4386704700483648,46666929.69,85.76,48.82,4378281064.950763,15.4023366927257,23.580202955314224,3.3010579834760176,41.506410256410255,1.0381798178424708,2026-09-15,62.8,46.87,85.76,198.68,7.9,4378.3,20.0,30.0,10.4,36.3,0.0,⚠️ ELENDİ (ZOMBİ VEYA PRİMLİ),0.0,-2.5983576418678815,-2.418958742632612,Health Technology,Medical Specialties,15.009194711783499,US_SMID_CAP
HAE,106.2,105.14,106.87,103.24,440031.0,-0.10347098109302927,46731292.2,109.5707,47.315,4831786730.478788,11.2000632778508,51.7998244073749,5.768782629337247,101.86276373313058,0.7242672002164747,2026-09-15,124.5,45.42,109.57,265.5,3.2,4831.8,20.0,30.0,51.4,25.3,0.0,⚠️ ELENDİ (ZOMBİ VEYA PRİMLİ),0.0,17.20560644520473,4.230052016880952,Health Technology,Medical Specialties,18.3683884696375,US_SMID_CAP
NAT,7.85,7.75,7.91,7.67,5960160.0,2.883355176933155,46787256.0,7.91,3.0614,1662242675.0327652,25.6588180177859,13.457911880678894,3.4802269906011705,144.54828660436135,1.2569361611669454,2026-09-15,156.4,2.94,7.91,19.62,0.8,1662.2,20.0,100.0,47.6,58.4,0.0,⚠️ ELENDİ (ZOMBİ VEYA PRİMLİ),0.0,18.045112781954877,7.240437158469937,Transportation,Marine Shipping,28.6882712316322,US_SMALL_CAP
RCUS,24.32,23.89,24.35,23.31,1927929.0,1.038637307852098,46887233.28,31.735,11.68,3096747617.103449,-90.8193484698914,15.0,6.656557749470377,109.8360655737705,1.1429410033980625,2026-09-15,108.2,11.21,31.73,60.8,30.5,3096.7,20.0,55.0,77.4,45.2,0.0,⚠️ SAHTE KÂR (FAALİYET KÂRI YETERSİZ),0.0,-14.816112084063048,-16.74084217733653,Health Technology,Biotechnology,-415.38461538461496,US_SMID_CAP
MWH,25.71,25.0,26.065,25.0,1827733.0,1.8621236133122123,46991015.43,48.4,23.83,5203488617.632727,12.0,15.0,10.474425047361025,-14.299999999999995,1.1671606750903532,2026-09-15,7.9,22.88,48.4,64.28,88.3,5203.5,100.0,55.0,35.0,50.2,0.0,🪤 DÜŞEN BIÇAK (RÖLATİF ÇÖKÜŞ),0.0,-22.18523002421307,0.6262230919765172,Industrial Services,Engineering & Construction,10.0,US_SMID_CAP
BELFB,231.75,233.59,236.29,227.58,203173.0,0.5903033985850139,47085342.75,335.285,129.9359,3258998247.4087415,8.1667191735268,60.154181591652396,3.6541731524626684,62.312648830368396,1.3577833646761004,2026-09-15,78.4,124.74,335.29,579.38,44.7,3259.0,20.0,30.0,13.6,50.5,0.0,⚠️ ELENDİ (ZOMBİ VEYA PRİMLİ),0.0,-20.047609190643765,-5.573890722405577,Electronic Technology,Electronic Components,16.4770848844366,US_SMID_CAP
NOG,27.12,26.75,27.3,26.622,1737353.0,2.8831562974203395,47117013.36,31.17,17.18,2889612355.3930197,-22.0501901844499,15.0,1.448185709525559,6.855791962174949,0.9013957692607218,2026-09-15,57.9,16.49,31.17,67.8,14.9,2889.6,20.0,55.0,41.8,46.0,0.0,⚠️ ELENDİ (ZOMBİ VEYA PRİMLİ),0.0,9.753136382031565,2.4943310657596376,Energy Minerals,Oil & Gas Production,29.639635042929303,US_SMALL_CAP
FCPT,23.5,23.84,23.895,23.49,2007370.0,-1.591289782244552,47173195.0,26.86,22.78,2579275513.170017,7.64774776401633,21.30553037171351,1.591854042564145,-8.346333853354135,2.6826907065575756,2026-09-15,3.2,21.74,26.86,58.75,14.3,2579.3,90.0,40.0,26.8,93.9,0.0,⚠️ ELENDİ (ZOMBİ VEYA PRİMLİ),0.0,-6.337186129932244,-5.318291700241741,Finance,Real Estate Investment Trusts,55.7036925828498,US_SMALL_CAP
AI,10.79,10.97,11.12,10.74,4397259.0,-3.401969561324985,47446424.61,20.22,7.675,1697049716.2542524,-59.7719786840907,15.0,2.4813724588354336,-34.84299516908213,0.6958684307883688,2026-09-15,40.6,7.37,20.22,26.97,87.4,1697.0,20.0,55.0,10.0,24.4,0.0,⚠️ SAHTE KÂR (FAALİYET KÂRI YETERSİZ),0.0,5.680705190989209,5.784313725490195,Technology Services,Packaged Software,-198.131094490967,US_SMALL_CAP
HGV,37.91,38.48,38.58,37.69,1255335.0,-1.965347814843561,47589749.849999994,55.4,36.79,2946522447.582104,11.6557313778464,21.43503335971955,2.683901405738494,-16.77277716794731,1.3836469460865586,2026-09-15,3.0,35.07,55.4,94.77,46.1,2946.5,100.0,40.0,13.8,48.4,0.0,⚠️ ELENDİ (ZOMBİ VEYA PRİMLİ),0.0,-15.923708139277016,-8.913983661701108,Finance,Real Estate Development,12.1683093252464,US_SMALL_CAP
UMAC,23.03,22.9,23.4,22.1,2000636.0,1.632833186231249,46074647.080000006,34.9264,7.245,1150498298.66549,-2.94215750942946,15.0,2.964891207932468,113.63636363636367,0.7856870394564021,2026-09-15,217.9,6.96,34.93,57.58,51.7,1150.5,20.0,55.0,38.0,35.7,0.0,⚠️ SAHTE KÂR (FAALİYET KÂRI YETERSİZ),0.0,-27.646874018221798,-4.041666666666662,Electronic Technology,Electronic Equipment/Instruments,-93.5187883201197,US_SMALL_CAP
LOAR,63.51,64.64,64.79,63.25,662432.0,-1.595909513480025,42071056.32,83.43,53.15,5950154746.625504,5.84177753189581,89.41292411657045,4.960757603214377,-17.272372020320436,1.037035274403436,2026-09-15,19.5,51.02,83.43,158.78,31.4,5950.2,100.0,30.0,10.4,36.3,0.0,⚠️ ELENDİ (ZOMBİ VEYA PRİMLİ),0.0,-14.222042139384127,-5.966834468463144,Electronic Technology,Aerospace & Defense,24.6813200311174,US_SMID_CAP
LTC,43.46,42.76,43.56,42.13,969039.0,1.9230769230769238,42114434.94,43.56,33.6394,2342735750.326923,12.1054076187421,15.92816565878688,1.846788771728239,19.7245179063361,1.754016109871926,2026-09-15,29.2,32.29,43.56,108.65,0.2,2342.7,65.0,55.0,77.7,71.0,0.0,⚠️ ELENDİ (ZOMBİ VEYA PRİMLİ),0.0,8.650000000000002,5.716370712721969,Finance,Real Estate Investment Trusts,36.1690749833424,US_SMALL_CAP
NATL,46.2,46.11,46.485,45.98,913109.0,-0.15128593040847263,42185635.800000004,48.5,33.31,3414038408.5325265,48.1572481572482,17.91808873720137,7.348193012536464,19.072164948453626,1.333834374491016,2026-09-15,38.7,31.98,48.5,115.5,5.0,3414.0,20.0,70.0,13.3,46.7,0.0,⚠️ ELENDİ (ZOMBİ VEYA PRİMLİ),0.0,-1.4925373134328268,0.6316706599869446,Electronic Technology,Computer Processing Hardware,12.4462548087803,US_SMID_CAP
CAR,118.53,118.05,120.61,117.0,356724.0,-0.1432181971356375,42282495.72,847.6999,85.96,4187161307.27085,12.0,15.0,2.0,-24.077632590315144,0.9213926945474888,2026-09-15,37.9,82.52,847.7,296.32,615.2,4187.2,20.0,55.0,10.0,32.2,0.0,⚠️ ELENDİ (ZOMBİ VEYA PRİMLİ),0.0,-13.525935653315818,-14.257812500000005,Finance,Finance/Rental/Leasing,11.2202203056955,US_SMID_CAP
GPI,275.45,281.94,282.639,275.07,153543.0,-3.013978381042922,42293419.35,470.48,249.54,3283976988.5113196,9.39850859038796,11.484500406512538,1.112727023883618,-40.688185008936074,0.5991124693260331,2026-09-15,10.4,239.56,470.48,688.62,70.8,3284.0,100.0,55.0,10.0,21.0,0.0,⚠️ SAHTE KÂR (FAALİYET KÂRI YETERSİZ),0.0,4.889379688511471,-7.021097046413505,Retail Trade,Specialty Stores,4.23294274829834,US_SMID_CAP
CLBK,11.53,11.4,11.54,11.34,3668862.0,1.1403508771929738,42301978.86,12.0,6.20908497,3107855308.44386,5.01925402625384,44.380292532717476,2.2065380890959125,64.92863615871872,1.141368095443241,2026-09-15,85.7,5.96,12.0,28.82,4.1,3107.9,20.0,30.0,74.4,45.6,0.0,⚠️ ELENDİ (ZOMBİ VEYA PRİMLİ),0.0,-1.5371477369769555,-1.1149228130360274,Finance,Savings Banks,29.19209238993395,US_SMID_CAP
FUL,50.89,50.94,50.98,50.31,833027.0,-0.1569550716107481,42392744.03,68.63,48.71,2737241398.0378656,9.38763689735219,15.119733792857566,1.3143869452888048,-17.89286866731203,1.4558939598263192,2026-09-15,4.5,46.76,68.63,127.22,34.9,2737.2,90.0,55.0,65.8,51.0,0.0,⚠️ ELENDİ (ZOMBİ VEYA PRİMLİ),0.0,-15.112593828190162,-4.646805321341572,Process Industries,Industrial Specialties,11.3484928217253,US_SMALL_CAP
PAGP,27.84,27.98,28.115,27.78,1525888.0,-0.571428571428572,42480721.92,28.7,16.685,5509650952.354285,-0.27266530334015,10.179159049360146,3.487122447599221,48.71794871794873,0.7899334999045384,2026-09-15,66.9,16.02,28.7,69.6,3.1,5509.7,20.0,55.0,10.0,27.6,0.0,⚠️ SAHTE KÂR (FAALİYET KÂRI YETERSİZ),0.0,8.835027365129013,-0.3579098067287094,Industrial Services,Oil & Gas Pipelines,2.82872419939056,US_SMID_CAP
ABCL,11.41,11.17,11.69,10.9,3724442.0,2.1486123545210405,42495883.22,12.5799,2.745,3697380440.7278433,-17.304014090807,15.0,3.9026158813550045,153.27413984461708,1.0069859062226156,2026-09-15,315.7,2.64,12.58,28.52,10.3,3697.4,20.0,55.0,30.4,46.0,0.0,⚠️ SAHTE KÂR (FAALİYET KÂRI YETERSİZ),0.0,5.2583025830258325,1.0628875110717537,Health Technology,Biotechnology,-340.253577743071,US_SMID_CAP
DAN,30.15,30.29,30.63,30.01,1411985.0,-0.4950495049505021,42571347.75,39.56,17.74,3243436911.950495,-2.8809218950064,15.0,1.6892819403153998,42.82330648981525,1.097822719184928,2026-09-15,70.0,17.03,39.56,75.38,31.2,3243.4,20.0,55.0,11.0,38.4,0.0,⚠️ SAHTE KÂR (FAALİYET KÂRI YETERSİZ),0.0,-1.5349444807315558,-5.957579538365576,Producer Manufacturing,Auto Parts: OEM,4.0198381623597,US_SMID_CAP
WLTH,10.87,10.55,10.89,10.55,3922952.0,2.0657276995305054,42642488.239999995,14.75,7.2,1623556417.511737,-15.4965702868419,15.0,2.6435596369543855,-25.26641457545549,1.2219036588659897,2026-09-15,51.0,6.91,14.75,27.17,35.7,1623.6,20.0,55.0,74.0,53.1,0.0,⚠️ SAHTE KÂR (FAALİYET KÂRI YETERSİZ),0.0,13.702928870292874,12.642487046632112,Technology Services,Packaged Software,-40.8241282276158,US_SMALL_CAP
RWT,3.91,3.8,3.975,3.78,10935053.0,2.088772845953004,42756057.230000004,6.97,3.2201,491144578.9425588,0.0183162901260099,15.0,0.5665361170396968,-37.93650793650793,1.1735422548233936,2026-09-15,21.4,3.09,6.97,9.78,78.3,491.1,100.0,55.0,35.1,51.5,0.0,⚠️ ELENDİ (ZOMBİ VEYA PRİMLİ),0.0,-18.02935010482179,-13.111111111111107,Finance,Real Estate Investment Trusts,95.4325960386101,US_MICRO_CAP
HAYW,12.75,12.84,12.89,12.63,3355073.0,-0.9324009324009264,42777180.75,17.73,12.63,2704524661.247086,10.4123453644408,17.535414660981985,1.7035456463385792,-18.68622448979592,1.4144538779602864,2026-09-15,1.0,11.79,17.73,31.88,39.1,2704.5,65.0,55.0,14.1,49.5,0.0,⚠️ ELENDİ (ZOMBİ VEYA PRİMLİ),0.0,-16.28365068942876,-8.602150537634405,Consumer Durables,Recreational Products,21.2875812234163,US_SMALL_CAP
TNGX,23.89,24.55,24.55,23.59,1791031.0,-2.6487367563162127,42787730.59,34.39,6.69,4028101813.481663,-21.3404905276993,15.0,3.92627994425307,263.0699088145897,0.7811062436130078,2026-09-15,257.1,6.42,34.39,59.73,44.0,4028.1,20.0,55.0,10.0,27.3,0.0,⚠️ SAHTE KÂR (FAALİYET KÂRI YETERSİZ),0.0,-5.236017453391512,6.177777777777781,Health Technology,Biotechnology,-253.37942056456896,US_SMID_CAP
AMC,2.55,2.49,2.55,2.47,16790416.0,1.9999999999999927,42815560.8,3.18,0.93,2276141766.72,12.0,15.0,2.0,-9.574468085106384,0.7189046524583731,2026-09-15,174.2,0.89,3.18,6.38,24.7,2276.1,20.0,55.0,77.2,35.2,0.0,⚠️ SAHTE KÂR (FAALİYET KÂRI YETERSİZ),0.0,-3.041825095057037,-2.6717557251908506,Consumer Services,Movies/Entertainment,5.23266929224181,US_SMALL_CAP
KLAR,14.11,14.21,14.34,13.97,3171585.0,-0.9824561403508812,44751064.35,45.98,12.06,5326636526.430175,-5.98451558903536,15.0,2.191705071987648,-67.63761467889908,0.4694717990970929,2026-09-15,17.0,11.58,45.98,35.27,225.9,5326.6,100.0,55.0,10.0,16.4,0.0,⚠️ SAHTE KÂR (FAALİYET KÂRI YETERSİZ),0.0,-32.04912111726463,-1.4664804469273802,Commercial Services,Miscellaneous Commercial Services,-1.23793018073781,US_SMID_CAP
BMI,126.11,126.92,128.56,125.51,341025.0,-0.8725043232196191,43006662.75,204.0,112.09,3655531300.606116,18.4799099136182,29.513913267336,5.353109544970832,-28.93609827566776,1.110091160774012,2026-09-15,12.5,107.61,204.0,315.27,61.8,3655.5,100.0,45.0,11.1,38.9,0.0,NÖTR,-57.4,-3.141321044546843,-4.685964779684077,Producer Manufacturing,Industrial Machinery,18.5799501677157,US_SMID_CAP
KOS,3.09,2.96,3.1,2.945,13961645.0,5.821917808219176,43141483.05,3.34,0.8361,1840056762.3082192,-62.9529204768614,15.0,2.60326714238776,83.92857142857143,1.240175113056934,2026-09-15,269.6,0.8,3.34,7.72,8.1,1840.1,20.0,55.0,73.4,72.5,0.0,⚠️ ELENDİ (ZOMBİ VEYA PRİMLİ),0.0,21.653543307086608,6.9204152249134845,Energy Minerals,Integrated Oil,12.4353327412006,US_SMALL_CAP
XNCR,23.75,24.42,24.42,23.36,1818838.0,-3.1797798613942154,43197402.5,30.61,8.49,1765893327.456176,-29.0722770717502,15.0,3.5079789905291956,175.84204413472708,1.5051242086326024,2026-09-15,179.7,8.15,30.61,59.38,28.9,1765.9,20.0,55.0,15.1,52.7,0.0,⚠️ SAHTE KÂR (FAALİYET KÂRI YETERSİZ),0.0,3.6665211697948488,-8.968953622077425,Health Technology,Biotechnology,-205.840549474627,US_SMALL_CAP
ECPG,98.8,99.74,100.48,96.78,437813.0,-0.9424503709645056,43255924.4,104.98,39.945,2095485300.533387,30.5424451862775,7.478050257341811,1.9425382250430534,122.52252252252252,1.1044702471664418,2026-09-15,147.3,38.35,104.98,247.0,6.3,2095.5,20.0,100.0,17.5,38.7,0.0,⚠️ ELENDİ (ZOMBİ VEYA PRİMLİ),0.0,-2.4582880837200207,2.702702702702697,Finance,Finance/Rental/Leasing,37.7713214303812,US_SMALL_CAP
LOPE,153.43,153.15,154.68,151.29,282459.0,-0.032577534532175496,43337684.370000005,223.04,134.27,3999158481.197486,30.9786975339986,18.53489411565735,6.011991852875279,-26.819612706286364,0.8312426630347616,2026-09-15,14.3,128.9,223.04,383.58,45.4,3999.2,100.0,85.0,26.7,29.1,0.0,NÖTR,-80.6,4.995551905837276,0.5966430632048233,Commercial Services,Miscellaneous Commercial Services,27.7673969805598,US_SMID_CAP
SMA,32.09,32.4,32.42,31.76,1359766.0,-0.37255510710958534,43634890.940000005,39.18,29.41,1904296378.6271348,2.36885919796582,63.219070133963754,1.536406465451203,-17.991311014566826,2.021894642053397,2026-09-15,9.1,28.23,39.18,80.23,22.1,1904.3,90.0,30.0,20.2,70.8,0.0,⚠️ ELENDİ (ZOMBİ VEYA PRİMLİ),0.0,-5.589879376287139,-1.5946028825513525,Finance,Real Estate Investment Trusts,22.4520495200057,US_SMALL_CAP
ELMT,19.57,21.99,22.5999,18.42,2234669.0,-8.97674418604651,43732472.33,25.03,12.485,596092364.9372092,12.0,15.0,3.1784289108724355,8.722222222222223,1.386346859279344,2026-09-15,56.7,11.99,25.03,48.92,27.9,596.1,20.0,70.0,13.9,48.5,0.0,⚠️ ELENDİ (ZOMBİ VEYA PRİMLİ),0.0,14.110787172011673,15.457227138643075,Producer Manufacturing,Metal Fabrication,10.0,US_MICRO_CAP
MMS,58.18,58.46,59.1,57.86,754743.0,-1.9713563605728754,43910947.74,100.0,52.73,3046174478.7605724,21.1115876737932,8.59506574087753,1.7501286726606617,-34.7684718017715,1.3140323591848275,2026-09-15,10.3,50.62,100.0,145.45,71.9,3046.2,100.0,70.0,13.1,46.0,0.0,NÖTR,-88.5,3.911412752277188,1.9807186678352369,Commercial Services,Miscellaneous Commercial Services,10.8516139874274,US_SMID_CAP
PUMP,10.41,10.56,10.7079,10.285,4231675.0,-0.8571428571428558,44051736.75,18.5,4.64,1278596940.7742856,-1.50207870447817,15.0,1.3354543238701235,121.01910828025478,1.293778164269676,2026-09-15,124.4,4.45,18.5,26.02,77.7,1278.6,20.0,55.0,12.9,45.3,0.0,⚠️ SAHTE KÂR (FAALİYET KÂRI YETERSİZ),0.0,-10.490111779879626,-11.854360711261645,Industrial Services,Oilfield Services/Equipment,-0.863900724687028,US_SMALL_CAP
ARX,19.81,19.86,19.88,19.81,2225963.0,-0.1008572869389792,44096327.029999994,19.9,9.18,4302505280.893596,-380.140803759261,15.0,5.9898888499171505,14.84057971014492,1.9690057770846732,2026-09-15,115.8,8.81,19.9,49.52,0.5,4302.5,20.0,55.0,19.7,68.9,0.0,⚠️ ELENDİ (ZOMBİ VEYA PRİMLİ),0.0,1.2263668880940135,-0.15120967741936056,Finance,Property/Casualty Insurance,23.3728204445629,US_SMID_CAP
GHC,1159.75,1170.79,1172.35,1149.815,38153.0,-0.6748713205381934,44247941.75,1262.345,929.755,4911457713.593774,11.8247242738532,9.345060151648228,1.0314769040736795,-1.2852704600587233,0.9988245427104631,2026-09-15,24.7,892.56,1262.35,2899.38,8.8,4911.5,65.0,55.0,10.0,35.0,0.0,⚠️ SAHTE KÂR (FAALİYET KÂRI YETERSİZ),0.0,-1.2339896443657181,2.770073283768575,Consumer Services,Other Consumer Services,5.79846712180277,US_SMID_CAP
HP,43.45,42.85,43.53,42.85,1020286.0,1.9235280319024168,44331426.7,48.17,20.32,4342347136.450856,-5.22621458655978,15.0,1.6868879692858272,104.75966069745526,0.7648808780830022,2026-09-15,113.8,19.51,48.17,108.62,10.9,4342.3,20.0,55.0,61.2,36.4,0.0,⚠️ SAHTE KÂR (FAALİYET KÂRI YETERSİZ),0.0,0.06909258406264655,-3.3155318202047064,Industrial Services,Contract Drilling,2.67805841453136,US_SMID_CAP
AGIO,32.81,33.23,33.48,32.215,1354031.0,-1.2341962673088398,44425757.11,46.0,22.24,1958818800.72637,-34.3371281061423,15.0,1.9060377419872059,-10.793909733550839,1.7117287267899512,2026-09-15,47.5,21.35,46.0,82.03,40.2,1958.8,20.0,55.0,17.1,59.9,0.0,⚠️ SAHTE KÂR (FAALİYET KÂRI YETERSİZ),0.0,-0.8761329305135925,0.8607439286812208,Health Technology,Pharmaceuticals: Major,-466.781915434522,US_SMALL_CAP
VNT,32.11,32.44,32.52,31.96,1386378.0,-0.741885625966003,44516597.58,48.2,27.2525,4341271697.262751,29.0690389675479,13.337487019730009,3.674867499911304,-25.273446590644635,1.1097147850069582,2026-09-15,17.8,26.16,48.2,80.28,50.1,4341.3,100.0,100.0,11.1,38.8,0.0,NÖTR,-87.7,-3.3413606261288367,-3.42857142857143,Transportation,Other Transportation,19.1506697519799,US_SMID_CAP
HLMN,7.25,7.21,7.28,7.1,6166207.0,0.5547850208044388,44705000.75,10.85,6.915,1410451243.966713,3.38614679634643,34.973468403280265,1.1783617034071718,-25.641025641025642,3.3432760739263205,2026-09-15,4.8,6.64,10.85,18.12,49.7,1410.5,100.0,30.0,76.7,100.0,0.0,⚠️ SAHTE KÂR (FAALİYET KÂRI YETERSİZ),0.0,-17.61363636363637,-4.605263157894733,Distribution Services,Wholesale Distributors,6.554410191699709,US_SMALL_CAP
EFOR,33.8,33.17,34.42,33.14,1267464.0,-0.7342143906020558,42840283.199999996,54.94,16.9,1385799969.2276063,4.57061042429582,17.39936168022238,0.7658413027277771,-34.862208518018896,1.7856285992708794,2026-09-15,100.0,16.22,54.94,84.5,62.5,1385.8,20.0,55.0,20.0,62.5,0.0,⚠️ SAHTE KÂR (FAALİYET KÂRI YETERSİZ),0.0,2.579666160849755,5.592002499218991,Technology Services,Information Technology Services,5.70232933346778,US_SMALL_CAP
NAVN,22.42,21.32,22.63,21.32,4620967.0,4.913430042115118,103602080.14,30.88,8.105,5843447944.621432,-49.3879634830164,15.0,4.428886931030259,1.909090909090917,0.8690941681446482,2026-09-15,176.6,7.78,30.88,56.05,37.7,5843.4,20.0,55.0,56.2,55.0,0.0,⚠️ SAHTE KÂR (FAALİYET KÂRI YETERSİZ),0.0,-25.066844919786096,-19.92857142857142,Technology Services,Packaged Software,-24.7934004380819,US_SMID_CAP
TFX,129.02,130.4,130.4,126.18,803746.0,-0.9823484267075987,103699308.92,145.0,100.18,5466886966.805526,-10.5074543169672,15.0,1.882172939628231,-1.043104770670337,1.253570256041537,2026-09-15,28.8,96.17,145.0,322.55,12.4,5466.9,20.0,55.0,36.8,43.9,0.0,⚠️ ELENDİ (ZOMBİ VEYA PRİMLİ),0.0,-5.962099125364416,-5.590516610566359,Health Technology,Medical Specialties,11.0159911620361,US_SMID_CAP
IOVA,9.36,9.21,9.38,8.98,11081515.0,1.0799136069114432,103722980.39999999,9.41,1.76,4239812741.6760254,-40.3639372534476,15.0,5.760283583191788,306.95652173913044,0.927516199098919,2026-09-15,431.8,1.69,9.41,23.4,0.5,4239.8,20.0,55.0,72.3,37.9,0.0,⚠️ SAHTE KÂR (FAALİYET KÂRI YETERSİZ),0.0,43.55828220858896,7.710011507479862,Health Technology,Biotechnology,-91.1719896955763,US_SMID_CAP
UNF,267.27,270.12,271.32,266.13,388904.0,-1.036768245269749,103942372.08,306.67,147.66,4643527841.453697,5.29587663475145,42.17743971720742,2.112539125486104,55.145991757125415,1.181888631922517,2026-09-15,81.0,141.75,306.67,668.17,14.7,4643.5,20.0,30.0,11.8,41.4,0.0,⚠️ SAHTE KÂR (FAALİYET KÂRI YETERSİZ),0.0,-7.197916666666673,-1.9552457813646518,Consumer Services,Other Consumer Services,5.76867680629722,US_SMID_CAP
VRNS,47.47,46.69,48.05,46.64,2195468.0,-0.02106149957876582,104218865.96,63.9,19.7,5452426993.1984,-35.9749208643345,15.0,12.265928006470167,-15.788540003547984,0.9043191290070929,2026-09-15,141.0,18.91,63.9,118.67,34.6,5452.4,20.0,55.0,21.5,31.7,0.0,⚠️ SAHTE KÂR (FAALİYET KÂRI YETERSİZ),0.0,3.601047577477081,3.736888111888114,Technology Services,Packaged Software,-24.0147745746219,US_SMID_CAP
COCO,55.78,54.9,55.96,53.88,1885693.0,1.3628929674722878,105183955.54,85.83,37.63,3201609234.5073595,31.3695200782984,30.78706258968981,7.985969433408497,40.3976843694941,1.2172137134283434,2026-09-15,48.2,36.12,85.83,139.45,53.9,3201.6,20.0,75.0,70.1,49.4,0.0,⚠️ ELENDİ (ZOMBİ VEYA PRİMLİ),0.0,-14.211011996308821,1.8998903909389826,Consumer Non-Durables,Food: Specialty/Candy,19.0983799279905,US_SMID_CAP
NVTS,10.81,10.9,11.08,10.615,9757696.0,-0.7346189164370989,105480693.76,34.17,5.83,2822420557.314968,-52.6010069823379,15.0,3.5216314829293722,73.51524879614767,0.9833621588960797,2026-09-15,85.4,5.6,34.17,27.03,216.1,2822.4,20.0,55.0,10.0,34.4,0.0,⚠️ SAHTE KÂR (FAALİYET KÂRI YETERSİZ),0.0,-21.4674900108972,-11.320754716981122,Electronic Technology,Semiconductors,-269.300670589845,US_SMALL_CAP
EXP,182.31,182.45,184.34,181.13,579547.0,-0.19707669568072766,105657213.57000001,245.53,171.99,5592418168.655774,27.0301265045963,14.420407356140004,3.776876137480695,-22.03310097079075,1.4895803373863596,2026-09-15,6.0,165.11,245.53,455.77,34.7,5592.4,100.0,85.0,14.9,52.1,0.0,NÖTR,0.0,-13.564384600796505,-5.7244802978591345,Non-Energy Minerals,Construction Materials,23.2087448503915,US_SMID_CAP
MNDY,94.05,94.55,98.62,93.95,1141324.0,-2.1382862494147097,107341522.2,220.8,57.5,3975880797.518339,13.3938519172987,40.094641258472954,6.433725445127607,-51.064051199333996,0.9225672519034976,2026-09-15,63.6,55.2,220.8,235.12,134.8,3975.9,20.0,30.0,10.0,32.3,0.0,⚠️ SAHTE KÂR (FAALİYET KÂRI YETERSİZ),0.0,0.03190810465858449,5.271994627266615,Technology Services,Packaged Software,2.90154022445153,US_SMID_CAP
FRMI,4.74,5.05,5.09,4.68,22804784.0,-6.138613861386131,108094676.16000001,36.9899,4.47,3035815335.207921,12.0,15.0,2.9318439071459057,-81.03999999999999,1.4718619317567607,2026-09-15,6.0,4.29,36.99,11.85,680.4,3035.8,100.0,55.0,14.7,51.5,0.0,🪤 DÜŞEN BIÇAK (RÖLATİF ÇÖKÜŞ),0.0,-29.253731343283583,-9.885931558935354,Finance,Real Estate Development,10.0,US_SMID_CAP
CE,47.22,45.02,47.41,44.92,2292778.0,5.448861098704773,108264977.16,70.7,35.13,5182344422.508263,-24.5684634120513,15.0,1.2436618546100824,2.185674096515901,1.2782318396289791,2026-09-15,34.4,33.72,70.7,118.05,49.7,5182.3,20.0,55.0,72.1,72.0,0.0,⚠️ SAHTE KÂR (FAALİYET KÂRI YETERSİZ),0.0,5.66122174983218,4.4690265486725576,Process Industries,Chemicals: Specialty,8.74176276771005,US_SMID_CAP
CRGY,15.37,14.81,15.47,14.75,7057700.0,5.346127484578474,108476849.0,15.47,7.68,5078304715.1946535,1.13592440283054,15.0,0.9855318537745165,77.68786127167628,1.2066982429945607,2026-09-15,100.1,7.37,15.47,38.42,0.7,5078.3,20.0,55.0,62.6,69.0,0.0,⚠️ ELENDİ (ZOMBİ VEYA PRİMLİ),0.0,27.235099337748334,7.859649122807012,Energy Minerals,Integrated Oil,24.6725653859809,US_SMID_CAP
AEO,14.81,15.34,15.445,14.6101,7407541.0,-4.018146467919633,109705682.21000001,28.46,14.055,2481761122.0162024,20.3636288896116,7.582817060058368,1.4075899607756666,-18.73799725651578,0.7299266239348685,2026-09-15,5.4,13.49,28.46,37.02,92.2,2481.8,100.0,85.0,10.0,25.5,0.0,NÖTR,-87.3,-9.141104294478529,-14.836112708453134,Retail Trade,Apparel/Footwear Retail,9.34224921238877,US_SMALL_CAP
ADPT,26.68,24.8,27.34,24.71,4123808.0,7.667473769168678,110023197.44,27.34,12.0,4258017141.2623086,-39.5833010467066,15.0,29.694264822090396,111.41045958795563,2.6515143526647416,2026-09-15,122.3,11.52,27.34,66.7,2.5,4258.0,20.0,55.0,61.4,100.0,0.0,⚠️ SAHTE KÂR (FAALİYET KÂRI YETERSİZ),0.0,9.929954676555418,11.259382819015844,Health Technology,Biotechnology,-11.8124778873089,US_SMID_CAP
MEOH,64.465,62.63,64.515,62.52,3058647.0,2.7985967150374784,197175678.85500002,66.75,32.0,4987287319.090357,3.37041195546747,58.54085300647442,1.9461192800268312,63.69984763839512,4.365587266371665,2026-09-15,101.5,30.72,66.75,161.16,3.5,4987.3,20.0,30.0,96.5,100.0,0.0,⚠️ ELENDİ (ZOMBİ VEYA PRİMLİ),0.0,17.422586520947185,8.308131720430108,Process Industries,Chemicals: Specialty,17.3814027669945,US_SMID_CAP
RDW,10.75,10.33,10.9398,10.2814,10300042.0,2.4785510009532867,110725451.5,26.64,4.87,2687420549.4041944,-19.2396379198163,15.0,1.636945322980733,17.486338797814202,0.9071899255754108,2026-09-15,120.7,4.68,26.64,26.88,147.8,2687.4,20.0,55.0,38.7,44.1,0.0,⚠️ SAHTE KÂR (FAALİYET KÂRI YETERSİZ),0.0,-19.776119402985078,0.27985074626865075,Electronic Technology,Aerospace & Defense,-40.6472862397718,US_SMALL_CAP
WT,22.1,22.85,22.95,21.7,5011948.0,-3.027643703378665,110764050.80000001,25.91,10.69,3348417886.134269,18.5636224052024,42.41842610364684,8.010467978063643,54.11436541143655,1.9409595945102802,2026-09-15,106.7,10.26,25.91,55.25,17.2,3348.4,20.0,45.0,19.4,67.9,0.0,⚠️ ELENDİ (ZOMBİ VEYA PRİMLİ),0.0,-2.03900709219857,-12.301587301587293,Finance,Investment Managers,39.7485566198662,US_SMID_CAP
SIG,99.87,100.74,101.88,98.75,1110270.0,-0.8734491315136431,110882664.9,110.2,71.615,3826742925.332606,19.8546536098095,11.507749034971482,2.1055618710933155,9.530598815529718,0.7909917265287542,2026-09-15,39.5,68.75,110.2,249.68,10.3,3826.7,20.0,55.0,10.0,27.7,0.0,⚠️ SAHTE KÂR (FAALİYET KÂRI YETERSİZ),0.0,8.283638729263796,18.427605834222707,Retail Trade,Specialty Stores,7.441410260170709,US_SMID_CAP
POST,77.17,78.7,78.925,76.96,1443687.0,-2.771828146654911,111409325.79,117.28,75.4,3392146850.0641303,8.28644935116338,14.171854626925974,1.102061899690803,-26.357476858478865,1.6121696959842913,2026-09-15,2.3,72.38,117.28,192.93,52.0,3392.1,65.0,55.0,16.1,56.4,0.0,⚠️ ELENDİ (ZOMBİ VEYA PRİMLİ),0.0,-3.9696366351418586,-8.555516056404786,Consumer Non-Durables,Food: Specialty/Candy,10.2930163447251,US_SMID_CAP
OPEN,2.65,2.77,2.77,2.62,42325582.0,-5.01792114695341,112162792.3,10.87,2.62,2573391285.824373,-196.893203883495,15.0,2.808393387028402,-72.84836065573771,1.4419299428458172,2026-09-15,1.1,2.45,10.87,6.62,310.2,2573.4,65.0,55.0,14.4,50.5,0.0,⚠️ SAHTE KÂR (FAALİYET KÂRI YETERSİZ),0.0,-27.989130434782616,-15.335463258785943,Finance,Real Estate Development,-15.734480639213299,US_SMALL_CAP
ENPH,36.72,36.91,37.24,35.881,3062325.0,0.16366612111293583,112448574.0,73.74,25.775,4852351089.25041,12.9964368018393,36.38886136160935,4.105348244661761,-3.0110935023771805,0.7109895359809009,2026-09-15,42.5,24.74,73.74,91.8,100.8,4852.4,20.0,30.0,23.5,25.7,0.0,⚠️ ELENDİ (ZOMBİ VEYA PRİMLİ),0.0,-10.252963460833435,-2.5736269567524515,Producer Manufacturing,Electrical Products,25.6314254701912,US_SMID_CAP
INSW,107.74,105.8,109.8,105.285,1046524.0,1.7951625094482158,112752495.75999999,109.8,42.26,5336503266.718254,37.4116050605098,6.88016858775823,2.3552084558410433,123.20281748498029,1.424996326957058,2026-09-15,154.9,40.57,109.8,269.35,1.9,5336.5,20.0,100.0,20.4,58.9,0.0,⚠️ ELENDİ (ZOMBİ VEYA PRİMLİ),0.0,12.663390149534665,1.9396347809631915,Transportation,Marine Shipping,55.6529596108849,US_SMID_CAP
VSXY,72.58,75.14,76.09,72.47,1558957.0,-2.6294606922457846,113149099.06,102.46,25.09,5789273955.430103,45.225628742515,16.400406733702404,5.865050505050505,169.61367013372956,0.5619582351501414,2026-09-15,189.3,24.09,102.46,181.45,41.2,5789.3,20.0,55.0,10.0,19.7,0.0,⚠️ ELENDİ (ZOMBİ VEYA PRİMLİ),0.0,-20.241758241758244,-1.2651339953747882,Retail Trade,Apparel/Footwear Retail,9.76405522274319,US_SMID_CAP
ALK,39.91,40.56,40.69,39.37,2854622.0,-1.965119135347591,113927964.02,60.63,33.03,4454080374.892655,-4.59800315291645,15.0,1.213252818662023,-37.14960629921261,1.3049837781151528,2026-09-15,20.8,31.71,60.63,99.77,51.9,4454.1,65.0,55.0,13.0,45.7,0.0,⚠️ SAHTE KÂR (FAALİYET KÂRI YETERSİZ),0.0,-15.498623756087234,-3.9007946063087036,Transportation,Airlines,-0.318363476258213,US_SMID_CAP
SOUN,6.15,6.33,6.42,6.15,18668175.0,-4.945904173106637,114809276.25,22.17,5.6501,2766745846.5069556,-32.2420073654211,15.0,5.465209277525994,-57.172701949860716,0.7689663496180739,2026-09-15,8.8,5.42,22.17,15.38,260.5,2766.7,100.0,55.0,10.0,26.9,0.0,⚠️ SAHTE KÂR (FAALİYET KÂRI YETERSİZ),0.0,-17.4496644295302,-8.821349147516674,Technology Services,Packaged Software,-95.7490157480315,US_SMALL_CAP
CCC,6.6,6.67,6.865,6.58,17398173.0,-2.3668639053254457,114827941.8,9.83,4.08,3887365085.414201,2.16700461357651,93.61702127659575,2.188807895627027,-32.58426966292134,1.672079005149218,2026-09-15,61.8,3.92,9.83,16.5,48.9,3887.4,20.0,30.0,16.7,58.5,0.0,⚠️ ELENDİ (ZOMBİ VEYA PRİMLİ),0.0,-7.563025210084034,-12.292358803986719,Technology Services,Packaged Software,15.4880011508825,US_SMID_CAP
GRAL,75.89,75.44,77.93,74.27,1514679.0,0.47663180193300597,114948989.31,118.84,36.98,3389720372.6441145,-16.1236588991779,15.0,1.3331426752514333,97.57875553241345,2.5602054683379984,2026-09-15,105.2,35.5,118.84,189.72,56.6,3389.7,20.0,55.0,25.6,92.0,0.0,⚠️ SAHTE KÂR (FAALİYET KÂRI YETERSİZ),0.0,11.635775228008232,-5.362264621523877,Health Technology,Medical Specialties,-323.016646194248,US_SMID_CAP
USAR,15.4,15.53,15.84,15.29,7520931.0,-1.9732654360280106,115822337.4,43.98,11.45,5776179170.4519415,-23.6463977156245,15.0,1.4845906241353948,8.603667136812415,0.6023550978910498,2026-09-15,34.5,10.99,43.98,38.5,185.6,5776.2,20.0,55.0,10.0,21.1,0.0,⚠️ SAHTE KÂR (FAALİYET KÂRI YETERSİZ),0.0,-17.182038182307064,-11.949685534591184,Producer Manufacturing,Metal Fabrication,-949.475763561769,US_SMID_CAP
PDM,9.54,9.27,9.67,9.24,12195347.0,3.695652173913042,116343610.38,10.125,6.315,1193767152.573913,-5.34629847191851,15.0,0.8101594332620551,7.5535512965050735,8.499905838080808,2026-09-15,51.1,6.06,10.12,23.85,6.1,1193.8,20.0,55.0,57.7,100.0,0.0,⚠️ ELENDİ (ZOMBİ VEYA PRİMLİ),0.0,-0.8316008316008324,-0.6250000000000052,Finance,Real Estate Investment Trusts,13.458299747292502,US_SMALL_CAP
ASO,50.44,53.6,54.15,50.41,2319709.0,-7.023041474654382,117006121.96,62.445,41.29,3106039300.392995,18.6125438248178,8.406946898229942,1.4362276756858956,7.593856655290092,0.884776104874988,2026-09-15,22.2,39.64,62.45,126.1,23.8,3106.0,65.0,70.0,10.0,31.0,0.0,NÖTR,0.0,3.594167180119121,11.716500553709855,Retail Trade,Specialty Stores,9.55439391871539,US_SMID_CAP
HCC,91.6,95.47,95.96,89.39,1203325.0,-4.043578462183113,110224570.0,111.42,60.7,4836671019.4887905,10.036828704424,22.029822029822025,2.1118764229516698,57.11835334476844,2.5207190928197343,2026-09-15,50.9,58.27,111.42,229.0,21.6,4836.7,20.0,30.0,25.2,88.2,0.0,⚠️ ELENDİ (ZOMBİ VEYA PRİMLİ),0.0,-4.214158736798077,-12.78682281252976,Energy Minerals,Coal,13.609638955760001,US_SMID_CAP
CVLT,143.3,138.01,144.12,137.79,628006.0,2.2038371014906235,89993259.80000001,198.1799,71.75,5939005876.642893,32.774298807553,91.39030612244899,114.05966442739344,-20.366768546818548,1.228457934226878,2026-09-15,99.7,68.88,198.18,358.25,38.3,5939.0,20.0,45.0,64.1,54.0,0.0,⚠️ ELENDİ (ZOMBİ VEYA PRİMLİ),0.0,-5.375066032752236,5.616155660377362,Technology Services,Packaged Software,9.00996263497837,US_SMID_CAP
LQDA,65.72,65.31,65.93,62.86,1372088.0,0.6354796723068555,90173623.36,93.61,21.145,5882524162.794272,131.815523316358,48.17122333797551,30.011325028312573,153.2562620423892,1.2802144352274503,2026-09-15,210.8,20.3,93.61,164.3,42.4,5882.5,20.0,75.0,73.2,48.0,0.0,⚠️ BİYOTEK TUZAĞI (FDA RİSKİ),0.0,-8.69686023895527,-3.35294117647059,Health Technology,Pharmaceuticals: Major,37.3857580387974,US_SMID_CAP
LIFE,40.28,37.93,40.455,37.0,2245882.0,2.3373983739837443,90464126.96000001,42.55,9.45,2568204735.1941056,-26.1115984076648,15.0,5.3935208121881795,112.0,1.9069150699800732,2026-09-15,326.2,9.07,42.55,100.7,5.6,2568.2,20.0,55.0,82.0,78.4,0.0,⚠️ SAHTE KÂR (FAALİYET KÂRI YETERSİZ),0.0,14.954337899543386,1.3078470824949777,Technology Services,Packaged Software,-17.6723520626326,US_SMALL_CAP
LKQ,23.4,23.87,24.1,23.35,3910339.0,-1.473684210526322,91501932.6,37.13,21.17,5920248916.345263,7.157732356344,12.887591562482788,0.9197393757327944,-27.889060092449935,1.2398507513985637,2026-09-15,10.5,20.32,37.13,58.5,58.7,5920.2,100.0,55.0,12.4,43.4,0.0,⚠️ SAHTE KÂR (FAALİYET KÂRI YETERSİZ),0.0,-7.142857142857145,-8.036942424837893,Consumer Durables,Automotive Aftermarket,7.23991817650497,US_SMID_CAP
INDV,34.22,34.59,34.59,33.74,2700649.0,-0.725268349289237,92416208.78,42.81,22.22,4038427211.7058315,12.0,12.15457839028202,2.0,44.815911976301315,1.4139616837262907,2026-09-15,54.0,21.33,42.81,85.55,25.1,4038.4,20.0,55.0,23.2,49.5,0.0,⚠️ BİYOTEK TUZAĞI (FDA RİSKİ),0.0,-9.947368421052635,-0.37845705967977455,Health Technology,Pharmaceuticals: Major,39.9399399399308,US_SMID_CAP
WH,67.48,68.96,69.39,67.41,1375592.0,-2.485549132947975,92824948.16000001,90.35,67.41,5007766712.074567,39.6190476190476,24.682687735469475,10.47346324276923,-21.306122448979586,1.2008566672856056,2026-09-15,0.1,63.43,90.35,168.7,33.9,5007.8,65.0,75.0,12.0,42.0,0.0,🪤 DÜŞEN BIÇAK (RÖLATİF ÇÖKÜŞ),0.0,-9.434975171117971,-5.556333100069978,Consumer Services,Hotels/Resorts/Cruise lines,38.1523272214386,US_SMID_CAP
AMBA,64.33,65.118,67.62,64.04,1450487.0,0.5470459518599585,93309828.71,96.69,48.3,2839588717.1367617,-9.41215003559385,15.0,4.577647446429855,-20.136561142147734,0.570611224709855,2026-09-15,33.2,46.37,96.69,160.82,50.3,2839.6,20.0,55.0,10.0,22.7,0.0,⚠️ SAHTE KÂR (FAALİYET KÂRI YETERSİZ),0.0,-21.682493304114928,0.7833307222309259,Electronic Technology,Semiconductors,-14.6064753315574,US_SMALL_CAP
MRCY,87.01,81.99,87.61,80.616,1074969.0,7.379982722448481,93533052.69000001,128.45,65.04,5232444704.695175,-1.99756371681624,15.0,3.463108009089017,20.26261230131308,1.6518241504884392,2026-09-15,33.8,62.44,128.45,217.53,47.6,5232.4,20.0,55.0,74.5,94.7,0.0,⚠️ SAHTE KÂR (FAALİYET KÂRI YETERSİZ),0.0,-21.022056821276205,4.843957103265466,Electronic Technology,Aerospace & Defense,2.12937490214737,US_SMID_CAP
ECO,82.73,79.7,83.27,79.53,1131892.0,3.7757150025087873,93641425.16000001,83.27,27.74,3172593170.9184647,61.5919910455297,7.714544149050252,3.6810492926004814,172.8562005277045,2.0780270811857267,2026-09-15,198.2,26.63,83.27,206.83,0.7,3172.6,20.0,100.0,70.6,91.6,0.0,⚠️ ELENDİ (ZOMBİ VEYA PRİMLİ),0.0,39.18236877523554,13.71821305841925,Transportation,Marine Shipping,62.341887032832,US_SMID_CAP
RHI,38.3,38.1,38.865,37.7,2453998.0,-1.1102504518461134,93988123.39999999,46.699,21.83,3920458106.8990445,9.11105316487648,33.33333333333333,3.2463294439537744,6.983240223463688,1.3206930598115143,2026-09-15,75.4,20.96,46.7,95.75,21.9,3920.5,20.0,30.0,15.3,46.2,0.0,⚠️ SAHTE KÂR (FAALİYET KÂRI YETERSİZ),0.0,-13.641488162344993,-8.679065331425848,Commercial Services,Personnel Services,0.201212831072657,US_SMID_CAP
LPX,64.75,66.69,66.73,64.59,1453917.0,-3.054349453511014,94141125.75,100.34,64.59,4527540762.69651,3.09810671256454,83.9382940108893,2.598910103398491,-32.915457936179024,1.3430574147329246,2026-09-15,0.2,60.86,100.34,161.88,55.0,4527.5,65.0,30.0,13.4,47.0,0.0,⚠️ SAHTE KÂR (FAALİYET KÂRI YETERSİZ),0.0,-12.262872628726285,-5.529617741464847,Non-Energy Minerals,Forest Products,4.53808752025932,US_SMID_CAP
PTEN,12.71,12.53,12.93,12.51,7515041.0,2.334943639291473,95516171.11,13.39,5.1,4847401952.10467,-2.785530021401,15.0,1.5637226194752978,126.15658362989326,0.9057214224605755,2026-09-15,149.2,4.9,13.39,31.78,5.4,4847.4,20.0,55.0,10.0,43.4,0.0,⚠️ SAHTE KÂR (FAALİYET KÂRI YETERSİZ),0.0,15.388107126645485,-0.11787819253437165,Energy Minerals,Oil & Gas Production,-0.709771803260443,US_SMID_CAP
SHAK,58.27,62.87,62.89,57.73,1645781.0,-8.25066918595496,95899658.87,107.46,51.6,2493894093.0565267,7.65048371657656,61.42089174660062,4.321690406173632,-42.7378144654088,1.382643714527235,2026-09-15,12.9,49.54,107.46,145.68,84.4,2493.9,100.0,30.0,13.8,48.4,0.0,⚠️ SAHTE KÂR (FAALİYET KÂRI YETERSİZ),0.0,-21.785234899328856,-17.92957746478873,Consumer Services,Restaurants,5.44953704091421,US_SMALL_CAP
CPRI,14.05,14.05,14.43,13.65,6827415.0,-0.7768361581920864,95925180.75,28.265,12.4,1596805229.0501413,152.066115702569,15.340102631291625,11.56673719220542,-31.56356551388212,1.312238628938329,2026-09-15,13.3,11.9,28.27,35.12,101.2,1596.8,100.0,55.0,14.9,45.9,0.0,⚠️ SAHTE KÂR (FAALİYET KÂRI YETERSİZ),0.0,-10.906785034876341,1.8854242204496126,Retail Trade,Apparel/Footwear Retail,2.35055136390022,US_SMALL_CAP
EOSE,4.07,3.9,4.185,3.835,25439225.0,6.54450261780106,103537645.75,19.86,3.01,1482162737.172775,12.0,15.0,2.0,-51.77725118483412,0.9018810266118172,2026-09-15,35.2,2.89,19.86,10.18,388.0,1482.2,20.0,55.0,33.0,64.3,0.0,⚠️ SAHTE KÂR (FAALİYET KÂRI YETERSİZ),0.0,-1.2135922330097044,2.0050125313283225,Producer Manufacturing,Electrical Products,-158.780945446399,US_SMALL_CAP
FIVN,33.02,31.23,33.87,31.23,2928512.0,4.00000000000001,96699466.24000001,35.18,13.29,2467371080.7200003,7.91715512311765,48.197343453510435,3.1439325054247598,26.03053435114505,2.031590425278778,2026-09-15,148.5,12.76,35.18,82.55,6.5,2467.4,20.0,30.0,45.2,91.1,0.0,⚠️ SAHTE KÂR (FAALİYET KÂRI YETERSİZ),0.0,-2.667649226234323,1.2883435582822138,Technology Services,Packaged Software,6.04688020453917,US_SMALL_CAP
BTDR,10.91,11.33,11.53,10.81,8895360.0,-6.432246998284734,97048377.6,27.8,6.9157,2965144267.031732,-49.508997204873,15.0,2.6887152820563376,-34.03869407496977,0.8840919825941806,2026-09-15,57.8,6.64,27.8,27.27,154.8,2965.1,20.0,55.0,10.0,30.9,0.0,⚠️ SAHTE KÂR (FAALİYET KÂRI YETERSİZ),0.0,23.416289592760183,-12.299035369774916,Technology Services,Data Processing Services,-29.9514808736638,US_SMALL_CAP
ATKR,94.55,94.32,94.625,94.32,1029838.0,0.5102583182736302,97371182.89999999,94.625,53.75,3193243158.5032425,-11.8668057890167,15.0,2.502050861361772,53.664878920851606,1.2997074314826542,2026-09-15,75.9,51.6,94.62,236.38,0.1,3193.2,20.0,55.0,48.6,48.0,0.0,⚠️ SAHTE KÂR (FAALİYET KÂRI YETERSİZ),0.0,0.713677034512145,0.8210705907442909,Producer Manufacturing,Electrical Products,4.90923518680618,US_SMID_CAP
MANE,103.89,102.02,105.26,100.01,938944.0,2.1533923303834785,97546892.16,131.2399,32.0,4340538210.337758,12.0,15.0,5.330986584017302,205.55882352941177,1.7940944594523847,2026-09-15,224.7,30.72,131.24,259.73,26.3,4340.5,20.0,55.0,51.4,73.6,0.0,⚠️ BİYOTEK TUZAĞI (FDA RİSKİ),0.0,-5.794341675734494,4.93939393939394,Health Technology,Pharmaceuticals: Major,10.0,US_SMID_CAP
GNW,10.01,9.95,10.215,9.81,9771913.0,-5.566037735849055,97816849.13,10.69,7.84,3782289083.2141504,2.30646266270838,19.001518602885344,0.4339318211177841,13.107344632768363,2.4183577957071343,2026-09-15,27.7,7.53,10.69,25.02,6.8,3782.3,20.0,40.0,24.2,84.6,0.0,⚠️ SAHTE KÂR (FAALİYET KÂRI YETERSİZ),0.0,0.3006012024048032,-2.4366471734892787,Finance,Multi-Line Insurance,7.23081328751432,US_SMID_CAP
HTFL,48.33,49.28,50.44,48.19,2031447.0,-2.44247073072265,98179833.50999999,51.778,20.13,4202468944.533912,-154.233931386728,15.0,14.982655088925608,42.819148936170194,1.0547286851891513,2026-09-15,140.1,19.32,51.78,120.82,7.1,4202.5,20.0,55.0,10.5,36.9,0.0,⚠️ SAHTE KÂR (FAALİYET KÂRI YETERSİZ),0.0,23.732718894009203,-0.3094059405940565,Technology Services,Packaged Software,-34.3138040787457,US_SMID_CAP
BTE,5.17,5.05,5.195,5.02,19029280.0,2.7833001988071504,98381377.6,5.36,2.1835,3614864073.32808,12.0,15.0,2.4176556764497703,116.31799163179916,1.15844864087526,2026-09-15,136.8,2.1,5.36,12.93,3.7,3614.9,20.0,55.0,61.6,54.5,0.0,⚠️ ELENDİ (ZOMBİ VEYA PRİMLİ),0.0,19.675925925925917,4.233870967741935,Energy Minerals,Integrated Oil,10.0,US_SMID_CAP
BOX,34.8,34.45,35.32,34.45,2867370.0,-0.17211703958692565,99784475.99999999,36.34,21.34,4774586527.263339,70.2265998205256,50.22369750324722,2.0,7.208872458410339,1.1225940407461974,2026-09-15,63.1,20.49,36.34,87.0,4.4,4774.6,20.0,45.0,11.2,39.3,0.0,⚠️ ELENDİ (ZOMBİ VEYA PRİMLİ),0.0,3.6948748510130955,-0.17211703958692562,Technology Services,Information Technology Services,9.44460200798982,US_SMID_CAP
UUUU,11.86,12.24,12.435,11.71,8419145.0,-3.88978930307942,99851059.69999999,27.9,10.69,3140214454.8541327,-11.4111863044592,15.0,3.7397794602230623,-0.6700167504187611,1.43217556036795,2026-09-15,10.9,10.26,27.9,29.65,135.2,3140.2,100.0,55.0,14.3,50.1,0.0,⚠️ SAHTE KÂR (FAALİYET KÂRI YETERSİZ),0.0,-19.319727891156464,-18.711446196024678,Non-Energy Minerals,Other Metals/Minerals,-78.6465326499699,US_SMID_CAP
HRI,138.95,140.03,141.94,137.695,721972.0,-1.0468594217347948,100318009.39999999,188.35,88.45,4645299371.90678,2.57826887661142,94.64614127103057,2.4555183600141586,9.220248388618135,1.1599982390479548,2026-09-15,57.1,84.91,188.35,347.38,35.6,4645.3,20.0,30.0,11.6,40.6,0.0,⚠️ ELENDİ (ZOMBİ VEYA PRİMLİ),0.0,-17.429284525790358,-7.360490699379972,Finance,Finance/Rental/Leasing,13.1177924217463,US_SMID_CAP
CNO,55.72,55.32,55.86,54.91,1808424.0,0.34215739240050014,100765385.28,57.59,38.215,5155290618.899334,10.9340476702579,19.164889592075394,1.9930065928028569,41.70905391658189,1.6592315412023266,2026-09-15,45.8,36.69,57.59,139.3,3.4,5155.3,20.0,40.0,66.0,59.8,0.0,⚠️ ELENDİ (ZOMBİ VEYA PRİMLİ),0.0,1.7716894977168929,-0.9422222222222243,Finance,Multi-Line Insurance,14.451834370306802,US_SMID_CAP
VSEC,178.08,185.09,186.53,175.0,566848.0,-5.079686583870796,100944291.84,247.85,154.67,4997810216.683546,4.26607662786487,65.62983710473945,1.703560075125775,7.7118490292142985,1.9404276178749325,2026-09-15,15.1,148.48,247.85,445.2,39.2,4997.8,100.0,30.0,19.4,67.9,0.0,🪤 DÜŞEN BIÇAK (RÖLATİF ÇÖKÜŞ),0.0,-23.7638597542703,-13.00439667806545,Industrial Services,Engineering & Construction,11.7530608156676,US_SMID_CAP
BHF,49.0,50.26,50.26,48.365,2061299.0,-2.0,101003651.0,66.8,44.51,2818066554.66,13.5973165344024,3.911519825019358,0.4302139805320272,0.3687013519049564,2.4809141149313843,2026-09-15,10.1,42.73,66.8,122.5,36.3,2818.1,100.0,55.0,24.8,86.8,0.0,⚠️ ELENDİ (ZOMBİ VEYA PRİMLİ),0.0,-17.743830787309047,-8.667287977632803,Finance,Life/Health Insurance,16.9371806432221,US_SMALL_CAP
VSH,31.43,31.455,32.6,30.97,3235675.0,2.0454545454545423,101697265.25,69.47,11.77,4820715112.434091,1.1341307952574,164.2110762800418,1.6549517705035257,106.50459921156373,0.8032122083837067,2026-09-15,167.0,11.3,69.47,78.58,121.0,4820.7,20.0,30.0,10.0,38.3,0.0,⚠️ SAHTE KÂR (FAALİYET KÂRI YETERSİZ),0.0,-6.179104477611941,-2.0567154876908806,Electronic Technology,Electronic Production Equipment,3.3013705274390204,US_SMID_CAP
MIDD,111.1,112.14,113.85,110.82,927364.0,1.2577469923441447,103030140.39999999,148.545,89.1447162,5024202836.91852,-9.85490120975381,15.0,2.2734458051241546,2.3064063056106896,1.7326652018594095,2026-09-15,24.6,85.58,148.54,277.75,33.7,5024.2,65.0,55.0,17.3,66.9,0.0,⚠️ ELENDİ (ZOMBİ VEYA PRİMLİ),0.0,-4.53686200378072,-0.08094253080313285,Producer Manufacturing,Industrial Machinery,17.098646946574,US_SMID_CAP
BILL,49.96,49.04,50.33,48.56,1933308.0,0.5838534326555247,96588067.68,57.21,31.41,4260427730.0463057,-0.301962135989884,15.0,1.3027430355007907,-2.440929505955868,1.1475745841743632,2026-09-15,59.1,30.15,57.21,124.9,14.5,4260.4,20.0,55.0,52.2,43.1,0.0,⚠️ SAHTE KÂR (FAALİYET KÂRI YETERSİZ),0.0,-2.6690044808104374,3.1379025598678845,Technology Services,Packaged Software,1.05543259246982,US_SMID_CAP
AGX,388.74,397.92,400.71,385.04,398204.0,-0.9730996535561426,154797822.96,805.75,235.6,5453960521.095119,39.8468914406982,30.73310722671537,10.76299781356707,66.07852351860555,0.8617144049199027,2026-09-15,65.0,226.18,805.75,971.85,107.3,5454.0,20.0,60.0,10.0,30.2,0.0,🪤 DÜŞEN BIÇAK (RÖLATİF ÇÖKÜŞ),0.0,-30.223291211947156,-6.552884615384613,Industrial Services,Engineering & Construction,15.360569902527702,US_SMID_CAP
XMTR,87.585,84.42,87.65,84.42,1791539.0,3.0048218275902534,156911943.315,106.08,35.86,5020685137.919146,-7.12043215761042,15.0,8.395672612383246,69.3445475638051,3.986479420067209,2026-09-15,144.2,34.43,106.08,218.96,21.1,5020.7,20.0,55.0,97.2,100.0,0.0,⚠️ SAHTE KÂR (FAALİYET KÂRI YETERSİZ),0.0,-7.327266955877697,-5.374891961970623,Technology Services,Information Technology Services,-3.75787431070758,US_SMID_CAP
KRMN,37.47,35.65,38.38,35.06,4312968.0,7.8583765112262425,161606910.96,118.38,33.99,4966038228.67703,9.50274351051786,133.44017094017093,11.793068936105925,-42.0507268790597,1.2113158579947567,2026-09-15,10.2,32.63,118.38,93.67,215.9,4966.0,100.0,30.0,43.7,81.7,0.0,🪤 DÜŞEN BIÇAK (RÖLATİF ÇÖKÜŞ),0.0,-38.66426583728925,-8.96501457725947,Electronic Technology,Aerospace & Defense,19.451040790295,US_SMID_CAP
DBRG,15.86,15.9,15.91,15.84,10488583.0,-0.3142677561282257,166348926.38,15.98,8.94,3017844451.4883723,15.873708408532,10.305393112410657,1.9090860942457788,29.893529893529884,2.7092643113426726,2026-09-15,77.4,8.58,15.98,39.65,0.8,3017.8,20.0,55.0,27.1,94.8,0.0,⚠️ ELENDİ (ZOMBİ VEYA PRİMLİ),0.0,-0.3768844221105559,-0.3768844221105559,Finance,Investment Managers,34.5550360899258,US_SMID_CAP
DFTX,36.82,40.445,40.445,36.775,4522850.0,-8.521739130434781,166531337.0,49.7,8.7732,4947391415.972174,-64.0868995790911,15.0,5.385292680857786,287.9873551106428,2.0959327685140896,2026-09-15,319.7,8.42,49.7,92.05,35.0,4947.4,20.0,55.0,21.0,73.4,0.0,⚠️ BİYOTEK TUZAĞI (FDA RİSKİ),0.0,-14.372093023255815,-3.1052631578947363,Health Technology,Pharmaceuticals: Major,10.0,US_SMID_CAP
M,22.08,22.4,22.49,21.5741,7666800.0,-2.2143489813994686,169282944.0,26.585,16.41,5766780097.573073,15.9931762448022,8.067521648580511,1.170206789531313,31.350386674598457,0.9934424350851297,2026-09-15,34.6,15.75,26.59,55.2,20.4,5766.8,20.0,55.0,17.3,34.8,0.0,⚠️ SAHTE KÂR (FAALİYET KÂRI YETERSİZ),0.0,-6.559458315700383,-4.868591124515306,Retail Trade,Department Stores,4.28007023705004,US_SMID_CAP
LYFT,15.69,15.68,15.965,15.5,10880022.0,-1.3207547169811373,170707545.18,25.54,12.46,5939296421.847169,152.578559559058,2.194344214147856,1.9675510823411977,-16.67551779075942,1.0090464354254713,2026-09-15,25.9,11.96,25.54,39.23,62.8,5939.3,20.0,55.0,10.1,35.3,0.0,⚠️ SAHTE KÂR (FAALİYET KÂRI YETERSİZ),0.0,-8.885017421602784,-5.481927710843385,Transportation,Other Transportation,-1.6660368618205201,US_SMID_CAP
YOU,41.58,42.3,42.35,40.29,4204535.0,-1.5625000000000087,174824565.29999998,69.07,29.435,5625278668.406251,90.2894542435177,28.38225255972696,20.58252811658482,10.850439882697948,2.7244237093194665,2026-09-15,41.3,28.26,69.07,103.95,66.1,5625.3,20.0,75.0,44.9,95.4,0.0,⚠️ ELENDİ (ZOMBİ VEYA PRİMLİ),0.0,-9.015317286652088,-5.176738882554169,Technology Services,Packaged Software,25.1294088961371,US_SMID_CAP
CORZ,16.04,16.84,16.95,16.01,11336155.0,-5.424528301886802,181831926.2,30.46,13.355,5154300116.25,12.0,15.0,2.0,-1.4136447449293204,1.0372459250018682,2026-09-15,20.1,12.82,30.46,40.1,89.9,5154.3,65.0,55.0,10.4,36.3,0.0,⚠️ SAHTE KÂR (FAALİYET KÂRI YETERSİZ),0.0,-18.454499237417398,-11.615605025347149,Technology Services,Packaged Software,-30.616995714392804,US_SMID_CAP
RGTI,15.09,15.13,15.53,14.99,12286032.0,-1.1787819253438094,185396222.88,58.1501,12.53,5036570404.394892,-43.765041986913,15.0,9.368946505736849,-20.891218872870247,0.7548453637928312,2026-09-15,20.4,12.03,58.15,37.73,285.4,5036.6,65.0,55.0,10.0,26.4,0.0,⚠️ SAHTE KÂR (FAALİYET KÂRI YETERSİZ),0.0,-18.14483319772172,-7.903570338724453,Electronic Technology,Computer Processing Hardware,-727.619261589156,US_SMID_CAP
CROX,111.48,114.04,114.53,110.83,1700662.0,-0.008969414297238232,189589799.76000002,141.28,73.205,5344916969.24926,42.2996417078699,9.631267926875626,3.8725275641426458,43.90086485091004,1.8368340382770334,2026-09-15,52.3,70.28,141.28,278.7,26.7,5344.9,20.0,100.0,18.4,64.3,0.0,⚠️ ELENDİ (ZOMBİ VEYA PRİMLİ),0.0,-15.30806047253665,-4.734233464365059,Consumer Non-Durables,Apparel/Footwear,20.8115385317295,US_SMID_CAP
BHVN,12.34,12.57,12.67,11.96,3082896.0,-2.373417721518993,38042936.64,18.5657,7.48,1863880264.5300632,-799.461885851685,15.0,152.4774496478438,-12.170818505338083,0.9879586118863859,2026-09-15,65.0,7.18,18.57,30.85,50.5,1863.9,20.0,55.0,14.8,34.6,0.0,⚠️ BİYOTEK TUZAĞI (FDA RİSKİ),0.0,-16.56524678837052,-17.236753856472166,Health Technology,Pharmaceuticals: Major,10.0,US_SMALL_CAP
GRBK,67.12,68.83,68.925,67.12,578968.0,-2.5127087872185765,38860332.160000004,83.18,60.44,2886877878.8647785,15.744086051141,10.110565480673637,1.4974334811134196,-9.431925516124673,1.374633499841754,2026-09-15,11.1,58.02,83.18,167.8,23.9,2886.9,90.0,70.0,13.7,48.1,0.0,NÖTR,0.0,-4.455516014234869,-5.077075378305741,Consumer Durables,Homebuilding,19.5012888254506,US_SMALL_CAP
ALGT,78.16,78.79,78.86,76.84,497486.0,-0.4331210191082846,38883505.76,123.63,57.11,2136718946.232866,1.76465916891817,55.558714813761725,1.202320219592651,20.468557336621455,0.9844149373290954,2026-09-15,36.9,54.83,123.63,195.4,58.2,2136.7,20.0,30.0,31.3,34.5,0.0,⚠️ ELENDİ (ZOMBİ VEYA PRİMLİ),0.0,-8.273676798497826,0.7735946364105135,Transportation,Airlines,8.63570742926329,US_SMALL_CAP
NVST,24.73,25.08,25.99,24.71,4750431.0,-4.110120201628533,117478158.63,30.4199,18.77,3972076017.299729,3.0569723102666,42.9638637943016,1.2910440280991322,17.203791469194307,2.1140667384583094,2026-09-15,31.8,18.02,30.42,61.83,23.0,3972.1,20.0,30.0,21.1,74.0,0.0,⚠️ ELENDİ (ZOMBİ VEYA PRİMLİ),0.0,-11.678571428571427,-8.745387453874542,Health Technology,Medical Specialties,10.6108874496762,US_SMID_CAP
TGB,7.98,7.9,7.99,7.78,4888606.0,1.785714285714293,39011075.88,9.82,3.53,2920865964.861879,2.2145109786359,380.3767541183649,4.843327695813191,124.15730337078651,1.0169943487254072,2026-09-15,126.1,3.39,9.82,19.95,23.1,2920.9,20.0,30.0,73.5,44.5,0.0,⚠️ ELENDİ (ZOMBİ VEYA PRİMLİ),0.0,-5.785123966942151,-8.486238532110095,Non-Energy Minerals,Other Metals/Minerals,28.3276111117376,US_SMALL_CAP
PSNL,16.1,16.15,16.4,15.915,2426611.0,-1.1663597298956276,39068437.1,18.89,4.955,1719478057.918969,-50.3199605624545,15.0,7.282299940294187,173.80952380952385,0.9931174969394432,2026-09-15,224.9,4.76,18.89,40.25,17.3,1719.5,20.0,55.0,10.0,34.8,0.0,⚠️ SAHTE KÂR (FAALİYET KÂRI YETERSİZ),0.0,14.103472714386974,-6.395348837209291,Health Services,Medical/Nursing Services,-164.074408991086,US_SMALL_CAP
BLLN,104.27,101.74,106.04,101.47,375553.0,3.4219400912517384,39158911.309999995,150.44,61.96,4920192259.729717,9.05062878738516,169.24200616782989,9.095659258651867,4.269999999999996,0.6691140968056315,2026-09-15,68.3,59.48,150.44,260.68,44.3,4920.2,20.0,30.0,22.5,40.5,0.0,⚠️ ELENDİ (ZOMBİ VEYA PRİMLİ),0.0,10.760569364775861,5.06852075775897,Health Services,Medical/Nursing Services,10.8959971012451,US_SMID_CAP
KD,13.24,13.4,13.845,13.175,2957984.0,-2.431834929992631,39163708.160000004,32.3,10.1,2883913801.232129,7.55208333333333,36.9110677446334,2.7148170779218117,-58.93300248138957,0.8791874314394311,2026-09-15,31.1,9.7,32.3,33.1,144.0,2883.9,20.0,30.0,10.0,30.8,0.0,⚠️ SAHTE KÂR (FAALİYET KÂRI YETERSİZ),0.0,-5.428571428571426,1.8461538461538478,Technology Services,Data Processing Services,3.96873120865905,US_SMALL_CAP
AMTM,20.14,19.61,20.29,19.465,1944588.0,2.0263424518743776,39164002.32,38.11,19.21,4924359014.350558,4.45755490003278,24.12842937582365,1.048051659475839,-15.021097046413498,1.2081324478196758,2026-09-15,4.8,18.44,38.11,50.35,89.2,4924.4,100.0,30.0,56.6,52.4,0.0,⚠️ SAHTE KÂR (FAALİYET KÂRI YETERSİZ),0.0,-7.146150299677273,0.19900497512437385,Electronic Technology,Aerospace & Defense,3.93489030431706,US_SMID_CAP
EYE,15.85,17.43,17.43,15.81,2472553.0,-9.480296973158206,39189965.05,30.02,14.75,1253248628.5836663,5.75493955345029,25.614091790562377,1.3969631695287519,-31.47427583225248,1.1554039972149404,2026-09-15,7.5,14.16,30.02,39.62,89.4,1253.2,100.0,30.0,11.6,40.4,0.0,⚠️ SAHTE KÂR (FAALİYET KÂRI YETERSİZ),0.0,-16.226215644820307,-5.146618791143035,Retail Trade,Specialty Stores,4.24716709631922,US_SMALL_CAP
NWE,67.98,68.65,68.8,67.345,577838.0,-0.975965040058269,39281427.24,75.18,55.5301,4181983724.723379,5.935016942819,24.45675636782271,1.4442859983717258,20.2972925145992,1.548507602677686,2026-09-15,22.4,53.31,75.18,169.95,10.6,4182.0,65.0,30.0,15.5,54.2,0.0,⚠️ ELENDİ (ZOMBİ VEYA PRİMLİ),0.0,-4.495644844057323,-3.738317757009346,Utilities,Electric Utilities,18.8402995178508,US_SMID_CAP
FSM,11.64,11.65,11.69,11.44,3376996.0,0.0859845227858967,39308233.440000005,13.85,7.69,3444943669.679257,22.9591595370397,10.373355235015314,1.9519915787729356,39.234449760765564,0.8208702060953027,2026-09-15,51.4,7.38,13.85,29.1,19.0,3444.9,20.0,85.0,50.2,29.2,0.0,⚠️ ELENDİ (ZOMBİ VEYA PRİMLİ),0.0,9.50141110065851,-5.211726384364812,Non-Energy Minerals,Precious Metals,48.6178845518833,US_SMID_CAP
GNTX,22.41,22.58,22.58,22.305,1754285.0,-0.7528786536758112,39313526.85,29.38,20.48,4721413507.278123,16.1296493905654,11.893010667091227,1.8604334535987475,-21.25790583274772,0.783479521122575,2026-09-15,9.4,19.66,29.38,56.02,31.1,4721.4,100.0,70.0,10.0,27.4,0.0,NÖTR,0.0,-5.162928480744811,-3.280103582218392,Producer Manufacturing,Auto Parts: OEM,19.5548104693033,US_SMID_CAP
FIBK,37.46,37.21,37.68,37.21,1049911.0,0.42895442359250324,39329666.06,40.6,29.1,3570110662.4798937,9.61686732696756,11.560657963768787,1.0772382096910604,14.416615760537564,1.1165023248612336,2026-09-15,28.7,27.94,40.6,93.65,8.4,3570.1,20.0,55.0,15.6,41.2,0.0,⚠️ ELENDİ (ZOMBİ VEYA PRİMLİ),0.0,-3.329032258064514,-0.7156109196925419,Finance,Regional Banks,37.89754332508093,US_SMID_CAP
LIND,26.09,26.49,26.65,25.715,1508362.0,0.3461538461538456,39353164.58,35.0,11.3694,1712017710.093077,12.0,15.0,2.0,93.6896807720861,1.6958682127444042,2026-09-15,129.5,10.91,35.0,65.22,34.2,1712.0,20.0,55.0,17.0,61.1,0.0,⚠️ SAHTE KÂR (FAALİYET KÂRI YETERSİZ),0.0,-24.156976744186043,2.555031446540875,Consumer Services,Hotels/Resorts/Cruise lines,6.98676760416704,US_SMALL_CAP
BWIN,32.49,32.0,32.705,31.95,12035851.0,1.5312500000000062,391044798.99,32.705,15.88,4532300795.511562,-10.7233672973068,15.0,3.540156642942133,4.067905188981432,3.769037971836646,2026-09-15,104.6,15.24,32.7,81.23,0.6,4532.3,20.0,55.0,60.1,100.0,0.0,⚠️ SAHTE KÂR (FAALİYET KÂRI YETERSİZ),0.0,5.727302310445824,7.6897580377858805,Finance,Insurance Brokers/Services,-2.64862973734091,US_SMID_CAP
GENI,6.56,6.75,6.771,6.45,5921268.0,-3.529411764705886,38843518.08,13.69,3.825,1821233064.0470586,-22.5973759941733,15.0,2.4305208205971818,-47.85373608903021,1.2674050002975195,2026-09-15,71.5,3.67,13.69,16.4,108.7,1821.2,20.0,55.0,12.7,44.4,0.0,⚠️ SAHTE KÂR (FAALİYET KÂRI YETERSİZ),0.0,-17.171717171717177,-12.533333333333339,Technology Services,Internet Software/Services,-16.5244936575794,US_SMALL_CAP
LXP,60.81,60.81,60.88,60.78,637817.0,0.0,38785651.77,61.61,43.975,3585191302.0000005,3.21305119482506,61.34369010390397,1.8403883064977422,31.765980498374876,0.6367683698485337,2026-09-15,38.3,42.22,61.61,152.03,1.3,3585.2,20.0,30.0,10.0,22.3,0.0,⚠️ ELENDİ (ZOMBİ VEYA PRİMLİ),0.0,0.11524530786960863,0.18121911037891175,Finance,Real Estate Investment Trusts,14.8462485332352,US_SMID_CAP
CLSK,12.62,13.07,13.17,12.36,15253988.0,-4.898266767143936,192505328.56,23.61,8.0,3241031631.767897,-68.6218932793154,15.0,4.256998579876068,21.5214251324025,0.9612296409098698,2026-09-15,57.7,7.68,23.61,31.55,87.1,3241.0,20.0,55.0,10.0,33.6,0.0,⚠️ SAHTE KÂR (FAALİYET KÂRI YETERSİZ),0.0,11.53336279275298,-0.6299212598425202,Technology Services,Data Processing Services,-51.8287925140523,US_SMID_CAP
UCB,35.34,35.12,35.6909,34.79,1102360.0,-0.1130582249858653,38957402.400000006,37.18,28.65,4261138315.834935,10.2065146601054,11.560353287536802,1.130159952491069,9.88805970149256,1.5504179065138899,2026-09-15,23.4,27.5,37.18,88.35,5.2,4261.1,65.0,55.0,31.0,54.3,0.0,⚠️ ELENDİ (ZOMBİ VEYA PRİMLİ),0.0,-3.6532170119956278,-0.5347593582887636,Finance,Regional Banks,44.86612417629795,US_SMID_CAP
IBP,199.64,201.7,211.895,199.0,590135.0,-0.3295057413879306,117814551.39999999,349.0,193.11,5306267148.34668,38.4509202453988,21.488386110692527,8.297520386364203,-25.180826743619534,1.3134077828093775,2026-09-15,3.4,185.39,349.0,499.1,74.8,5306.3,100.0,70.0,13.1,46.0,0.0,NÖTR,0.0,-19.391112995376822,-16.015312776071692,Industrial Services,Engineering & Construction,12.506747638326598,US_SMID_CAP
ELF,95.47,99.2,99.8,95.175,1244419.0,-1.3331955353451903,118804681.92999999,150.99,48.82,5633493464.986255,6.03989781845854,97.05194673172716,4.813725900487423,-30.002199574748875,0.7401162768913283,2026-09-15,95.6,46.87,150.99,238.68,58.2,5633.5,20.0,30.0,10.0,25.9,0.0,⚠️ ELENDİ (ZOMBİ VEYA PRİMLİ),0.0,4.213513808536185,-13.209090909090909,Consumer Non-Durables,Household/Personal Care,11.9985971332031,US_SMID_CAP
OLLI,73.4,77.02,77.445,73.3,1620754.0,-4.700077901843665,118963343.60000001,139.21,60.29,4360136040.875097,14.8623838757423,16.403334301740898,2.305813004848176,-44.12302070645554,0.6896518270015799,2026-09-15,21.7,57.88,139.21,183.5,89.7,4360.1,65.0,40.0,10.0,24.1,0.0,⚠️ ELENDİ (ZOMBİ VEYA PRİMLİ),0.0,-4.314952418198394,-4.052287581699339,Retail Trade,Department Stores,13.0261701301919,US_SMID_CAP
LEU,142.12,146.12,147.58,140.35,840090.0,-2.823931623931621,119393590.8,464.25,140.35,2835700156.123624,8.05313408053134,64.84464114614227,3.3542703812874577,-36.18320610687022,1.1266341989382611,2026-09-15,1.3,131.46,464.25,355.3,226.7,2835.7,65.0,30.0,11.3,39.4,0.0,⚠️ SAHTE KÂR (FAALİYET KÂRI YETERSİZ),0.0,-25.979166666666668,-19.47419117230438,Non-Energy Minerals,Other Metals/Minerals,1.56151086727158,US_SMALL_CAP
PRIM,76.72,75.28,78.65,75.27,1569027.0,3.4380477281919877,120375751.44,205.5,65.0,4130016163.0330324,8.8903704368773,30.191649285742393,2.5709645875766647,-37.46841633384954,1.30899282619202,2026-09-15,18.0,62.4,205.5,191.8,167.9,4130.0,100.0,30.0,13.1,63.0,0.0,⚠️ SAHTE KÂR (FAALİYET KÂRI YETERSİZ),0.0,-5.049504950495048,1.5486432825943106,Industrial Services,Engineering & Construction,3.02873800386644,US_SMID_CAP
AAMI,87.48,87.96,88.475,85.6,1419156.0,-1.619433198380564,124147766.88000001,98.52,41.47,3104676295.360324,200.395256916996,30.864763786472853,33.74648474117279,79.59351262574421,3.2139552306070787,2026-09-15,110.9,39.81,98.52,218.7,12.6,3104.7,20.0,75.0,51.5,100.0,0.0,⚠️ ELENDİ (ZOMBİ VEYA PRİMLİ),0.0,-5.33492046315333,-6.648169885817938,Finance,Investment Managers,26.6043165467626,US_SMID_CAP
FND,46.11,47.89,48.06,46.1,2717989.0,-4.196966548929987,125326472.78999999,92.405,42.64,4910252503.191772,9.6935086016998,21.513553865534455,1.9746646795827123,-48.35927875461979,1.116270792783818,2026-09-15,8.1,40.93,92.41,115.28,100.4,4910.3,100.0,40.0,11.2,39.1,0.0,⚠️ SAHTE KÂR (FAALİYET KÂRI YETERSİZ),0.0,-21.60829649778987,-6.980028242888847,Retail Trade,Home Improvement Chains,6.5571446338576,US_SMID_CAP
VVV,28.26,30.32,30.485,28.225,4485712.0,-6.947645702996376,126766221.12,41.33,28.225,3605592276.2844915,28.3992879638505,35.81295146369281,8.653660657690459,-30.153237765694513,2.290699550818393,2026-09-15,0.1,26.56,41.33,70.65,46.2,3605.6,65.0,60.0,22.9,80.2,0.0,🪤 DÜŞEN BIÇAK (RÖLATİF ÇÖKÜŞ),0.0,-16.067716067716066,-10.907944514501883,Consumer Services,Other Consumer Services,17.724032586558,US_SMID_CAP
SWMR,23.04,32.56,32.7499,21.5001,5520003.0,-28.358208955223873,127180869.11999999,83.3,11.25,367188045.13432837,12.0,15.0,8.330531179833173,84.32,10.604971000607287,2026-09-15,104.8,10.8,83.3,57.6,261.5,367.2,20.0,70.0,30.0,100.0,0.0,🪤 DÜŞEN BIÇAK (RÖLATİF ÇÖKÜŞ),0.0,-41.700404858299606,-28.000000000000004,Technology Services,Packaged Software,10.0,US_MICRO_CAP
KGS,57.7,57.21,57.945,56.265,2207314.0,1.9074531967502746,127362017.80000001,77.68,32.55,5833702676.116214,4.597150327216,68.85441527446301,2.693763028219152,72.49626307922271,1.347410745057928,2026-09-15,77.3,31.25,77.68,144.25,34.6,5833.7,20.0,30.0,63.1,56.7,0.0,⚠️ ELENDİ (ZOMBİ VEYA PRİMLİ),0.0,-7.42820471682977,-8.861159374506396,Industrial Services,Oilfield Services/Equipment,32.6450239641966,US_SMID_CAP
ACVA,10.43,10.43,10.44,10.41,12230429.0,0.19212295869355978,127563374.47,10.595,4.065,1771097240.6176753,-15.0582944028311,15.0,4.524219539596681,3.0632411067193726,0.6953018775471147,2026-09-15,156.6,3.9,10.6,26.07,1.6,1771.1,20.0,55.0,30.3,25.3,0.0,⚠️ SAHTE KÂR (FAALİYET KÂRI YETERSİZ),0.0,31.69191919191919,50.07194244604315,Technology Services,Internet Software/Services,-7.09400141513142,US_SMALL_CAP
FSLY,24.3,24.75,25.405,23.63,5285336.0,-2.2526146419951676,128433664.8,34.82,7.735,3870990169.1029773,-8.38939850961797,15.0,3.901320669293235,209.16030534351148,0.9729883570980833,2026-09-15,214.2,7.43,34.82,60.75,43.3,3871.0,20.0,55.0,10.0,34.1,0.0,⚠️ SAHTE KÂR (FAALİYET KÂRI YETERSİZ),0.0,-19.107856191744336,19.410319410319406,Technology Services,Information Technology Services,-11.9629263664317,US_SMID_CAP
EWTX,43.63,44.69,45.02,42.61,2969594.0,-2.218735992828317,129563386.22000001,48.4,13.85,4738398235.314882,-38.0316020471524,15.0,10.49436315836314,205.96072931276302,2.9042884601147065,2026-09-15,215.0,13.3,48.4,109.08,10.9,4738.4,20.0,55.0,29.0,100.0,0.0,⚠️ BİYOTEK TUZAĞI (FDA RİSKİ),0.0,2.058479532163749,1.8321857859727009,Health Technology,Biotechnology,10.0,US_SMID_CAP
ORA,91.2,92.55,92.55,91.11,1420952.0,-0.9556907037358768,129590822.4,146.39,91.11,5608521095.186794,4.97567344206209,44.679600235155796,2.1591338464117187,-0.14780752176054188,1.3653523929257558,2026-09-15,0.1,85.73,146.39,228.0,60.5,5608.5,65.0,30.0,13.7,47.8,0.0,🪤 DÜŞEN BIÇAK (RÖLATİF ÇÖKÜŞ),0.0,-19.781862960682552,-14.566744730679154,Utilities,Electric Utilities,19.3536389782218,US_SMID_CAP
SEI,61.62,61.74,63.72,61.4301,2509942.0,0.8345606283750581,154662626.04,86.19,31.91,4718029954.410407,8.08983064525426,78.28738406809808,4.291244732570213,92.56249999999999,0.8340920644906973,2026-09-15,93.1,30.63,86.19,154.05,39.9,4718.0,20.0,30.0,10.0,33.4,0.0,⚠️ ELENDİ (ZOMBİ VEYA PRİMLİ),0.0,1.8512396694214834,-0.37186742118028127,Industrial Services,Oilfield Services/Equipment,24.2636948558353,US_SMID_CAP
SEDG,35.26,35.24,35.8,34.24,3779770.0,-0.19813189923577776,133274690.19999999,81.25,28.21,2169397894.6000566,-58.4240422607057,15.0,5.263322879333173,19.708029197080293,1.0630057371210775,2026-09-15,25.0,27.08,81.25,88.15,130.4,2169.4,65.0,55.0,32.2,37.2,0.0,⚠️ SAHTE KÂR (FAALİYET KÂRI YETERSİZ),0.0,9.503105590062097,0.6278538812785356,Producer Manufacturing,Electrical Products,-9.9682424353421,US_SMALL_CAP
DHT,22.14,22.4,22.815,21.95,6057574.0,-0.045146726862293506,134114688.36,22.815,10.83,3569755689.2234764,39.1763532556201,7.531893179112094,2.68486000892528,74.0566037735849,1.751361817159019,2026-09-15,104.4,10.4,22.82,55.35,3.1,3569.8,20.0,100.0,17.5,61.3,0.0,⚠️ ELENDİ (ZOMBİ VEYA PRİMLİ),0.0,14.182568334192883,5.1282051282051375,Transportation,Marine Shipping,56.659503230469696,US_SMID_CAP
PL,16.02,16.08,16.32,15.635,8390769.0,-1.1111111111111094,134420119.38,51.76,9.68,5828844961.9777775,-71.9701211951522,15.0,10.323029635214288,60.68204613841523,0.5400556448339263,2026-09-15,65.5,9.29,51.76,40.05,223.1,5828.8,20.0,55.0,14.1,18.9,0.0,⚠️ SAHTE KÂR (FAALİYET KÂRI YETERSİZ),0.0,-35.55913113435238,-10.252100840336142,Technology Services,Packaged Software,-25.6821702557378,US_SMID_CAP
ACHR,5.47,5.47,5.55,5.29,24687952.0,-0.7259528130671513,135043097.44,14.62,4.3,4212030381.569873,-44.7609985447218,15.0,2.2258302102534677,-41.559829059829056,1.1488487929167266,2026-09-15,27.2,4.13,14.62,13.67,167.3,4212.0,20.0,55.0,38.4,40.2,0.0,⚠️ SAHTE KÂR (FAALİYET KÂRI YETERSİZ),0.0,-20.95375722543353,-4.035087719298253,Electronic Technology,Aerospace & Defense,-13569.5652173913,US_SMID_CAP
WHR,33.03,33.9,34.05,32.86,4124585.0,-2.8529411764705848,136235042.55,94.82,32.86,2153535487.39853,5.98112905805213,11.104013985073623,0.5458810276842497,-64.49150720275209,1.4497156057183802,2026-09-15,0.5,30.55,94.82,82.58,187.1,2153.5,65.0,55.0,14.5,50.7,0.0,⚠️ SAHTE KÂR (FAALİYET KÂRI YETERSİZ),0.0,-22.28235294117647,-15.481064483111561,Consumer Durables,Electronics/Appliances,3.07702621170477,US_SMALL_CAP
RH,124.83,133.57,133.61,124.77,1093648.0,-6.961317731236484,136520079.84,248.44,106.3037,2363426190.4923606,280.715445517137,22.199498497270188,19.636466600073934,-42.92181069958847,1.1906251313211897,2026-09-15,17.4,102.05,248.44,312.07,99.0,2363.4,100.0,70.0,11.9,41.7,0.0,🪤 DÜŞEN BIÇAK (RÖLATİF ÇÖKÜŞ),0.0,-30.941579995574237,-15.191249405530268,Retail Trade,Specialty Stores,10.3844662851549,US_SMALL_CAP
BULL,8.66,8.86,8.9,8.47,15788717.0,-4.203539823008839,136730289.22,16.04,4.5,4587759688.672566,4.74634414724858,105.73870573870575,4.396385419839578,-35.34901082493467,1.165526166800894,2026-09-15,92.4,4.32,16.04,21.65,85.2,4587.8,20.0,30.0,11.7,40.8,0.0,⚠️ ELENDİ (ZOMBİ VEYA PRİMLİ),0.0,8.930817610062894,-12.833417211877205,Technology Services,Packaged Software,12.4378606947845,US_SMID_CAP
DK,78.14,74.42,78.41,74.42,1763615.0,4.928158990197398,137808876.1,79.145,25.85,4784682148.991272,212.705882352941,21.968568135173886,25.641362201468784,175.62610229276896,0.7980815253526975,2026-09-15,202.3,24.82,79.14,195.35,1.3,4784.7,20.0,40.0,68.5,52.6,0.0,⚠️ SAHTE KÂR (FAALİYET KÂRI YETERSİZ),0.0,14.206372405729317,3.4555805640142983,Energy Minerals,Oil Refining/Marketing,6.05814291046324,US_SMID_CAP
BBWI,16.72,17.91,18.005,16.595,8540821.0,-6.644332774986049,142802527.12,27.4,14.275,3371509544.8308206,12.0,4.343872593593307,2.0,-39.02261123267689,1.4685401029894436,2026-09-15,17.1,13.7,27.4,41.8,63.9,3371.5,100.0,55.0,14.7,51.4,0.0,⚠️ ELENDİ (ZOMBİ VEYA PRİMLİ),0.0,-12.460732984293205,-14.910941475826974,Retail Trade,Specialty Stores,14.8682385575589,US_SMID_CAP
MKTX,163.38,163.11,163.4,163.11,878661.0,0.17167381974248996,143555634.18,195.965,108.75,5749814610.61545,23.3438637218149,19.255156157925754,4.640800928728285,-12.250926472957731,0.9729772287532571,2026-09-15,50.2,104.4,195.97,408.45,19.9,5749.8,20.0,70.0,70.1,34.9,0.0,⚠️ ELENDİ (ZOMBİ VEYA PRİMLİ),0.0,0.4302925989672908,0.018365472910928153,Finance,Investment Banks/Brokers,40.2812961790163,US_SMID_CAP
MNR,11.2,11.26,11.425,10.77,12984928.0,-10.328262610088078,145431193.6,15.0196,10.46,1869818569.3514807,6.25028731740591,21.176025713745506,1.0140399260113009,-18.068763716166792,35.543701202415726,2026-09-15,7.1,10.04,15.02,28.0,34.1,1869.8,90.0,40.0,51.9,100.0,0.0,⚠️ ELENDİ (ZOMBİ VEYA PRİMLİ),0.0,-14.307574598316764,-12.156862745098044,Energy Minerals,Integrated Oil,21.4998425308095,US_SMALL_CAP
SITE,87.6,88.71,89.32,86.2,1668566.0,-1.9476158495634757,146166381.6,168.56,86.2,3824212155.5674944,9.81343620965069,23.973727422003282,2.2711975848561936,-37.48215815015701,1.5856826832814168,2026-09-15,1.6,82.34,168.56,219.0,92.4,3824.2,65.0,30.0,15.9,55.5,0.0,⚠️ SAHTE KÂR (FAALİYET KÂRI YETERSİZ),0.0,-9.996917702661055,-13.000297944185128,Distribution Services,Wholesale Distributors,4.8611402002262,US_SMID_CAP
WAY,26.67,27.03,27.28,25.5707,5679419.0,7.108433734939772,151470104.73000002,40.35,17.26,5113930505.996387,3.76529706055634,37.97522426313541,1.284069735530744,-28.861029607895436,3.2808262705071893,2026-09-15,54.5,16.57,40.35,66.68,51.3,5113.9,20.0,30.0,50.0,100.0,0.0,⚠️ ELENDİ (ZOMBİ VEYA PRİMLİ),0.0,4.098360655737707,6.680000000000007,Technology Services,Packaged Software,25.363823122289496,US_SMID_CAP
DAVE,374.665,376.5,389.34,370.5,406245.0,2.429055716550945,152205782.925,458.25,152.21,4779041777.708349,104.778757730067,24.302542048557733,22.98792392354068,62.89782608695653,1.2141042848471644,2026-09-15,146.2,146.12,458.25,936.66,22.3,4779.0,20.0,75.0,12.1,54.6,0.0,⚠️ ELENDİ (ZOMBİ VEYA PRİMLİ),0.0,13.222628509262336,0.29580254845273,Finance,Major Banks,33.5354087755223,US_SMID_CAP
AEHR,81.58,85.97,87.91,80.95005,1872957.0,-2.1470552956699125,152795832.06,147.4,18.7,2664365841.9213142,-4.16260200594657,15.0,12.071011520580498,202.8210838901262,0.5383400316481074,2026-09-15,336.3,17.95,147.4,203.95,80.7,2664.4,20.0,55.0,10.0,18.8,0.0,⚠️ SAHTE KÂR (FAALİYET KÂRI YETERSİZ),0.0,-38.94169598083977,-9.746653390861823,Electronic Technology,Electronic Production Equipment,-28.2854342913142,US_SMALL_CAP
TVTX,62.51,65.31,65.32,61.4,2097799.0,-4.985560115519088,131133415.49,68.73,22.055,5892260060.252316,-236.354746896227,15.0,240.0629824494028,167.93827689669953,1.6852742086566161,2026-09-15,183.4,21.17,68.73,156.28,10.0,5892.3,20.0,55.0,16.9,59.0,0.0,⚠️ SAHTE KÂR (FAALİYET KÂRI YETERSİZ),0.0,2.8801843317972353,-2.1139993736298175,Health Technology,Pharmaceuticals: Major,-6.841853378226409,US_SMID_CAP
ITGR,126.21,126.15,126.31,126.12,515953.0,0.06342662332513938,65118428.129999995,126.795,62.0,4290136077.649568,7.50358093975781,34.40745890242905,2.496080653011563,24.50429121041727,0.6322389375065558,2026-09-15,103.6,59.52,126.8,315.52,0.5,4290.1,20.0,30.0,10.0,22.4,0.0,⚠️ ELENDİ (ZOMBİ VEYA PRİMLİ),0.0,0.8469836196564027,-0.07125890736342314,Health Technology,Medical Specialties,10.0349751149066,US_SMID_CAP
RELY,21.83,22.01,22.43,21.72,2986953.0,-1.88764044943821,65205183.989999995,27.479,12.08,4621062844.36764,32.2455689645147,15.711818050957246,4.10062401616957,22.16004476776719,0.7266049531690023,2026-09-15,80.7,11.6,27.48,54.57,25.9,4621.1,20.0,55.0,10.0,25.4,0.0,⚠️ ELENDİ (ZOMBİ VEYA PRİMLİ),0.0,-15.321955003878987,-15.909090909090917,Commercial Services,Miscellaneous Commercial Services,10.3629528483463,US_SMID_CAP
DOCS,25.81,26.02,26.825,25.57,2558774.0,-2.197802197802205,66041956.94,76.51,17.15,4600528540.175823,17.2064697051242,30.60595280445867,5.06720277056821,-63.77543859649123,1.0323201635462211,2026-09-15,50.5,16.46,76.51,64.52,196.4,4600.5,20.0,45.0,10.3,36.1,0.0,⚠️ ELENDİ (ZOMBİ VEYA PRİMLİ),0.0,-3.024610182228066,0.6630265210608353,Technology Services,Packaged Software,30.5730298001123,US_SMID_CAP
TDC,29.39,28.99,30.14,28.91,2264327.0,0.068096697310179,66548570.53,41.7799,20.33,2733270078.053115,119.115734720416,6.189062269673805,4.629046281012563,38.76298394711993,1.222861485517854,2026-09-15,44.6,19.52,41.78,73.47,42.2,2733.3,20.0,70.0,12.2,43.1,0.0,⚠️ ELENDİ (ZOMBİ VEYA PRİMLİ),0.0,4.964285714285716,5.909909909909912,Technology Services,Packaged Software,7.924305144884681,US_SMALL_CAP
FRPT,62.69,63.67,63.81,62.145,1062130.0,-1.6935863258585624,66584929.699999996,86.0,46.45,3012760740.673984,17.6217550392968,16.5204100455899,2.4628838802698207,15.281353438764242,1.0007637663082387,2026-09-15,35.0,44.59,86.0,156.72,37.2,3012.8,20.0,40.0,10.0,35.0,0.0,⚠️ SAHTE KÂR (FAALİYET KÂRI YETERSİZ),0.0,-13.911013457841248,-10.786964565248326,Consumer Non-Durables,Food: Specialty/Candy,8.26096484522317,US_SMID_CAP
DLB,60.36,61.5,61.9,59.89,1103707.0,-2.503634307866253,66619754.519999996,73.01,48.26,5653848392.638992,8.71872759373049,25.595793401747095,2.1878602031273786,-16.050069541029217,1.2087627460304493,2026-09-15,25.1,46.33,73.01,150.9,21.0,5653.8,20.0,30.0,12.1,42.3,0.0,⚠️ ELENDİ (ZOMBİ VEYA PRİMLİ),0.0,-3.3621517771373703,-2.0765736534717734,Technology Services,Packaged Software,19.3325974356797,US_SMID_CAP
PHVS,38.06,39.12,40.0,37.75,1751141.0,-2.0586721564590764,66648426.46,43.25,20.65,2659011915.6433353,-71.1375670589695,15.0,7.769281331270235,58.45129059117403,1.2836495638838392,2026-09-15,84.3,19.82,43.25,95.15,13.6,2659.0,20.0,55.0,12.8,44.9,0.0,⚠️ BİYOTEK TUZAĞI (FDA RİSKİ),0.0,11.941176470588243,-7.080078124999997,Health Technology,Biotechnology,10.0,US_SMALL_CAP
SBLK,31.21,30.55,31.535,30.35,2145125.0,1.2325656827765248,66949351.25,32.88,16.72,3495060670.3934484,11.6807591106167,12.209529770753463,1.4130816680611848,62.21413721413723,1.2901638587039548,2026-09-15,86.7,16.05,32.88,78.03,5.4,3495.1,20.0,55.0,44.5,51.3,0.0,⚠️ ELENDİ (ZOMBİ VEYA PRİMLİ),0.0,7.8438147892190715,-0.4465709728867642,Transportation,Marine Shipping,27.8357114060106,US_SMID_CAP
DNOW,16.1,15.7,16.105,15.59,4183575.0,2.941176470588241,67355557.5,17.26,10.935,2910652871.617647,-11.5727916281933,15.0,1.3916212300894442,5.43549443352981,2.0079486174032533,2026-09-15,47.2,10.5,17.26,40.25,7.2,2910.7,20.0,55.0,88.7,85.0,0.0,⚠️ SAHTE KÂR (FAALİYET KÂRI YETERSİZ),0.0,-1.1663597298956276,-0.5558987029030257,Distribution Services,Wholesale Distributors,-2.54714670585354,US_SMALL_CAP
ALM,14.04,14.68,15.25,14.01,4799416.0,-4.489795918367348,67383800.64,24.41,4.75,4050269584.8244896,39.5798640352166,57.25938009787928,10.409947282959271,209.2511013215859,0.6615214617610058,2026-09-15,195.6,4.56,24.41,35.1,73.9,4050.3,20.0,30.0,10.0,23.2,0.0,⚠️ SAHTE KÂR (FAALİYET KÂRI YETERSİZ),0.0,0.071275837491089,-20.767494356659142,Non-Energy Minerals,Other Metals/Minerals,5.26520780181653,US_SMID_CAP
CNK,33.93,34.68,34.9481,33.7,1993388.0,-2.5839793281653707,67635654.84,38.98,21.6,3932889276.534884,45.4266030736619,18.86886886886887,7.934206649487188,19.261862917398947,0.9586421843861765,2026-09-15,57.1,20.74,38.98,84.83,14.9,3932.9,20.0,70.0,10.0,33.6,0.0,⚠️ ELENDİ (ZOMBİ VEYA PRİMLİ),0.0,-8.912751677852349,-1.4522218995062446,Consumer Services,Movies/Entertainment,13.439181756013403,US_SMID_CAP
PTCT,65.65,66.51,66.54,65.06,1034202.0,-1.248495788206977,67895361.30000001,90.87,57.74,5479202309.024518,12.0,15.0,2.0,6.834825061025228,1.1789123067400322,2026-09-15,13.7,55.43,90.87,164.12,38.4,5479.2,100.0,55.0,11.8,41.3,0.0,⚠️ BİYOTEK TUZAĞI (FDA RİSKİ),0.0,-8.284436993573614,-3.185370889249368,Health Technology,Pharmaceuticals: Major,11.5714039299968,US_SMID_CAP
DX,12.23,12.41,12.455,12.2,5605812.0,-1.4504431909750177,68559080.76,14.9305,11.825,3035081343.6937957,18.2307849849323,4.666335991453318,0.9466464488373587,-2.549800796812751,1.1011998058711752,2026-09-15,3.4,11.35,14.93,30.58,22.1,3035.1,90.0,70.0,11.0,38.5,0.0,NÖTR,0.0,-6.067588325652835,-5.193798449612403,Finance,Real Estate Investment Trusts,120.134952103504,US_SMID_CAP
CLMT,57.55,56.66,57.84,55.65,1192377.0,1.7683465959328029,68621296.35,58.4,17.42,5058543155.327144,12.0,15.0,2.0,230.36739380022956,0.9070620064607734,2026-09-15,230.4,16.72,58.4,143.88,1.5,5058.5,20.0,55.0,60.5,40.6,0.0,⚠️ SAHTE KÂR (FAALİYET KÂRI YETERSİZ),0.0,17.761407816656437,6.71240496940478,Energy Minerals,Oil Refining/Marketing,1.19353574073267,US_SMID_CAP
OLED,77.89,77.1,78.265,75.77,1151595.0,1.6575306708431166,89697734.55,153.38,75.77,3580356908.5766115,11.5130538457713,18.84724272267525,2.1383682677020737,-42.883332111168144,1.4493064605544919,2026-09-15,2.8,72.74,153.38,194.72,96.9,3580.4,65.0,40.0,63.5,59.0,0.0,⚠️ ELENDİ (ZOMBİ VEYA PRİMLİ),0.0,-14.142416225749557,-5.782024918350068,Electronic Technology,Electronic Production Equipment,34.4015896972853,US_SMID_CAP
GEO,31.26,30.54,31.7,30.4625,2204089.0,1.329011345218801,68899822.14,33.15,12.51,4114428219.7536464,20.1101792508045,14.748761500353858,2.726939651412321,42.09090909090909,1.040902117781914,2026-09-15,149.9,12.01,33.15,78.15,6.0,4114.4,20.0,70.0,30.6,43.1,0.0,⚠️ ELENDİ (ZOMBİ VEYA PRİMLİ),0.0,3.681592039801005,-0.9505703422053142,Commercial Services,Miscellaneous Commercial Services,12.4900922109658,US_SMID_CAP
YETI,39.39,40.6,41.1088,39.34,1751167.0,-3.5268185157972023,68978468.13,53.99,31.655,2875028963.2035275,25.3208387266717,17.143976323119777,4.716580114208533,10.895270270270263,1.1980434142937784,2026-09-15,24.4,30.39,53.99,98.47,37.1,2875.0,65.0,85.0,12.0,41.9,0.0,NÖTR,-77.4,-13.447593935398809,-2.8846153846153886,Producer Manufacturing,Miscellaneous Manufacturing,12.1822171802645,US_SMALL_CAP
PLNT,50.81,50.85,51.3,49.53,1361099.0,-0.6841282251759075,69157440.19,114.26,37.03,3837830313.755669,12.0,17.23950734570624,2.0,-50.264291307752536,0.8258583220228501,2026-09-15,37.2,35.55,114.26,127.03,124.9,3837.8,20.0,40.0,39.5,28.9,0.0,⚠️ ELENDİ (ZOMBİ VEYA PRİMLİ),0.0,3.3774160732451755,-0.6064162754303505,Consumer Services,Other Consumer Services,30.9490994718472,US_SMID_CAP
WRBY,24.34,25.66,25.66,24.0,2875112.0,-5.328665888759241,69980226.08,31.0,14.96,3008619771.798522,2.05511815203946,400.9884678747941,7.664041664173911,-10.34990791896869,1.135479639313047,2026-09-15,62.7,14.36,31.0,60.85,27.4,3008.6,20.0,30.0,11.4,39.7,0.0,⚠️ SAHTE KÂR (FAALİYET KÂRI YETERSİZ),0.0,-4.661182922052492,-0.6530612244897965,Retail Trade,Specialty Stores,0.247255941711661,US_SMID_CAP
WIX,82.58,81.03,84.34,81.002,851773.0,-0.9000360014400577,70339414.34,190.93,40.16,3455932627.665667,12.0,15.0,2.0,-51.862430778198785,0.5034286004737746,2026-09-15,105.6,38.55,190.93,206.45,131.2,3455.9,20.0,55.0,10.0,17.6,0.0,⚠️ SAHTE KÂR (FAALİYET KÂRI YETERSİZ),0.0,5.87179487179487,9.87227248536456,Technology Services,Packaged Software,-3.1386910575716795,US_SMID_CAP
SBET,8.33,8.77,8.8,8.105,8449846.0,-8.961748633879784,70387217.18,19.535,4.46,1809472531.5562842,-183.577843699579,15.0,1.2814221478358119,-51.38605194047272,1.0179987630065566,2026-09-15,86.8,4.28,19.54,20.82,134.6,1809.5,20.0,55.0,10.2,35.6,0.0,⚠️ SAHTE KÂR (FAALİYET KÂRI YETERSİZ),0.0,32.85486443381181,-4.142692750287681,Commercial Services,Advertising/Marketing Services,-18.644703601145,US_SMALL_CAP
PFSI,68.05,69.18,69.2,67.54,1036217.0,-1.3339132956357862,70514566.85,160.36,67.54,3535304306.038857,9.37660182001404,9.35099556154068,0.8150475626065521,-45.694677200542664,2.07414558493669,2026-09-15,0.8,63.97,160.36,170.12,135.7,3535.3,65.0,55.0,20.7,72.6,0.0,⚠️ ELENDİ (ZOMBİ VEYA PRİMLİ),0.0,-14.305503085253747,-6.099075479508764,Finance,Finance/Rental/Leasing,30.0747091617069,US_SMID_CAP
VCYT,40.14,40.83,42.36,39.095,1760591.0,-2.5964571705896633,70670122.74,60.91,29.455,3226883902.8818245,8.77445908348854,28.480204342273307,2.3233939842965423,29.40038684719536,1.6487427640041075,2026-09-15,36.3,28.28,60.91,100.35,51.7,3226.9,20.0,30.0,16.5,57.7,0.0,⚠️ ELENDİ (ZOMBİ VEYA PRİMLİ),0.0,-5.64174894217207,-3.9942597464721397,Health Technology,Medical Specialties,17.2233493504182,US_SMID_CAP
MTH,65.78,64.59,65.945,63.61,1079831.0,1.3871763255240532,71031283.18,85.38,58.03,4287151798.1612206,6.37674950913184,13.747413739054107,0.8476087588471902,-16.72363590327889,1.5253966016190381,2026-09-15,13.4,55.71,85.38,164.45,29.8,4287.2,90.0,55.0,75.4,60.3,0.0,⚠️ SAHTE KÂR (FAALİYET KÂRI YETERSİZ),0.0,-9.828649760109666,-0.8142340168878047,Finance,Real Estate Development,7.14153495630717,US_SMID_CAP
BKH,69.96,70.74,70.8,69.29,1018871.0,-0.9345794392523517,71280215.16,78.69,58.1,5334670113.457943,7.88970248697144,17.632825889706623,1.3528664873931637,18.135764944275575,1.2377588795539713,2026-09-15,20.4,55.78,78.69,174.9,12.5,5334.7,65.0,40.0,12.4,43.3,0.0,⚠️ ELENDİ (ZOMBİ VEYA PRİMLİ),0.0,-5.113251051132524,-4.426229508196734,Utilities,Gas Distributors,23.8561238691719,US_SMID_CAP
SATA,100.0,99.97,100.0,99.66,715515.0,-0.009999000099995116,71551500.0,101.35,79.01,2707412376.0,-137.872221995685,15.0,12.681922173580006,21.951219512195124,1.3963178183006104,2026-09-15,26.6,75.85,101.35,250.0,1.3,2707.4,65.0,55.0,84.0,48.9,0.0,⚠️ SAHTE KÂR (FAALİYET KÂRI YETERSİZ),0.0,0.30090270812437026,0.0,Finance,Financial Conglomerates,-14415.5789473684,US_SMALL_CAP
BKD,11.85,12.04,12.04,11.51,6041510.0,-0.5037783375314903,71591893.5,17.09,7.29,2829984322.4559193,-362.056960368567,15.0,2.0,56.74603174603175,1.399721955882014,2026-09-15,62.6,7.0,17.09,29.62,44.2,2830.0,20.0,55.0,33.8,49.0,0.0,⚠️ SAHTE KÂR (FAALİYET KÂRI YETERSİZ),0.0,-5.275779376498802,0.9369676320272524,Health Services,Hospital/Nursing Management,5.00052938721873,US_SMALL_CAP
VC,97.67,100.15,100.15,97.08,734140.0,-2.3397660233976634,71703453.8,128.15,83.49,2607342591.164084,9.95713814704913,17.805447187078425,1.6187392561920464,-22.150486210744454,2.111650492418348,2026-09-15,17.0,80.15,128.15,244.18,31.2,2607.3,90.0,55.0,21.1,73.9,0.0,⚠️ ELENDİ (ZOMBİ VEYA PRİMLİ),0.0,-8.932400932400931,-4.553894263656793,Producer Manufacturing,Auto Parts: OEM,7.32998147658111,US_SMALL_CAP
VFC,12.71,12.99,13.0698,12.69,5678576.0,-2.754399387911243,72174700.96000001,22.2699,12.455,4996740039.575363,17.9381726585757,18.51150597145354,2.8315043285703467,-17.3064411190631,0.8300210404630901,2026-09-15,2.0,11.95,22.27,31.78,75.2,4996.7,65.0,40.0,10.0,29.1,0.0,⚠️ SAHTE KÂR (FAALİYET KÂRI YETERSİZ),0.0,-13.537414965986384,-5.851851851851846,Consumer Non-Durables,Apparel/Footwear,7.125173979090441,US_SMID_CAP
CNX,35.39,35.76,35.905,35.14,2050170.0,-0.08469791078487052,72555516.3,43.62,29.22,5235724938.208075,21.2486692250072,5.917664370276236,1.0888982835467746,17.731204258150374,1.3647798696084266,2026-09-15,21.1,28.05,43.62,88.47,23.3,5235.7,65.0,85.0,13.6,47.8,0.0,NÖTR,0.0,-0.6457046603031917,-5.952697315971305,Energy Minerals,Oil & Gas Production,39.7695410180974,US_SMID_CAP
MBGL,20.34,20.15,20.52,20.04,3378482.0,0.3948667324777803,68718323.88,26.0,17.67,5996665707.832181,12.0,15.0,0.6097270347391529,-18.802395209580844,0.9134409448293059,2026-09-15,15.1,16.96,26.0,50.85,27.8,5996.7,90.0,55.0,26.6,33.9,0.0,⚠️ ELENDİ (ZOMBİ VEYA PRİMLİ),0.0,-2.3054755043227684,-1.2621359223301045,Technology Services,Internet Software/Services,10.0,US_SMID_CAP
AAP,43.47,44.73,45.23,43.18,1384709.0,-3.4214618973561413,60193300.23,65.1999,37.89,2625587968.129082,4.84304932735426,31.552587646076795,1.155604682711149,-29.02857142857143,0.792420623541189,2026-09-15,14.7,36.37,65.2,108.67,50.0,2625.6,100.0,30.0,10.0,27.7,0.0,⚠️ SAHTE KÂR (FAALİYET KÂRI YETERSİZ),0.0,-23.075561847460627,-1.204545454545457,Retail Trade,Specialty Stores,3.90815261509915,US_SMALL_CAP
INOD,54.37,54.83,56.9274,54.32,1109076.0,-1.5749456915278865,60300462.12,125.14,34.2301,1869384861.6021,37.7402148232945,41.22374706194556,11.709420300779406,-13.978324499644017,1.4562774453050351,2026-09-15,58.8,32.86,125.14,135.92,130.2,1869.4,20.0,75.0,14.6,51.0,0.0,⚠️ ELENDİ (ZOMBİ VEYA PRİMLİ),0.0,-11.851491569390406,-2.7370304114490183,Technology Services,Data Processing Services,17.081383763605,US_SMALL_CAP
KSS,16.36,17.3,17.31,16.235,3702996.0,-4.717530576587083,60581014.559999995,25.22,11.38,1854838598.609202,6.67078443483632,7.136002791590333,0.44354121571502314,6.9980379332897344,0.8907865841670223,2026-09-15,43.8,10.92,25.22,40.9,54.2,1854.8,20.0,55.0,10.0,31.2,0.0,⚠️ SAHTE KÂR (FAALİYET KÂRI YETERSİZ),0.0,-15.973292244478683,-15.320910973084892,Retail Trade,Department Stores,3.86260531432275,US_SMALL_CAP
AMLX,33.15,33.22,33.54,32.36,1828392.0,-1.4565992865636206,60611194.8,41.14,10.83,4160757408.44233,-74.7300046186653,15.0,15.436338491196862,175.10373443983403,1.0882694939417574,2026-09-15,206.1,10.4,41.14,82.88,24.1,4160.8,20.0,55.0,34.6,38.1,0.0,⚠️ BİYOTEK TUZAĞI (FDA RİSKİ),0.0,48.322147651006695,-1.0152284263959492,Health Technology,Pharmaceuticals: Major,10.0,US_SMID_CAP
WHD,69.85,67.53,70.31,67.41,868489.0,4.1915274463006975,60663956.65,74.07,33.2,5600532462.202415,6.85277668597586,59.792843691148775,3.9198916684484355,73.41112214498509,1.2257131772256926,2026-09-15,110.4,31.87,74.07,174.62,6.0,5600.5,20.0,30.0,60.1,63.9,0.0,⚠️ ELENDİ (ZOMBİ VEYA PRİMLİ),0.0,-3.5886818495514263,-1.688951442646028,Industrial Services,Oilfield Services/Equipment,19.1682672625921,US_SMID_CAP
HHH,62.55,60.74,63.378,60.25,972126.0,2.6419428946504753,60806481.3,91.07,60.25,3735452109.683295,6.79233814193454,12.665532742072651,0.9422161647237883,-23.752057048820625,1.9228514326946802,2026-09-15,3.8,57.84,91.07,156.38,45.6,3735.5,100.0,55.0,52.2,80.5,0.0,⚠️ ELENDİ (ZOMBİ VEYA PRİMLİ),0.0,-7.620735489587944,-2.127992489438272,Finance,Real Estate Development,14.9801897500696,US_SMID_CAP
BBAI,2.82,2.83,2.88,2.73,21638691.0,-2.0833333333333353,61021108.62,9.39,2.59,1352174563.4375,-16.5537953502547,15.0,1.7553360348079399,-45.55984555984556,1.4588181368356434,2026-09-15,8.9,2.49,9.39,7.05,233.0,1352.2,100.0,55.0,28.6,51.1,0.0,⚠️ SAHTE KÂR (FAALİYET KÂRI YETERSİZ),0.0,-16.56804733727811,-3.754266211604106,Technology Services,Packaged Software,-71.1654903629195,US_SMALL_CAP
DNN,2.86,2.9,2.94,2.79,21344255.0,-1.0380622837370328,61044569.3,4.43,2.2,2588918253.935484,-66.8238032882293,15.0,12.727927815026003,21.702127659574458,0.8902899136238065,2026-09-15,30.0,2.11,4.43,7.15,54.9,2588.9,65.0,55.0,10.0,31.2,0.0,⚠️ SAHTE KÂR (FAALİYET KÂRI YETERSİZ),0.0,-12.269938650306747,-16.374269005847957,Non-Energy Minerals,Other Metals/Minerals,-2100.65966283899,US_SMALL_CAP
RUM,8.2,7.7,8.5,7.58,7445786.0,2.499999999999991,61055445.199999996,10.595,4.6197,4065643473.95,-19.1824191018588,15.0,2.4533636513231705,12.637362637362623,1.3085413564115158,2026-09-15,77.5,4.43,10.6,20.5,29.3,4065.6,20.0,55.0,37.4,58.3,0.0,⚠️ SAHTE KÂR (FAALİYET KÂRI YETERSİZ),0.0,9.187749667110513,-3.8686987104337645,Technology Services,Internet Software/Services,-100.96226306352001,US_SMID_CAP
CBRL,45.15,49.63,49.7,44.9901,1356912.0,-10.647140312685538,61264576.8,60.26,24.85,1009168458.4939638,5.61093988859423,39.10445175818465,2.168063062543937,-12.347117064647641,1.6434533507548263,2026-09-15,81.7,23.86,60.26,112.88,33.5,1009.2,20.0,30.0,16.4,57.5,0.0,⚠️ SAHTE KÂR (FAALİYET KÂRI YETERSİZ),0.0,-21.845248398822925,-17.519181585677757,Consumer Services,Restaurants,-0.0465934216081413,US_SMALL_CAP
BB,7.8,7.69,7.89,7.62,7887302.0,0.6451612903225784,61520955.6,13.59,3.1201,4571583812.367688,8.11825120808079,80.22388635360836,6.101332669508339,97.46835443037973,0.907469529802318,2026-09-15,150.0,3.0,13.59,19.5,74.2,4571.6,20.0,30.0,32.4,35.0,0.0,⚠️ ELENDİ (ZOMBİ VEYA PRİMLİ),0.0,-13.71681415929203,1.1673151750972743,Technology Services,Packaged Software,13.235635137979198,US_SMID_CAP
TDS,37.83,37.65,38.035,37.54,1633373.0,0.3182179793158246,61790500.589999996,49.12,31.51,4070507843.50358,10.5558163893218,13.899911816578483,1.0630178805058876,-4.373104145601627,1.0993829986163592,2026-09-15,20.1,30.25,49.12,94.57,29.8,4070.5,65.0,55.0,23.0,40.1,0.0,⚠️ SAHTE KÂR (FAALİYET KÂRI YETERSİZ),0.0,9.55690703735881,0.21192052980131998,Communications,Wireless Telecommunications,-2.69204842109949,US_SMID_CAP
PI,174.39,173.26,176.12,170.36,354650.0,0.7510543647813178,61847413.49999999,247.0635,87.36,5328383942.854756,-12.8746049728698,15.0,23.0048967358612,-2.5754189944134156,0.9202316290344302,2026-09-15,99.6,83.87,247.06,435.97,41.7,5328.4,20.0,55.0,37.2,36.0,0.0,⚠️ SAHTE KÂR (FAALİYET KÂRI YETERSİZ),0.0,-1.7521126760563457,0.8326105810928002,Electronic Technology,Semiconductors,-1.80499293452661,US_SMID_CAP
RUN,8.4,8.31,8.475,8.28,7431719.0,0.840336134453785,62426439.6,22.44,8.22,2023114654.7899163,12.6232173582797,5.6481979558902635,0.5779396314534012,-47.51968011995502,1.057877390676935,2026-09-15,2.2,7.77,22.44,21.0,167.1,2023.1,65.0,55.0,26.7,41.2,0.0,⚠️ SAHTE KÂR (FAALİYET KÂRI YETERSİZ),0.0,-15.022761760242787,-7.079646017699102,Electronic Technology,Semiconductors,2.45672053444447,US_SMALL_CAP
SYNA,97.32,96.3,99.4125,95.0,668414.0,2.3774458236902913,65050050.48,149.11,58.28,3805891505.726067,-42.230252968508,15.0,4.089919390933171,37.12836409750598,0.9965827053880538,2026-09-15,67.0,55.95,149.11,243.3,53.2,3805.9,20.0,55.0,13.6,46.8,0.0,⚠️ SAHTE KÂR (FAALİYET KÂRI YETERSİZ),0.0,-9.072222741287497,-2.259716782163302,Electronic Technology,Semiconductors,-2.93184096224524,US_SMID_CAP
GLNG,50.39,51.63,51.95,50.345,1245174.0,-2.098309694967939,62744317.86,57.79,35.02,5119083130.363708,8.54908031695405,15.0,2.6475417372686554,23.83878102727944,1.056783167024282,2026-09-15,43.9,33.62,57.79,125.97,14.7,5119.1,20.0,55.0,10.6,37.0,0.0,⚠️ ELENDİ (ZOMBİ VEYA PRİMLİ),0.0,-2.759552296410652,-4.365154678307074,Industrial Services,Oil & Gas Pipelines,45.5128205128209,US_SMID_CAP
CECO,67.46,71.73,71.8,67.27,930218.0,-4.542238573652197,62752506.279999994,101.2399,42.82,3951120496.8784485,-2.57852888230334,15.0,1.8993058214596217,40.48313202832151,1.2981167484242044,2026-09-15,57.5,41.11,101.24,168.65,50.1,3951.1,20.0,55.0,13.0,45.4,0.0,⚠️ SAHTE KÂR (FAALİYET KÂRI YETERSİZ),0.0,-12.50324254215305,-9.071303410163102,Producer Manufacturing,Industrial Machinery,5.81805016098816,US_SMID_CAP
AXGN,44.97,43.85,45.46,43.51,1397028.0,2.718136135221557,62824349.16,52.91,15.2701,2417655161.400411,-18.2062393327056,15.0,9.416026298708097,172.54545454545453,0.9996372183880905,2026-09-15,194.5,14.66,52.91,112.42,17.7,2417.7,20.0,55.0,44.8,48.6,0.0,⚠️ SAHTE KÂR (FAALİYET KÂRI YETERSİZ),0.0,-6.623754152823916,-4.704386522568338,Health Technology,Medical Specialties,-5.11517911885784,US_SMALL_CAP
ESAB,67.21,68.25,68.4,66.67,935603.0,-0.4591232227488185,62881877.629999995,137.42,66.67,4178298203.315017,8.57984628207602,24.210222974676704,1.764790061929138,-39.2918435552344,1.1114269673892978,2026-09-15,0.8,63.18,137.42,168.02,104.5,4178.3,65.0,30.0,11.1,38.9,0.0,🪤 DÜŞEN BIÇAK (RÖLATİF ÇÖKÜŞ),0.0,-21.077970878346644,-10.577434805747743,Producer Manufacturing,Industrial Machinery,14.1529718809282,US_SMID_CAP
SEB,4290.0,4243.46,4314.8134,4226.23,14676.0,0.6010266463744963,62960040.0,5989.37,3140.0101,4108936418.164934,12.2856312372832,6.481930146550549,0.7489858299754922,8.937994220445807,0.9370510602161934,2026-09-15,36.6,3014.41,5989.37,10725.0,39.6,4108.9,20.0,55.0,40.2,35.8,0.0,⚠️ SAHTE KÂR (FAALİYET KÂRI YETERSİZ),0.0,2.5451760502275373,-0.18613308515588645,Process Industries,Agricultural Commodities/Milling,3.63123052959502,US_SMID_CAP
STNG,85.73,85.7,87.33,85.1,737037.0,0.3159372805991227,63186182.010000005,87.39,48.93,4293474280.958109,24.6193235920985,5.397391019668086,1.2192506493757687,45.30508474576272,0.8702480436637139,2026-09-15,75.2,46.97,87.39,214.33,1.9,4293.5,20.0,85.0,10.0,32.0,0.0,⚠️ ELENDİ (ZOMBİ VEYA PRİMLİ),0.0,8.670300418303972,4.028637301298395,Transportation,Marine Shipping,46.7231597053982,US_SMID_CAP
GT,5.25,5.33,5.345,5.18,12055966.0,-1.3157894736842157,63293821.5,10.62,5.18,1511468447.3684213,-63.9346323067253,15.0,0.5319499257803199,-39.236111111111114,1.3526439130061265,2026-09-15,1.4,4.86,10.62,13.12,102.3,1511.5,65.0,55.0,13.5,47.3,0.0,⚠️ SAHTE KÂR (FAALİYET KÂRI YETERSİZ),0.0,-14.495114006514655,-15.322580645161292,Consumer Durables,Automotive Aftermarket,2.80902051658848,US_SMALL_CAP
STWD,15.2,15.44,15.44,15.17,4165904.0,-1.5544041450777215,63321740.8,20.48,15.17,5626567815.544042,3.37543657994518,25.533344532168652,0.8668382474127444,-26.285160038797294,1.0066845783001166,2026-09-15,0.2,14.29,20.48,38.0,34.7,5626.6,65.0,30.0,10.1,35.2,0.0,🪤 DÜŞEN BIÇAK (RÖLATİF ÇÖKÜŞ),0.0,-7.147220525351262,-5.295950155763249,Finance,Real Estate Investment Trusts,73.3316085149412,US_SMID_CAP
MCY,102.51,103.24,104.45,101.77,617747.0,-0.8990719257540531,63325244.970000006,113.06,74.29,5677888585.968968,38.9915185072506,6.060516482996737,2.002072186703827,29.08953532300719,2.155364974582096,2026-09-15,38.0,71.32,113.06,256.28,10.3,5677.9,20.0,100.0,21.6,75.4,0.0,⚠️ ELENDİ (ZOMBİ VEYA PRİMLİ),0.0,-2.3062994377203867,-0.9565217391304298,Finance,Property/Casualty Insurance,18.7810564625113,US_SMID_CAP
EXPO,67.34,68.41,68.51,67.22,941399.0,-2.6737967914438423,63393808.660000004,81.95,51.91,3201753500.983957,31.2035868630582,30.232558139534888,11.089958103870782,-4.142348754448394,2.372946166782953,2026-09-15,29.7,49.83,81.95,168.35,21.7,3201.8,20.0,75.0,23.7,83.1,0.0,NÖTR,0.0,-1.5640988159625686,-0.5023640661938584,Industrial Services,Engineering & Construction,20.1718685766689,US_SMID_CAP
BLSH,35.46,36.71,37.18,34.47,1788285.0,-5.741626794258364,63412586.1,74.98,20.55,5329715871.555025,-55.7258066802243,15.0,2.2068927746355453,-31.70261941448382,1.3308800321741812,2026-09-15,72.6,19.73,74.98,88.65,111.4,5329.7,20.0,55.0,13.3,46.6,0.0,⚠️ ELENDİ (ZOMBİ VEYA PRİMLİ),0.0,29.368843487778186,-1.225626740947069,Technology Services,Packaged Software,18.0882394505508,US_SMID_CAP
HUBG,33.45,35.21,35.345,32.94,1919754.0,-5.133295519001688,64215771.300000004,53.26,31.41,2045584766.6307435,12.0,15.0,2.0,-7.1091363510135945,1.3899477537122698,2026-09-15,6.5,30.15,53.26,83.62,59.2,2045.6,100.0,55.0,13.9,48.6,0.0,⚠️ ELENDİ (ZOMBİ VEYA PRİMLİ),0.0,-18.968023255813947,-9.27583401139136,Transportation,Air Freight/Couriers,10.0,US_SMALL_CAP
MYRG,271.29,275.43,276.65,268.3,238365.0,-0.16927322907082964,64666040.85,503.565,175.71,4223781861.950065,24.7139201480805,25.734206033010818,5.598735996968771,53.73151243837481,0.8427594950761689,2026-09-15,54.4,168.68,503.56,678.23,85.6,4223.8,20.0,30.0,10.0,29.5,0.0,⚠️ SAHTE KÂR (FAALİYET KÂRI YETERSİZ),0.0,-16.865088485405643,-6.680196759657377,Industrial Services,Engineering & Construction,5.51887631984715,US_SMID_CAP
CRSP,51.83,52.57,52.845,51.49,1248375.0,-2.1336858006042343,64703276.25,78.48,44.12,5011580349.949584,-26.0949261874161,15.0,2.8684741245149104,-9.467248908296947,1.0576356016558208,2026-09-15,17.5,42.36,78.48,129.57,51.4,5011.6,100.0,55.0,10.6,37.0,0.0,⚠️ SAHTE KÂR (FAALİYET KÂRI YETERSİZ),0.0,-4.000740877940366,-4.811753902663002,Health Technology,Biotechnology,-3971.52777777778,US_SMID_CAP
CELC,82.7,83.65,83.65,80.62,783507.0,-0.9936549742607427,64796028.9,151.02,44.42,4046668704.2368016,-1433.70260175983,15.0,2.0,50.227066303360594,0.8409546289979603,2026-09-15,86.2,42.64,151.02,206.75,82.6,4046.7,20.0,55.0,34.5,29.4,0.0,⚠️ ELENDİ (ZOMBİ VEYA PRİMLİ),0.0,-0.40944123314065917,-11.66417432172613,Health Technology,Medical Specialties,10.0,US_SMID_CAP
INSP,74.6,73.8,75.265,72.7153,838104.0,0.376749192680303,62522558.4,147.03,38.91,2156714010.1318626,17.9649274043565,16.201190114233594,2.6120704264607637,-7.901234567901241,1.0983082778448519,2026-09-15,91.7,37.35,147.03,186.5,97.1,2156.7,20.0,55.0,44.5,40.3,0.0,⚠️ SAHTE KÂR (FAALİYET KÂRI YETERSİZ),0.0,28.377215625537765,16.50788692800249,Health Technology,Medical Specialties,6.02208420214033,US_SMALL_CAP
ATRC,56.22,56.0,56.78,54.65,1432304.0,0.7707474457788129,80524130.88,56.78,25.36,2859703144.150206,2.15144088634797,259.6766743648961,5.53705602354283,60.30795551753636,1.284704205374144,2026-09-15,121.7,24.35,56.78,140.55,1.0,2859.7,20.0,30.0,46.0,48.8,0.0,⚠️ SAHTE KÂR (FAALİYET KÂRI YETERSİZ),0.0,28.620452985586816,3.5168477260173017,Health Technology,Medical Specialties,2.43845918872515,US_SMALL_CAP
ACMR,63.94,68.12,68.87,62.78,1261696.0,-4.3673347292850755,80672842.24,127.19,28.46,4453369554.407719,10.554963036657,30.37241117233517,2.3938796950031036,113.56045424181696,1.4615174414826464,2026-09-15,124.7,27.32,127.19,159.85,98.9,4453.4,20.0,30.0,14.6,51.2,0.0,⚠️ ELENDİ (ZOMBİ VEYA PRİMLİ),0.0,-20.274314214463846,-16.950253279646706,Producer Manufacturing,Industrial Machinery,13.285962619920399,US_SMID_CAP
MAT,13.42,13.95,13.965,13.38,6020647.0,-4.347826086956518,80797082.74,22.48,12.7277,3834094090.8695655,20.5024152411392,9.88363529238474,1.918853377868271,-25.11160714285715,1.7783576806280508,2026-09-15,5.4,12.22,22.48,33.55,67.5,3834.1,100.0,55.0,17.8,62.2,0.0,⚠️ SAHTE KÂR (FAALİYET KÂRI YETERSİZ),0.0,-10.053619302949063,-7.256392536281967,Consumer Durables,Recreational Products,8.67554989836919,US_SMID_CAP
CHDN,80.6,83.16,83.43,80.43,1007229.0,-3.588516746411483,81182657.39999999,118.35,79.4,5617839329.538278,34.3070595148157,13.830024537140307,4.207308606608294,-16.787115424323773,1.0805279072197396,2026-09-15,1.5,75.76,118.35,201.5,46.8,5617.8,65.0,100.0,10.8,37.8,0.0,NÖTR,0.0,-9.428025620856276,-7.398897058823542,Consumer Services,Movies/Entertainment,25.809686152612098,US_SMID_CAP
ARQT,23.51,24.23,24.28,23.1,3459262.0,-3.131437989287178,81327249.62,31.77,16.57,2955018110.1788216,15.8635861750563,113.5200386286818,13.385867120643615,36.68604651162792,1.7239319395974817,2026-09-15,41.9,15.91,31.77,58.78,35.1,2955.0,20.0,45.0,17.2,60.3,0.0,⚠️ BİYOTEK TUZAĞI (FDA RİSKİ),0.0,-7.404489956675852,-5.3542673107890435,Health Technology,Pharmaceuticals: Major,7.382414366105511,US_SMALL_CAP
SHAZ,49.99,52.01,52.34,48.81,1636056.0,-3.698709304565584,81786439.44,97.48,16.55,1789817201.9011753,12.0,15.0,1.58414323012477,65.31084656084658,1.0216503146806313,2026-09-15,202.1,15.89,97.48,124.98,95.0,1789.8,20.0,55.0,10.2,35.8,0.0,🪤 DÜŞEN BIÇAK (RÖLATİF ÇÖKÜŞ),0.0,-28.595914869304387,-11.942927602607012,Technology Services,Data Processing Services,10.0,US_SMALL_CAP
BFAM,67.41,66.41,67.77,65.4,1213964.0,0.8075370121130432,81833313.24,112.41,57.63,3278505942.9636607,14.9433971929106,21.322831656860885,3.5182727321598097,-40.560797107838816,1.42336455370101,2026-09-15,17.0,55.32,112.41,168.52,66.8,3278.5,100.0,40.0,63.0,53.9,0.0,⚠️ ELENDİ (ZOMBİ VEYA PRİMLİ),0.0,-8.44764362352302,-2.965308766373978,Commercial Services,Miscellaneous Commercial Services,10.9054430283595,US_SMID_CAP
KNF,56.56,56.29,57.23,55.27,1450937.0,0.1593766601735495,82064996.72,96.28,55.27,3210539110.9204884,9.12016772062648,23.045267489711936,1.9992294341996897,-27.617097517276683,1.5877393188707454,2026-09-15,2.3,53.06,96.28,141.4,70.2,3210.5,65.0,30.0,38.0,56.4,0.0,⚠️ SAHTE KÂR (FAALİYET KÂRI YETERSİZ),0.0,-14.212043075989692,-8.24140168721609,Non-Energy Minerals,Construction Materials,8.96395654165413,US_SMID_CAP
PARR,83.6,81.75,85.37,81.11,986091.0,2.3255813953488267,82437207.6,87.03,33.21,4188328781.4883714,54.7397900126994,4.878731996545204,2.077902451924893,153.4869617950273,1.1741301790168939,2026-09-15,151.7,31.88,87.03,209.0,4.1,4188.3,20.0,85.0,23.6,52.7,0.0,⚠️ ELENDİ (ZOMBİ VEYA PRİMLİ),0.0,2.0881670533642613,0.0838022267448739,Energy Minerals,Oil Refining/Marketing,13.307092232730898,US_SMID_CAP
FLG,12.84,13.04,13.06,12.82,6458707.0,-1.3824884792626706,82929797.88,15.44,10.57,5329792182.165898,0.59124222454887,635.6435643564357,0.7011290142912372,1.3417521704814517,1.7829071925584332,2026-09-15,21.5,10.15,15.44,32.1,20.2,5329.8,65.0,30.0,17.8,62.4,0.0,⚠️ SAHTE KÂR (FAALİYET KÂRI YETERSİZ),0.0,-9.641097818437727,-6.002928257686678,Finance,Major Banks,5.645933014354067,US_SMID_CAP
MTN,138.07,140.05,141.04,137.64,600889.0,-1.7365312077432198,82964744.22999999,163.34,118.51,4919920721.3327875,21.0392909414817,31.367426221687076,8.917176883928802,-4.370411414323315,0.757236727195466,2026-09-15,16.5,113.77,163.34,345.17,18.3,4919.9,90.0,60.0,10.0,26.5,0.0,NÖTR,-83.1,-5.2237781438769995,1.7464996315401655,Consumer Services,Hotels/Resorts/Cruise lines,16.1432494238767,US_SMID_CAP
TMDX,88.09,86.39,90.67,85.4703,942785.0,2.5972513393897088,83049930.65,156.0,60.105,3054533474.1111116,36.2849427258615,22.915636950131372,5.888447706520141,-23.293277603622432,1.2057324615123128,2026-09-15,46.6,57.7,156.0,220.23,77.1,3054.5,20.0,60.0,12.6,55.2,0.0,⚠️ ELENDİ (ZOMBİ VEYA PRİMLİ),0.0,-2.22000222000222,-1.1779223693067054,Health Technology,Medical Specialties,12.2079142157889,US_SMID_CAP
RDN,35.36,35.67,35.93,34.27,2367148.0,-1.3668061366806192,83702353.28,41.05,31.5,4678174310.257182,12.0264139096629,9.085069756686622,0.9821275560383486,0.7981755986317023,2.655301296720061,2026-09-15,12.3,30.24,41.05,88.4,16.1,4678.2,90.0,55.0,48.5,92.9,0.0,⚠️ ELENDİ (ZOMBİ VEYA PRİMLİ),0.0,-4.406596377399304,-2.9104887424492096,Finance,Specialty Insurance,51.1139250355928,US_SMID_CAP
NKTR,66.64,68.1,68.48,65.75,1257581.0,-2.715328467153284,83805197.84,109.0,33.4,2275289115.2957664,-35.7549692232424,15.0,2.518378608595819,36.0,1.841812079898009,2026-09-15,99.5,32.06,109.0,166.6,63.6,2275.3,20.0,55.0,18.4,64.5,0.0,⚠️ SAHTE KÂR (FAALİYET KÂRI YETERSİZ),0.0,-9.945945945945946,-10.067476383265848,Health Technology,Pharmaceuticals: Major,-239.32110864826203,US_SMALL_CAP
KBH,49.52,49.61,49.83,48.77,1474137.0,-0.1008674601573475,72999264.24000001,68.41,44.025,3036057648.682671,6.94834749904589,12.022335518329694,0.7996337703168258,-25.049190252762212,1.3186771015558942,2026-09-15,12.5,42.26,68.41,123.8,38.1,3036.1,100.0,55.0,42.2,46.2,0.0,⚠️ SAHTE KÂR (FAALİYET KÂRI YETERSİZ),0.0,-11.650312221231035,-3.544994156603039,Consumer Durables,Homebuilding,5.96493867156175,US_SMID_CAP
VKTX,29.95,31.21,31.25,29.7,2805322.0,-5.0111005391690515,84019393.89999999,43.15,22.959,3493755594.605138,-88.8529280315806,15.0,8.556482785613682,21.205989477944147,1.6018509218550354,2026-09-15,30.4,22.04,43.15,74.88,44.1,3493.8,20.0,55.0,16.0,56.1,0.0,⚠️ BİYOTEK TUZAĞI (FDA RİSKİ),0.0,-8.015970515970524,-13.51429396477044,Health Technology,Pharmaceuticals: Major,10.0,US_SMID_CAP
AMR,188.62,197.83,199.97,184.55,446214.0,-4.665150366439216,84164884.68,253.8199,133.64,2391521489.588678,-2.96029370328758,15.0,1.5964156060078107,30.12763021731633,1.3946266365330082,2026-09-15,41.1,128.29,253.82,471.55,34.6,2391.5,20.0,55.0,13.9,48.8,0.0,⚠️ SAHTE KÂR (FAALİYET KÂRI YETERSİZ),0.0,19.432660039257897,-15.047516101427734,Energy Minerals,Coal,-2.16832849658587,US_SMALL_CAP
JBLU,4.27,4.38,4.39,4.2,19791173.0,-2.0642201834862557,84508308.71,6.62,3.87,1611123121.4220183,-44.3554443053817,15.0,1.0143602047724816,-14.940239043824702,1.01038046452294,2026-09-15,10.3,3.72,6.62,10.67,55.0,1611.1,100.0,55.0,10.1,35.4,0.0,⚠️ SAHTE KÂR (FAALİYET KÂRI YETERSİZ),0.0,-25.218914185639235,-6.666666666666679,Transportation,Airlines,-5.88235294117647,US_SMALL_CAP
ECG,109.22,112.91,116.0,108.67,777069.0,-1.8158935634663758,84871476.17999999,171.577,77.86,5577191966.996044,39.5245454757263,21.96878268565452,7.213121250045404,37.7648839556004,1.9314464503688435,2026-09-15,40.3,74.75,171.58,273.05,57.1,5577.2,20.0,40.0,19.3,67.6,0.0,⚠️ SAHTE KÂR (FAALİYET KÂRI YETERSİZ),0.0,-19.844415088800815,-7.776745756987256,Industrial Services,Engineering & Construction,7.83056685209872,US_SMID_CAP
SAIC,133.74,131.38,136.075,129.885,635713.0,1.3105067797894239,85020256.62,142.6608,81.08,5603389660.981896,25.7365391127667,15.622006774909474,3.9116151630512355,26.80383047312033,1.130335288605664,2026-09-15,64.9,77.84,142.66,334.35,6.7,5603.4,20.0,40.0,28.5,46.1,0.0,⚠️ SAHTE KÂR (FAALİYET KÂRI YETERSİZ),0.0,5.37346359911756,6.446991404011468,Technology Services,Information Technology Services,7.82221021345582,US_SMID_CAP
HRB,45.84,45.2,45.85,45.15,1872408.0,0.21862702229995937,85831182.72000001,58.67,28.16,5650510096.706602,707.453097139313,8.011324909558015,48.44897743486762,-10.486233157586405,1.1160984835276335,2026-09-15,62.8,27.03,58.67,114.6,28.0,5650.5,20.0,100.0,79.2,40.2,0.0,⚠️ ELENDİ (ZOMBİ VEYA PRİMLİ),0.0,-14.684533780011154,-5.814670228066567,Consumer Services,Other Consumer Services,23.9451491765584,US_SMID_CAP
BTU,26.66,27.5,28.45,26.58,3233907.0,-2.5228519195612478,86215960.62,41.1399,20.06,3249854085.77989,-5.31575961244708,15.0,1.0003861205243885,43.564889606892834,1.4493266285931865,2026-09-15,32.9,19.26,41.14,66.65,54.3,3249.9,20.0,55.0,14.5,50.7,0.0,⚠️ SAHTE KÂR (FAALİYET KÂRI YETERSİZ),0.0,8.066477503040122,-9.072305593451569,Energy Minerals,Coal,-3.71238375426962,US_SMID_CAP
GPK,9.66,9.4,9.72,9.3,9014646.0,1.4705882352941237,87081480.36,20.4,8.785,2860051442.9117646,6.01177564301209,14.811407543698252,0.8837728868359009,-53.24298160696999,1.5185293374627946,2026-09-15,10.0,8.43,20.4,24.15,111.2,2860.1,100.0,55.0,65.2,60.5,0.0,⚠️ SAHTE KÂR (FAALİYET KÂRI YETERSİZ),0.0,-18.135593220338986,-6.395348837209304,Process Industries,Containers/Packaging,6.93527845316661,US_SMALL_CAP
LUNR,13.87,13.87,14.28,13.565,6292164.0,-0.07204610951009771,87272314.67999999,46.75,7.78,3175176787.345821,12.0,15.0,2.0,51.99999999999999,1.1027417051037436,2026-09-15,78.3,7.47,46.75,34.67,237.1,3175.2,20.0,55.0,11.0,38.6,0.0,⚠️ SAHTE KÂR (FAALİYET KÂRI YETERSİZ),0.0,-27.647365675534697,-7.409879839786389,Electronic Technology,Aerospace & Defense,-19.6221333550967,US_SMID_CAP
AROC,30.58,30.61,30.99,29.865,2859529.0,0.29517874713020614,87444396.82,42.23,22.88,5361841521.131519,21.9475130423621,16.424965087549683,3.45217250928237,25.020441537203588,1.5968679479826728,2026-09-15,33.7,21.96,42.23,76.45,38.1,5361.8,20.0,70.0,34.9,57.4,0.0,⚠️ ELENDİ (ZOMBİ VEYA PRİMLİ),0.0,-8.278344331133788,-7.136349832979051,Industrial Services,Oilfield Services/Equipment,38.3292079536965,US_SMID_CAP
SDGR,23.25,20.78,23.71,20.34,3792865.0,12.048192771084338,88184111.25,23.71,10.945,1739230820.746988,-16.1752710515191,15.0,5.285268082436542,24.59807073954984,3.851804933918325,2026-09-15,112.4,10.51,23.71,58.12,2.0,1739.2,20.0,55.0,80.9,100.0,0.0,⚠️ SAHTE KÂR (FAALİYET KÂRI YETERSİZ),0.0,25.94799566630552,17.01056869652742,Technology Services,Packaged Software,-59.237168722373404,US_SMALL_CAP
INFQ,12.67,12.5,13.02,12.29,6982176.0,0.5555555555555578,88464169.92,27.5,8.52,2855273788.305556,-25.0357163430747,15.0,4.956110841639155,21.4765100671141,0.9320595631652938,2026-09-15,48.7,8.18,27.5,31.68,117.0,2855.3,20.0,55.0,12.2,35.4,0.0,⚠️ SAHTE KÂR (FAALİYET KÂRI YETERSİZ),0.0,3.2599837000815026,-5.447761194029853,Electronic Technology,Computer Processing Hardware,-314.960533066655,US_SMALL_CAP
PLUG,2.05,2.07,2.09,2.03,43166617.0,-0.4854368932038947,88491564.85,4.58,1.69,2864250060.485437,-145.071258461238,15.0,4.922441530999375,31.832797427652725,0.9247848876464336,2026-09-15,21.3,1.62,4.58,5.12,123.4,2864.3,100.0,55.0,10.0,32.4,0.0,⚠️ SAHTE KÂR (FAALİYET KÂRI YETERSİZ),0.0,-10.28446389496719,-6.818181818181833,Electronic Technology,Electronic Production Equipment,-67.4990962078359,US_SMALL_CAP
FBIN,39.94,40.74,40.8,39.9,2217845.0,-1.9636720667648606,88580729.3,64.84,32.34,4767696916.886107,6.40622983263778,32.345319080012956,2.0677533502626106,-33.02029179942982,1.1237992989292604,2026-09-15,23.5,31.05,64.84,99.85,62.3,4767.7,65.0,30.0,11.2,39.3,0.0,⚠️ ELENDİ (ZOMBİ VEYA PRİMLİ),0.0,-16.72226855713095,-7.029795158286786,Producer Manufacturing,Building Products,15.1597258589676,US_SMID_CAP
KVYO,16.98,17.0,17.48,16.65,5259772.0,-2.4137931034482656,89310928.56,36.225,12.53,4834671676.500001,0.658114058890112,800.9433962264151,5.074731245460985,-45.88910133843212,0.782060619224377,2026-09-15,35.5,12.03,36.23,42.45,113.4,4834.7,20.0,30.0,10.0,27.4,0.0,⚠️ SAHTE KÂR (FAALİYET KÂRI YETERSİZ),0.0,-11.424100156494527,-7.465940054495919,Technology Services,Packaged Software,-1.8637706022209801,US_SMID_CAP
LFST,13.06,13.32,13.34,12.705,6433254.0,-2.3916292974588957,84018297.24000001,13.56,4.77,4990933166.789237,3.42926580164679,100.46153846153847,3.377592030331087,149.71319311663478,1.2637836459533902,2026-09-15,173.8,4.58,13.56,32.65,3.8,4990.9,20.0,30.0,20.9,44.2,0.0,⚠️ SAHTE KÂR (FAALİYET KÂRI YETERSİZ),0.0,6.351791530944635,3.5685963521015154,Health Services,Medical/Nursing Services,5.07012090856203,US_SMID_CAP
BYD,76.08,76.98,77.34,75.905,960654.0,-1.3869086195722713,73086556.32,91.41,74.795,5527623760.93532,93.3309604757425,3.3486652435132815,2.2245516467033037,-10.304173543975473,0.9998572010234898,2026-09-15,1.7,71.52,91.41,190.2,20.1,5527.6,65.0,100.0,10.0,35.0,0.0,NÖTR,-85.4,-8.733205374280232,-1.9840247358928191,Consumer Services,Casinos/Gaming,18.7147571097029,US_SMID_CAP
KEEL,3.28,3.42,3.44,3.24,22287570.0,-4.927536231884068,73103229.6,7.37,1.68,2025640061.773913,-75.620643336011,15.0,6.153961612788232,29.64426877470356,0.6959016636757587,2026-09-15,95.2,1.61,7.37,8.2,124.7,2025.6,20.0,55.0,10.0,24.4,0.0,⚠️ SAHTE KÂR (FAALİYET KÂRI YETERSİZ),0.0,-0.15220700152208028,-7.3446327683615875,Technology Services,Data Processing Services,-121.10035665135499,US_SMALL_CAP
WU,6.85,7.03,7.03,6.845,10741485.0,-2.560455192034148,73579172.25,10.3507,6.27,2136370989.2247505,43.9748651504198,5.524193548387096,2.3350070391088114,-19.12632821723732,1.467370018040282,2026-09-15,9.3,6.02,10.35,17.12,51.1,2136.4,100.0,100.0,14.7,51.4,0.0,NÖTR,-74.1,-8.176943699731908,-4.9930651872399485,Finance,Regional Banks,16.7651293253239,US_SMALL_CAP
CHEF,106.46,112.84,114.6865,105.5,691686.0,-5.654023395958888,73636891.56,117.65,53.2,4343150700.197802,15.2520040167403,50.618105743628746,6.697939656886307,61.376383204486885,0.911686777255795,2026-09-15,100.1,51.07,117.65,266.15,10.5,4343.2,20.0,30.0,10.0,31.9,0.0,⚠️ SAHTE KÂR (FAALİYET KÂRI YETERSİZ),0.0,-3.8909452017694344,-7.133760184232114,Distribution Services,Food Distributors,4.14302064029971,US_SMID_CAP
WK,74.81,74.23,76.45,74.085,985180.0,-1.423112399525627,73701315.8,97.095,43.34,4070897415.704572,12.0,91.58912830558276,2.0,-3.570507862851245,1.1774334537004216,2026-09-15,72.6,41.61,97.09,187.03,29.8,4070.9,20.0,30.0,11.8,41.2,0.0,⚠️ SAHTE KÂR (FAALİYET KÂRI YETERSİZ),0.0,0.9309228278467319,-0.6507304116865802,Technology Services,Information Technology Services,3.25630088940941,US_SMID_CAP
RARE,13.07,13.56,13.59,12.88,5650935.0,-3.967670830271853,73857720.45,39.8899,12.88,1288556560.9581192,12.0,15.0,2.0,-56.56364240611499,0.7742898768292192,2026-09-15,1.5,12.09,39.89,32.67,205.2,1288.6,65.0,55.0,10.0,27.1,0.0,⚠️ SAHTE KÂR (FAALİYET KÂRI YETERSİZ),0.0,-50.3041825095057,-13.426508577863148,Health Technology,Pharmaceuticals: Major,-73.7711892185183,US_SMALL_CAP
GXO,46.6,47.04,47.365,45.61,1586719.0,-0.7031749414020846,73941105.4,66.85,44.99,5344301367.03175,4.42044879365615,41.08985098315845,1.7905199270267071,-9.39140579428349,1.1420610648067808,2026-09-15,3.6,43.19,66.85,116.5,43.5,5344.3,100.0,30.0,20.4,40.0,0.0,⚠️ SAHTE KÂR (FAALİYET KÂRI YETERSİZ),0.0,-3.519668737060033,-3.4196891191709815,Transportation,Air Freight/Couriers,3.2768858588080105,US_SMID_CAP
IRT,15.17,15.33,15.43,15.165,4892464.0,-1.1082138200782263,74218678.88,17.79,14.6,3666379855.7392435,1.28578245904701,82.89617486338798,1.064613700322121,-12.665515256188836,1.1943496701715342,2026-09-15,3.9,14.02,17.79,37.92,17.3,3666.4,90.0,30.0,11.9,41.8,0.0,⚠️ ELENDİ (ZOMBİ VEYA PRİMLİ),0.0,-10.869565217391303,-6.4734895191122,Finance,Real Estate Investment Trusts,17.0430755757107,US_SMID_CAP
BDC,111.33,114.39,116.54,110.83,668323.0,-1.834053434441406,74404399.59,159.99,98.0,4350575016.48726,18.6437034488736,18.08890910863419,3.1340037862526655,-15.582347588717013,1.5040263896574795,2026-09-15,13.6,94.08,159.99,278.32,43.7,4350.6,100.0,55.0,15.0,52.6,0.0,NÖTR,0.0,-18.861599008818605,-9.539286584870396,Producer Manufacturing,Electrical Products,12.6687640254908,US_SMID_CAP
PVH,71.61,72.91,73.09,71.55,1049791.0,-1.9175455417066234,75175533.51,100.745,59.6,3303930292.40652,-3.49947197316381,15.0,0.6894029400854836,-12.617449664429536,0.8051631819297069,2026-09-15,20.2,57.22,100.75,179.03,40.7,3303.9,65.0,55.0,10.0,28.2,0.0,⚠️ SAHTE KÂR (FAALİYET KÂRI YETERSİZ),0.0,-12.46791345801247,-3.879194630872484,Consumer Non-Durables,Apparel/Footwear,8.5512525920529,US_SMID_CAP
MUR,40.4,38.77,40.69445,38.64,1866478.0,5.75916230366491,75405711.2,43.34,26.18,5792597314.628271,5.6464904748153,20.026768452882564,1.1012663472630804,57.566302652106074,1.2409711057432207,2026-09-15,54.3,25.13,43.34,101.0,7.3,5792.6,20.0,40.0,62.3,72.2,0.0,⚠️ ELENDİ (ZOMBİ VEYA PRİMLİ),0.0,16.192119643370706,8.079186730872113,Energy Minerals,Oil & Gas Production,21.6140922209553,US_SMID_CAP
OUST,32.79,33.4,33.79,32.24,2313938.0,-2.0023909145248107,75874027.02,63.79,16.4,2364563406.733413,-18.00550696305,15.0,6.048297844083403,12.33299075025693,1.2842144942085036,2026-09-15,99.9,15.74,63.79,81.97,94.5,2364.6,20.0,55.0,12.8,44.9,0.0,⚠️ SAHTE KÂR (FAALİYET KÂRI YETERSİZ),0.0,-28.771586836102962,-12.055786509320097,Electronic Technology,Semiconductors,-34.4078045161952,US_SMALL_CAP
TALO,18.33,17.95,18.725,17.825,4143083.0,3.793884484711201,75942711.38999999,18.725,8.87,3060477026.488674,-17.7950091472384,15.0,1.5056641062984073,95.41577825159912,2.3847795516071093,2026-09-15,106.7,8.52,18.73,45.82,2.2,3060.5,20.0,55.0,32.4,100.0,0.0,⚠️ SAHTE KÂR (FAALİYET KÂRI YETERSİZ),0.0,17.274472168905934,6.880466472303206,Energy Minerals,Oil & Gas Production,6.27842698820307,US_SMID_CAP
UEC,10.18,10.23,10.41,10.025,7477958.0,-0.7797270955165699,76125612.44,20.34,8.905,5037800895.076023,-8.95953070359461,15.0,3.5329189615022885,-14.02027027027027,0.9095308162946268,2026-09-15,14.3,8.55,20.34,25.45,99.8,5037.8,100.0,55.0,10.0,31.8,0.0,⚠️ SAHTE KÂR (FAALİYET KÂRI YETERSİZ),0.0,-9.511111111111113,-12.241379310344827,Non-Energy Minerals,Other Metals/Minerals,-629.317326732673,US_SMID_CAP
MTRN,239.48,243.82,243.82,234.87,318141.0,-0.30805095329281873,76188406.67999999,304.58,109.6096,4989260482.439931,9.45845526031849,55.79943147397362,5.0150684504070915,113.64974574003031,1.2439059007341657,2026-09-15,118.5,105.23,304.58,598.7,27.2,4989.3,20.0,30.0,14.6,43.5,0.0,⚠️ SAHTE KÂR (FAALİYET KÂRI YETERSİZ),0.0,-14.702949138053855,-2.701824239223177,Electronic Technology,Electronic Equipment/Instruments,6.19228690420925,US_SMID_CAP
AIR,115.92,120.09,120.735,114.445,690383.0,-3.4643570952698175,80029197.36,154.0,74.25,4666804647.655563,12.8764492007958,23.81167577338647,2.713248785392835,56.16327630338138,2.266332836110951,2026-09-15,56.1,71.28,154.0,289.8,32.9,4666.8,20.0,30.0,22.7,79.3,0.0,⚠️ SAHTE KÂR (FAALİYET KÂRI YETERSİZ),0.0,-20.30798845043311,-8.659680088251513,Electronic Technology,Aerospace & Defense,8.43712212817412,US_SMID_CAP
ASB,30.32,29.91,30.41,29.84,2518048.0,1.2692050768203038,76347215.36,32.46,23.86,5725921646.236473,9.65811666389126,10.596581973228952,1.0510508428512597,15.153816938853028,1.3525113422404016,2026-09-15,27.1,22.91,32.46,75.8,7.1,5725.9,20.0,55.0,61.4,53.7,0.0,⚠️ ELENDİ (ZOMBİ VEYA PRİMLİ),0.0,-5.45681322107889,-1.972195279663755,Finance,Major Banks,38.85975547043735,US_SMID_CAP
CXW,35.38,34.34,36.07,33.71,2169311.0,3.3596260590125793,76750223.18,36.07,15.735,3498851758.164184,8.77233232133371,28.188988925185242,2.432318904645262,68.31588962892485,1.1961492933199263,2026-09-15,124.8,15.11,36.07,88.45,2.0,3498.9,20.0,30.0,41.0,58.7,0.0,⚠️ ELENDİ (ZOMBİ VEYA PRİMLİ),0.0,12.103929024081129,2.580458103798204,Commercial Services,Miscellaneous Commercial Services,9.94240824207057,US_SMID_CAP
NCNO,21.91,21.72,22.57,21.72,3506116.0,-1.2173128944995473,76819001.56,31.23,13.8,2316679638.208296,3.38227669695216,72.62180974477958,2.4771981317561873,-27.402253147779987,1.5263604968334943,2026-09-15,58.8,13.25,31.23,54.77,42.5,2316.7,20.0,30.0,15.3,53.4,0.0,⚠️ ELENDİ (ZOMBİ VEYA PRİMLİ),0.0,5.08393285371702,-4.57317073170732,Technology Services,Packaged Software,8.76649674404253,US_SMALL_CAP
TDW,91.79,89.42,91.82,89.19,837186.0,3.6238428539173717,76845302.94000001,101.575,46.65,4567124390.662565,19.4940301112016,18.558806283992805,3.278154576470215,53.46931951178733,1.28487795220303,2026-09-15,96.8,44.78,101.58,229.48,10.7,4567.1,20.0,55.0,81.3,63.1,0.0,⚠️ ELENDİ (ZOMBİ VEYA PRİMLİ),0.0,-0.7675675675675608,-3.7538009856348937,Transportation,Marine Shipping,17.7709035813491,US_SMID_CAP
LBRT,19.47,19.66,19.77,19.28,3958973.0,-0.30721966205838336,77081204.31,34.478,10.685,3177337088.365591,6.12313337936453,26.446617766911164,1.6179911978619579,79.28176795580112,1.198616062824259,2026-09-15,82.2,10.26,34.48,48.67,77.1,3177.3,20.0,30.0,12.0,42.0,0.0,⚠️ SAHTE KÂR (FAALİYET KÂRI YETERSİZ),0.0,-7.986767485822312,-7.725118483412334,Industrial Services,Oilfield Services/Equipment,1.33298728238949,US_SMID_CAP
STEP,49.41,51.11,51.195,49.24,1569792.0,-3.8902937171756466,77563422.72,77.795,38.85,5962634291.899046,12.0,15.0,2.0,-20.07440957618894,1.4824766457741976,2026-09-15,27.2,37.3,77.8,123.52,57.5,5962.6,20.0,55.0,14.8,51.9,0.0,⚠️ SAHTE KÂR (FAALİYET KÂRI YETERSİZ),0.0,-4.742625795257376,-2.889150943396238,Finance,Investment Managers,-53.389417524270996,US_SMID_CAP
JBTM,111.38,111.71,113.7,110.62,697020.0,-0.3667591018874772,77634087.6,170.19,110.19,5778039790.3506565,4.36084956312381,30.328940202592307,1.2920271323377757,-19.610249007578503,1.2880271242967796,2026-09-15,1.1,104.7,170.19,278.45,52.8,5778.0,65.0,30.0,12.9,45.1,0.0,⚠️ ELENDİ (ZOMBİ VEYA PRİMLİ),0.0,-5.143927780616596,-6.324642556770404,Producer Manufacturing,Industrial Machinery,10.2395514780836,US_SMID_CAP
LAZ,38.63,39.55,39.9,37.78,2015489.0,-2.7931555108203305,77858340.07000001,58.75,37.78,3764515645.6633115,26.4542474581921,18.935346306553605,4.1173536383635465,-30.8573474136388,1.8610966984213697,2026-09-15,2.2,36.27,58.75,96.58,52.1,3764.5,65.0,70.0,18.6,65.1,0.0,NÖTR,0.0,-14.15555555555555,-12.64133876074174,Finance,Investment Banks/Brokers,12.0358582484255,US_SMID_CAP
TE,4.3,4.38,4.54,4.21,18272411.0,-1.601830663615567,78571367.3,12.49,1.74,1266249054.3020597,-123.159322807385,15.0,5.97977999972187,128.72340425531917,0.9518992210204377,2026-09-15,147.1,1.67,12.49,10.75,190.5,1266.2,20.0,55.0,10.0,33.3,0.0,⚠️ SAHTE KÂR (FAALİYET KÂRI YETERSİZ),0.0,-12.065439672801634,-10.041841004184109,Producer Manufacturing,Electrical Products,-16.9750544464509,US_SMALL_CAP
KTB,67.0,68.07,68.08,66.545,1173261.0,-0.6229605458320998,78608487.0,88.96,56.19,3661792552.521507,40.9637108724128,13.996532202469238,5.919731968673132,-17.447018235584025,1.5727032481228607,2026-09-15,19.2,53.94,88.96,167.5,32.8,3661.8,100.0,85.0,15.7,55.0,0.0,🪤 DÜŞEN BIÇAK (RÖLATİF ÇÖKÜŞ),0.0,-21.018507603442178,-9.004481868803472,Consumer Non-Durables,Apparel/Footwear,13.1447185859926,US_SMID_CAP
CENX,39.71,41.99,42.094,39.52,1979879.0,-4.405392392874334,78620995.09,70.43,25.4,3931023782.401059,56.7332549941245,6.871074351565069,2.801669854498017,50.132325141776946,1.3369670898268549,2026-09-15,56.3,24.38,70.43,99.28,77.4,3931.0,20.0,85.0,13.4,46.8,0.0,⚠️ ELENDİ (ZOMBİ VEYA PRİMLİ),0.0,-14.418103448275858,-17.68242122719735,Non-Energy Minerals,Aluminum,14.869526094781,US_SMID_CAP
WGS,94.64,88.81,97.7299,88.81,832576.0,5.460218408736356,78794992.64,170.87,32.21,2822405144.892356,-40.8003007553409,15.0,11.549252117586615,-24.233448082619482,1.803714033542331,2026-09-15,193.8,30.92,170.87,236.6,80.5,2822.4,20.0,55.0,39.5,90.4,0.0,⚠️ SAHTE KÂR (FAALİYET KÂRI YETERSİZ),0.0,20.284697508896787,10.936584222248268,Health Services,Medical/Nursing Services,-12.4876217469951,US_SMALL_CAP
BFH,107.65,110.06,110.22,105.32,732091.0,-1.4464890597821096,78809596.15,114.53,53.83,4135834495.229791,17.3939672331955,8.415613249216289,1.2380550402583528,70.19762845849804,1.5209041191226804,2026-09-15,100.0,51.68,114.53,269.12,6.4,4135.8,20.0,70.0,15.2,53.2,0.0,⚠️ ELENDİ (ZOMBİ VEYA PRİMLİ),0.0,-3.530782328165604,-1.7523044629004176,Finance,Finance/Rental/Leasing,17.26055092241597,US_SMID_CAP
UPST,25.28,26.05,26.19,25.19,3131898.0,-3.141762452107281,79174381.44,71.38,23.965,2460073922.403065,7.94130693163137,46.03058994901675,3.0845819708136073,-60.76361943194164,0.7507746391190202,2026-09-15,5.5,23.01,71.38,63.2,182.4,2460.1,100.0,30.0,10.0,26.3,0.0,⚠️ SAHTE KÂR (FAALİYET KÂRI YETERSİZ),0.0,-18.451612903225804,-8.933717579250722,Finance,Finance/Rental/Leasing,3.9888710289643794,US_SMALL_CAP
KAI,265.56,268.26,268.4,260.85,298682.0,-0.650953984287321,79317991.92,354.07,244.87,3136029051.8047137,11.2596679073194,28.577577857650173,3.065656017602471,-15.740711362122035,1.6826093226793575,2026-09-15,8.4,235.08,354.07,663.9,33.3,3136.0,100.0,30.0,34.2,58.9,0.0,⚠️ ELENDİ (ZOMBİ VEYA PRİMLİ),0.0,-19.58088547029254,-11.204734677500248,Producer Manufacturing,Industrial Machinery,15.5435355261593,US_SMID_CAP
ERAS,16.25,16.135,16.29,15.535,4689752.0,0.5569306930693061,76208470.0,24.28,1.65,5683632834.854578,-78.2488588486733,15.0,14.035602926315244,941.6666666666666,1.0605741772805264,2026-09-15,884.8,1.58,24.28,40.62,49.4,5683.6,20.0,55.0,73.2,39.9,0.0,⚠️ BİYOTEK TUZAĞI (FDA RİSKİ),0.0,-7.142857142857143,2.3299748110831184,Health Technology,Pharmaceuticals: Major,10.0,US_SMID_CAP
