ticker,sector,close_adj,med_value_traded,vol_ann_pct,beta,composite,composite_pct,exp_real_12m,exp_nominal_12m,hurdle_12m,exp_over_hurdle,p_beat_cpi,p_beat_all,regime_label,model_version,fund_break,confidence,max_1m,f_mom_12_1,f_high_52w,f_trend_consistency,f_low_vol,f_low_beta,f_dd_resilience,f_liquidity,f_roe,f_earnings_yield,f_book_yield,f_sales_yield,f_op_margin,f_low_leverage,f_div_yield,f_real_growth,z_mom_12_1,z_high_52w,z_trend_consistency,z_low_vol,z_low_beta,z_dd_resilience,z_liquidity,z_roe,z_earnings_yield,z_book_yield,z_sales_yield,z_op_margin,z_low_leverage,z_div_yield,z_real_growth,tarih,selected,fwd_1m,fwd_3m,fwd_ret,real_ret,xu_excess,cpi_12m_pct,hurdle_ret,b_usd,b_gold,b_deposit,beat_all
AAMI,Finance,92.48,31763783.74634,38.09215,1.08705,0.15295,59.14179,,,,,,,NEUTRAL,prior-research-2026-09-30+NEUTRAL,False,0.51624,3.71391,96.35058,0.9514,0.58333,-38.09215,-1.08705,-15.65523,17.27384,200.39526,3.08979,2.80336,21.17758,26.60432,-2.79891,0.23789,24.01856,1.39521,0.96475,0.34799,-0.70615,-1.00869,0.5678,0.44668,2.47504,-0.47898,-3.0,-0.62775,-0.1245,-1.18713,-0.77834,0.77989,2026-09-29,False,,,,,,,,,,,
AAP,Retail Trade,39.73,79950482.28455,66.24535,0.94571,-0.55311,15.48507,,,,,,,NEUTRAL,prior-research-2026-09-30+NEUTRAL,False,0.45909,4.02341,-28.25965,0.63331,0.41667,-66.24535,-0.94571,-38.13586,18.19692,4.84305,3.49297,94.4784,358.56974,3.90815,-2.30882,2.51699,-1.30498,-0.6128,-0.45859,-0.4138,-0.81087,-0.12876,-0.00077,1.02789,-0.73353,-0.42561,1.05256,0.81109,-0.33627,-0.51423,1.09581,-0.47692,2026-09-29,False,,,,,,,,,,,
ABCB,Finance,80.46,31254432.74384,18.8506,0.71354,0.34559,73.50746,,,,,,,NEUTRAL,prior-research-2026-09-30+NEUTRAL,False,0.52572,1.69958,15.50426,0.86358,0.33333,-18.8506,-0.71354,-13.84686,17.25767,9.39838,6.97833,75.85418,31.56232,45.3296,-0.33867,0.99428,2.30286,0.07499,0.05584,-1.5459,1.11747,-0.36807,0.87683,0.42691,-0.06711,0.19291,0.06353,-0.2402,0.51695,0.38989,-0.48326,-0.57672,2026-09-29,False,,,,,,,,,,,
ABCL,Health Technology,14.82,49664054.33922,91.57922,2.19966,-0.09628,41.79104,,,,,,,NEUTRAL,prior-research-2026-09-30+NEUTRAL,True,0.48375,9.6063,139.4515,1.0,0.58333,-91.57922,-2.19966,-54.94327,17.72079,-17.30401,-3.45657,19.88871,1.38915,-340.25358,-0.15135,0.0,101.28057,1.12494,2.53125,0.17039,-1.01365,-1.34796,-0.67141,0.86607,0.1161,0.02695,-0.08529,-0.35538,-1.01162,0.20201,-0.07667,1.72948,2026-09-29,False,,,,,,,,,,,
ABG,Retail Trade,173.95,43692353.50342,35.14365,0.74972,0.17748,61.28731,,,,,,,NEUTRAL,prior-research-2026-09-30+NEUTRAL,False,0.4965,2.8954,-11.45607,0.67941,0.41667,-35.14365,-0.74972,-32.05874,17.59268,13.23342,16.35955,125.97415,577.12776,5.08457,-1.40969,0.0,4.12165,-0.13512,-0.29673,-0.4138,0.8449,0.21946,0.37726,0.02896,-0.03821,1.37464,1.59657,1.11741,-0.16152,-0.12802,-0.98525,0.08186,2026-09-29,False,,,,,,,,,,,
ABM,Commercial Services,48.62,19071962.65678,24.94399,0.3927,0.97468,95.98881,,,,,,,NEUTRAL,prior-research-2026-09-30+NEUTRAL,False,0.53219,7.54516,5.84998,0.96087,0.41667,-24.94399,-0.3927,-21.99679,16.76373,9.19058,5.83292,62.75299,320.59693,4.67969,-1.05134,2.33443,6.00378,0.02654,1.72297,-0.37517,1.46798,0.51743,1.21204,-0.76686,-0.22164,0.28163,0.64127,1.45854,-0.28348,-0.41984,1.4691,-0.36657,2026-09-29,False,,,,,,,,,,,
ABR,Finance,3.97,18287334.95207,45.1466,0.82682,-0.99745,5.59701,,,,,,,NEUTRAL,prior-research-2026-09-30+NEUTRAL,False,0.42977,4.24243,-52.10354,0.36342,0.25,-45.1466,-0.82682,-63.6577,16.72172,2.00578,7.83903,287.61318,162.89666,70.95314,-3.99079,23.67758,-6.83821,-1.77801,-2.18594,-2.19194,-1.14662,-0.57358,-2.41603,-0.28655,-0.63126,0.36003,2.36915,1.46986,1.30082,-1.4224,3.0,-1.27648,2026-09-29,False,,,,,,,,,,,
ABSI,Health Technology,10.14,25932720.56208,106.27623,2.88156,-0.10126,41.32463,,,,,,,NEUTRAL,prior-research-2026-09-30+NEUTRAL,True,0.487,15.29851,219.04762,0.87263,0.66667,-106.27623,-2.88156,-54.0,17.07102,-57.72388,-6.89994,14.0311,0.08896,-8411.27482,-0.01556,0.0,-62.27646,1.49538,0.54307,0.83728,-1.42522,-1.89491,-0.60126,-0.06101,-0.45392,-0.17534,-0.45848,-0.58485,-1.82511,0.9407,-0.07667,-2.06667,2026-09-29,False,,,,,,,,,,,
ABTC,Technology Services,8.72,10703240.59525,103.64594,2.47133,-0.97947,6.34328,,,,,,,NEUTRAL,prior-research-2026-09-30+NEUTRAL,True,0.42047,18.67853,-92.20871,0.08041,0.25,-103.64594,-2.47133,-95.21438,16.18606,-58.97069,-30.83842,106.32846,42.98128,7.11515,-0.30524,0.0,2495.03295,-2.98415,-3.0,-1.66008,-1.2617,-1.9764,-3.0,-1.44014,-1.48267,-1.82505,1.86384,0.14954,0.12456,0.18619,-0.21817,2.58008,2026-09-29,False,,,,,,,,,,,
ABUS,Health Technology,4.69,13726091.3372,38.17186,0.9522,0.75497,91.41791,,,,,,,NEUTRAL,prior-research-2026-09-30+NEUTRAL,False,0.55402,0.61856,14.96599,0.89847,0.5,-38.17186,-0.9522,-25.85858,16.43481,89.58149,15.71897,26.63581,18.66303,81.12976,-0.01401,0.0,1078.7753,-0.67568,0.77549,-0.49602,1.29271,0.04382,1.05636,-0.80872,3.0,2.71947,0.25649,0.44596,3.0,0.97898,-0.07667,2.46197,2026-09-29,False,,,,,,,,,,,
ACAD,Health Technology,20.22,39524795.89806,40.50443,0.6919,0.028,49.53358,,,,,,,NEUTRAL,prior-research-2026-09-30+NEUTRAL,False,0.48597,2.9148,38.28979,0.66143,0.58333,-40.50443,-0.6919,-33.85672,17.49244,35.74313,10.88853,37.42959,32.58521,7.58508,-0.05652,0.0,11.75372,-0.1202,-0.58395,0.17039,1.13317,0.54294,0.4469,0.5142,2.59885,2.22026,0.64212,0.97438,0.85493,0.52821,-0.07667,0.26142,2026-09-29,False,,,,,,,,,,,
ACHC,Health Services,28.04,57081571.60378,57.07472,0.57486,-0.43581,20.80224,,,,,,,NEUTRAL,prior-research-2026-09-30+NEUTRAL,True,0.46427,3.52485,16.38809,0.78742,0.33333,-57.07472,-0.57486,-57.10613,17.85999,-44.54087,-44.23867,79.64941,132.28208,10.05953,-1.29616,0.0,4.27494,-0.02742,-0.03488,-1.50751,0.0019,0.19616,-0.7634,1.02653,-1.0646,-1.63387,0.95304,0.512,0.57486,-0.36143,-0.23761,-0.28682,2026-09-29,False,,,,,,,,,,,
ACHR,Electronic Technology,5.06,144387132.55301,71.80552,2.33017,-0.98636,6.15672,,,,,,,NEUTRAL,prior-research-2026-09-30+NEUTRAL,True,0.43513,4.78822,-38.03879,0.37097,0.5,-71.80552,-2.33017,-67.44868,18.78801,-44.761,-19.91446,47.12387,0.17183,-13569.56522,-0.06637,0.0,,-1.86515,-1.09543,-0.3367,0.08108,-0.29885,-0.92717,1.67161,-1.09511,-1.23834,0.57844,-1.31345,-2.38113,0.54708,-0.18865,0.0,2026-09-29,False,,,,,,,,,,,
ACHV,Health Technology,7.69,9417513.08055,81.02975,1.38012,0.34524,73.41418,,,,,,,NEUTRAL,prior-research-2026-09-30+NEUTRAL,True,0.52678,6.60377,169.103,0.90152,0.5,-81.02975,-1.38012,-54.54545,16.05808,-844.99111,-13.784,,0.0,,,0.0,,1.30075,0.81683,-0.49602,-0.72361,-0.62613,-0.64372,-1.12551,-1.89738,-0.58055,0.0,-1.05211,0.0,0.0,-0.07667,0.0,2026-09-29,False,,,,,,,,,,,
ACI,Retail Trade,11.64,84650679.55341,47.23526,-0.07902,-0.53674,16.13806,,,,,,,NEUTRAL,prior-research-2026-09-30+NEUTRAL,False,0.45429,5.29802,-25.60514,0.61478,0.25,-47.23526,0.07902,-41.74346,18.25404,2.71656,1.15457,28.14601,1462.68556,1.964,-9.73585,5.49828,2.74917,-0.53388,-0.52477,-1.66075,0.07905,2.74831,-0.17449,1.11554,-0.90523,-0.86326,-0.66777,2.04589,-0.50129,-1.34486,2.05664,-0.06007,2026-09-29,False,,,,,,,,,,,
ACIW,Technology Services,48.59,42859047.47467,35.052,0.29565,0.53317,82.83582,,,,,,,NEUTRAL,prior-research-2026-09-30+NEUTRAL,False,0.54175,2.40094,3.00422,0.80741,0.5,-35.052,-0.29565,-28.25438,17.57343,15.61738,4.58103,30.30018,36.94485,19.01946,-0.57698,0.0,7.02794,0.22466,0.49502,0.21344,1.53638,1.29846,1.34063,0.18539,0.72822,0.50337,-0.00971,-0.06087,1.0618,-0.21027,-0.21817,-0.24858,2026-09-29,False,,,,,,,,,,,
ACLS,Producer Manufacturing,128.69,45873034.93652,77.74713,1.93587,-0.22555,32.3694,,,,,,,NEUTRAL,prior-research-2026-09-30+NEUTRAL,False,0.48193,6.00138,18.55765,0.67166,0.5,-77.74713,-1.93587,-45.85073,17.64139,8.88687,2.31661,26.61049,21.62299,10.32512,-0.0655,0.0,-3.34967,0.2548,-0.00576,-0.17595,-0.77064,-0.46214,-0.10269,0.3822,0.25485,0.17885,-0.46487,-0.99773,0.51076,0.82659,-0.89902,-1.14233,2026-09-29,False,,,,,,,,,,,
ACMR,Producer Manufacturing,75.61,66536553.74146,93.33201,2.45792,-0.44803,20.14925,,,,,,,NEUTRAL,prior-research-2026-09-30+NEUTRAL,False,0.46242,7.23135,97.03468,0.59587,0.58333,-93.33201,-2.45792,-49.6099,18.01326,10.55496,2.76708,34.26527,19.1148,13.28596,-0.18779,0.0,27.30806,1.53067,-0.26039,0.49047,-1.21074,-0.85525,-0.31423,0.98264,0.41857,0.27831,-0.17561,-1.09649,0.74304,0.45609,-0.89902,0.83083,2026-09-29,False,,,,,,,,,,,
ACVA,Technology Services,10.44,24630839.4928,77.17202,0.99063,0.26388,67.6306,,,,,,,NEUTRAL,prior-research-2026-09-30+NEUTRAL,True,0.50254,44.18283,-26.63935,0.99618,0.5,-77.17202,-0.99063,-58.99209,17.01951,-15.05829,-3.55848,22.06096,45.15875,-7.094,-0.52579,0.0,13.30462,-0.62529,2.45268,0.21344,-0.57541,-0.4034,-0.3396,-0.56437,-0.84877,-0.61165,-0.36571,0.23276,-0.88796,-0.16547,-0.21817,0.26202,2026-09-29,False,,,,,,,,,,,
ADAM,Finance,7.93,7240846.30852,34.12618,0.82234,0.38538,75.83955,,,,,,,NEUTRAL,prior-research-2026-09-30+NEUTRAL,False,0.52622,2.08817,53.39457,0.80215,0.5,-34.12618,-0.82234,-19.78508,15.79525,14.16634,28.16397,129.85986,115.86449,82.712,-7.68861,12.10593,42.50207,0.90619,-0.30503,-0.31843,-0.47732,-0.55891,0.09401,-1.22678,0.37653,2.28958,1.10021,1.19844,1.68326,-1.80866,1.90339,1.21522,2026-09-29,False,,,,,,,,,,,
ADEA,Technology Services,24.75,25663291.9412,65.93745,1.68602,0.488,80.31716,,,,,,,NEUTRAL,prior-research-2026-09-30+NEUTRAL,False,0.5325,4.08484,54.37793,0.73873,0.66667,-65.93745,-1.68602,-34.81399,17.06057,27.8781,4.43461,17.25238,17.02118,46.81122,-0.82832,0.80906,24.34706,1.40121,0.18237,1.54675,-0.11166,-1.33923,0.88918,-0.51546,1.30705,0.46789,-0.69023,-0.84703,2.16856,-0.45334,1.24146,0.7203,2026-09-29,False,,,,,,,,,,,
ADMA,Health Technology,9.96,21474957.08895,46.67213,0.70188,-0.40142,22.57463,,,,,,,NEUTRAL,prior-research-2026-09-30+NEUTRAL,False,0.45051,7.88912,-40.16656,0.48871,0.58333,-46.67213,-0.70188,-62.70854,16.8824,41.89711,7.63486,18.33401,23.14877,42.26285,-0.49935,0.0,8.03524,-2.20915,-1.2383,0.17039,0.76034,0.50445,-1.02917,-0.28837,2.77109,1.68874,-0.19069,0.6348,2.64975,-0.39787,-0.07667,-0.04888,2026-09-29,False,,,,,,,,,,,
ADPT,Health Technology,28.77,54087540.93361,62.23104,1.50154,-0.00825,47.10821,,,,,,,NEUTRAL,prior-research-2026-09-30+NEUTRAL,True,0.47742,7.66747,90.54463,0.97295,0.75,-62.23104,-1.50154,-39.34506,17.80611,-39.5833,-1.38012,3.09931,6.65879,-11.81248,-2.87235,0.0,50.12523,0.58954,1.78055,1.54941,0.04096,-0.76276,0.11655,1.02678,-0.23765,0.23639,-1.51454,-0.10918,-0.30466,-1.76197,-0.07667,1.3558,2026-09-29,False,,,,,,,,,,,
ADT,Commercial Services,6.14,50594469.21768,27.60713,0.55722,0.17016,60.35448,,,,,,,NEUTRAL,prior-research-2026-09-30+NEUTRAL,False,0.5049,1.62822,-12.38252,0.71666,0.41667,-27.60713,-0.55722,-28.33405,17.73935,17.20458,14.68558,76.82658,123.86197,25.18828,-2.23863,3.58306,2.10357,-0.50992,-0.15825,-0.37517,1.29365,0.07486,0.75465,0.54863,0.44929,1.51226,0.99704,0.36844,1.25517,-0.9987,2.00119,-0.72584,2026-09-29,False,,,,,,,,,,,
ADUS,Health Services,112.96,23379042.23938,24.4709,0.25264,0.66562,88.24627,,,,,,,NEUTRAL,prior-research-2026-09-30+NEUTRAL,False,0.53931,3.16019,-1.52548,0.92024,0.41667,-24.4709,-0.25264,-27.91039,16.96735,9.70557,5.0403,54.95554,70.6658,10.8525,-0.09478,0.0,15.88006,-0.52909,0.89836,-0.90661,1.89579,1.16153,0.87698,-0.29017,0.46579,0.97341,0.40579,-0.08785,0.64741,1.15992,-0.23761,0.52432,2026-09-29,False,,,,,,,,,,,
AEHR,Electronic Technology,100.78,208109375.16785,134.88242,4.19114,-0.64684,12.5,,,,,,,NEUTRAL,prior-research-2026-09-30+NEUTRAL,True,0.44915,13.09821,167.6714,0.69212,0.58333,-134.88242,-4.19114,-47.62036,19.15357,-4.1626,-0.219,6.78344,1.53666,-28.28543,-0.04502,0.0,-15.20655,1.52425,0.16409,0.32972,-1.65735,-2.6023,-0.00072,2.05144,-0.40003,-0.05542,-1.46779,-1.12949,-0.78064,0.65279,-0.18865,-1.86711,2026-09-29,False,,,,,,,,,,,
AEO,Retail Trade,18.14,77928337.86774,53.67807,1.15239,-0.49723,18.1903,,,,,,,NEUTRAL,prior-research-2026-09-30+NEUTRAL,False,0.45259,4.79492,-3.43619,0.6557,0.58333,-53.67807,-1.15239,-47.47863,18.1713,20.36363,11.06336,57.90605,187.17752,9.34225,-1.08897,2.75634,8.20569,0.07048,-0.38325,0.87919,-0.26033,-0.4871,-0.46788,0.98456,0.44762,0.85132,0.21924,0.04702,0.26907,0.08223,1.19748,0.38189,2026-09-29,False,,,,,,,,,,,
AESI,Industrial Services,11.65,41888341.39252,63.55764,0.75273,-0.23912,31.43657,,,,,,,NEUTRAL,prior-research-2026-09-30+NEUTRAL,True,0.46381,13.46679,7.9832,0.58987,0.41667,-63.55764,-0.75273,-48.45569,17.55052,-9.92521,-8.24542,77.55949,74.40937,-9.39067,-0.94273,2.14592,-8.10945,-0.48704,-0.40496,-1.11632,-0.40677,0.21654,-0.56209,-0.08337,-0.81593,-0.93351,0.92056,0.33624,-1.18998,-0.10503,1.04226,-1.56933,2026-09-29,False,,,,,,,,,,,
AEVA,Electronic Technology,13.97,24636058.99353,116.48897,3.07628,-0.11152,40.11194,,,,,,,NEUTRAL,prior-research-2026-09-30+NEUTRAL,False,0.49709,5.90278,3.16832,0.47695,0.5,-116.48897,-3.07628,-52.30454,17.01972,,-3.26634,2.81482,2.17588,-610.94546,-3.71853,0.0,56.22423,-0.71559,-0.709,-0.3367,-1.1132,-0.91585,-0.2224,-0.82158,0.0,-0.3646,-1.97246,-1.09659,-1.49879,-1.82829,-0.18865,1.06036,2026-09-29,False,,,,,,,,,,,
AGEN,Health Technology,9.89,8289360.04543,124.42251,1.40524,0.49539,80.97015,,,,,,,NEUTRAL,prior-research-2026-09-30+NEUTRAL,False,0.51052,10.42155,93.92404,1.0,0.5,-124.42251,-1.40524,-40.81196,15.93048,,20.68406,,29.82905,27.04137,,0.0,30.46723,0.6339,2.53125,-0.49602,-1.84783,-0.64606,0.06241,-1.24993,0.0,3.0,0.0,0.87611,2.12011,0.0,-0.07667,1.01192,2026-09-29,False,,,,,,,,,,,
AGIO,Health Technology,33.3,31705827.15149,65.20676,0.50101,-0.39806,22.76119,,,,,,,NEUTRAL,prior-research-2026-09-30+NEUTRAL,True,0.48365,3.21908,-14.41048,0.73203,0.5,-65.20676,-0.50101,-50.89031,17.27201,-34.33713,-20.55956,51.37274,4.91577,-466.78192,-0.03038,0.0,140.58226,-1.50545,-0.20011,-0.49602,-0.13422,1.10466,-0.46635,0.24329,-0.1407,-0.86471,1.076,-0.16989,-1.09042,0.75165,-0.07667,1.8732,2026-09-29,False,,,,,,,,,,,
AGL,Health Services,78.15,23670584.68552,156.54555,1.76578,-0.51935,17.0709,,,,,,,NEUTRAL,prior-research-2026-09-30+NEUTRAL,True,0.45939,6.46182,239.59633,0.60189,0.41667,-156.54555,-1.76578,-72.0,16.97974,-78.94246,-19.4037,17.58042,457.25479,-4.29163,-0.147,0.0,0.31914,2.1827,-0.88874,-0.90661,-2.61447,-1.692,-1.52806,-0.27437,-1.47736,-1.06579,-1.02547,1.8792,-0.62969,0.97953,-0.23761,-0.72017,2026-09-29,False,,,,,,,,,,,
AGM,Finance,212.22,22590362.08191,26.7574,0.50454,0.02703,49.4403,,,,,,,NEUTRAL,prior-research-2026-09-30+NEUTRAL,False,0.5167,1.59008,31.64361,0.88417,0.58333,-26.7574,-0.50454,-23.24169,16.93303,13.47564,10.24093,54.3013,58.79634,89.75954,-18.70863,2.9215,31.16433,0.473,0.18289,0.34799,-0.0186,0.23932,-0.12605,-0.03512,0.30607,0.79917,-0.40876,0.49556,1.82537,-2.15556,0.21612,1.00296,2026-09-29,False,,,,,,,,,,,
AGX,Industrial Services,378.39001,160305750.0,66.54172,1.47286,-0.9149,7.46269,,,,,,,NEUTRAL,prior-research-2026-09-30+NEUTRAL,False,0.43969,6.52572,57.36277,0.47423,0.66667,-66.54172,-1.47286,-55.48166,18.89259,39.84689,3.40379,9.61895,22.5535,15.36057,-0.02154,0.52856,29.02078,0.59437,-0.87835,0.84356,-0.56526,-0.91797,-0.90673,1.89363,1.67411,0.28078,-1.53971,-0.97196,0.5781,1.59418,0.46638,0.72722,2026-09-29,False,,,,,,,,,,,
AGYS,Technology Services,96.34,25586735.9314,50.73891,0.3311,0.18205,61.75373,,,,,,,NEUTRAL,prior-research-2026-09-30+NEUTRAL,False,0.51468,4.3832,12.63137,0.68268,0.5,-50.73891,-0.3311,-55.93112,17.05758,13.80204,1.555,12.26985,11.97483,12.00078,-0.05451,0.0,14.37911,0.48,-0.11547,0.21344,0.56072,1.16983,-0.22195,-0.51802,0.57184,-0.02868,-0.99042,-1.07102,0.57765,0.82429,-0.21817,0.31881,2026-09-29,False,,,,,,,,,,,
AHCO,Health Services,5.67,13914180.18723,81.86736,0.17637,-0.52186,16.88433,,,,,,,NEUTRAL,prior-research-2026-09-30+NEUTRAL,True,0.44592,9.61887,-34.87064,0.42377,0.58333,-81.86736,-0.17637,-60.98655,16.44842,-16.11546,-29.80875,180.59089,422.60543,4.53691,-1.49811,0.0,-0.43348,-1.39315,-1.57158,0.38638,-1.00481,1.37113,-0.95322,-0.91595,-0.61638,-1.39388,2.47966,1.81291,-0.01701,-0.48552,-0.23761,-0.79073,2026-09-29,False,,,,,,,,,,,
AI,Technology Services,10.34,45878132.6458,53.07857,1.53269,-0.20014,33.95522,,,,,,,NEUTRAL,prior-research-2026-09-30+NEUTRAL,True,0.47669,5.97723,-38.56476,0.52594,0.33333,-53.07857,-1.53269,-60.52899,17.6415,-59.77198,-26.15977,40.07742,13.61757,-198.13109,-0.00832,0.0,-37.54918,-0.93023,-0.72213,-1.01403,0.44261,-1.18467,-0.41999,0.30045,-1.49596,-1.62686,0.31532,-0.99687,-1.55714,1.37891,-0.21817,-1.9755,2026-09-29,False,,,,,,,,,,,
AIR,Electronic Technology,106.75,46577168.66455,48.70733,1.50091,0.44519,78.17164,,,,,,,NEUTRAL,prior-research-2026-09-30+NEUTRAL,False,0.51316,3.3112,54.26223,0.69449,0.5,-48.70733,-1.50091,-30.55104,17.65662,12.9291,4.54271,40.99246,81.89089,8.53889,-0.56152,0.0,21.97033,0.44961,0.17204,-0.3367,1.10618,0.44592,0.97576,0.07466,0.72159,0.7196,0.40291,1.21096,0.58311,-0.41189,-0.18865,0.36019,2026-09-29,False,,,,,,,,,,,
AKR,Finance,19.2,26206914.51588,20.6368,0.29614,0.15372,59.32836,,,,,,,NEUTRAL,prior-research-2026-09-30+NEUTRAL,False,0.52155,0.52328,7.30559,0.84507,0.5,-20.6368,-0.29614,-15.88908,17.08153,1.93312,1.71514,90.02757,15.57204,19.41309,-0.76028,4.16667,4.69377,-0.12044,-0.05848,-0.31843,0.68252,0.83407,0.54808,0.14517,-0.64001,-0.72025,0.40886,-0.90676,-0.4512,-0.13218,0.65169,-0.33047,2026-09-29,False,,,,,,,,,,,
ALG,Producer Manufacturing,158.78999,24212055.62592,27.88832,0.76157,0.55046,83.20896,,,,,,,NEUTRAL,prior-research-2026-09-30+NEUTRAL,False,0.51449,4.39366,-13.55935,0.72976,0.5,-27.88832,-0.76157,-32.45978,17.00236,8.77089,5.28158,63.19138,86.8721,8.90704,-0.23471,0.83129,4.06646,-0.63293,0.31851,-0.17595,1.79929,1.09545,0.63101,-0.50321,0.24651,0.73296,0.5885,0.49104,0.3531,0.36099,0.57242,-0.44243,2026-09-29,False,,,,,,,,,,,
ALGT,Transportation,77.03,44645281.61621,58.88905,1.96836,-0.58887,14.55224,,,,,,,NEUTRAL,prior-research-2026-09-30+NEUTRAL,False,0.46241,3.27302,30.30703,0.64644,0.58333,-58.88905,-1.96836,-39.23296,17.61426,1.76466,1.20497,85.66035,139.49461,8.63571,-1.6047,0.0,12.24356,-0.2246,-1.19627,-0.13921,-0.81448,-2.02898,-0.82735,0.58788,-1.04966,-1.28806,0.52972,0.70628,-0.76718,-0.62894,-1.87968,0.10808,2026-09-29,False,,,,,,,,,,,
ALHC,Health Services,7.91,73757702.30141,86.85072,0.73513,-1.24163,2.23881,,,,,,,NEUTRAL,prior-research-2026-09-30+NEUTRAL,False,0.41835,7.04042,-22.30462,0.32207,0.41667,-86.85072,-0.73513,-68.77036,18.1163,20.04393,2.49938,16.30217,281.09954,1.20157,-1.24655,0.0,37.21446,-1.10003,-2.01746,-0.90661,-1.16787,-0.21987,-1.29769,1.40863,1.2417,0.49902,-1.09415,1.41328,-0.32977,-0.33582,-0.23761,1.22076,2026-09-29,False,,,,,,,,,,,
ALK,Transportation,39.93,114523344.34204,53.7354,1.74347,-1.09535,4.66418,,,,,,,NEUTRAL,prior-research-2026-09-30+NEUTRAL,True,0.43994,3.35471,-16.8239,0.66318,0.41667,-53.7354,-1.74347,-43.21541,18.55629,-4.598,-3.96174,83.11026,334.21235,-0.31836,-2.0752,0.0,9.78657,-1.49777,-1.13333,-1.4322,-0.62165,-1.84282,-1.03236,1.98602,-1.28187,-1.83455,0.47032,1.73194,-1.61773,-0.82222,-1.87968,-0.077,2026-09-29,False,,,,,,,,,,,
ALKT,Technology Services,13.37,22755583.36792,54.7008,0.47473,0.16735,60.16791,,,,,,,NEUTRAL,prior-research-2026-09-30+NEUTRAL,True,0.49586,7.60756,-21.26169,0.52064,0.33333,-54.7008,-0.47473,-47.93614,16.94032,-12.76594,-3.09055,24.84862,33.55342,-7.07884,-0.98754,0.0,27.05134,-0.46501,-0.76195,-1.01403,0.39855,0.80266,0.18505,-0.66177,-0.81995,-0.57541,-0.25055,-0.18374,-0.88269,-0.60986,-0.21817,0.80709,2026-09-29,False,,,,,,,,,,,
ALM,Non-Energy Minerals,13.19,89560871.06781,94.83766,2.39822,-0.56668,15.20522,,,,,,,NEUTRAL,prior-research-2026-09-30+NEUTRAL,False,0.45603,10.64517,204.21588,0.56319,0.5,-94.83766,-2.39822,-53.24509,18.31043,39.57986,1.98609,9.87704,1.57739,5.26521,-1.4759,0.0,207.96026,1.70335,-0.27458,-0.39697,-0.9632,-0.51623,-0.2976,1.6418,1.72775,-0.09048,-1.20259,-0.70648,-0.60277,-1.22148,-0.2967,1.45221,2026-09-29,False,,,,,,,,,,,
ALNT,Producer Manufacturing,112.1,22252167.50565,67.20044,1.56167,0.78361,91.97761,,,,,,,NEUTRAL,prior-research-2026-09-30+NEUTRAL,False,0.54062,8.8168,112.45129,0.9663,0.75,-67.20044,-1.56167,-24.32463,16.91795,9.5145,1.50829,16.47517,30.30408,8.93539,-0.63283,0.12489,10.61924,1.70885,2.20062,1.86949,-0.33361,-0.14129,1.22175,-0.62042,0.31354,0.04703,-1.0327,-0.67629,0.36575,-0.19696,0.31167,0.07197,2026-09-29,False,,,,,,,,,,,
ALOY,Non-Energy Minerals,8.0,22872458.90074,122.94832,2.64457,-0.55895,15.29851,,,,,,,NEUTRAL,prior-research-2026-09-30+NEUTRAL,True,0.4478,12.95399,65.92213,0.30912,0.58333,-122.94832,-2.64457,-72.85549,16.94544,-150.22855,-24.83729,32.75582,0.4828,-4460.02045,-0.00322,0.0,21.23839,0.60213,-1.30729,0.26944,-1.65427,-0.67356,-1.3164,-0.38643,-1.99795,-1.70864,0.0629,-0.7963,-2.82024,1.41476,-0.2967,0.13493,2026-09-29,False,,,,,,,,,,,
ALX,Finance,247.02,8433111.60278,25.67965,0.44194,0.47087,79.85075,,,,,,,NEUTRAL,prior-research-2026-09-30+NEUTRAL,False,0.54573,0.79314,23.62269,0.87767,0.75,-25.67965,-0.44194,-14.06351,15.94768,92.02374,13.46034,17.72531,17.02612,28.6096,-3.73205,7.28686,-1.50718,0.28759,0.14056,1.72701,0.04832,0.41502,0.8391,-1.04121,2.06143,1.12698,-1.78658,-0.83579,-0.0839,-1.37352,1.2976,-0.93765,2026-09-29,False,,,,,,,,,,,
AMBA,Electronic Technology,68.73,100992088.10349,84.14382,1.8827,-0.51698,17.16418,,,,,,,NEUTRAL,prior-research-2026-09-30+NEUTRAL,True,0.462,8.3806,-15.18972,0.71961,0.41667,-84.14382,-1.8827,-49.06292,18.43055,-9.41215,-1.87427,20.64199,13.90298,-14.60648,-0.02038,0.0,20.04017,-1.26968,0.27387,-0.96327,-0.35128,0.07927,-0.07626,1.27122,-0.53269,-0.21333,-0.41109,-0.57608,-0.68104,0.94305,-0.18865,0.27543,2026-09-29,False,,,,,,,,,,,
AMBQ,Electronic Technology,64.81,28269489.30817,94.6622,2.05286,0.2921,69.21642,,,,,,,NEUTRAL,prior-research-2026-09-30+NEUTRAL,True,0.51024,8.60067,90.625,0.71629,0.58333,-94.6622,-2.05286,-38.17419,17.15729,-15.54833,-2.33116,25.55925,6.17173,-43.3238,-0.01133,0.0,31.8825,0.85485,0.26613,0.32972,-0.62369,-0.06402,0.48605,-0.63413,-0.63224,-0.25619,-0.15972,-0.92395,-0.87636,1.08855,-0.18865,0.6995,2026-09-29,False,,,,,,,,,,,
AMC,Consumer Services,3.08,66790903.97,101.73406,1.19608,-0.86089,8.39552,,,,,,,NEUTRAL,prior-research-2026-09-30+NEUTRAL,False,0.43409,11.90476,-10.38063,0.93617,0.41667,-101.73406,-1.19608,-69.84127,18.01708,,-19.92833,,188.11973,5.23267,,0.0,6.40817,-0.56819,1.21251,-0.64714,-2.09417,-1.13866,-1.77648,0.92193,0.0,-1.71594,0.0,0.99456,-0.46895,0.0,-1.13702,0.17743,2026-09-29,False,,,,,,,,,,,
AMLX,Health Technology,29.28,40854910.05211,89.53779,1.03246,-0.11887,39.55224,,,,,,,NEUTRAL,prior-research-2026-09-30+NEUTRAL,True,0.48812,6.38836,139.2562,0.73828,0.58333,-89.53779,-1.03246,-30.61003,17.52554,-74.73,-4.14845,7.35204,0.0,,-0.02197,0.0,100.0,1.11541,-0.16726,0.17039,-0.98569,-0.06614,0.66251,0.55825,-0.63339,-0.01678,-1.04081,-1.05211,0.0,0.85779,-0.07667,1.70853,2026-09-29,False,,,,,,,,,,,
AMN,Commercial Services,34.95,21089055.24902,61.98133,0.64985,0.58352,84.79478,,,,,,,NEUTRAL,prior-research-2026-09-30+NEUTRAL,False,0.5373,2.54949,83.4658,0.95492,0.58333,-61.98133,-0.64985,-28.67265,16.86426,15.55638,7.6981,54.40907,251.98457,4.67857,-1.04658,0.0,23.98595,1.47115,1.61305,0.91781,-0.57984,-0.19799,0.74861,-0.65469,0.33789,0.59642,0.50348,1.069,-0.28694,-0.4139,-0.53421,0.64186,2026-09-29,False,,,,,,,,,,,
AMPH,Health Technology,26.68,8586161.63292,53.04953,0.64045,0.38565,75.93284,,,,,,,NEUTRAL,prior-research-2026-09-30+NEUTRAL,False,0.50633,5.2484,-18.02607,0.90748,0.5,-53.04953,-0.64045,-42.61904,15.96566,10.29693,6.94701,67.94804,64.56582,15.65507,-0.89607,0.0,1.01567,-1.58108,0.87772,-0.49602,0.40014,0.69001,-0.02431,-1.22467,1.27536,1.54427,1.40608,1.77777,1.52415,-0.78819,-0.07667,-0.68116,2026-09-29,False,,,,,,,,,,,
AMPL,Technology Services,13.64,20672799.46976,73.74493,0.66127,0.43938,77.79851,,,,,,,NEUTRAL,prior-research-2026-09-30+NEUTRAL,True,0.52878,8.41938,25.65905,0.95385,0.5,-73.74493,-0.66127,-53.01507,16.84433,-47.88671,-5.58767,7.65238,21.01665,-27.22181,-0.07127,0.0,18.25752,0.82496,1.78574,0.21344,-0.43213,0.23689,-0.06086,-0.77978,-1.37153,-0.75116,-1.41761,-0.64556,-1.1209,0.73762,-0.21817,0.44578,2026-09-29,False,,,,,,,,,,,
AMPX,Producer Manufacturing,9.53,51911493.55774,99.31595,2.9358,-0.72088,10.91418,,,,,,,NEUTRAL,prior-research-2026-09-30+NEUTRAL,True,0.4588,5.05561,-9.5151,0.41598,0.41667,-99.31595,-2.9358,-63.16019,17.76505,-37.96925,-2.66224,8.70937,7.57189,-17.04966,-0.05076,0.0,143.6113,-0.49571,-0.97041,-0.80251,-1.36061,-1.28342,-0.96545,0.5868,-1.08809,-0.44036,-1.60679,-1.64005,-0.98237,0.89481,-0.89902,1.79151,2026-09-29,False,,,,,,,,,,,
AMR,Energy Minerals,166.0,50331200.0,59.4568,0.80966,-0.27914,29.38433,,,,,,,NEUTRAL,prior-research-2026-09-30+NEUTRAL,True,0.46759,7.45342,39.09007,0.66493,0.5,-59.4568,-0.80966,-45.05908,17.73414,-2.96029,-2.09535,68.13459,93.92451,-2.16833,-0.00761,0.0,-12.91947,0.39902,-0.47163,-0.24958,-0.50767,-2.00454,-0.56278,0.4548,-0.57448,-0.54982,0.09115,0.36558,-1.06269,1.5774,-1.38816,-1.35153,2026-09-29,False,,,,,,,,,,,
AMRC,Industrial Services,21.03,13603013.85841,77.09807,2.23351,-0.10539,40.76493,,,,,,,NEUTRAL,prior-research-2026-09-30+NEUTRAL,False,0.48264,4.35381,-36.79218,0.48647,0.41667,-77.09807,-2.23351,-57.18251,16.4258,2.48659,2.48609,108.87933,178.18193,6.8346,-1.63439,0.0,8.89268,-1.70869,-0.83032,-1.11632,-0.9898,-1.6259,-0.98626,-1.4976,-0.39173,0.09461,1.59742,1.16367,-0.13823,-0.59383,-0.8999,-0.21488,2026-09-29,False,,,,,,,,,,,
AMSC,Producer Manufacturing,29.17,20298764.15482,72.00328,2.65686,-0.27714,29.47761,,,,,,,NEUTRAL,prior-research-2026-09-30+NEUTRAL,False,0.47535,4.81841,-51.35735,0.43746,0.41667,-72.00328,-2.65686,-61.08278,16.82607,30.16266,9.60267,40.24683,22.56055,4.40521,-0.00681,0.0,25.88716,-1.6523,-0.89285,-0.80251,-0.54764,-1.02783,-0.88641,-0.72075,1.52117,1.52417,0.01655,-0.94995,-0.12417,1.5356,-0.89902,0.80366,2026-09-29,False,,,,,,,,,,,
AMTM,Electronic Technology,18.15,36794187.0697,40.0892,0.94962,0.14901,58.48881,,,,,,,NEUTRAL,prior-research-2026-09-30+NEUTRAL,False,0.50757,2.02634,-10.01329,0.48361,0.33333,-40.0892,-0.94962,-51.63869,17.42085,4.45755,4.55547,104.9228,315.53316,3.93489,-0.8147,0.0,11.43533,-1.09259,-0.68505,-1.56417,1.64262,1.25892,-0.18649,-0.29411,0.036,0.72507,1.86743,2.68706,0.08297,-0.65714,-0.18865,-0.12582,2026-09-29,False,,,,,,,,,,,
AN,Retail Trade,156.8,79238235.5072,35.67948,0.59568,-0.10315,41.04478,,,,,,,NEUTRAL,prior-research-2026-09-30+NEUTRAL,False,0.48893,2.51089,-8.07223,0.6818,0.33333,-35.67948,-0.59568,-31.82016,18.18797,32.76657,15.05563,43.81458,533.43799,4.68842,-5.01585,0.0,-0.0568,-0.04755,-0.26133,-1.01471,0.79751,0.61376,0.40854,1.01526,0.95129,1.2614,-0.1565,1.09165,-0.21972,-1.01845,-0.98525,-0.37802,2026-09-29,False,,,,,,,,,,,
ANAB,Health Technology,50.37,24086704.27551,63.62253,0.93787,0.30816,70.33582,,,,,,,NEUTRAL,prior-research-2026-09-30+NEUTRAL,False,0.51993,2.90114,258.01525,0.72153,0.66667,-63.62253,-0.93787,-27.96161,16.99717,,13.04435,0.70942,15.8362,56.3635,-25.46887,0.0,92.92407,1.59332,-0.28162,0.83728,-0.04678,0.07992,0.86773,-0.15144,0.0,2.4367,-2.28892,0.30132,3.0,-2.82692,-0.07667,1.66862,2026-09-29,False,,,,,,,,,,,
ANF,Retail Trade,133.59,124713336.54633,65.34827,0.85857,-0.42762,21.08209,,,,,,,NEUTRAL,prior-research-2026-09-30+NEUTRAL,False,0.47015,5.08052,72.80242,0.87842,0.5,-65.34827,-0.85857,-45.65268,18.64153,40.50052,9.32849,23.57507,92.95665,13.89698,-0.95048,0.0,4.72919,1.6674,0.79367,0.21277,-0.77702,0.03165,-0.35247,1.5563,1.16277,0.64213,-0.89872,-0.64315,0.6476,0.22503,-0.98525,0.11765,2026-09-29,False,,,,,,,,,,,
ANGX,Consumer Services,4.66,5606148.10257,89.1758,1.15501,-0.28791,29.01119,,,,,,,NEUTRAL,prior-research-2026-09-30+NEUTRAL,False,0.47801,9.1278,9.84848,0.5,0.58333,-89.1758,-1.15501,-76.60944,15.53937,,-17.50292,,46.73656,-30.09752,,0.0,,0.00288,-1.14608,0.64584,-1.78185,-1.05697,-2.20561,-2.11559,0.0,-1.62178,0.0,-0.38787,-1.54352,0.0,-1.13702,0.0,2026-09-29,False,,,,,,,,,,,
ANIP,Health Technology,72.62,24599672.55554,31.02881,0.34828,0.42304,77.23881,,,,,,,NEUTRAL,prior-research-2026-09-30+NEUTRAL,False,0.51001,3.55923,-21.73025,0.76138,0.25,-31.02881,-0.34828,-26.41014,17.01824,19.33327,5.96922,35.66371,58.43078,13.3387,-1.02224,0.0,30.90451,-1.68178,-0.04409,-2.36954,1.74439,1.51025,1.02323,-0.12536,1.94658,1.39932,0.58373,1.67652,1.35617,-0.93024,-0.07667,1.02044,2026-09-29,False,,,,,,,,,,,
ANNX,Health Technology,4.13,14269565.91239,64.83905,1.18915,0.07951,52.14552,,,,,,,NEUTRAL,prior-research-2026-09-30+NEUTRAL,True,0.49216,10.16484,47.47774,0.59339,0.5,-64.83905,-1.18915,-47.70115,16.47364,-105.26075,-26.13794,26.05428,0.0,,-0.13249,0.0,,0.06296,-0.80888,-0.49602,-0.10835,-0.36843,-0.30851,-0.77389,-0.87029,-0.98545,0.22063,-1.05211,0.0,0.257,-0.07667,0.0,2026-09-29,False,,,,,,,,,,,
ANRO,Health Technology,26.58,13053479.72565,67.93147,1.97041,0.52446,82.18284,,,,,,,NEUTRAL,prior-research-2026-09-30+NEUTRAL,True,0.53556,4.09091,789.3671,0.72544,0.75,-67.93147,-1.97041,-34.19913,16.38457,-49.16696,-8.07153,23.49122,0.0,,-0.10624,0.0,,2.57942,-0.25603,1.54941,-0.22935,-1.19926,0.42174,-0.87775,-0.39181,-0.26655,0.09185,-1.05211,0.0,0.35554,-0.07667,0.0,2026-09-29,False,,,,,,,,,,,
APAM,Finance,36.42,29130419.35043,28.43634,0.70796,-0.15785,36.75373,,,,,,,NEUTRAL,prior-research-2026-09-30+NEUTRAL,False,0.50502,1.64665,9.15492,0.83456,0.58333,-28.43634,-0.70796,-22.16179,17.18729,67.8401,9.21048,16.24269,44.63593,36.65258,-0.74968,9.50027,7.39834,-0.08201,-0.13374,0.34799,-0.12006,-0.35627,-0.07405,0.32556,1.85268,0.64131,-1.8864,0.22524,0.15016,-0.11875,1.60994,-0.13462,2026-09-29,False,,,,,,,,,,,
APLE,Finance,16.27,40869859.49306,21.63106,0.57197,0.41372,77.05224,,,,,,,NEUTRAL,prior-research-2026-09-30+NEUTRAL,False,0.53702,1.76933,47.28689,0.9624,0.58333,-21.63106,-0.57197,-9.73443,17.5259,5.52938,4.5687,81.87083,37.55159,17.81421,-0.51357,5.90043,1.16977,0.778,1.14965,0.34799,0.4268,0.02862,1.63203,0.75684,-0.36025,-0.22537,0.22942,-0.03861,-0.55629,0.11952,1.09163,-0.68887,2026-09-29,False,,,,,,,,,,,
APPN,Technology Services,35.33,23366202.19574,69.47298,0.11402,0.15271,59.04851,,,,,,,NEUTRAL,prior-research-2026-09-30+NEUTRAL,False,0.50511,10.2129,37.21756,0.7741,0.41667,-69.47298,-0.11402,-58.98335,16.9668,,-0.41812,,31.31205,4.36988,,0.0,20.90352,1.06043,0.36834,-0.41313,-0.27261,1.85136,-0.33504,-0.62453,0.0,-0.30251,0.0,-0.25369,-0.2068,0.0,-0.21817,0.55893,2026-09-29,False,,,,,,,,,,,
APPS,Technology Services,11.65,29853171.41075,108.29663,1.35013,-0.02331,46.17537,,,,,,,NEUTRAL,prior-research-2026-09-30+NEUTRAL,True,0.48514,13.0394,105.37037,0.80959,0.66667,-108.29663,-1.35013,-61.31687,17.2118,-20.38987,-2.49449,13.60233,42.83728,10.32787,-1.86834,0.0,19.24051,1.99073,0.51038,1.54675,-1.39918,-0.98261,-0.4701,-0.27762,-0.97428,-0.51144,-0.89318,0.14361,0.43832,-1.1469,-0.21817,0.4858,2026-09-29,False,,,,,,,,,,,
AQN,Utilities,5.05,20083475.38075,22.01072,0.31089,0.07036,51.95896,,,,,,,NEUTRAL,prior-research-2026-09-30+NEUTRAL,False,0.50803,2.12336,7.29737,0.74898,0.66667,-22.01072,-0.31089,-26.80591,16.81541,4.23426,3.69122,109.49593,62.4011,19.89459,-1.43602,5.05619,1.23522,-0.09278,-0.2688,0.89232,0.07788,-0.29074,-0.44506,-0.71806,-0.27666,-0.10685,0.82577,0.16286,-0.01097,-0.16723,0.65616,-0.1943,2026-09-29,False,,,,,,,,,,,
AQST,Health Technology,4.67,9747836.25469,52.04432,0.94967,-0.01814,46.45522,,,,,,,NEUTRAL,prior-research-2026-09-30+NEUTRAL,False,0.50561,3.68764,-16.19365,0.6235,0.5,-52.04432,-0.94967,-60.61415,16.09256,,-13.33187,,9.2178,-97.51881,,0.0,22.55733,-1.54811,-0.70342,-0.49602,0.45005,0.05588,-0.93143,-1.09319,0.0,-0.56939,0.0,-0.00137,-0.75797,0.0,-0.07667,0.73047,2026-09-29,False,,,,,,,,,,,
ARCB,Transportation,128.87,40239590.78979,45.99387,1.14657,-0.13724,38.33955,,,,,,,NEUTRAL,prior-research-2026-09-30+NEUTRAL,False,0.50545,2.75229,100.40741,0.74463,0.58333,-45.99387,-1.14657,-27.6809,17.51036,1.26923,0.57075,44.40152,147.23562,3.07071,-0.3627,0.37247,3.70099,0.80029,-0.66471,-0.13921,-0.19638,-1.11555,-0.05942,0.43633,-1.08201,-1.39418,-0.46291,0.77536,-1.35581,0.49899,-0.57463,-0.56379,2026-09-29,False,,,,,,,,,,,
ARDX,Health Technology,3.39,14626609.5376,48.93475,0.95145,-0.18599,34.79478,,,,,,,NEUTRAL,prior-research-2026-09-30+NEUTRAL,True,0.48957,3.42857,-31.22744,0.42428,0.41667,-48.93475,-0.95145,-57.69712,16.49835,-38.60902,-6.58422,17.61679,53.29768,-7.86238,-1.71925,0.0,16.76775,-1.93816,-1.46073,-1.12259,0.60114,0.04985,-0.79248,-0.72538,-0.21751,-0.14511,-0.25551,1.58091,-0.24321,-1.35251,-0.07667,0.50399,2026-09-29,False,,,,,,,,,,,
ARI,Finance,6.23,20444045.9424,18.80497,0.43101,0.43379,77.61194,,,,,,,NEUTRAL,prior-research-2026-09-30+NEUTRAL,False,0.53509,0.87591,11.85611,0.86192,0.41667,-18.80497,-0.43101,-14.22323,16.8332,7.83266,15.11423,156.55483,29.04064,224.11973,-0.29599,16.05136,-63.1286,-0.01843,0.04443,-0.94499,1.13503,0.44997,0.76874,-0.154,-0.20309,1.29487,1.47418,-0.33289,2.55424,0.4537,2.33132,-2.1168,2026-09-29,False,,,,,,,,,,,
ARIS,Non-Energy Minerals,17.75,25253722.12315,64.35356,1.65545,0.34726,73.69403,,,,,,,NEUTRAL,prior-research-2026-09-30+NEUTRAL,False,0.50012,4.36769,110.05183,0.78263,0.58333,-64.35356,-1.65545,-41.09348,17.04448,20.83505,7.52497,47.93422,33.56877,46.29281,-0.28652,0.0,86.19708,1.09708,0.70446,0.26944,0.0722,0.095,0.3357,-0.25827,1.09032,0.91096,0.52692,0.63288,1.60945,-0.04273,-0.2967,1.07217,2026-09-29,False,,,,,,,,,,,
AROC,Industrial Services,29.99,55112180.89294,35.33364,0.59248,0.22811,65.67164,,,,,,,NEUTRAL,prior-research-2026-09-30+NEUTRAL,False,0.52119,2.04956,21.18895,0.71961,0.41667,-35.33364,-0.59248,-28.03886,17.82488,21.94751,6.14701,29.38722,28.46633,38.32921,-1.51872,2.93431,11.53658,-0.16563,0.12177,-1.11632,1.09855,0.62614,0.63818,0.39671,1.06336,0.77737,-0.36089,-0.74786,1.55165,-0.54316,1.35202,-0.00752,2026-09-29,False,,,,,,,,,,,
ARQQ,Technology Services,24.12,5795784.09729,125.02823,3.09867,-0.20433,33.39552,,,,,,,NEUTRAL,prior-research-2026-09-30+NEUTRAL,True,0.47874,16.89022,-45.02057,0.41394,0.58333,-125.02823,-3.09867,-79.78377,15.57264,-230.33069,-11.97655,6.99695,0.25399,-4855.24862,-0.0762,0.0,350.62241,-1.12921,-1.17484,0.87986,-1.83999,-2.57521,-1.45895,-2.07915,-2.21716,-1.14752,-1.48106,-1.64684,-2.35119,0.72627,-0.21817,2.05839,2026-09-29,False,,,,,,,,,,,
ARQT,Health Technology,26.75,43612827.64015,51.05744,1.02416,-0.02382,46.08209,,,,,,,NEUTRAL,prior-research-2026-09-30+NEUTRAL,False,0.46505,11.18673,35.34434,0.85737,0.58333,-51.05744,-1.02416,-37.5,17.59086,15.86359,0.84411,6.53397,13.73294,7.38241,-0.51744,0.0,76.10726,-0.20344,0.46533,0.17039,0.49035,-0.05378,0.22918,0.66178,1.75493,0.47973,-1.13088,0.20307,0.83893,-0.41896,-0.07667,1.56178,2026-09-29,False,,,,,,,,,,,
ARR,Finance,14.01,57214500.94175,20.1783,0.51815,-0.23685,31.71642,,,,,,,NEUTRAL,prior-research-2026-09-30+NEUTRAL,False,0.47956,1.4895,30.73311,0.82053,0.66667,-20.1783,-0.51815,-18.12239,17.86232,20.33137,21.56774,133.98711,50.51218,114.3658,-7.5381,20.55675,34.23993,0.44899,-0.20467,1.01488,0.81019,0.2115,0.23835,1.34856,0.77075,1.924,1.18747,0.3331,2.21442,-1.79586,2.84463,1.10311,2026-09-29,False,,,,,,,,,,,
ARRY,Producer Manufacturing,3.99,30170530.00298,64.25223,2.07797,-0.50089,18.09701,,,,,,,NEUTRAL,prior-research-2026-09-30+NEUTRAL,True,0.46614,4.81651,-44.43099,0.33361,0.41667,-64.25223,-2.07797,-67.97659,17.22238,-25.97568,-13.89201,,191.64381,3.62958,-2.54273,0.0,1.1755,-1.46708,-1.35742,-0.80251,-0.19146,-0.59622,-1.18557,-0.18317,-0.9329,-1.1458,0.0,1.31468,-0.21356,-1.31718,-0.89902,-0.75068,2026-09-29,False,,,,,,,,,,,
ARX,Finance,19.73,25186178.40815,80.26791,0.16982,-0.60772,14.08582,,,,,,,NEUTRAL,prior-research-2026-09-30+NEUTRAL,True,0.49075,0.9137,33.1309,0.99245,0.41667,-80.26791,-0.16982,-45.42274,17.04181,-380.1408,-30.24179,16.76249,17.53272,23.37282,-0.16741,0.0,,0.4972,1.56638,-0.94499,-2.72045,1.2173,-1.49501,0.1068,-2.70253,-2.53829,-1.85834,-0.79383,-0.27307,0.70105,-2.03038,0.0,2026-09-29,False,,,,,,,,,,,
ASAN,Technology Services,8.23,45725990.32059,75.48947,0.47501,-0.48865,18.47015,,,,,,,NEUTRAL,prior-research-2026-09-30+NEUTRAL,True,0.45521,10.14823,-26.63787,0.5418,0.5,-75.48947,-0.47501,-64.0553,17.63818,-93.79741,-7.87866,5.28947,42.30114,-14.96993,-2.47621,0.0,9.47993,-0.62061,-0.65376,0.21344,-0.48769,0.79162,-0.58944,0.29203,-1.82519,-0.88213,-1.64258,0.11992,-1.03977,-1.35543,-0.21817,-0.03524,2026-09-29,False,,,,,,,,,,,
ASB,Finance,28.68,51420538.81111,21.40286,0.83399,-0.05073,44.49627,,,,,,,NEUTRAL,prior-research-2026-09-30+NEUTRAL,False,0.4867,2.27425,21.89246,0.89411,0.5,-21.40286,-0.83399,-16.36631,17.75555,9.65812,9.20916,99.71421,46.93296,38.85976,-1.01716,3.31241,20.10947,0.2366,0.2937,-0.31843,0.49637,-0.58239,0.44944,1.11068,-0.03062,0.63662,0.61015,0.273,0.26503,-0.38801,0.41696,0.61159,2026-09-29,False,,,,,,,,,,,
ASC,Transportation,18.44,9652423.83385,39.49089,0.28359,0.53047,82.55597,,,,,,,NEUTRAL,prior-research-2026-09-30+NEUTRAL,False,0.53582,2.20588,50.20203,0.96747,0.58333,-39.49089,-0.28359,-27.10033,16.08272,16.23401,14.12099,90.47265,47.5985,28.48357,-0.04997,7.4295,13.59875,0.17515,1.1316,-0.13921,0.19855,0.91015,0.00682,-1.20494,0.1331,0.72095,0.65781,-0.33385,0.43786,1.24452,1.47398,0.20813,2026-09-29,False,,,,,,,,,,,
ASH,Consumer Non-Durables,68.44,41129585.6842,40.29595,0.7363,0.44591,78.26493,,,,,,,NEUTRAL,prior-research-2026-09-30+NEUTRAL,False,0.52427,3.74434,55.79492,0.90038,0.75,-40.29595,-0.7363,-24.17056,17.53224,3.99042,1.67446,60.21619,59.34675,8.57298,-0.7893,2.43279,-1.39112,1.07501,0.98435,1.8265,0.13616,-0.58968,0.70505,-0.25306,-0.66117,-0.3657,0.42965,-0.32311,-0.22006,-0.0867,0.63792,-0.61701,2026-09-29,False,,,,,,,,,,,
ASM,Non-Energy Minerals,5.63,21283682.45049,74.85687,2.31799,0.00856,48.3209,,,,,,,NEUTRAL,prior-research-2026-09-30+NEUTRAL,False,0.49407,6.99001,46.18395,0.50089,0.5,-74.85687,-2.31799,-53.11388,16.87345,20.75667,4.52804,29.22807,12.22874,43.82654,-0.03036,0.0,48.02124,0.28831,-0.5266,-0.39697,-0.35802,-0.4642,-0.2901,-0.47623,1.08143,0.35909,-0.06447,-0.24849,1.51383,0.76832,-0.2967,0.77245,2026-09-29,False,,,,,,,,,,,
ASO,Retail Trade,47.89,66049073.17963,43.68281,0.85469,-0.00205,47.57463,,,,,,,NEUTRAL,prior-research-2026-09-30+NEUTRAL,False,0.45779,14.40395,-11.94354,0.78959,0.41667,-43.68281,-0.85469,-29.92243,18.00591,18.61254,13.27758,72.53905,207.67342,9.55439,-0.90381,1.16935,3.68346,-0.15453,0.28372,-0.4138,0.30717,0.04048,0.54743,0.70059,0.34441,1.08757,0.54036,0.17658,0.28799,0.27835,0.6474,0.03443,2026-09-29,False,,,,,,,,,,,
ASST,Finance,29.31,50629507.67412,86.70152,2.48079,-1.74996,0.46642,,,,,,,NEUTRAL,prior-research-2026-09-30+NEUTRAL,True,0.42098,11.40754,-55.45082,0.55094,0.5,-86.70152,-2.48079,-86.53196,17.74005,-137.87222,-32.3363,26.71604,0.19788,-14415.57895,-0.00246,0.0,650.30605,-1.89163,-1.42126,-0.31843,-2.91476,-2.4452,-3.0,1.08619,-2.22765,-2.57738,-1.29332,-1.68584,-3.0,1.98438,-2.03038,2.28107,2026-09-29,False,,,,,,,,,,,
ATEC,Health Technology,10.37,17276857.95631,82.76913,0.618,-0.64144,12.96642,,,,,,,NEUTRAL,prior-research-2026-09-30+NEUTRAL,True,0.44161,19.68325,-37.15047,0.45723,0.41667,-82.76913,-0.618,-69.1799,16.66488,-373.44334,-6.9513,,51.50892,-4.7635,-52.369,0.0,19.46775,-2.08704,-1.37665,-1.12259,-0.79663,0.7513,-1.33,-0.53865,-1.42519,-0.183,0.0,1.54138,-0.13389,-3.0,-0.07667,0.60728,2026-09-29,False,,,,,,,,,,,
ATEN,Technology Services,25.81,36906703.60451,42.48999,0.65632,0.40341,76.6791,,,,,,,NEUTRAL,prior-research-2026-09-30+NEUTRAL,False,0.51763,4.45138,41.87383,0.67874,0.66667,-42.48999,-0.65632,-35.8606,17.4239,19.44546,2.29291,12.72518,16.5511,16.56361,-0.95007,0.92987,12.20098,1.16028,-0.16441,1.54675,1.0698,0.25497,0.82785,-0.02676,0.94141,0.08992,-0.95499,-0.86258,0.88251,-0.56713,1.30488,0.17614,2026-09-29,False,,,,,,,,,,,
ATEX,Communications,79.04,29979796.10901,68.42111,1.14032,0.1061,54.01119,,,,,,,NEUTRAL,prior-research-2026-09-30+NEUTRAL,False,0.48846,8.61151,326.86087,0.73047,0.58333,-68.42111,-1.14032,-29.79992,17.21603,27.92175,4.27638,18.66015,0.45833,-578.88084,-0.0143,0.0,18.8555,2.37836,-0.09782,0.17665,-0.87758,-0.63273,0.35172,0.16321,1.44105,0.40758,-0.81557,-2.36778,-1.60379,1.97496,-0.64736,1.17457,2026-09-29,False,,,,,,,,,,,
ATII,Finance,10.69,1411079.94461,7.86001,0.06217,1.57252,99.72015,,,,,,,NEUTRAL,prior-research-2026-09-30+NEUTRAL,True,0.59603,0.23496,4.50539,0.93937,0.58333,-7.86001,-0.06217,-6.67839,14.15987,-79.91431,-41.2618,31.00168,0.0,,-0.0,0.0,,-0.19819,0.76393,0.34799,2.38234,1.53319,2.23898,-2.19003,-1.97443,-2.67973,-1.11224,-2.23619,0.0,2.61274,-2.03038,0.0,2026-09-29,False,,,,,,,,,,,
ATKR,Producer Manufacturing,94.73,50850288.83591,51.04025,1.30967,0.64287,87.59328,,,,,,,NEUTRAL,prior-research-2026-09-30+NEUTRAL,True,0.5598,0.51026,56.85392,1.0,0.58333,-51.04025,-1.30967,-24.39787,17.7444,-11.86681,-5.08249,39.87023,91.65029,4.90924,-0.7158,1.39343,1.63067,1.07507,3.0,0.49047,0.38062,0.15448,1.2113,0.53102,-0.68549,-0.63847,-0.00652,0.54218,-0.04792,-0.28991,0.83433,-0.70944,2026-09-29,False,,,,,,,,,,,
ATMU,Producer Manufacturing,43.94,29197908.18787,46.44546,1.04374,0.24195,66.51119,,,,,,,NEUTRAL,prior-research-2026-09-30+NEUTRAL,False,0.5127,2.35931,6.50205,0.67169,0.66667,-46.44546,-1.04374,-32.90707,17.18961,55.79043,6.05182,12.79601,53.44793,16.85003,-2.32278,0.51206,13.05046,-0.04225,-0.00298,1.15736,0.65056,0.60958,0.59148,-0.22769,2.11764,0.86323,-1.25951,0.01606,0.97861,-1.2586,0.44805,0.26224,2026-09-29,False,,,,,,,,,,,
ATRC,Health Technology,58.05,40003391.64429,43.21113,0.69077,0.17654,61.19403,,,,,,,NEUTRAL,prior-research-2026-09-30+NEUTRAL,False,0.48302,7.50205,37.89773,0.95524,0.66667,-43.21113,-0.69077,-39.02381,17.50447,2.15144,0.36302,17.7678,19.5965,2.43846,-0.14372,0.0,13.93671,-0.13708,1.46564,0.83728,0.98009,0.54591,0.15333,0.5271,0.62972,0.4138,-0.22053,0.48939,0.27338,0.2309,-0.07667,0.41404,2026-09-29,False,,,,,,,,,,,
ATRO,Electronic Technology,67.46,40074095.83511,58.32972,1.58697,0.46255,79.29104,,,,,,,NEUTRAL,prior-research-2026-09-30+NEUTRAL,False,0.5148,4.42856,112.17766,0.72188,0.75,-58.32972,-1.58697,-30.50829,17.50624,33.68179,2.75847,6.90712,32.84659,13.65846,-1.78068,0.0,14.49082,1.1179,0.30215,1.70874,0.69849,0.33368,0.98156,-0.17432,1.77386,0.41919,-1.44494,0.18984,1.04661,-1.33645,-0.18865,0.08537,2026-09-29,False,,,,,,,,,,,
AUB,Finance,38.0,39670949.24622,22.91821,0.865,-0.03921,44.96269,,,,,,,NEUTRAL,prior-research-2026-09-30+NEUTRAL,False,0.48335,2.7588,17.56007,0.88348,0.5,-22.91821,-0.865,-18.32624,17.49613,9.75929,8.92492,94.9773,40.61721,45.40743,-0.39017,3.89474,35.2096,0.12285,0.17678,-0.31843,0.29423,-0.65597,0.22405,0.71276,-0.01934,0.55987,0.50219,0.07106,0.52474,0.28407,0.59876,1.12249,2026-09-29,False,,,,,,,,,,,
AVA,Utilities,35.11,22081791.09764,19.28299,0.02085,0.34436,73.13433,,,,,,,NEUTRAL,prior-research-2026-09-30+NEUTRAL,False,0.52091,1.29171,5.06444,0.83807,0.58333,-19.28299,-0.02085,-16.95719,16.91026,8.30589,7.67806,95.41864,64.90838,18.75977,-1.18788,5.60382,-1.81692,-0.15752,0.14829,0.22543,0.70669,0.59981,0.27996,-0.62008,0.02187,0.59839,0.56211,0.20122,-0.09925,-0.00198,0.83194,-0.46115,2026-09-29,False,,,,,,,,,,,
AVAH,Health Services,12.78,28353126.65138,52.04611,0.55838,0.21903,64.64552,,,,,,,NEUTRAL,prior-research-2026-09-30+NEUTRAL,False,0.50324,3.33334,52.22857,0.88873,0.5,-52.04611,-0.55838,-39.43525,17.16025,199.62003,10.04948,10.51385,95.19874,11.39022,-5.23986,0.0,19.52305,0.76293,0.575,-0.28004,0.2045,0.26077,0.11681,-0.03264,2.90636,1.86768,-1.44978,0.22708,0.6949,-1.36157,-0.23761,0.64842,2026-09-29,False,,,,,,,,,,,
AVBP,Health Technology,29.54,13750614.12277,56.17373,1.07826,0.63186,86.84701,,,,,,,NEUTRAL,prior-research-2026-09-30+NEUTRAL,True,0.54453,2.98769,67.33222,0.85032,0.58333,-56.17373,-1.07826,-24.21937,16.43659,-53.09943,-11.02482,25.20574,0.0,,-0.00096,0.0,,0.35826,0.41501,0.17039,0.28939,-0.13173,1.15578,-0.8048,-0.40998,-0.44501,0.17749,-1.05211,0.0,1.62163,-0.07667,0.0,2026-09-29,False,,,,,,,,,,,
AVNT,Process Industries,40.78,29498937.01172,38.862,1.01278,0.33319,71.73507,,,,,,,NEUTRAL,prior-research-2026-09-30+NEUTRAL,False,0.51245,2.27593,39.3679,0.88586,0.5,-38.862,-1.01278,-25.67576,17.19986,7.09042,4.54952,65.2161,89.1573,10.78793,-0.76975,2.68514,2.35652,0.63678,0.78371,-0.2419,0.34317,-0.50987,0.64766,0.20664,0.17744,0.58039,0.24729,0.03393,0.3618,-0.14937,0.75141,-0.10188,2026-09-29,False,,,,,,,,,,,
AVPT,Technology Services,13.57,24609744.07244,45.8529,0.44338,0.51109,81.52985,,,,,,,NEUTRAL,prior-research-2026-09-30+NEUTRAL,False,0.51572,7.42496,-8.79479,0.88404,0.5,-45.8529,-0.44338,-41.43323,17.01865,16.24552,2.42112,14.80666,15.78894,9.78329,-0.06137,0.0,24.95061,-0.10701,0.96201,0.21344,0.85819,0.87036,0.53157,-0.56955,0.78134,0.10826,-0.80445,-0.9021,0.3816,0.79203,-0.21817,0.74607,2026-09-29,False,,,,,,,,,,,
AVTX,Health Technology,15.58,15669894.0649,85.19457,1.25097,0.02054,48.97388,,,,,,,NEUTRAL,prior-research-2026-09-30+NEUTRAL,True,0.51032,3.31565,81.38889,0.68124,0.58333,-85.19457,-1.25097,-44.29384,16.56725,-36.27145,-11.93136,54.08909,0.00702,-154844.0678,-0.005,0.0,-86.62132,0.52441,-0.47879,0.17039,-0.85611,-0.46732,-0.12199,-0.66129,-0.16885,-0.50517,1.13532,-0.62961,-2.65274,1.28208,-0.07667,-2.34512,2026-09-29,False,,,,,,,,,,,
AWR,Utilities,81.94,20467515.57007,21.16417,-0.09227,0.60537,85.63433,,,,,,,NEUTRAL,prior-research-2026-09-30+NEUTRAL,False,0.5596,1.5864,27.46036,0.89945,0.58333,-21.16417,0.09227,-10.70252,16.83435,13.62188,4.3807,34.44713,21.42339,31.84516,-0.81811,2.51098,13.234,0.41861,0.62243,0.22543,0.27028,1.03686,1.28238,-0.69809,0.49156,-0.00498,-0.97066,-1.01304,0.4248,0.32299,-0.17316,0.83221,2026-09-29,False,,,,,,,,,,,
AX,Finance,86.29,29119248.0896,29.06901,0.87548,-0.07495,42.81716,,,,,,,NEUTRAL,prior-research-2026-09-30+NEUTRAL,False,0.5055,1.34136,11.89251,0.82103,0.5,-29.06901,-0.87548,-19.03772,17.18691,16.77318,9.98958,64.64539,44.62433,43.67937,-0.41829,0.0,12.53533,-0.0159,-0.20207,-0.31843,-0.14317,-0.6885,0.16404,0.32309,0.56953,0.76118,-0.1988,0.22226,0.47893,0.23597,-2.03038,0.28294,2026-09-29,False,,,,,,,,,,,
AXGN,Health Technology,42.44,47843908.16803,50.93866,0.55458,0.28777,68.93657,,,,,,,NEUTRAL,prior-research-2026-09-30+NEUTRAL,True,0.50419,3.84355,199.94173,0.82041,0.58333,-50.93866,-0.55458,-19.3047,17.68345,-18.20624,-1.35368,11.30658,10.13499,-5.11518,-0.0783,0.0,23.56608,1.42808,0.2278,0.17039,0.50272,0.94842,1.49343,0.81878,0.10101,0.23936,-0.61941,0.02777,-0.13888,0.43519,-0.07667,0.7855,2026-09-29,False,,,,,,,,,,,
AXTI,Electronic Technology,78.18,562468309.12781,159.52842,2.77426,-1.38957,1.49254,,,,,,,NEUTRAL,prior-research-2026-09-30+NEUTRAL,False,0.42252,14.1368,1158.15457,0.55514,0.83333,-159.52842,-2.77426,-73.74849,20.14785,0.7599,0.0805,17.54927,2.49222,3.09301,-0.11443,0.0,45.80507,3.0,-0.38328,2.61474,-2.04677,-0.62581,-1.36242,2.99992,-0.23355,-0.03847,-0.62496,-1.06473,0.02091,0.40047,-0.18865,0.93003,2026-09-29,False,,,,,,,,,,,
AYA,Non-Energy Minerals,27.14,22747529.45137,76.52808,1.96909,0.3996,76.49254,,,,,,,NEUTRAL,prior-research-2026-09-30+NEUTRAL,False,0.51395,7.73832,165.87451,0.89335,0.66667,-76.52808,-1.96909,-41.84004,16.93997,25.42228,2.75806,12.33326,8.41894,52.99861,-0.1763,0.0,249.71007,1.4995,1.37374,0.93633,-0.44916,-0.18394,0.28954,-0.39446,1.23326,0.06152,-1.01762,-0.41917,1.82827,0.15728,-0.2967,1.50731,2026-09-29,False,,,,,,,,,,,
AZTA,Health Services,34.28,22069152.63062,65.2956,1.2376,-0.12322,39.27239,,,,,,,NEUTRAL,prior-research-2026-09-30+NEUTRAL,True,0.498,3.85738,15.37115,0.83589,0.66667,-65.2956,-1.2376,-60.93635,16.90969,-7.04116,-8.13965,100.1178,40.65334,-2.56644,-0.03574,0.0,1.46711,-0.05009,0.20767,1.05327,-0.38038,-1.1134,-0.9432,-0.38693,-0.46895,-0.53281,1.41492,-0.68599,-0.56749,1.4502,-0.23761,-0.59808,2026-09-29,False,,,,,,,,,,,
AZZ,Process Industries,135.28999,33437841.35742,34.1413,0.96054,0.40743,76.86567,,,,,,,NEUTRAL,prior-research-2026-09-30+NEUTRAL,False,0.53223,2.40215,25.60948,0.84608,0.5,-34.1413,-0.96054,-17.03684,17.3252,15.3152,4.92105,34.17741,41.59583,16.22887,-0.39448,0.62089,5.68233,0.35107,0.5348,-0.2419,0.60556,-0.44598,1.28729,0.36736,0.89492,0.66347,-0.58618,-0.76363,0.74798,0.26421,0.00718,0.20626,2026-09-29,False,,,,,,,,,,,
BANC,Finance,17.3,43702675.87166,30.38465,0.97791,-0.30922,27.79851,,,,,,,NEUTRAL,prior-research-2026-09-30+NEUTRAL,True,0.47201,3.79956,13.55885,0.79767,0.58333,-30.38465,-0.97791,-20.47393,17.59292,-0.65725,-0.81552,105.68298,56.20984,-5.35671,-0.88967,2.54335,-12.90389,0.02708,-0.33301,0.34799,-0.21477,-0.84735,0.02758,0.86318,-0.76225,-1.0804,0.68105,0.45827,-2.37958,-0.24654,0.06062,-1.4582,2026-09-29,False,,,,,,,,,,,
BAND,Technology Services,62.28,51459787.44507,119.01712,1.38871,-0.123,39.36567,,,,,,,NEUTRAL,prior-research-2026-09-30+NEUTRAL,False,0.47966,11.94407,179.68036,0.79398,0.58333,-119.01712,-1.38871,-52.89393,17.75631,0.59367,0.11097,18.53609,40.59498,-1.82398,-1.46605,0.0,9.25174,2.56262,0.43397,0.87986,-1.57965,-1.02573,-0.05714,0.4772,-0.47366,-0.26284,-0.5776,0.06072,-0.70145,-0.94638,-0.21817,-0.05368,2026-09-29,False,,,,,,,,,,,
BANR,Finance,67.47,21640429.34418,22.30591,0.56142,0.35976,74.62687,,,,,,,NEUTRAL,prior-research-2026-09-30+NEUTRAL,False,0.5242,2.1289,11.69215,0.91163,0.5,-22.30591,-0.56142,-13.27028,16.89007,10.78173,8.42455,87.15253,35.79042,37.45916,-0.27323,3.02357,2.886,-0.0235,0.4799,-0.31843,0.33427,0.06743,0.94778,-0.08687,0.07482,0.46784,0.34018,-0.10721,0.18907,0.50173,0.29923,-0.49671,2026-09-29,False,,,,,,,,,,,
BATRK,Consumer Services,53.98,23454359.64775,23.15985,0.28919,1.30556,98.97388,,,,,,,NEUTRAL,prior-research-2026-09-30+NEUTRAL,True,0.57841,3.26281,23.26262,0.99429,0.5,-23.15985,-0.28919,-8.84659,16.97057,-12.37809,-1.86361,14.9456,21.77459,-5.40357,-1.73026,0.0,6.76553,0.33929,2.11153,-0.02057,1.46759,0.96599,2.73708,-0.60606,-1.43479,-0.68024,-0.58836,-1.26147,-1.22755,-0.139,-1.13702,0.19073,2026-09-29,True,,,,,,,,,,,
BB,Technology Services,8.72,108408662.68969,74.44978,1.11701,-0.25308,30.59701,,,,,,,NEUTRAL,prior-research-2026-09-30+NEUTRAL,False,0.47665,7.18636,64.51612,0.68072,0.33333,-74.44978,-1.11701,-41.13974,18.50142,10.67658,1.53665,15.09321,11.70769,16.05257,-0.27918,0.0,12.8081,1.52156,-0.15073,-1.01403,-0.44582,-0.5943,0.54885,1.59425,0.30342,-0.03134,-0.77968,-1.0936,0.85537,0.23394,-0.21817,0.22018,2026-09-29,False,,,,,,,,,,,
BBNX,Health Technology,19.41,18060315.72819,79.31893,1.20448,-0.50295,17.91045,,,,,,,NEUTRAL,prior-research-2026-09-30+NEUTRAL,True,0.44436,15.34062,0.97286,0.60675,0.58333,-79.31893,-1.20448,-72.30385,16.70923,-26.15524,-7.22982,30.46152,11.79124,-69.75372,-0.0254,0.0,52.53775,-1.07297,-0.77088,0.17039,-0.69666,-0.41023,-1.5505,-0.49792,-0.06033,-0.21416,0.40117,0.10694,-0.64702,0.80315,-0.07667,1.38105,2026-09-29,False,,,,,,,,,,,
BBT,Finance,27.74,23813459.71298,26.22762,0.63047,0.15955,59.79478,,,,,,,NEUTRAL,prior-research-2026-09-30+NEUTRAL,False,0.50207,2.89569,35.66119,0.85066,0.66667,-26.22762,-0.63047,-14.93407,16.98576,6.04815,4.84946,107.55609,51.12667,28.66353,-0.38567,4.65032,72.75401,0.54075,-0.01452,1.01488,0.02216,-0.13427,0.68106,0.0393,-0.33263,-0.16734,0.76448,0.34518,-0.07012,0.2975,0.76826,1.5232,2026-09-29,False,,,,,,,,,,,
BBW,Retail Trade,25.45,13573308.06656,61.72186,0.78599,-0.25772,30.31716,,,,,,,NEUTRAL,prior-research-2026-09-30+NEUTRAL,False,0.47106,6.54546,-58.33745,0.35839,0.25,-61.72186,-0.78599,-65.88835,16.42362,32.81,16.60028,50.56804,166.64358,12.34339,-0.78939,3.53635,-0.91231,-1.4962,-1.57457,-1.66075,-0.5772,0.15201,-1.35888,-1.4561,0.9587,1.45375,0.05198,-0.1017,0.53473,0.39065,1.52445,-0.45052,2026-09-29,False,,,,,,,,,,,
BBWI,Retail Trade,15.99,104659599.25156,54.82975,1.09011,-0.62158,13.52612,,,,,,,NEUTRAL,prior-research-2026-09-30+NEUTRAL,False,0.446,6.41833,-24.77783,0.61679,0.41667,-54.82975,-1.09011,-44.39873,18.46622,,24.01946,,221.74173,14.86824,,5.00313,-2.18424,-0.52059,-0.5217,-0.4138,-0.2982,-0.36009,-0.31007,1.3731,0.0,2.14476,0.0,0.25262,0.69674,0.0,1.90313,-0.55171,2026-09-29,False,,,,,,,,,,,
BC,Producer Manufacturing,65.03,52522321.34399,35.08467,1.23309,0.39004,76.21269,,,,,,,NEUTRAL,prior-research-2026-09-30+NEUTRAL,True,0.53216,2.29521,23.22018,0.74066,0.5,-35.08467,-1.23309,-25.93382,17.77675,-4.82741,-2.0328,39.65244,133.07492,5.88465,-1.36481,2.69107,10.45517,0.38401,0.39685,-0.17595,1.36803,0.25668,1.13303,0.61225,-0.52025,-0.36898,-0.00941,0.90512,0.06973,-0.83405,1.24751,0.05601,2026-09-29,False,,,,,,,,,,,
BCAX,Health Technology,18.56,13094392.10796,52.93199,0.9178,0.32815,71.54851,,,,,,,NEUTRAL,prior-research-2026-09-30+NEUTRAL,True,0.51682,3.49841,100.0854,0.61053,0.58333,-52.93199,-0.9178,-38.94737,16.38769,-41.01115,-14.98764,38.04152,0.0,,-0.00248,0.0,,0.72976,-0.75531,0.17039,0.41265,0.10983,0.15615,-0.86523,-0.2634,-0.65668,0.67113,-1.05211,0.0,1.44072,-0.07667,0.0,2026-09-29,False,,,,,,,,,,,
BCO,Commercial Services,103.12,47122089.20822,29.94511,0.69955,0.22202,65.20522,,,,,,,NEUTRAL,prior-research-2026-09-30+NEUTRAL,False,0.51668,2.57893,-4.30991,0.76405,0.33333,-29.94511,-0.69955,-31.85792,17.66825,64.13024,4.35897,7.47994,132.07997,10.38238,-14.67182,0.98914,8.11653,-0.27836,0.12522,-0.97608,1.17838,-0.34448,0.52076,0.46572,1.67274,-0.0133,-1.67278,0.39585,0.32853,-2.00533,1.00887,-0.20228,2026-09-29,False,,,,,,,,,,,
BCPC,Consumer Non-Durables,167.14999,30913200.98877,20.08422,0.19246,0.95502,95.52239,,,,,,,NEUTRAL,prior-research-2026-09-30+NEUTRAL,False,0.58173,1.48428,19.62808,0.91209,0.66667,-20.08422,-0.19246,-14.71133,17.24669,12.79342,3.09868,24.48614,20.4654,21.24957,-0.12801,0.57433,10.13774,0.30046,1.09674,1.11437,1.82906,0.95044,1.61629,-0.61552,0.04848,-0.11125,-0.6961,-1.50293,0.72792,0.88115,-0.02506,0.41925,2026-09-29,False,,,,,,,,,,,
BCRX,Health Technology,8.27,32444352.77729,48.01314,0.47222,0.19127,62.22015,,,,,,,NEUTRAL,prior-research-2026-09-30+NEUTRAL,False,0.50802,3.30883,28.70248,0.74437,0.41667,-48.01314,-0.47222,-26.91269,17.29504,,-18.24019,,44.6014,40.88865,,0.0,68.718,-0.32904,-0.11439,-1.12259,0.65626,1.20941,0.99063,0.27296,0.0,-0.76085,0.0,1.40039,2.60209,0.0,-0.07667,1.51409,2026-09-29,False,,,,,,,,,,,
BDC,Producer Manufacturing,109.25,50205435.51941,47.66652,1.1213,0.0596,51.02612,,,,,,,NEUTRAL,prior-research-2026-09-30+NEUTRAL,False,0.47775,6.16533,-7.0555,0.72488,0.41667,-47.66652,-1.1213,-33.9979,17.73163,18.6437,5.79871,32.97127,68.04465,12.66876,-0.97069,0.18307,9.43731,-0.43131,0.27266,-0.80251,0.56483,0.48301,0.51573,0.51587,1.04511,0.82693,-0.20825,0.24867,0.69478,-0.54022,0.31542,-0.01805,2026-09-29,False,,,,,,,,,,,
BEAG,Finance,10.68,69355.0005,4.2305,0.0562,1.85209,99.90672,,,,,,,NEUTRAL,prior-research-2026-09-30+NEUTRAL,False,0.58836,1.21269,4.14658,0.97982,0.41667,-4.2305,-0.0562,-3.49265,11.14701,3.05485,2.37505,78.93427,0.0,,-0.00206,0.0,,-0.20867,1.42676,-0.94499,2.5913,1.5443,2.36944,-2.46728,-0.5535,-0.62035,0.13459,-2.23619,0.0,2.02547,-2.03038,0.0,2026-09-29,False,,,,,,,,,,,
BEAM,Health Technology,24.52,45587287.44507,68.79862,1.88589,-0.30966,27.70522,,,,,,,NEUTRAL,prior-research-2026-09-30+NEUTRAL,True,0.46024,6.79654,27.64476,0.64662,0.58333,-68.79862,-1.88589,-39.08227,17.63514,-8.08105,-3.34687,41.82972,6.11316,-242.26872,-0.23173,0.0,158.88472,-0.33689,-0.63261,0.17039,-0.28077,-1.1266,0.14768,0.72486,0.2693,0.03026,0.78071,-0.14189,-0.9069,0.03464,-0.07667,1.90101,2026-09-29,False,,,,,,,,,,,
BELFA,Electronic Technology,198.34,26944851.87225,63.19602,1.58926,0.49513,80.87687,,,,,,,NEUTRAL,prior-research-2026-09-30+NEUTRAL,False,0.52488,3.2705,74.45552,0.68122,0.58333,-63.19602,-1.58926,-34.96948,17.1093,8.16672,1.58151,32.46513,21.93059,16.47708,-0.03768,0.121,25.26118,0.70693,0.09971,0.32972,0.46475,0.32428,0.67606,-0.6992,0.29983,0.20646,0.13143,-0.19681,1.22417,0.73018,1.01829,0.51421,2026-09-29,False,,,,,,,,,,,
BELFB,Electronic Technology,245.48,46269386.60889,60.68797,1.4723,0.37912,75.46642,,,,,,,NEUTRAL,prior-research-2026-09-30+NEUTRAL,False,0.52534,3.02881,74.34506,0.73727,0.58333,-60.68797,-1.4723,-30.80479,17.64999,8.16672,1.58105,26.22313,21.92418,16.47708,-0.03768,0.11406,25.26118,0.69862,0.4089,0.32972,0.58227,0.48,0.95264,0.0661,0.29983,0.20381,-0.13008,-0.20023,1.22417,0.73018,1.01455,0.51421,2026-09-29,False,,,,,,,,,,,
BEPC,Utilities,28.1,51846251.83105,36.87288,0.68914,-0.62121,13.71269,,,,,,,NEUTRAL,prior-research-2026-09-30+NEUTRAL,False,0.47334,2.55119,-3.92198,0.65357,0.41667,-36.87288,-0.68914,-34.94532,17.76379,,-125.94116,,123.45206,21.56294,,5.51246,-2.38038,-0.43581,-0.79232,-1.06756,-0.9139,-1.38487,-1.06463,0.59177,0.0,-2.9815,0.0,0.83824,0.0733,0.0,0.80231,-0.52533,2026-09-29,False,,,,,,,,,,,
BFAM,Commercial Services,63.79,56454765.05127,46.08194,-0.13305,-0.53327,16.60448,,,,,,,NEUTRAL,prior-research-2026-09-30+NEUTRAL,False,0.46377,2.68735,-31.0634,0.584,0.41667,-46.08194,0.13305,-45.82075,17.84895,14.9434,5.67296,30.20172,98.13595,10.90544,-2.17779,0.0,8.51394,-1.00894,-0.71349,-0.37517,0.15068,2.36669,-0.23782,0.77069,0.27996,0.26068,-0.267,0.1622,0.36958,-0.97633,-0.53421,-0.16811,2026-09-29,False,,,,,,,,,,,
BFC,Finance,149.75,12004750.95062,20.8678,0.5298,0.64348,87.68657,,,,,,,NEUTRAL,prior-research-2026-09-30+NEUTRAL,False,0.55936,2.19518,24.23117,0.94905,0.58333,-20.8678,-0.5298,-14.1728,16.30081,11.27306,4.83431,49.11144,17.3391,45.68029,-0.12797,1.30217,23.22702,0.31067,0.91578,0.34799,0.64393,0.17041,0.82091,-0.73343,0.13013,-0.17291,-0.54734,-0.81278,0.56471,0.81748,-0.32252,0.73421,2026-09-29,False,,,,,,,,,,,
BFH,Finance,100.07,51086872.57004,35.84473,1.08558,-0.20198,33.67537,,,,,,,NEUTRAL,prior-research-2026-09-30+NEUTRAL,False,0.4688,4.34101,79.07109,0.88438,0.75,-35.84473,-1.08558,-16.06154,17.74904,17.39397,14.80794,87.09024,123.93829,17.26055,-0.97623,0.91936,0.84854,1.23266,0.18902,1.72701,-0.58379,-1.00235,0.49748,1.09839,0.61043,1.2639,0.33131,1.24747,-0.59851,-0.35052,-0.51132,-0.73127,2026-09-29,False,,,,,,,,,,,
BFLY,Health Technology,9.1,43728484.63507,111.41664,2.90928,-0.12036,39.45896,,,,,,,NEUTRAL,prior-research-2026-09-30+NEUTRAL,True,0.4705,21.99017,319.403,0.91641,0.75,-111.41664,-2.90928,-40.60606,17.59351,-35.45663,-3.05886,7.94102,4.58297,-60.03388,-0.10083,0.0,28.13643,1.87503,0.95345,1.54941,-1.48322,-1.90957,0.06956,0.66991,-0.15468,0.06952,-0.98004,-0.18129,-0.60006,0.38395,-0.07667,0.95811,2026-09-29,False,,,,,,,,,,,
BGC,Finance,11.45,30511568.9497,35.31633,0.3728,-0.12799,38.80597,,,,,,,NEUTRAL,prior-research-2026-09-30+NEUTRAL,False,0.5007,2.53164,29.02443,0.90678,0.58333,-35.31633,-0.3728,-19.68379,17.23362,19.53702,3.56152,19.91375,58.94146,9.03315,-1.80861,0.69869,27.75464,0.40672,0.43532,0.34799,-0.52937,0.58086,0.10685,0.38492,0.72048,-0.3894,-1.63443,0.50494,-1.24432,-0.88014,-0.60208,0.91567,2026-09-29,False,,,,,,,,,,,
BH,Consumer Services,339.63,45226348.57178,51.11894,0.82551,-0.27596,29.5709,,,,,,,NEUTRAL,prior-research-2026-09-30+NEUTRAL,True,0.49352,3.0533,15.20736,0.71213,0.41667,-51.11894,-0.82551,-48.03531,17.62719,-5.25103,-2.75984,51.13947,37.62897,5.17416,-0.65917,0.0,7.53919,0.1269,-0.29547,-0.64714,-0.31577,-0.47276,-0.71933,0.2665,-1.29033,-0.77632,0.86052,-0.69055,-0.474,0.66747,-1.13702,0.25559,2026-09-29,False,,,,,,,,,,,
BH.A,Consumer Services,1694.32996,45391760.37158,49.44088,0.66412,-0.24425,30.97015,,,,,,,NEUTRAL,prior-research-2026-09-30+NEUTRAL,True,0.50258,3.01999,20.58137,0.68792,0.41667,-49.44088,-0.66412,-45.84469,17.63084,-5.25103,-2.76465,10.26882,37.69455,5.17416,-0.65917,0.0,7.53919,0.26561,-0.39551,-0.64714,-0.22336,-0.13635,-0.56139,0.28308,-1.29033,-0.7795,-0.92519,-0.68461,-0.474,0.66747,-1.13702,0.25559,2026-09-29,False,,,,,,,,,,,
BHE,Electronic Technology,83.53,28141375.0,51.17356,1.41204,0.73185,90.76493,,,,,,,NEUTRAL,prior-research-2026-09-30+NEUTRAL,False,0.52193,6.57076,87.03015,0.84656,0.75,-51.17356,-1.41204,-28.77268,17.15275,4.78069,1.78223,37.43861,94.51843,4.28536,-0.26134,0.81408,8.86673,0.82626,0.9742,1.70874,0.96772,0.54592,1.10844,-0.64909,0.05826,0.24349,0.28447,1.3789,0.13644,0.04784,1.27492,-0.32757,2026-09-29,False,,,,,,,,,,,
BHF,Finance,52.0,42732110.36644,18.618,0.09525,-0.22659,32.18284,,,,,,,NEUTRAL,prior-research-2026-09-30+NEUTRAL,False,0.46844,4.13323,-4.84392,0.78066,0.41667,-18.618,-0.09525,-26.75274,17.57046,13.59732,28.48831,224.55996,228.11213,16.93718,-0.48153,0.0,2.62184,-0.48928,-0.39621,-0.94499,1.23024,1.43001,-0.33921,0.82281,0.3187,2.36621,2.1918,1.87575,-0.64354,0.16174,-2.03038,-0.52894,2026-09-29,False,,,,,,,,,,,
BHVN,Health Technology,13.29,31230088.51547,82.12379,1.09954,-0.48897,18.37687,,,,,,,NEUTRAL,prior-research-2026-09-30+NEUTRAL,True,0.4589,15.5574,2.73333,0.73385,0.58333,-82.12379,-1.09954,-56.98509,17.25689,-799.46189,-29.01597,0.60441,0.0,,-24.30331,0.0,,-0.99734,-0.18494,0.17039,-0.77368,-0.17619,-0.76221,0.22352,-1.75603,-1.10876,-2.4157,-1.05211,0.0,-2.76563,-0.07667,0.0,2026-09-29,False,,,,,,,,,,,
BILL,Technology Services,41.92,96397266.59546,51.04793,0.83234,-0.19393,34.42164,,,,,,,NEUTRAL,prior-research-2026-09-30+NEUTRAL,True,0.46592,5.12169,-7.14286,0.74445,0.33333,-51.04793,-0.83234,-43.24277,18.38399,-0.30196,-0.30688,89.28952,45.13581,1.05543,-0.53744,0.0,13.03124,-0.07044,0.23523,-1.01403,0.54218,-0.11734,0.42928,1.49215,-0.51283,-0.29112,1.54938,0.2268,-0.51176,-0.17864,-0.21817,0.23406,2026-09-29,False,,,,,,,,,,,
BIPC,Utilities,35.69,35736478.54004,30.33802,0.34818,-0.33908,26.21269,,,,,,,NEUTRAL,prior-research-2026-09-30+NEUTRAL,False,0.49772,2.00056,-2.89139,0.72246,0.58333,-30.33802,-0.34818,-30.10262,17.39168,,-7.88816,,83.80037,60.15688,,5.02942,1.25993,-0.40428,-0.45352,0.22543,-0.48998,-0.41899,-0.72403,0.02141,0.0,-1.34822,0.0,0.4399,1.44887,0.0,0.6476,-0.1879,2026-09-29,False,,,,,,,,,,,
BIRK,Consumer Non-Durables,33.04,69055359.77173,58.86116,1.02451,-0.41359,21.92164,,,,,,,NEUTRAL,prior-research-2026-09-30+NEUTRAL,False,0.46243,5.69361,-20.61901,0.6747,0.33333,-58.86116,-1.02451,-38.71758,18.05042,12.44927,6.72438,54.98821,45.36496,24.45944,-0.68689,0.0,19.54579,-0.79864,-0.35007,-1.44641,-0.82113,-1.09206,-0.29247,0.59147,0.03019,0.52598,0.33795,-0.59464,0.87329,0.00168,-1.39905,0.89993,2026-09-29,False,,,,,,,,,,,
BJRI,Consumer Services,59.56,26036009.41086,41.50305,0.8786,0.49439,80.78358,,,,,,,NEUTRAL,prior-research-2026-09-30+NEUTRAL,False,0.52259,2.63688,115.1305,0.80205,0.66667,-41.50305,-0.8786,-26.54945,17.07499,10.4403,3.27324,31.92748,114.5812,3.02968,-1.09378,0.0,3.53792,1.68178,0.17042,1.31273,0.25615,-0.60244,0.63185,-0.49468,-0.3358,0.04105,0.26434,0.51452,-0.74079,0.22649,-1.13702,-0.05218,2026-09-29,False,,,,,,,,,,,
BKD,Health Services,10.98,55276226.72291,37.67766,0.32794,-0.0781,42.6306,,,,,,,NEUTRAL,prior-research-2026-09-30+NEUTRAL,True,0.49562,2.71877,40.52758,0.65474,0.5,-37.67766,-0.32794,-34.52594,17.82785,-362.05696,-5.30608,,117.03336,5.00053,,0.0,-4.42448,0.52729,-0.70282,-0.28004,1.08805,0.91315,0.40528,0.9661,-2.10093,-0.36315,0.0,0.44867,0.04508,0.0,-0.23761,-1.07228,2026-09-29,False,,,,,,,,,,,
BKE,Retail Trade,43.23,19468273.49358,32.56548,0.54426,0.61342,86.19403,,,,,,,NEUTRAL,prior-research-2026-09-30+NEUTRAL,False,0.5483,2.35352,-21.0132,0.77108,0.33333,-32.56548,-0.54426,-29.27755,16.7843,45.76425,9.81246,21.72412,59.03052,22.27367,-0.8618,3.23849,6.22488,-0.41592,0.21819,-1.01471,1.02608,0.78152,0.58293,-1.04028,1.25757,0.70681,-0.98086,-1.09094,1.15911,0.31983,1.43783,0.23112,2026-09-29,False,,,,,,,,,,,
BKH,Utilities,70.27,56584192.24091,24.67884,0.14368,0.13889,56.99627,,,,,,,NEUTRAL,prior-research-2026-09-30+NEUTRAL,False,0.51215,2.14337,24.18043,0.93216,0.58333,-24.67884,-0.14368,-10.93829,17.85124,7.8897,5.54932,73.18486,42.67223,23.85612,-1.21187,3.96328,2.51014,0.33833,0.9501,0.22543,-0.17053,0.21727,1.20544,0.76898,-0.02512,0.24553,0.02937,-0.25062,0.15328,-0.01749,0.39377,-0.05858,2026-09-29,False,,,,,,,,,,,
BKKT,Commercial Services,8.1,8322383.97889,92.55646,3.46923,-0.69159,11.66045,,,,,,,NEUTRAL,prior-research-2026-09-30+NEUTRAL,True,0.43264,15.41554,-57.15878,0.17984,0.5,-92.55646,-3.46923,-84.7913,15.93446,-3.42483,-8.3158,95.10133,299.18242,-10.65368,-0.00018,0.0,-70.48785,-1.77232,-2.3382,0.25139,-1.66627,-3.0,-2.36027,-1.58208,-0.98595,-1.38272,1.40758,1.35039,-1.10107,2.24971,-0.53421,-2.35999,2026-09-29,False,,,,,,,,,,,
BKSY,Technology Services,21.89,23257439.68201,103.81252,2.85003,-0.14399,37.87313,,,,,,,NEUTRAL,prior-research-2026-09-30+NEUTRAL,True,0.48997,7.70732,20.24354,0.42398,0.58333,-103.81252,-2.85003,-60.2944,16.96214,-44.75464,-7.19302,22.97688,11.74542,-43.4421,-1.04632,0.0,4.07025,0.66918,-1.11954,0.87986,-1.27151,-2.27618,-0.41024,-0.62982,-1.32077,-0.83433,-0.33711,-1.08905,-1.23033,-0.68275,-0.21817,-0.45947,2026-09-29,False,,,,,,,,,,,
BKU,Finance,42.55,35404885.01282,22.10752,0.81377,0.00155,47.76119,,,,,,,NEUTRAL,prior-research-2026-09-30+NEUTRAL,False,0.49457,1.56459,23.67559,0.84709,0.66667,-22.10752,-0.81377,-16.39505,17.38236,9.00886,8.87511,97.9132,61.32656,32.41363,-0.73714,3.00823,-5.21444,0.29527,-0.03935,1.01488,0.35489,-0.53838,0.4378,0.55586,-0.08946,0.55118,0.57106,0.54269,0.0304,-0.11071,0.28791,-1.1936,2026-09-29,False,,,,,,,,,,,
BKV,Energy Minerals,21.64,22233280.62363,41.90973,0.27918,0.19686,62.77985,,,,,,,NEUTRAL,prior-research-2026-09-30+NEUTRAL,False,0.49335,4.65764,1.1691,0.67289,0.58333,-41.90973,-0.27918,-32.71144,16.9171,13.86328,11.4225,97.58831,59.1142,-0.85868,-0.54409,0.0,84.28155,-0.55667,-0.43817,0.41683,0.38936,-0.55163,0.10548,-0.68724,0.58739,1.53373,0.79714,-0.09419,-0.98598,-0.04383,-1.38816,1.69618,2026-09-29,False,,,,,,,,,,,
BL,Technology Services,26.37,26772946.71402,60.31529,0.35402,-0.14462,37.77985,,,,,,,NEUTRAL,prior-research-2026-09-30+NEUTRAL,False,0.47114,6.84304,-37.58516,0.44824,0.41667,-60.31529,-0.35402,-57.11372,17.1029,9.52534,2.24682,20.33823,47.31955,6.72048,-2.18468,0.0,8.61943,-0.8974,-1.06218,-0.41313,0.1713,1.09226,-0.26426,-0.46209,0.19256,0.07943,-0.46218,0.26862,0.0793,-1.25704,-0.21817,-0.10628,2026-09-29,False,,,,,,,,,,,
BLBD,Consumer Durables,56.36,30108577.92549,47.52624,0.91117,0.12288,55.41045,,,,,,,NEUTRAL,prior-research-2026-09-30+NEUTRAL,False,0.50105,4.56998,2.2088,0.69153,0.33333,-47.52624,-0.91117,-31.80368,17.22032,64.28572,15.66303,36.39908,89.60899,11.77285,-0.17675,0.0,13.46272,0.09192,-0.26045,-1.13498,-0.18864,-0.07835,0.37579,-0.19163,1.95995,1.81326,-0.80343,-0.38505,0.44017,0.78556,-0.92827,0.95029,2026-09-29,False,,,,,,,,,,,
BLFS,Health Technology,39.22,23910432.52487,40.72391,0.94896,0.6044,85.54104,,,,,,,NEUTRAL,prior-research-2026-09-30+NEUTRAL,False,0.53742,2.70957,47.28745,1.0,0.66667,-40.72391,-0.94896,-36.95728,16.98983,13.1514,2.49485,22.00266,5.38255,2.8993,-0.03747,0.0,0.16757,0.05058,2.53125,0.83728,1.11374,0.0619,0.25156,-0.15406,1.53059,0.75592,0.0385,-0.15861,0.31907,0.67469,-0.07667,-0.77897,2026-09-29,False,,,,,,,,,,,
BLKB,Technology Services,41.43,18532828.17307,55.66266,0.02709,0.063,51.6791,,,,,,,NEUTRAL,prior-research-2026-09-30+NEUTRAL,False,0.50223,2.84939,-24.23251,0.60971,0.41667,-55.66266,-0.02709,-60.94187,16.73505,194.44832,7.99331,3.54621,60.89189,20.18421,-17.1566,0.0,0.66573,-0.53989,-0.41441,-0.41313,0.36048,2.11158,-0.44476,-0.91712,2.60534,1.12729,-1.83928,0.52584,1.15476,-2.33771,-0.21817,-0.8361,2026-09-29,False,,,,,,,,,,,
BLMN,Consumer Services,8.06,16843464.30817,83.00456,1.29958,0.11042,54.29104,,,,,,,NEUTRAL,prior-research-2026-09-30+NEUTRAL,False,0.49348,4.46097,46.1326,0.68017,0.41667,-83.00456,-1.29958,-34.82032,16.63947,6.90991,4.29223,63.08868,581.34259,2.83718,-4.45182,1.86104,-2.04869,0.82057,-0.46312,-0.64714,-1.61131,-1.28975,-0.00495,-1.01347,-0.65396,0.20616,1.09683,2.08546,-0.77466,-0.78816,0.69635,-0.60925,2026-09-29,False,,,,,,,,,,,
BLSH,Technology Services,35.68,37393357.17888,77.85598,2.10623,-0.40635,22.29478,,,,,,,NEUTRAL,prior-research-2026-09-30+NEUTRAL,True,0.46049,10.96814,-47.45167,0.51868,0.41667,-77.85598,-2.10623,-68.32388,17.437,-55.72581,-25.93479,45.38297,6.64875,18.08824,-0.21455,0.0,,-1.16553,-0.77418,-0.41313,-0.61115,-1.69375,-0.7871,-0.0015,-1.43774,-1.60806,0.49367,-1.30603,1.00779,0.34687,-0.21817,0.0,2026-09-29,False,,,,,,,,,,,
BLZE,Electronic Technology,13.38,30677454.75826,116.01906,1.61089,-0.23118,31.90299,,,,,,,NEUTRAL,prior-research-2026-09-30+NEUTRAL,True,0.49103,5.18688,50.20964,0.65492,0.5,-116.01906,-1.61089,-69.12314,17.23904,-24.29183,-2.40087,10.42248,18.37096,-6.98451,-0.93109,0.0,13.8521,0.37395,-0.01693,-0.3367,-1.09933,0.31005,-1.01804,-0.51024,-0.78363,-0.26861,-1.05156,-0.3637,-0.52545,-0.75644,-0.18865,0.04816,2026-09-29,False,,,,,,,,,,,
BMI,Producer Manufacturing,125.99,45535021.72852,56.34053,0.6049,-0.14933,37.5,,,,,,,NEUTRAL,prior-research-2026-09-30+NEUTRAL,False,0.48149,4.02758,-22.23245,0.67836,0.41667,-56.34053,-0.6049,-39.33446,17.63399,18.47991,3.438,18.67629,24.0935,18.57995,-0.0,1.30169,0.8043,-0.8574,0.0219,-0.80251,0.16386,1.47354,0.1994,0.35986,1.0175,0.39913,-0.86732,-0.89976,1.10844,2.42018,0.8046,-0.80293,2026-09-29,False,,,,,,,,,,,
BNL,Finance,18.88,36764829.47693,18.25847,0.14646,0.05618,50.65299,,,,,,,NEUTRAL,prior-research-2026-09-30+NEUTRAL,False,0.51343,0.96062,23.94453,0.82662,0.58333,-18.25847,-0.14646,-17.51313,17.42005,4.90554,3.98375,80.88444,13.40186,49.66131,-0.94593,6.17055,6.71289,0.3004,-0.18119,0.34799,1.31749,1.288,0.29237,0.60343,-0.39903,-0.34421,0.20111,-1.0066,0.73555,-0.3051,1.13402,-0.19028,2026-09-29,False,,,,,,,,,,,
BOH,Finance,69.17,28140378.78571,21.44681,0.62907,0.05607,50.5597,,,,,,,NEUTRAL,prior-research-2026-09-30+NEUTRAL,False,0.50232,1.76909,20.87375,0.81307,0.5,-21.44681,-0.62907,-18.69285,17.15272,13.01679,8.61008,55.96778,39.02357,36.92407,-0.34748,4.048,1.90461,0.20364,-0.2564,-0.31843,0.48839,-0.13121,0.19136,0.25099,0.26861,0.50876,-0.36664,0.01777,0.17224,0.37343,0.63382,-0.6195,2026-09-29,False,,,,,,,,,,,
BOOT,Retail Trade,121.89,93889648.82507,50.49593,1.24413,-0.47306,19.40299,,,,,,,NEUTRAL,prior-research-2026-09-30+NEUTRAL,False,0.46889,4.70276,-8.47026,0.58607,0.41667,-50.49593,-1.24413,-41.3934,18.35763,19.17542,6.53724,36.55915,63.14827,13.61115,-0.59323,0.0,17.64859,-0.05671,-0.64571,-0.4138,-0.10488,-0.64598,-0.15427,1.24055,0.36036,0.10206,-0.39333,-1.02134,0.62809,0.57964,-0.98525,0.94879,2026-09-29,False,,,,,,,,,,,
BORR,Industrial Services,3.91,19645394.51337,47.55841,0.93898,0.32809,71.45522,,,,,,,NEUTRAL,prior-research-2026-09-30+NEUTRAL,True,0.50563,5.82525,51.87712,0.59153,0.58333,-47.55841,-0.93898,-41.75492,16.79335,-24.37443,-19.66886,78.61009,83.04087,20.84072,-2.58455,5.6266,2.70981,0.50281,-0.392,0.17667,0.31924,-0.1168,-0.20347,-1.06249,-1.06129,-1.46972,0.93568,0.42959,0.94457,-0.94539,2.19137,-0.73338,2026-09-29,False,,,,,,,,,,,
BOW,Finance,33.77,7431995.83912,33.69108,0.13037,0.33926,72.29478,,,,,,,NEUTRAL,prior-research-2026-09-30+NEUTRAL,False,0.54945,0.2685,23.16715,0.99705,0.75,-33.69108,-0.13037,-26.2977,15.82131,14.10103,5.57995,42.53885,54.92606,14.86791,-0.30927,0.0,24.5931,0.26715,1.71022,1.72701,-0.4508,1.32133,-0.31301,-1.17951,0.36353,-0.00958,-0.75221,0.43359,-0.79471,0.43414,-2.03038,0.81246,2026-09-29,False,,,,,,,,,,,
BOX,Technology Services,32.75,82710289.41078,40.2551,0.03876,0.10982,54.19776,,,,,,,NEUTRAL,prior-research-2026-09-30+NEUTRAL,False,0.49329,4.49904,8.06302,0.91073,0.5,-40.2551,-0.03876,-36.26603,18.23085,70.2266,2.86525,,27.05559,9.4446,-3.59158,0.0,9.62651,0.37315,1.25079,0.21344,1.19818,2.06159,0.79439,1.26933,2.1076,0.21818,0.0,-0.40331,0.34379,-1.59767,-0.21817,-0.02733,2026-09-29,False,,,,,,,,,,,
BRC,Producer Manufacturing,84.78,17150136.49521,41.09498,0.3519,0.69811,89.36567,,,,,,,NEUTRAL,prior-research-2026-09-30+NEUTRAL,False,0.55956,1.6822,21.81386,0.86299,0.75,-41.09498,-0.3519,-26.11936,16.65752,16.10951,5.1907,34.31088,41.99422,15.82917,-0.06158,1.15593,9.77534,0.34583,1.02127,1.86949,0.96885,2.18492,1.11974,-0.91043,0.88365,0.71002,-0.17266,-0.27429,0.92084,0.84624,0.72128,0.01098,2026-09-29,False,,,,,,,,,,,
BRSL,Consumer Services,9.93,17958463.1505,38.04348,0.67908,0.17125,60.63433,,,,,,,NEUTRAL,prior-research-2026-09-30+NEUTRAL,False,0.50774,2.25873,-27.40725,0.58288,0.16667,-38.04348,-0.67908,-42.82741,16.70357,15.73412,9.2703,45.86574,133.79594,24.59481,-5.2305,9.16415,0.65253,-1.04115,-0.8315,-2.54923,0.50679,-0.20207,-0.42962,-0.94656,0.11323,1.13877,0.71213,0.64045,0.95871,-0.88906,2.46853,-0.38227,2026-09-29,False,,,,,,,,,,,
BRUN,Technology Services,16.65,37107855.99804,125.65644,1.57534,-0.46737,19.58955,,,,,,,NEUTRAL,prior-research-2026-09-30+NEUTRAL,True,0.46268,11.71702,36.83787,0.42474,0.5,-125.65644,-1.57534,-65.38265,17.42934,-65.35729,-5.43637,8.01076,2.28398,-47.1024,-4.35847,0.0,,1.04652,-1.10775,0.21344,-1.88356,-1.23878,-0.63057,-0.01919,-1.5586,-0.74021,-1.3782,-1.49402,-1.2449,-1.71776,-0.21817,0.0,2026-09-29,False,,,,,,,,,,,
BRZE,Technology Services,23.15,56555450.70648,75.95278,0.61087,-0.37283,24.25373,,,,,,,NEUTRAL,prior-research-2026-09-30+NEUTRAL,True,0.47624,6.934,9.34135,0.63968,0.5,-75.95278,-0.61087,-56.36916,17.85073,-18.8555,-4.09235,21.82438,30.20016,-13.19295,-0.16063,0.0,27.43858,0.40129,-0.31468,0.21344,-0.52113,0.37113,-0.24293,0.66956,-0.93501,-0.64532,-0.37655,-0.30295,-1.00426,0.45971,-0.21817,0.81889,2026-09-29,False,,,,,,,,,,,
BTDR,Technology Services,10.9,125659793.75668,105.86956,3.13363,-1.11571,4.19776,,,,,,,NEUTRAL,prior-research-2026-09-30+NEUTRAL,True,0.42242,15.39146,-36.49231,0.42085,0.5,-105.86956,-3.13363,-71.89189,18.64909,-49.509,-15.2964,37.65847,27.73672,-29.95148,-1.77028,0.0,127.67794,-0.84155,-1.14365,0.21344,-1.35439,-2.67182,-1.01514,1.75957,-1.40703,-1.30095,0.25172,-0.38744,-1.14054,-1.11116,-0.21817,1.70606,2026-09-29,False,,,,,,,,,,,
BTE,Energy Minerals,4.47,72331449.8601,43.47847,-0.02362,-0.02412,45.98881,,,,,,,NEUTRAL,prior-research-2026-09-30+NEUTRAL,False,0.50236,3.11129,89.50031,0.84582,0.58333,-43.47847,0.02362,-27.38117,18.09677,,,47.41647,,,-0.06942,1.4218,,1.09353,0.47744,0.41683,0.29477,0.40735,0.49795,1.06586,0.0,0.0,-0.37383,0.0,0.0,0.89179,0.35374,0.0,2026-09-29,False,,,,,,,,,,,
BTU,Energy Minerals,24.37,54397096.40923,55.2045,0.72272,-0.37091,24.4403,,,,,,,NEUTRAL,prior-research-2026-09-30+NEUTRAL,True,0.46271,6.86079,19.19346,0.62082,0.41667,-55.2045,-0.72272,-47.12465,17.81182,-5.31576,-5.94986,105.7948,130.62008,-3.71238,-0.13079,1.23102,-0.67604,-0.05374,-0.62009,-0.87615,-0.33262,-1.86367,-0.68945,0.61722,-0.6609,-0.86065,0.91876,0.65576,-1.11941,0.68285,0.26936,-0.76386,2026-09-29,False,,,,,,,,,,,
BULL,Technology Services,7.17,87174294.9276,63.08504,1.71936,-0.71511,11.19403,,,,,,,NEUTRAL,prior-research-2026-09-30+NEUTRAL,False,0.4406,11.11111,-38.19261,0.46109,0.33333,-63.08504,-1.71936,-70.22508,18.28342,4.74634,1.13579,27.82203,18.15362,12.43786,-0.07545,0.0,47.93668,-0.92355,-1.00844,-1.01403,0.04446,-1.36439,-0.90129,1.3335,-0.17568,-0.11968,-0.09695,-0.77872,0.60318,0.73004,-0.21817,1.21008,2026-09-29,False,,,,,,,,,,,
BUR,Finance,3.9,7929114.20717,55.77565,1.53708,-0.94547,7.27612,,,,,,,NEUTRAL,prior-research-2026-09-30+NEUTRAL,True,0.43552,7.96703,-63.38661,0.32642,0.33333,-55.77565,-1.53708,-69.61752,15.88605,-101.5334,-198.20636,96.2591,-179.60724,,-2.94893,3.2149,-337.18849,-2.13103,-2.34239,-1.5459,-1.69372,-1.65717,-2.71863,-1.10712,-2.07295,-3.0,0.53341,-3.0,0.0,-1.26616,0.37476,-3.0,2026-09-29,False,,,,,,,,,,,
BUSE,Finance,29.38,21591971.57764,18.4147,0.64071,0.60803,85.8209,,,,,,,NEUTRAL,prior-research-2026-09-30+NEUTRAL,False,0.53722,1.87291,31.31894,0.93034,0.66667,-18.4147,-0.64071,-11.82051,16.88783,9.62272,9.50544,97.56684,45.23533,38.07176,-0.19434,3.50579,35.64369,0.46498,0.66472,1.01488,1.27243,-0.16785,1.15685,-0.08963,-0.03625,0.69444,0.56016,0.24312,0.21191,0.62448,0.46665,1.1274,2026-09-29,False,,,,,,,,,,,
BW,Electronic Technology,5.81,35324584.95541,97.90902,2.65079,-0.34735,25.83955,,,,,,,NEUTRAL,prior-research-2026-09-30+NEUTRAL,False,0.46569,10.73919,148.6111,0.2659,0.5,-97.90902,-2.65079,-73.68421,17.38009,,-10.64803,6.55213,96.53671,4.00466,-5.61781,0.0,40.36662,1.42501,-1.55207,-0.3367,-0.72256,-0.50465,-1.3398,-0.34921,0.0,-0.8401,-1.47951,1.40971,0.09734,-2.10826,-0.18865,0.86396,2026-09-29,False,,,,,,,,,,,
BWIN,Finance,31.78,32738020.40482,56.06118,0.20886,-0.64431,12.59328,,,,,,,NEUTRAL,prior-research-2026-09-30+NEUTRAL,True,0.44713,7.9258,7.19776,0.97815,0.58333,-56.06118,-0.20886,-43.20138,17.30405,-10.72337,-1.8198,28.83758,38.9273,-2.64863,-2.90123,0.0,18.94506,-0.13331,1.379,0.34799,-1.70968,1.09699,-1.41119,0.47389,-1.0289,-1.16046,-1.192,0.0148,-2.28735,-1.25441,-2.03038,0.56443,2026-09-29,False,,,,,,,,,,,
BWLP,Transportation,24.68,7143175.60368,37.25973,0.31047,0.63728,87.22015,,,,,,,NEUTRAL,prior-research-2026-09-30+NEUTRAL,False,0.53968,2.82756,69.29277,0.94415,0.66667,-37.25973,-0.31047,-24.66319,15.78167,23.65969,11.56915,50.11506,91.89471,15.42364,-0.48612,7.56281,-7.65126,0.45442,0.70301,0.52768,0.35083,0.79965,0.1422,-1.53209,0.51297,0.46379,-0.29491,0.31388,-0.20078,0.29321,1.50037,-1.47674,2026-09-29,False,,,,,,,,,,,
BWMN,Industrial Services,42.59,9790754.82445,69.02588,1.18111,0.6012,85.44776,,,,,,,NEUTRAL,prior-research-2026-09-30+NEUTRAL,False,0.56956,0.32995,1.18821,0.95859,0.41667,-69.02588,-1.18111,-43.03399,16.09695,2.71741,0.93044,34.9064,71.38317,4.83225,-1.10951,0.0,14.15586,-0.71386,1.95675,-1.11632,-0.67162,-0.54839,-0.27067,-1.76367,-0.37163,-0.16809,-0.18325,0.28925,-0.37077,-0.2855,-0.8999,0.1672,2026-09-29,False,,,,,,,,,,,
BXC,Distribution Services,74.74,10812192.91573,76.08137,1.62294,0.13916,57.08955,,,,,,,NEUTRAL,prior-research-2026-09-30+NEUTRAL,True,0.49015,9.2438,7.20842,0.81763,0.33333,-76.08137,-1.62294,-42.6439,16.19619,-0.31349,-0.33295,106.22416,514.44668,1.02067,-1.08037,0.0,2.12543,-0.2139,-0.09748,-1.14043,-1.40189,-1.17637,-0.47071,-1.44925,-0.83132,-0.59579,1.35216,0.81519,-0.40528,-0.06154,-0.43494,-0.53717,2026-09-29,False,,,,,,,,,,,
BXMT,Finance,12.31,27911657.91988,27.24332,0.49509,-0.53149,16.69776,,,,,,,NEUTRAL,prior-research-2026-09-30+NEUTRAL,False,0.47898,1.58014,-18.86376,0.62568,0.41667,-27.24332,-0.49509,-37.43155,17.14456,0.44889,0.76843,162.3432,75.67516,61.14189,-4.84831,15.27214,-3.92947,-0.86551,-1.12949,-0.94499,-0.05327,0.26751,-1.10804,0.24349,-0.7199,-0.90006,1.49264,0.75569,1.08031,-1.53957,2.20834,-1.10398,2026-09-29,False,,,,,,,,,,,
BXSL,Miscellaneous,24.63,32879088.10272,20.30861,0.43588,-0.17254,35.44776,,,,,,,NEUTRAL,prior-research-2026-09-30+NEUTRAL,False,0.48881,1.76849,3.65347,0.95249,0.41667,-20.30861,-0.43588,-14.77658,17.30835,4.79816,5.22238,105.87412,20.96638,59.12231,-1.26897,12.50508,-14.93856,-0.07819,0.42444,-0.77423,0.49954,-0.09324,0.38208,1.4102,-0.09081,0.16359,0.01585,-0.07855,0.25563,-0.09855,0.30664,-0.99104,2026-09-29,False,,,,,,,,,,,
BY,Finance,36.9,9280853.7365,17.45299,0.56124,1.00033,96.45522,,,,,,,NEUTRAL,prior-research-2026-09-30+NEUTRAL,False,0.56965,1.64588,37.09376,0.9283,0.66667,-17.45299,-0.56124,-10.47135,16.04346,11.97462,8.89751,77.62171,37.96757,43.67107,-0.47211,1.30081,2.80931,0.57945,0.63378,1.01488,1.60922,0.07069,1.51669,-0.94617,0.17749,0.55552,0.1118,-0.01485,0.4715,0.16967,-0.33097,-0.50253,2026-09-29,False,,,,,,,,,,,
BYD,Consumer Services,67.08,73090057.75909,26.8004,0.5352,-0.00186,47.66791,,,,,,,NEUTRAL,prior-research-2026-09-30+NEUTRAL,False,0.49508,1.42112,-6.89202,0.73695,0.33333,-26.8004,-0.5352,-26.30469,18.1072,93.33096,37.16595,50.82123,83.81831,18.71476,-1.30304,1.13298,1.74895,-0.46958,-0.13191,-1.24805,1.16567,0.24173,0.6417,1.06633,1.70284,2.94316,0.84582,0.18124,0.6401,0.09551,0.45463,-0.25311,2026-09-29,False,,,,,,,,,,,
BZH,Consumer Durables,33.36,14697529.27094,59.59441,1.04981,0.53819,82.9291,,,,,,,NEUTRAL,prior-research-2026-09-30+NEUTRAL,True,0.55115,0.36112,35.64721,0.97916,0.66667,-59.59441,-1.04981,-34.98016,16.50319,-0.65346,-0.86744,125.74367,233.76721,-1.79521,-1.25152,0.0,-12.75358,0.92086,2.00213,1.42581,-0.73848,-0.285,0.14804,-1.08383,-0.63478,-0.6229,1.18291,0.60227,-0.81703,-0.45445,-0.92827,-0.84971,2026-09-29,False,,,,,,,,,,,
CACC,Finance,537.09998,71364987.03613,31.39673,0.86536,-0.50253,18.00373,,,,,,,NEUTRAL,prior-research-2026-09-30+NEUTRAL,False,0.46916,2.28719,29.75833,0.81725,0.58333,-31.39673,-0.86536,-19.8971,18.08332,31.93154,9.10519,28.83751,42.2641,48.55561,-3.95632,0.0,2.58025,0.42779,-0.22803,0.34799,-0.27901,-0.66188,0.08552,1.65772,1.23301,0.59981,-1.19511,0.12137,0.69665,-1.40811,-2.03038,-0.53485,2026-09-29,False,,,,,,,,,,,
CADL,Health Technology,10.88,12022460.3569,73.02352,1.6674,0.50439,81.34328,,,,,,,NEUTRAL,prior-research-2026-09-30+NEUTRAL,True,0.53406,5.70919,135.92057,0.79127,0.41667,-73.02352,-1.6674,-32.51908,16.30229,-81.84432,-10.61456,15.20211,0.0,,-0.39259,0.0,,1.0697,0.07673,-1.12259,-0.45833,-0.92383,0.54251,-0.925,-0.76572,-0.43053,-0.36698,-1.05211,0.0,-0.24919,-0.07667,0.0,2026-09-29,False,,,,,,,,,,,
CAKE,Consumer Services,107.35,151143161.47156,41.05887,0.5711,-0.16802,36.00746,,,,,,,NEUTRAL,prior-research-2026-09-30+NEUTRAL,False,0.47585,3.58902,108.43094,0.91525,0.75,-41.05887,-0.5711,-23.43942,18.83374,38.83353,3.38984,9.84603,73.58393,6.98312,-4.00999,1.08989,5.6628,1.61637,0.98857,2.02486,0.28816,0.13,0.81017,2.00685,1.03522,0.05949,-0.99059,0.07067,-0.28468,-0.73531,0.43431,0.11046,2026-09-29,False,,,,,,,,,,,
CALM,Process Industries,68.55,68388983.90198,32.35797,-0.11747,-0.38745,23.04104,,,,,,,NEUTRAL,prior-research-2026-09-30+NEUTRAL,False,0.46683,1.76663,-16.11957,0.71687,0.33333,-32.35797,0.11747,-29.55758,18.04072,12.19566,10.07061,83.60795,92.59098,11.79242,-0.0,7.01969,-31.68206,-0.80452,-0.16263,-1.46938,0.76208,2.66973,0.33482,1.45209,0.63987,1.59393,0.69156,0.09294,0.45055,2.60093,1.92537,-1.32436,2026-09-29,False,,,,,,,,,,,
CALX,Electronic Technology,33.53,37354409.15527,39.61568,0.78728,0.11178,54.38433,,,,,,,NEUTRAL,prior-research-2026-09-30+NEUTRAL,False,0.50281,2.15827,-39.10995,0.49006,0.08333,-39.61568,-0.78728,-51.56387,17.43596,6.90514,2.43346,33.75223,52.82301,5.51161,-0.01969,0.0,27.84261,-1.89883,-0.64794,-3.0,1.66885,1.54578,-0.1794,-0.26384,0.19642,0.33807,0.16716,0.78114,0.29097,0.95472,-0.18865,0.58987,2026-09-29,False,,,,,,,,,,,
CALY,Consumer Durables,14.16,28283187.286,44.29572,1.10501,0.3422,72.85448,,,,,,,NEUTRAL,prior-research-2026-09-30+NEUTRAL,False,0.53419,1.33333,65.68109,0.72024,0.58333,-44.29572,-1.10501,-27.97559,17.15778,3.01043,-9.19308,84.31355,101.75762,8.60757,-0.12643,0.0,-37.1706,1.44494,-0.12982,0.75891,0.02364,-0.38292,0.64398,-0.29079,-0.43478,-1.23785,0.43485,-0.22115,0.12746,0.9397,-0.92827,-1.28256,2026-09-29,False,,,,,,,,,,,
CAPR,Health Technology,8.57,28483065.25021,190.2562,1.29172,-1.45255,1.30597,,,,,,,NEUTRAL,prior-research-2026-09-30+NEUTRAL,True,0.41781,10.04672,35.26093,0.2425,0.33333,-190.2562,-1.29172,-89.10583,17.16482,-73.70049,-22.99572,43.77262,0.0,,-0.36977,0.0,-100.0,-0.20617,-2.30408,-1.7235,-3.0,-0.5187,-3.0,0.09237,-0.61742,-0.88894,0.83819,-1.05211,0.0,-0.19256,-0.07667,-2.73723,2026-09-29,False,,,,,,,,,,,
CAR,Finance,106.79,46483954.15649,145.90068,0.96876,-1.83233,0.27985,,,,,,,NEUTRAL,prior-research-2026-09-30+NEUTRAL,False,0.42034,6.78396,-14.35481,0.14957,0.25,-145.90068,-0.96876,-85.49799,17.65462,,-16.58272,,305.34634,11.22022,,0.0,0.44601,-0.77145,-3.0,-2.19194,-3.0,-0.8352,-3.0,0.97152,0.0,-2.06506,0.0,2.26357,-1.03613,0.0,-2.03038,-0.7783,2026-09-29,False,,,,,,,,,,,
CARG,Technology Services,31.16,34462800.0,41.00778,0.41303,0.48153,80.22388,,,,,,,NEUTRAL,prior-research-2026-09-30+NEUTRAL,False,0.52986,3.37838,-2.50666,0.79836,0.58333,-41.00778,-0.41303,-30.92493,17.35539,51.40541,6.23183,9.33636,34.51125,25.7126,-0.70035,0.0,6.00912,0.04936,0.45426,0.87986,1.14958,0.93685,1.14884,-0.11182,1.89828,0.81651,-1.25457,-0.15058,1.40245,-0.33474,-0.21817,-0.31783,2026-09-29,False,,,,,,,,,,,
CATY,Finance,59.86,26239794.76776,19.00414,0.6714,0.50056,81.25,,,,,,,NEUTRAL,prior-research-2026-09-30+NEUTRAL,False,0.53439,2.09122,30.82502,0.92759,0.58333,-19.00414,-0.6714,-12.33212,17.08279,11.70633,8.66389,75.88329,34.41836,53.64271,-0.05063,2.47244,0.25559,0.45431,0.6251,0.34799,1.06727,-0.25528,1.06299,0.14772,0.15668,0.52132,0.06719,-0.14621,0.83048,1.09152,0.01631,-0.8024,2026-09-29,False,,,,,,,,,,,
CBLL,Health Technology,24.86,6839027.76337,52.56214,1.12768,1.00923,96.73507,,,,,,,NEUTRAL,prior-research-2026-09-30+NEUTRAL,True,0.56376,3.46137,108.70712,0.99281,0.58333,-52.56214,-1.12768,-30.51643,15.73816,-43.92947,-6.90623,13.48169,10.66999,-68.62128,-0.17075,0.0,31.7041,0.82513,2.01749,0.17039,0.42826,-0.21806,0.6741,-1.46482,-0.29524,-0.17916,-0.49083,0.05155,-0.63902,0.16112,-0.07667,1.05083,2026-09-29,False,,,,,,,,,,,
CBNK,Finance,35.65,1791663.97095,21.10999,0.56946,0.90701,94.96269,,,,,,,NEUTRAL,prior-research-2026-09-30+NEUTRAL,False,0.56763,1.33519,15.60841,0.94113,0.58333,-21.10999,-0.56946,-16.74561,14.39866,14.05315,8.61845,64.55587,46.11414,22.77833,-0.14186,1.40252,11.76059,0.08003,0.76893,0.34799,0.58023,0.03828,0.41491,-2.05974,0.36029,0.51712,-0.202,0.25805,-0.30128,0.77122,-0.29275,0.23374,2026-09-29,False,,,,,,,,,,,
CBRL,Consumer Services,52.48,44257945.73593,58.7555,0.69802,-0.14936,37.40672,,,,,,,NEUTRAL,prior-research-2026-09-30+NEUTRAL,False,0.47315,9.09091,25.6035,0.88889,0.5,-58.7555,-0.69802,-44.66765,17.60555,6.74011,2.66969,40.30678,279.71398,-0.04875,-2.16655,1.90549,-4.7355,0.40604,0.72007,-0.02057,-0.61411,-0.23471,-0.51584,0.23912,-0.66773,-0.07168,0.5309,1.50669,-0.97029,-0.29865,0.74108,-0.7839,2026-09-29,False,,,,,,,,,,,
CBT,Process Industries,77.76,30188636.82175,33.50779,0.57641,0.26,67.44403,,,,,,,NEUTRAL,prior-research-2026-09-30+NEUTRAL,False,0.50326,3.76029,10.94904,0.83723,0.5,-33.50779,-0.57641,-23.98032,17.22298,11.88811,4.65355,39.94086,90.43307,15.13484,-0.79315,2.37269,-4.74443,-0.02925,0.46725,-0.2419,0.66661,0.38046,0.75454,0.24373,0.61291,0.60786,-0.40532,0.05218,0.67754,-0.17365,0.63247,-0.69557,2026-09-29,False,,,,,,,,,,,
CBZ,Commercial Services,54.69,41693500.2327,48.82296,-0.02187,-0.10728,40.48507,,,,,,,NEUTRAL,prior-research-2026-09-30+NEUTRAL,False,0.51193,0.8263,3.65088,0.96285,0.5,-48.82296,0.02187,-55.73944,17.54586,6.96595,4.35284,63.2031,91.98874,10.89621,-1.02063,0.0,14.31804,-0.04152,1.75535,0.25139,-0.01773,1.81867,-0.78448,0.24853,-0.41261,-0.016,0.65697,0.06265,0.36642,-0.37566,-0.53421,0.26989,2026-09-29,False,,,,,,,,,,,
CC,Process Industries,13.89,30913052.83365,62.31068,1.47965,-0.47546,19.12313,,,,,,,NEUTRAL,prior-research-2026-09-30+NEUTRAL,True,0.47324,3.84106,1.92464,0.5018,0.33333,-62.31068,-1.47965,-49.82036,17.24669,-323.40426,-14.51111,,276.71357,3.26031,,2.5198,-1.37802,-0.30575,-1.02437,-1.46938,-0.87811,-1.22073,-0.82316,0.26596,-2.1018,-1.17924,0.0,1.27515,-0.43601,0.0,0.69602,-0.46115,2026-09-29,False,,,,,,,,,,,
CCC,Technology Services,6.58,60781500.0,56.3481,0.54842,-0.25872,30.1306,,,,,,,NEUTRAL,prior-research-2026-09-30+NEUTRAL,False,0.47924,4.2654,-19.54888,0.69336,0.33333,-56.3481,-0.54842,-55.53214,17.9228,2.167,1.0805,45.30939,28.37393,15.488,-0.77809,0.0,11.55802,-0.41393,-0.06471,-1.01403,0.32531,0.57591,-0.1972,0.7897,-0.37659,-0.1305,0.49079,-0.35592,0.8251,-0.39638,-0.21817,0.13804,2026-09-29,False,,,,,,,,,,,
CCOI,Communications,7.34,15739848.23608,93.30953,1.71656,-1.13754,3.82463,,,,,,,NEUTRAL,prior-research-2026-09-30+NEUTRAL,True,0.42226,13.42952,-75.88485,0.16361,0.33333,-93.30953,-1.71656,-83.63868,16.57171,-721.50263,-11.90225,,251.88441,-6.58129,,1.08992,-4.54483,-2.8126,-2.53207,-1.71724,-1.70789,-1.34218,-2.52633,-0.6628,-2.58037,-1.16249,0.0,1.17674,-0.65012,0.0,0.92803,-0.52905,2026-09-29,False,,,,,,,,,,,
CDNA,Health Technology,64.02,45239853.74718,75.79897,1.24474,0.31016,70.52239,,,,,,,NEUTRAL,prior-research-2026-09-30+NEUTRAL,False,0.49413,12.99944,233.48962,0.99102,0.75,-75.79897,-1.24474,-23.64415,17.62749,29.48651,3.37658,13.0084,13.93338,-0.39665,-0.04522,0.0,34.40553,1.55195,1.92745,1.54941,-0.56504,-0.45649,1.18779,0.70548,2.37543,0.93156,-0.52425,0.21988,0.07849,0.58189,-0.07667,1.14315,2026-09-29,False,,,,,,,,,,,
CE,Process Industries,44.84,74727121.24214,46.67498,0.62042,-0.64766,12.31343,,,,,,,NEUTRAL,prior-research-2026-09-30+NEUTRAL,True,0.44221,6.89499,10.61286,0.64804,0.58333,-46.67498,-0.62042,-37.65285,18.12935,-24.56846,-23.71762,84.54358,197.04495,8.74176,-2.97504,0.26762,-2.28393,-0.03687,-0.47954,0.42452,-0.16141,0.2552,-0.19461,1.6131,-0.82604,-1.46926,0.72111,0.87737,0.14732,-1.28391,-0.13043,-0.53645,2026-09-29,False,,,,,,,,,,,
CECO,Producer Manufacturing,70.6,52957292.11121,68.12456,1.46906,-0.15318,36.9403,,,,,,,NEUTRAL,prior-research-2026-09-30+NEUTRAL,True,0.47746,6.78812,41.43321,0.70834,0.66667,-68.12456,-1.46906,-39.98194,17.785,-2.57853,-0.74047,50.32338,21.84816,5.81805,-0.37181,0.0,37.64362,0.78184,0.1823,1.15736,-0.36882,-0.0277,0.17668,0.61547,-0.44744,-0.2533,0.32555,-0.98398,0.0598,0.13732,-0.89902,1.09749,2026-09-29,False,,,,,,,,,,,
CELC,Health Technology,77.38,78710837.50305,76.50218,0.9325,-0.7502,10.44776,,,,,,,NEUTRAL,prior-research-2026-09-30+NEUTRAL,True,0.45979,4.58795,74.78262,0.53373,0.58333,-76.50218,-0.9325,-46.62712,18.18129,-1433.7026,-5.78383,,0.0,,,0.0,,0.45063,-1.03836,0.17039,-0.5992,0.08591,-0.23225,1.63222,-2.2893,-0.13025,0.0,-1.05211,0.0,0.0,-0.07667,0.0,2026-09-29,False,,,,,,,,,,,
CENX,Non-Energy Minerals,36.2,70923106.59485,59.264,1.21017,-0.37807,23.78731,,,,,,,NEUTRAL,prior-research-2026-09-30+NEUTRAL,False,0.46272,2.50107,66.45231,0.52639,0.66667,-59.264,-1.21017,-47.36076,18.07711,56.73325,16.56623,38.51546,73.21532,14.86953,-0.3421,0.0,9.66654,0.60977,-0.40341,0.93633,0.31754,0.59179,0.00832,1.27998,2.04309,2.06095,0.24459,1.5314,0.23176,-0.13454,-0.2967,-0.46041,2026-09-29,False,,,,,,,,,,,
CERT,Technology Services,9.26,20575905.79462,63.16539,0.44666,-0.06256,43.56343,,,,,,,NEUTRAL,prior-research-2026-09-30+NEUTRAL,True,0.48595,5.96026,-29.23729,0.68088,0.58333,-63.16539,-0.44666,-67.05882,16.83963,-1.88641,-0.20901,69.15265,29.21636,4.6297,-0.31241,0.0,0.66419,-0.65873,-0.14255,0.87986,0.0339,0.86271,-0.71859,-0.78543,-0.55881,-0.27977,1.04462,-0.3309,-0.16485,0.18062,-0.21817,-0.83945,2026-09-29,False,,,,,,,,,,,
CEVA,Electronic Technology,34.48,23349838.07564,87.47516,2.3291,0.13502,56.62313,,,,,,,NEUTRAL,prior-research-2026-09-30+NEUTRAL,True,0.49345,7.26358,3.11788,0.68877,0.58333,-87.47516,-2.3291,-47.60288,16.9661,-3.62162,-1.13429,35.18199,11.96004,-9.62742,-0.05121,0.0,8.81875,-0.7209,0.14546,0.32972,-0.46513,-0.29022,0.00572,-0.88698,-0.38726,-0.14477,0.20556,-0.67162,-0.61744,0.61507,-0.18865,-0.34071,2026-09-29,False,,,,,,,,,,,
CFFI,Finance,99.15,814373.9502,35.4325,0.2845,1.00841,96.64179,,,,,,,NEUTRAL,prior-research-2026-09-30+NEUTRAL,False,0.54919,4.71011,36.35067,1.0,0.83333,-35.4325,-0.2845,-12.97051,13.61018,11.22799,9.08295,86.78334,60.93718,24.14596,-0.42542,1.89612,8.94692,0.5545,2.09617,2.63301,-0.54036,0.88725,0.99164,-2.30564,0.12427,0.5908,0.3269,0.53637,-0.22781,0.22267,-0.16129,0.01538,2026-09-29,False,,,,,,,,,,,
CGAU,Non-Energy Minerals,22.02,26343324.83139,52.22744,1.37206,0.64403,87.87313,,,,,,,NEUTRAL,prior-research-2026-09-30+NEUTRAL,False,0.5269,3.7865,130.33353,0.90804,0.75,-52.22744,-1.37206,-29.50091,17.08673,32.59338,14.26596,49.71566,37.78821,26.69646,-0.02111,0.896,36.23405,1.27781,1.53943,1.64846,0.59883,0.40263,1.04088,-0.20728,1.54719,1.80402,0.57927,0.78544,0.89983,0.88653,1.21438,0.60881,2026-09-29,False,,,,,,,,,,,
CGBD,Miscellaneous,11.1,4784142.05275,24.54754,0.48999,0.17247,60.72761,,,,,,,NEUTRAL,prior-research-2026-09-30+NEUTRAL,False,0.51584,2.10711,3.18033,0.91964,0.58333,-24.54754,-0.48999,-17.24671,15.38082,3.24525,4.93486,143.44725,28.28207,58.12444,-1.19324,13.96396,11.89321,-0.0914,0.00517,0.51875,-0.1633,-0.23807,-0.00161,-0.72642,-0.21419,0.11539,0.68109,0.21143,0.24163,-0.04498,0.52283,0.77118,2026-09-29,False,,,,,,,,,,,
CHCO,Finance,139.88,15709187.50305,16.72014,0.29888,0.95818,95.61567,,,,,,,NEUTRAL,prior-research-2026-09-30+NEUTRAL,False,0.57606,1.342,16.5467,0.94526,0.5,-16.72014,-0.29888,-8.77659,16.56976,16.60958,6.66905,41.27345,20.50097,51.05826,-0.65214,2.48785,3.22619,0.1027,0.84195,-0.31843,1.83643,0.82372,1.82345,-0.46184,0.55494,0.15058,-0.78384,-0.65568,0.75571,-0.01496,0.03098,-0.46492,2026-09-29,False,,,,,,,,,,,
CHDN,Consumer Services,76.16,80157125.0,37.18867,0.31043,-0.44699,20.24254,,,,,,,NEUTRAL,prior-research-2026-09-30+NEUTRAL,False,0.47493,2.91979,-6.90223,0.64767,0.5,-37.18867,-0.31043,-35.60677,18.1995,34.30706,7.75004,25.32004,56.7344,25.80969,-3.56525,0.57511,5.73206,-0.47258,-0.5868,-0.02057,0.5483,0.89319,-0.05235,1.24652,0.9517,0.82492,-0.01913,-0.19032,1.01048,-0.63961,0.24083,0.12123,2026-09-29,False,,,,,,,,,,,
CHEF,Distribution Services,111.5,53279311.46088,40.71749,0.36824,0.26923,68.09701,,,,,,,NEUTRAL,prior-research-2026-09-30+NEUTRAL,False,0.52325,3.02461,96.44687,0.9652,0.75,-40.71749,-0.36824,-20.48875,17.79106,15.252,2.00141,14.11146,95.57002,4.14302,-1.46029,0.0,11.1584,1.31471,1.34301,2.13249,0.28979,1.16693,0.92287,0.53325,0.37491,-0.25918,-1.34948,-0.84142,-0.12102,-0.29789,-0.43494,0.23448,2026-09-29,False,,,,,,,,,,,
CHH,Consumer Services,104.25,58275750.0,41.51852,0.39944,0.02282,49.16045,,,,,,,NEUTRAL,prior-research-2026-09-30+NEUTRAL,False,0.50431,2.32368,0.57382,0.85618,0.5,-41.51852,-0.39944,-22.67887,17.8807,563.78644,6.98887,3.02884,34.61698,25.51656,-14.81726,1.10312,2.64991,-0.28366,0.49979,-0.02057,0.25296,0.59676,0.85403,0.73489,2.62358,0.67945,-1.74399,-0.79808,0.99303,-1.35148,0.44649,-0.14441,2026-09-29,False,,,,,,,,,,,
CHMG,Finance,81.34,5217401.51596,28.38862,0.39888,0.56576,83.76866,,,,,,,NEUTRAL,prior-research-2026-09-30+NEUTRAL,False,0.52665,5.0194,55.42979,0.95849,0.83333,-28.38862,-0.39888,-20.63209,15.46751,13.13526,8.47706,69.07421,41.32223,36.83127,-0.52661,1.67199,18.41891,0.94692,1.08768,2.63301,-0.11539,0.50587,0.00747,-1.54796,0.28102,0.47591,-0.11396,0.0829,0.15564,0.08264,-0.2366,0.54899,2026-09-29,False,,,,,,,,,,,
CHPT,Producer Manufacturing,9.52,2881682.98101,112.96212,2.15337,0.22328,65.39179,,,,,,,NEUTRAL,prior-research-2026-09-30+NEUTRAL,True,0.5001,74.95183,-48.61624,0.77147,0.41667,-112.96212,-2.15337,-63.45219,14.87389,-1015.07668,-64.006,,157.67494,-39.11127,,0.0,8.83939,-1.55801,0.5526,-0.80251,-1.62358,-0.63103,-0.97646,-2.48764,-2.87623,-2.08005,0.0,1.04867,-1.13329,0.0,-0.89902,-0.07332,2026-09-29,False,,,,,,,,,,,
CIM,Finance,10.2,8650735.97469,22.16833,0.6044,0.21961,64.73881,,,,,,,NEUTRAL,prior-research-2026-09-30+NEUTRAL,False,0.52339,1.59291,-4.57421,0.75603,0.5,-22.16833,-0.6044,-24.61894,15.97316,0.04805,0.14649,179.67149,110.91542,70.1503,-5.56804,16.07843,14.39995,-0.47763,-0.49673,-0.31843,0.34797,-0.06316,-0.23571,-1.01636,-0.73796,-0.9748,1.66615,1.13838,1.27935,-1.62064,2.3776,0.40653,2026-09-29,False,,,,,,,,,,,
CLBK,Finance,10.88,40947681.43673,23.662,0.60415,0.19546,62.68657,,,,,,,NEUTRAL,prior-research-2026-09-30+NEUTRAL,False,0.53004,1.30434,66.97505,0.92047,0.75,-23.662,-0.60415,-11.30536,17.52781,5.01925,1.97214,47.77141,17.64062,29.19209,-1.03424,0.45956,13.22714,1.08492,0.57043,1.72701,0.20623,-0.06004,1.23315,0.76206,-0.39348,-0.69124,-0.59091,-0.79006,-0.04213,-0.41725,-0.70626,0.34126,2026-09-29,False,,,,,,,,,,,
CLBT,Technology Services,10.93,26740665.50751,72.85213,0.3493,0.00367,47.94776,,,,,,,NEUTRAL,prior-research-2026-09-30+NEUTRAL,False,0.49827,3.91808,-35.64144,0.55879,0.16667,-72.85213,-0.3493,-46.62577,17.1017,12.30753,2.11539,19.69165,18.67804,11.35568,-0.04317,0.0,17.75849,-0.8121,-0.6138,-2.31522,-0.40512,1.11011,0.2774,-0.46714,0.45079,0.0558,-0.50882,-0.7382,0.52997,0.89612,-0.21817,0.43061,2026-09-29,False,,,,,,,,,,,
CLDX,Health Technology,31.64,33329143.20259,44.31417,0.95929,0.19193,62.5,,,,,,,NEUTRAL,prior-research-2026-09-30+NEUTRAL,True,0.49483,6.17886,49.6557,0.70515,0.5,-44.31417,-0.95929,-30.68865,17.32194,-43.87673,-11.88759,28.27368,0.00625,-206220.25316,-0.00686,0.0,-97.27163,0.10388,-0.36706,-0.49602,0.90828,0.0408,0.65673,0.3002,-0.28986,-0.49489,0.34234,-0.63885,-3.0,1.18882,-0.07667,-2.50973,2026-09-29,False,,,,,,,,,,,
CLMT,Energy Minerals,53.23,54805317.60941,45.10807,0.13134,0.3835,75.74627,,,,,,,NEUTRAL,prior-research-2026-09-30+NEUTRAL,False,0.51826,4.1466,154.66667,0.90144,0.83333,-45.10807,-0.13134,-15.01393,17.8193,,-2.91724,,97.91079,1.19354,,0.0,12.79972,1.70946,0.90873,2.70186,0.19848,-0.15915,1.58316,0.63078,0.0,-0.6438,0.0,0.42343,-0.84296,0.0,-1.38816,0.41579,2026-09-29,False,,,,,,,,,,,
CLOV,Finance,4.325,17028000.0,64.86214,1.19734,-0.64281,12.68657,,,,,,,NEUTRAL,prior-research-2026-09-30+NEUTRAL,True,0.44651,8.52534,32.1875,0.79945,0.5,-64.86214,-1.19734,-55.49738,16.65037,-5.09747,-0.80395,17.73558,108.43862,-0.74139,-0.0,0.0,54.03894,0.48105,-0.31776,-0.31843,-2.11798,-1.24056,-2.04247,-0.36506,-0.89097,-1.07749,-1.78223,1.10924,-2.18759,2.61274,-2.03038,1.3636,2026-09-29,False,,,,,,,,,,,
CLPT,Health Technology,11.77,8122610.91957,87.17954,1.53834,-0.41076,22.01493,,,,,,,NEUTRAL,prior-research-2026-09-30+NEUTRAL,True,0.45886,13.02791,-27.84222,0.39764,0.41667,-87.17954,-1.53834,-70.74324,15.91016,-226.52118,-9.4194,2.93666,11.52124,-73.42416,-5.93411,0.0,25.85658,-1.85775,-1.58143,-1.12259,-0.93195,-0.80683,-1.45833,-1.27604,-1.18844,-0.36103,-1.58592,0.08414,-0.65508,-2.20095,-0.07667,0.89525,2026-09-29,False,,,,,,,,,,,
CLSK,Technology Services,13.31,246150546.49124,83.07359,2.92255,-0.96706,6.71642,,,,,,,NEUTRAL,prior-research-2026-09-30+NEUTRAL,True,0.43761,11.03266,-10.03087,0.57371,0.41667,-83.07359,-2.92255,-64.74138,19.32145,-68.62189,-29.70441,22.6646,20.22066,-51.82879,-2.34126,0.0,7.48635,-0.15069,-0.55439,-0.41313,-0.76541,-2.33549,-0.60685,2.41294,-1.5881,-1.7521,-0.34778,-0.6807,-1.25969,-1.32152,-0.21817,-0.21155,2026-09-29,False,,,,,,,,,,,
CMBT,Transportation,18.95,14861243.0624,37.59153,0.31714,0.49718,81.15672,,,,,,,NEUTRAL,prior-research-2026-09-30+NEUTRAL,False,0.526,4.22459,96.18368,0.92847,0.66667,-37.59153,-0.31714,-19.58137,16.51427,37.41275,14.83479,56.07562,39.94003,30.14406,-1.74709,3.22182,92.48345,0.71921,0.51974,0.52768,0.34388,0.77973,0.50023,-0.80476,0.99008,0.80743,-0.14026,-0.57141,0.5125,-0.69635,0.53141,1.46352,2026-09-29,False,,,,,,,,,,,
CMPR,Commercial Services,78.17,14158704.70428,41.42425,0.53098,0.70361,89.73881,,,,,,,NEUTRAL,prior-research-2026-09-30+NEUTRAL,False,0.54262,3.12394,43.03108,0.74228,0.5,-41.42425,-0.53098,-25.94246,16.46584,,4.96762,,193.61452,6.88549,,0.0,9.80183,0.89612,0.02477,0.25139,0.44082,0.15474,0.98538,-1.12392,0.0,0.12468,0.0,0.84443,-0.02035,0.0,-0.53421,-0.04697,2026-09-29,False,,,,,,,,,,,
CNK,Consumer Services,38.24,76347250.34637,36.1323,0.32031,0.14165,57.46269,,,,,,,NEUTRAL,prior-research-2026-09-30+NEUTRAL,False,0.49464,3.60102,27.3789,0.99635,0.58333,-36.1323,-0.32031,-27.64878,18.1508,45.4266,4.84237,11.20068,75.99794,13.43918,-5.98669,0.94142,4.53797,0.4528,2.16798,0.64584,0.60473,0.85839,0.51695,1.15431,1.19335,0.31312,-0.83867,0.10123,0.28403,-1.00781,0.39404,0.03974,2026-09-29,False,,,,,,,,,,,
CNO,Finance,53.29,38218070.11414,17.45531,0.33873,0.43271,77.51866,,,,,,,NEUTRAL,prior-research-2026-09-30+NEUTRAL,False,0.52547,2.53074,39.86487,0.94213,0.75,-17.45531,-0.33873,-11.03497,17.45882,10.93405,5.67513,52.50284,94.60573,14.45183,-1.75664,1.2948,5.71558,0.63873,0.78919,1.72701,1.57289,0.69664,1.28373,0.66921,0.098,0.00528,-0.44451,0.98621,-0.81442,-0.85652,-0.33939,-0.25715,2026-09-29,False,,,,,,,,,,,
CNR,Energy Minerals,86.5,42716765.07568,41.23896,0.37586,0.14078,57.27612,,,,,,,NEUTRAL,prior-research-2026-09-30+NEUTRAL,False,0.48806,3.50413,22.36735,0.7655,0.41667,-41.23896,-0.37586,-31.31433,17.5701,2.67491,2.29793,84.98205,98.00293,-1.32492,-0.12037,0.46243,30.21061,0.02984,0.07641,-0.87615,0.4213,-0.91238,0.19361,0.19519,-0.32676,0.00149,0.528,0.42736,-1.00813,0.72971,-0.06023,1.08239,2026-09-29,False,,,,,,,,,,,
CNS,Finance,72.95,20695829.73938,26.45368,0.57418,0.13708,56.8097,,,,,,,NEUTRAL,prior-research-2026-09-30+NEUTRAL,False,0.51808,2.2789,29.23887,0.85172,0.66667,-26.45368,-0.57418,-16.40179,16.84544,30.11085,4.43852,15.54472,16.16723,33.56247,-0.22802,3.60521,12.59427,0.41198,-0.00897,1.01488,0.00673,0.0158,0.43202,-0.1342,1.15382,-0.25539,-1.90069,-0.8709,0.06566,0.56814,0.51153,0.29121,2026-09-29,False,,,,,,,,,,,
CNX,Energy Minerals,31.21,54334297.9866,25.58777,-0.01204,0.12687,56.06343,,,,,,,NEUTRAL,prior-research-2026-09-30+NEUTRAL,False,0.49615,3.24354,12.31772,0.73246,0.58333,-25.58777,0.01204,-26.75429,17.81067,21.24867,20.55941,104.11898,47.98203,39.76954,-0.49137,0.0,16.21165,-0.22271,-0.0946,0.41683,1.39563,0.33913,0.57463,0.61385,1.0864,2.39652,0.90042,-0.30841,1.52052,0.02996,-1.38816,0.57826,2026-09-29,False,,,,,,,,,,,
CNXC,Technology Services,24.88,33655425.83942,68.63898,0.53676,-0.19169,34.60821,,,,,,,NEUTRAL,prior-research-2026-09-30+NEUTRAL,True,0.46887,10.82455,-35.38597,0.54037,0.33333,-68.63898,-0.53676,-55.20237,17.33168,-78.16138,-149.43265,110.76511,623.60592,7.14127,-2.47372,5.78778,2.55736,-0.80634,-0.65746,-1.01403,-0.21605,0.6026,-0.18094,-0.1317,-1.69267,-2.62666,1.9797,2.82495,0.13421,-1.35051,2.8935,-0.62267,2026-09-29,False,,,,,,,,,,,
CNXN,Technology Services,89.49,10863442.04254,23.42223,0.39805,1.6661,99.81343,,,,,,,NEUTRAL,prior-research-2026-09-30+NEUTRAL,False,0.55592,3.83824,29.75458,0.99766,0.58333,-23.42223,-0.39805,-16.90685,16.20091,10.43206,4.24616,42.20568,132.37238,4.12478,-0.00792,0.83808,3.23098,0.90334,2.5354,0.87986,2.27551,0.9732,2.23636,-1.42607,0.2833,0.43002,0.38152,1.27223,-0.2387,1.41024,1.25722,-0.5469,2026-09-29,True,,,,,,,,,,,
COCO,Consumer Non-Durables,56.55,63626751.28555,57.78863,0.28049,-0.35988,25.09328,,,,,,,NEUTRAL,prior-research-2026-09-30+NEUTRAL,False,0.48072,5.80658,54.44875,0.67305,0.66667,-57.78863,-0.28049,-39.18115,17.96854,31.36952,3.30041,12.08853,21.28866,19.09838,-0.03508,0.0,26.10189,1.05105,-0.35283,1.11437,-0.7884,0.72886,-0.31505,0.45099,1.02683,-0.07444,-1.42501,-1.46801,0.60001,1.30522,-1.39905,1.19317,2026-09-29,False,,,,,,,,,,,
COGT,Health Technology,31.66,64736000.0,43.80417,1.41188,0.13251,56.52985,,,,,,,NEUTRAL,prior-research-2026-09-30+NEUTRAL,True,0.51381,2.79988,144.84462,0.73903,0.5,-43.80417,-1.41188,-26.68067,17.98583,-109.73693,-6.78623,8.50599,0.0,,-0.4588,0.0,,1.1544,-0.15717,-0.49602,0.93629,-0.65008,1.01013,1.29343,-0.90516,-0.15636,-0.90608,-1.05211,0.0,-0.34769,-0.07667,0.0,2026-09-29,False,,,,,,,,,,,
COHU,Electronic Technology,65.97,53243541.26434,83.55955,2.03754,0.10087,53.63806,,,,,,,NEUTRAL,prior-research-2026-09-30+NEUTRAL,True,0.4933,10.30883,133.46304,0.89257,0.75,-83.55955,-2.03754,-46.7731,17.79039,-4.83649,-1.21974,22.88945,16.42195,-6.38175,-0.42764,0.0,32.65946,1.30416,1.28395,1.70874,-0.34529,-0.03759,0.05977,0.28402,-0.4161,-0.15065,-0.29339,-0.46261,-0.50992,-0.25348,-0.18865,0.72653,2026-09-29,False,,,,,,,,,,,
COLD,Finance,14.54,51239010.13517,43.43624,0.59835,-0.55006,15.76493,,,,,,,NEUTRAL,prior-research-2026-09-30+NEUTRAL,True,0.46961,3.54108,32.68616,0.89477,0.58333,-43.43624,-0.59835,-28.125,17.75201,-16.50005,-11.25443,59.59225,64.52671,6.41739,-1.9134,6.32737,-0.20822,0.48373,0.30028,0.34799,-1.03786,-0.05378,-0.49654,1.1076,-1.11542,-1.80783,-0.30249,0.59048,-1.50341,-0.9124,1.17817,-0.83402,2026-09-29,False,,,,,,,,,,,
COLL,Health Technology,22.23,18802282.55978,49.26103,0.42505,-0.29473,28.54478,,,,,,,NEUTRAL,prior-research-2026-09-30+NEUTRAL,False,0.48138,1.74263,-26.32955,0.44603,0.41667,-49.26103,-0.42505,-56.17978,16.74949,17.61209,6.70366,43.71533,113.07428,20.11883,-3.90461,0.0,14.314,-1.81539,-1.41485,-1.12259,0.58887,1.31265,-0.73683,-0.4492,1.86445,1.5182,0.83532,2.3479,1.82188,-1.9109,-0.07667,0.42832,2026-09-29,False,,,,,,,,,,,
COLM,Consumer Non-Durables,58.34,33915570.81985,33.01199,0.74554,0.59765,85.26119,,,,,,,NEUTRAL,prior-research-2026-09-30+NEUTRAL,False,0.5275,2.99665,12.55353,0.8649,0.58333,-33.01199,-0.74554,-19.09976,17.33938,12.65763,6.99629,54.38604,115.66407,7.64164,-0.28799,2.05691,-0.22461,0.12393,0.67462,0.44748,0.61069,-0.60731,1.04811,-0.50418,0.03932,0.562,0.3169,0.35034,-0.29322,0.53477,0.51085,-0.5208,2026-09-29,False,,,,,,,,,,,
CON,Health Services,35.34,25841064.34021,28.02687,0.33947,1.05494,97.38806,,,,,,,NEUTRAL,prior-research-2026-09-30+NEUTRAL,False,0.57319,2.46066,66.22628,0.97168,0.75,-28.02687,-0.33947,-13.32721,17.06748,47.8923,4.39437,10.68056,51.2087,16.71038,-4.49348,0.70741,14.01888,0.95722,1.64975,1.7654,1.668,0.87554,2.28313,-0.17862,2.10028,0.82956,-1.44308,-0.41476,1.05109,-1.25943,1.1985,0.45776,2026-09-29,False,,,,,,,,,,,
CORZ,Technology Services,16.31,205785553.11203,74.10306,2.04214,-0.64813,12.22015,,,,,,,NEUTRAL,prior-research-2026-09-30+NEUTRAL,False,0.45022,6.48424,-2.01781,0.55933,0.33333,-74.10306,-2.04214,-44.99314,19.14235,,-26.42755,,8.44519,-30.617,,0.0,26.36928,0.05786,-0.60667,-1.01403,-0.43668,-1.6398,0.37249,2.26812,0.0,-1.65605,0.0,-1.22771,-1.15384,0.0,-0.21817,0.79541,2026-09-29,False,,,,,,,,,,,
COUR,Commercial Services,4.67,27305551.81198,65.64328,0.37205,-0.58736,14.64552,,,,,,,NEUTRAL,prior-research-2026-09-30+NEUTRAL,True,0.46542,3.83142,-44.79522,0.38691,0.33333,-65.64328,-0.37205,-61.55758,17.1226,-15.19509,-10.34116,85.28325,67.17581,-6.23447,-0.0,0.0,22.68783,-1.40515,-1.45519,-0.97608,-0.78402,0.58053,-1.05642,-0.32361,-1.2358,-1.51582,1.20532,-0.25823,-0.97711,2.63382,-0.53421,0.57255,2026-09-29,False,,,,,,,,,,,
CPA,Transportation,133.05,36407314.54468,46.67273,1.19303,-0.20633,33.30224,,,,,,,NEUTRAL,prior-research-2026-09-30+NEUTRAL,False,0.48397,4.08412,14.24373,0.85775,0.66667,-46.67273,-1.19303,-29.21673,17.41028,23.0666,11.44819,52.89936,72.85659,19.36376,-0.89274,5.06576,14.80473,-0.62592,-0.0897,0.52768,-0.23626,-1.22025,-0.17815,0.28876,0.48882,0.44466,-0.21826,0.10261,0.07228,-0.1074,1.03437,0.26819,2026-09-29,False,,,,,,,,,,,
CPB,Consumer Non-Durables,20.23,130077617.10739,32.91927,-0.104,-0.53356,16.51119,,,,,,,NEUTRAL,prior-research-2026-09-30+NEUTRAL,False,0.45063,3.45896,-22.45864,0.66517,0.33333,-32.91927,0.104,-36.3103,18.68364,10.26832,6.63775,64.25994,162.50812,11.29926,-1.93506,7.71132,-4.9644,-0.86789,-0.38625,-1.44641,0.62258,2.01967,-0.16919,1.46368,-0.16924,0.50665,0.49872,0.60996,0.05138,-0.85358,2.00811,-0.86209,2026-09-29,False,,,,,,,,,,,
CPRI,Retail Trade,14.66,60735241.87946,45.87284,1.17391,-0.48457,18.65672,,,,,,,NEUTRAL,prior-research-2026-09-30+NEUTRAL,False,0.44457,7.84162,-32.02417,0.53001,0.5,-45.87284,-1.17391,-54.04917,17.92203,152.06612,6.58996,8.42365,210.26858,2.35055,-10.08696,0.0,-17.40173,-0.71506,-0.84552,0.21277,0.17102,-0.53767,-0.79397,0.59701,1.94964,0.11479,-1.9125,0.18391,-0.48573,-1.35999,-0.98525,-1.131,2026-09-29,False,,,,,,,,,,,
CRAI,Commercial Services,165.94,20559215.36865,37.34786,0.21423,0.32559,71.26866,,,,,,,NEUTRAL,prior-research-2026-09-30+NEUTRAL,False,0.52398,2.53273,-13.53606,0.75079,0.25,-37.34786,-0.21423,-38.11628,16.83882,26.01413,4.77152,17.66625,76.94583,9.99466,-1.66981,1.37399,11.46453,-0.55035,0.06749,-1.62212,0.70976,1.06834,0.12281,-0.68001,0.85206,0.07158,-0.89947,-0.10168,0.28124,-0.77832,1.19487,0.08117,2026-09-29,False,,,,,,,,,,,
CRAQ,Finance,10.4,0.0,1.07985,-0.00835,2.14636,100.0,,,,,,,NEUTRAL,prior-research-2026-09-30+NEUTRAL,False,0.59697,0.19305,3.65182,1.0,0.91667,-1.07985,0.00835,-0.6856,0.0,3.58563,2.49906,70.94615,0.0,,-0.0,0.0,,-0.23235,2.09617,3.0,3.0,1.77947,2.94245,-3.0,-0.49683,-0.59941,-0.0532,-2.23619,0.0,2.31819,-2.03038,0.0,2026-09-29,False,,,,,,,,,,,
CRC,Energy Minerals,51.09,40309908.44727,36.29048,-0.0225,0.1291,56.25,,,,,,,NEUTRAL,prior-research-2026-09-30+NEUTRAL,True,0.49545,3.316,-5.42734,0.73898,0.33333,-36.29048,0.0225,-29.23181,17.51211,-3.55412,-2.64551,74.38048,81.66111,21.57965,-0.39594,3.13662,2.32877,-0.72383,-0.0643,-1.47706,0.72973,0.38963,0.34823,0.11373,-0.60288,-0.61194,0.25889,0.19858,0.8691,0.16532,0.97587,-0.46018,2026-09-29,False,,,,,,,,,,,
CRGY,Energy Minerals,12.89,68204916.6914,46.07665,0.06513,-0.1706,35.54104,,,,,,,NEUTRAL,prior-research-2026-09-30+NEUTRAL,False,0.46637,5.34613,44.57125,0.83865,0.58333,-46.07665,-0.06513,-33.72922,18.03803,1.13592,1.27368,119.87425,100.25259,24.67257,-1.00383,3.72382,24.25072,0.51248,0.42339,0.41683,0.12462,0.02876,0.02958,0.95898,-0.44044,-0.17307,1.2091,0.44714,1.0119,-0.49023,1.18666,0.91141,2026-09-29,False,,,,,,,,,,,
CRI,Retail Trade,31.28,38659349.6954,44.04445,1.01868,0.16599,59.98134,,,,,,,NEUTRAL,prior-research-2026-09-30+NEUTRAL,False,0.49023,3.54251,17.48587,0.72047,0.66667,-44.04445,-1.01868,-33.13567,17.4703,20.17845,16.42871,88.92081,257.93191,8.91882,-1.15325,3.19693,5.17323,0.63708,-0.07985,1.54608,0.28225,-0.22892,0.30108,-0.14698,0.4305,1.3999,0.93639,0.38048,0.21541,0.04886,1.41394,0.15309,2026-09-29,False,,,,,,,,,,,
CRK,Energy Minerals,12.51,31961712.17518,53.07112,0.03495,-0.48094,18.84328,,,,,,,NEUTRAL,prior-research-2026-09-30+NEUTRAL,False,0.44804,11.01871,-27.49873,0.45707,0.33333,-53.07112,-0.03495,-54.768,17.28005,20.92088,13.71757,70.13102,51.23701,19.2785,-1.22907,0.0,17.31016,-1.32985,-1.28661,-1.47706,-0.26325,0.14257,-1.0852,-0.17067,1.07288,1.79593,0.16469,-0.25113,0.73635,-0.66214,-1.38816,0.60496,2026-09-29,False,,,,,,,,,,,
CRML,Non-Energy Minerals,7.38,38657001.27125,124.74656,3.64839,-0.94959,7.08955,,,,,,,NEUTRAL,prior-research-2026-09-30+NEUTRAL,True,0.43534,38.63299,9.70724,0.24625,0.5,-124.74656,-3.64839,-82.88288,17.47024,-104.70049,-20.22728,30.51583,0.0,,-0.01886,0.0,,-0.53801,-1.60305,-0.39697,-1.71297,-2.05348,-1.80019,0.30919,-1.834,-1.60879,-0.03371,-1.42997,0.0,0.90986,-0.2967,0.0,2026-09-29,False,,,,,,,,,,,
CROX,Consumer Non-Durables,122.63,124106578.45459,42.29268,0.69661,-0.08851,42.16418,,,,,,,NEUTRAL,prior-research-2026-09-30+NEUTRAL,False,0.47589,6.58579,49.55341,0.86855,0.66667,-42.29268,-0.69661,-24.2503,18.63665,42.29964,10.21471,23.75786,69.7971,20.81154,-1.21993,0.0,-2.02511,0.95584,0.6919,1.11437,0.02697,-0.50412,0.69098,1.35589,1.34255,1.15613,-0.73056,-0.17851,0.7086,-0.47452,-1.39905,-0.65615,2026-09-29,False,,,,,,,,,,,
CRSP,Health Technology,56.0,77416027.76527,56.04638,1.6372,-0.52695,16.79104,,,,,,,NEUTRAL,prior-research-2026-09-30+NEUTRAL,True,0.44564,9.79698,-6.40505,0.72936,0.5,-56.04638,-1.6372,-42.25058,18.1647,-26.09493,-8.30787,32.17386,0.24662,-3971.52778,-0.44874,0.0,-64.8042,-1.25517,-0.23056,-0.49602,0.29579,-0.90438,-0.01556,1.60222,-0.05603,-0.27898,0.47399,-0.46294,-1.54633,-0.3371,-0.07667,-2.12835,2026-09-29,False,,,,,,,,,,,
CRSR,Technology Services,13.46,14330400.0,82.47693,1.92698,0.6311,86.75373,,,,,,,NEUTRAL,prior-research-2026-09-30+NEUTRAL,False,0.51745,7.71679,41.6765,0.93798,0.5,-82.47693,-1.92698,-48.65471,16.47789,5.24847,2.28241,45.5802,99.49948,2.93951,-0.27806,0.0,3.11014,1.15153,1.54115,0.21344,-0.74212,-1.534,0.14237,-1.2093,-0.14515,0.08468,0.49655,1.03722,-0.35192,0.24529,-0.21817,-0.5584,2026-09-29,False,,,,,,,,,,,
CRVL,Finance,74.47,11140603.50723,34.03867,0.02941,-0.14907,37.59328,,,,,,,NEUTRAL,prior-research-2026-09-30+NEUTRAL,False,0.50148,4.20096,-11.95321,0.94697,0.5,-34.03867,-0.02941,-41.50559,16.22611,30.69745,3.06188,10.83814,26.11631,15.36878,-0.06944,0.0,7.0939,-0.67705,0.86959,-0.31843,-0.466,1.63958,-1.32356,-0.76486,1.1859,-0.48422,-2.21735,-0.444,-0.73501,0.99599,-2.03038,-0.15578,2026-09-29,False,,,,,,,,,,,
CSIQ,Electronic Technology,11.55,27882059.29794,76.19372,1.86417,-0.22652,32.27612,,,,,,,NEUTRAL,prior-research-2026-09-30+NEUTRAL,True,0.46634,10.84453,1.46719,0.34395,0.33333,-76.19372,-1.86417,-68.96963,17.14349,-6.64169,-23.50222,347.58539,629.51326,-1.72316,-2.8929,0.0,-15.69693,-0.79339,-1.26293,-1.56417,-0.09781,0.09658,-1.00343,-0.66158,-0.48179,-1.31877,3.0,3.0,-0.33644,-1.70527,-0.18865,-1.88247,2026-09-29,False,,,,,,,,,,,
CSTL,Health Technology,34.88,10096164.78157,60.64527,0.83913,0.14848,58.39552,,,,,,,NEUTRAL,prior-research-2026-09-30+NEUTRAL,True,0.48412,6.16029,47.51212,0.81041,0.66667,-60.64527,-0.83913,-57.82993,16.12767,-4.196,-1.81735,44.05636,33.44309,-8.98684,-0.07797,0.0,3.17932,0.06607,0.1684,0.83728,0.10238,0.26361,-0.79686,-1.04687,0.37482,0.20051,0.85831,0.99562,-0.26518,0.44267,-0.07667,-0.44027,2026-09-29,False,,,,,,,,,,,
CSTM,Non-Energy Minerals,24.59,40620437.08649,45.63664,1.46688,0.33846,72.20149,,,,,,,NEUTRAL,prior-research-2026-09-30+NEUTRAL,False,0.51147,2.49245,75.99478,0.68022,0.5,-45.63664,-1.46688,-31.97787,17.51978,53.80059,16.38011,37.44884,287.80905,8.42732,-1.54334,0.0,25.94175,0.72672,0.15474,-0.39697,0.9706,0.29744,0.85844,0.37364,1.95839,2.00826,0.20691,2.99434,-0.30037,-1.27442,-0.2967,0.34405,2026-09-29,False,,,,,,,,,,,
CSW,Process Industries,293.76999,39174861.54785,45.22517,1.21724,0.09602,53.45149,,,,,,,NEUTRAL,prior-research-2026-09-30+NEUTRAL,False,0.49871,4.67574,31.72647,0.83626,0.58333,-45.22517,-1.21724,-24.56254,17.48355,11.07225,2.53201,22.47841,24.49843,18.17275,-0.86388,0.38806,27.71253,0.48515,0.45659,0.42452,-0.06923,-0.90457,0.69516,0.57126,0.54223,0.22753,-1.06692,-1.35483,0.89738,-0.24457,-0.08115,1.38048,2026-09-29,False,,,,,,,,,,,
CSWC,Miscellaneous,23.32,13952042.22393,17.59833,0.55167,0.32223,70.98881,,,,,,,NEUTRAL,prior-research-2026-09-30+NEUTRAL,False,0.52942,1.73729,26.19486,0.92166,0.58333,-17.59833,-0.55167,-12.84692,16.45114,11.08039,7.38069,71.3991,15.4814,81.4513,-1.15836,9.95197,25.03964,0.51905,0.02563,0.51875,1.21833,-0.41304,0.69662,0.32928,0.42329,0.5421,-0.72389,-0.34768,0.82013,-0.02337,0.01601,1.35847,2026-09-29,False,,,,,,,,,,,
CTBI,Finance,74.5,7745040.15884,20.04719,0.52282,0.89038,94.58955,,,,,,,NEUTRAL,prior-research-2026-09-30+NEUTRAL,False,0.57073,1.78312,39.1892,0.94621,0.66667,-20.04719,-0.52282,-11.05052,15.86256,12.71587,7.92619,65.46581,30.89667,47.07958,-0.42334,2.84564,7.69693,0.62163,0.85843,1.01488,0.85762,0.19429,1.26641,-1.11404,0.23481,0.37863,-0.18272,-0.27395,0.64146,0.23065,0.19462,-0.09507,2026-09-29,False,,,,,,,,,,,
CTNM,Health Technology,11.5,5849647.91756,61.38063,0.95158,0.52049,82.08955,,,,,,,NEUTRAL,prior-research-2026-09-30+NEUTRAL,True,0.52788,4.16919,43.03691,0.65452,0.5,-61.38063,-0.95158,-34.54752,15.58189,-28.00535,-11.70125,48.73163,0.0,,-0.02743,0.0,,-0.0249,-0.60671,-0.49602,0.07525,0.04684,0.3994,-1.62116,-0.0777,-0.47965,0.99697,-1.05211,0.0,0.7822,-0.07667,0.0,2026-09-29,False,,,,,,,,,,,
CTRI,Utilities,20.34,36187997.70927,64.07353,1.32727,-0.98454,6.25,,,,,,,NEUTRAL,prior-research-2026-09-30+NEUTRAL,False,0.44097,5.11628,-3.69669,0.4866,0.5,-64.07353,-1.32727,-54.37799,17.40424,4.01805,1.42736,42.99261,167.90387,2.90977,-1.06936,0.0,25.17438,-0.42142,-1.4292,-0.44099,-2.35457,-2.49385,-2.06707,0.03142,-0.29064,-0.51464,-0.70962,1.1128,-1.49497,0.06781,-2.24928,1.32653,2026-09-29,False,,,,,,,,,,,
CUBI,Finance,74.52,20764960.00061,25.7937,0.90419,0.11605,54.85075,,,,,,,NEUTRAL,prior-research-2026-09-30+NEUTRAL,False,0.49018,2.93118,16.50112,0.89085,0.58333,-25.7937,-0.90419,-20.30538,16.84878,14.32451,11.52484,87.24883,60.26791,41.1326,-1.07422,0.0,11.54824,0.10018,0.25162,0.34799,0.03779,-0.7271,0.04799,-0.12577,0.3929,0.924,0.34911,0.53006,0.3798,-0.44986,-2.03038,0.22019,2026-09-29,False,,,,,,,,,,,
CURB,Finance,27.92,36790541.58497,20.42819,0.24679,0.23367,66.04478,,,,,,,NEUTRAL,prior-research-2026-09-30+NEUTRAL,False,0.53406,1.16485,36.98447,0.88468,0.58333,-20.42819,-0.24679,-11.5325,17.42075,1.43894,0.89799,70.84978,7.017,17.16967,-0.32345,2.3639,55.33856,0.57667,0.19209,0.34799,0.76541,1.01409,1.17141,0.60595,-0.65464,-0.87006,-0.05662,-1.27725,-0.60897,0.41748,-0.0127,1.37676,2026-09-29,False,,,,,,,,,,,
CUZ,Finance,27.61,41448643.98155,22.91216,0.57294,-0.21018,32.83582,,,,,,,NEUTRAL,prior-research-2026-09-30+NEUTRAL,False,0.50218,1.42164,8.98028,0.8548,0.41667,-22.91216,-0.57294,-24.92443,17.53997,0.13874,0.14148,98.72958,22.79041,22.65939,-0.87073,4.636,11.89217,-0.08712,0.01056,-0.94499,0.3008,0.02541,-0.25617,0.77779,-0.73193,-0.9776,0.58763,-0.55601,-0.30925,-0.23826,0.76041,0.2419,2026-09-29,False,,,,,,,,,,,
CVBF,Finance,21.94,28194264.0461,19.98232,0.66008,0.44932,78.54478,,,,,,,NEUTRAL,prior-research-2026-09-30+NEUTRAL,False,0.53838,1.92044,19.15015,0.94163,0.41667,-19.98232,-0.66008,-13.25246,17.15463,7.59932,5.34546,82.30819,18.53615,54.19232,-0.37176,3.64631,8.4177,0.15815,0.78408,-0.94499,0.89517,-0.21927,0.9585,0.26097,-0.21964,-0.06229,0.23762,-0.75651,0.85321,0.3326,0.53119,-0.05034,2026-09-29,False,,,,,,,,,,,
CVCO,Consumer Durables,556.12,51730755.70679,38.61537,1.14651,-0.0622,43.65672,,,,,,,NEUTRAL,prior-research-2026-09-30+NEUTRAL,False,0.49617,2.76045,-0.71094,0.79701,0.66667,-38.61537,-1.14651,-34.68241,17.76156,16.65848,4.17971,25.54986,53.00442,9.61722,-0.03702,0.0,9.68585,-0.00101,0.25911,1.42581,0.38796,-0.46101,0.17314,0.57385,0.68299,0.1566,-1.2043,-0.89399,0.23796,1.32541,-0.92827,0.66834,2026-09-29,False,,,,,,,,,,,
CVI,Energy Minerals,50.57,35558647.91565,54.72352,-0.13511,-0.08651,42.35075,,,,,,,NEUTRAL,prior-research-2026-09-30+NEUTRAL,False,0.48824,7.27945,15.72496,0.93406,0.5,-54.72352,0.13511,-48.21295,17.38669,13.92533,1.3317,10.1325,163.5096,6.79887,-3.42667,0.39549,17.8795,-0.13439,1.24587,-0.24958,-0.31677,0.94649,-0.77007,-0.05895,0.59701,-0.15701,-2.06848,0.87537,-0.26162,-1.42923,-0.07549,0.63807,2026-09-29,False,,,,,,,,,,,
CVSA,Consumer Services,119.45,42105193.11752,50.11054,0.34229,-0.33161,26.86567,,,,,,,NEUTRAL,prior-research-2026-09-30+NEUTRAL,False,0.49385,1.65092,-11.63753,0.77339,0.75,-50.11054,-0.34229,-42.14309,17.55568,18.56893,6.50006,35.16373,47.5051,19.94309,-0.62613,0.0,9.27115,-0.59703,0.05913,2.02486,-0.24794,0.77312,-0.39164,0.16404,0.2835,0.60512,0.35651,-0.37889,0.73573,0.69789,-1.13702,0.41213,2026-09-29,False,,,,,,,,,,,
CWK,Finance,11.75,22894520.13016,41.35698,1.20378,-0.41421,21.73507,,,,,,,NEUTRAL,prior-research-2026-09-30+NEUTRAL,False,0.47642,4.03226,-11.0271,0.68314,0.41667,-41.35698,-1.20378,-31.68605,16.94641,3.52084,2.4823,72.69283,388.62243,3.84079,-1.49864,0.0,11.04371,-0.64797,-0.89227,-0.94499,-0.92392,-1.26153,-0.73779,-0.01098,-0.50529,-0.60726,-0.01162,2.51584,-1.83167,-0.72348,-2.03038,0.17172,2026-09-29,False,,,,,,,,,,,
CWST,Industrial Services,80.2,46525963.26294,34.55762,0.13916,0.20256,63.24627,,,,,,,NEUTRAL,prior-research-2026-09-30+NEUTRAL,False,0.52052,2.7409,4.57691,0.74716,0.5,-34.55762,-0.13916,-30.15651,17.65552,0.36398,0.11168,30.93629,38.28711,4.81707,-0.91455,0.0,13.58858,-0.57245,0.32471,-0.48975,1.1318,1.96559,0.49788,0.09741,-0.52689,-0.28677,-0.30275,-0.4084,-0.3742,-0.08542,-0.8999,0.13596,2026-09-29,False,,,,,,,,,,,
CXM,Technology Services,4.82,17031987.34403,49.42272,0.14989,0.4323,77.42537,,,,,,,NEUTRAL,prior-research-2026-09-30+NEUTRAL,False,0.50011,5.65693,3.81679,0.58709,0.41667,-49.42272,-0.14989,-41.29111,16.6506,4.35727,2.00283,44.00402,75.49489,5.52812,-0.0796,0.0,6.34942,0.25638,-0.50075,-0.41313,0.63147,1.73903,0.5431,-1.00461,-0.20353,0.04528,0.44187,0.74491,-0.0491,0.70387,-0.21817,-0.28578,2026-09-29,False,,,,,,,,,,,
CXT,Producer Manufacturing,47.0,27677140.04135,41.35975,1.07699,0.1727,60.91418,,,,,,,NEUTRAL,prior-research-2026-09-30+NEUTRAL,False,0.48733,5.83351,-22.09441,0.6922,0.41667,-41.35975,-1.07699,-46.98028,17.13612,11.49435,5.18486,46.80028,66.62708,16.3237,-1.15857,1.51064,17.27704,-0.84509,0.12444,-0.80251,0.95924,0.55954,-0.17423,-0.32973,0.50293,0.70717,0.21509,0.22275,0.9479,-0.69999,0.86438,0.42342,2026-09-29,False,,,,,,,,,,,
CXW,Commercial Services,32.67,52312962.97913,42.56264,0.48517,0.34145,72.66791,,,,,,,NEUTRAL,prior-research-2026-09-30+NEUTRAL,False,0.50535,6.44362,56.89096,0.91925,0.5,-42.56264,-0.48517,-25.15081,17.77275,8.77233,3.97761,44.73563,77.25141,9.94241,-0.93642,0.0,24.34834,1.15772,1.13944,0.25139,0.38677,0.29442,1.01896,0.62315,-0.25788,-0.08851,0.22853,-0.09823,0.26864,-0.26998,-0.53421,0.6779,2026-09-29,False,,,,,,,,,,,
CYPH,Finance,3.23,1693386.42182,173.84801,3.14505,-0.24229,31.15672,,,,,,,NEUTRAL,prior-research-2026-09-30+NEUTRAL,True,0.47568,35.11905,388.57145,0.78398,0.66667,-173.84801,-3.14505,-82.6936,14.34224,-1.20935,-0.23453,37.25785,0.0,,-0.00027,0.0,,2.68948,-0.38108,1.01488,-3.0,-3.0,-3.0,-2.14218,-0.77756,-1.01143,-0.92256,-2.23619,0.0,2.18905,-2.03038,0.0,2026-09-29,False,,,,,,,,,,,
DAC,Transportation,154.48,16457559.41772,23.86225,0.39775,0.98199,96.17537,,,,,,,NEUTRAL,prior-research-2026-09-30+NEUTRAL,False,0.56631,2.03568,67.54823,0.95123,0.66667,-23.86225,-0.39775,-9.51132,16.6163,14.13972,18.88827,141.69051,36.84976,48.42365,-0.29844,2.3304,2.4516,0.43089,0.81711,0.52768,1.20295,0.52456,2.04988,-0.71805,-0.03379,1.22934,1.54952,-0.6723,1.20874,0.59277,0.11411,-0.71133,2026-09-29,False,,,,,,,,,,,
DAN,Producer Manufacturing,27.37,37715030.78671,48.2048,1.02334,0.25636,67.16418,,,,,,,NEUTRAL,prior-research-2026-09-30+NEUTRAL,True,0.49904,4.42628,53.89,0.70862,0.5,-48.2048,-1.02334,-35.79041,17.44557,-2.88092,-2.3546,63.67399,254.09779,4.01984,-0.78281,1.68067,-15.78369,1.03057,0.18752,-0.17595,0.52811,0.64051,0.40691,0.09574,-0.4568,-0.40278,0.60111,1.56853,-0.17025,-0.3409,0.9035,-1.62552,2026-09-29,False,,,,,,,,,,,
DAVE,Finance,326.44,136542980.59692,69.96968,1.8234,-1.36611,1.6791,,,,,,,NEUTRAL,prior-research-2026-09-30+NEUTRAL,False,0.42602,9.45573,73.56716,0.73767,0.66667,-69.96968,-1.8234,-39.10564,18.73215,104.77876,5.42407,5.0649,15.68131,33.53541,-1.29139,0.0,48.62654,1.16039,-0.60486,1.01488,-2.33598,-1.93559,-1.19797,2.55427,2.1442,-0.05067,-2.83146,-0.89872,0.06057,-0.58594,-2.03038,1.30698,2026-09-29,False,,,,,,,,,,,
DBD,Electronic Technology,60.25,16493688.83286,43.09481,0.99892,0.73927,90.95149,,,,,,,NEUTRAL,prior-research-2026-09-30+NEUTRAL,False,0.54956,1.6096,19.90386,0.66391,0.58333,-43.09481,-0.99892,-33.60882,16.61849,10.76268,5.48699,47.74189,191.05784,8.99535,-1.14404,0.0,5.43801,-0.28662,0.00856,0.32972,1.48246,1.18921,0.76547,-1.32018,0.54034,0.91125,0.59869,2.08829,0.6464,-0.96029,-0.18865,-0.60854,2026-09-29,False,,,,,,,,,,,
DC,Non-Energy Minerals,6.21,6346021.32206,60.92958,1.53654,0.75565,91.51119,,,,,,,NEUTRAL,prior-research-2026-09-30+NEUTRAL,True,0.5395,8.83281,29.61374,0.88714,0.66667,-60.92958,-1.53654,-41.71429,15.66334,-23.43774,-4.31649,21.97436,0.0,,-0.00609,0.0,,-0.05144,1.31626,0.93633,0.24723,0.21116,0.29823,-1.73473,-0.96823,-0.78686,-0.40613,-1.42997,0.0,1.24547,-0.2967,0.0,2026-09-29,False,,,,,,,,,,,
DCH,Producer Manufacturing,5.31,16507050.62628,63.67772,1.76066,0.17588,61.10075,,,,,,,NEUTRAL,prior-research-2026-09-30+NEUTRAL,True,0.49583,7.89474,2.26538,0.59,0.66667,-63.67772,-1.76066,-43.44444,16.6193,-14.99061,-12.79812,118.15297,643.32454,3.43763,-3.4436,0.0,40.98094,-0.17125,-0.28933,1.15736,-0.16627,-0.32203,-0.01506,-0.9658,-0.72136,-1.08499,1.7784,2.51648,-0.22085,-1.52012,-0.89902,1.13404,2026-09-29,False,,,,,,,,,,,
DCO,Electronic Technology,171.17,41872778.99933,42.77329,1.14637,0.82208,92.53731,,,,,,,NEUTRAL,prior-research-2026-09-30+NEUTRAL,True,0.55225,3.64073,88.73782,0.82699,0.5,-42.77329,-1.14637,-20.52372,17.55015,-3.5491,-0.96233,26.77829,33.47782,10.35571,-0.4849,0.0,8.56859,0.83096,0.84296,-0.3367,1.49507,0.93945,1.65885,-0.11162,-0.38091,-0.1389,-0.0976,0.21107,0.78824,-0.317,-0.18865,-0.35648,2026-09-29,False,,,,,,,,,,,
DEI,Finance,9.6,20398003.73306,30.55517,0.61585,-0.43913,20.70896,,,,,,,NEUTRAL,prior-research-2026-09-30+NEUTRAL,True,0.48583,1.56097,-19.25703,0.64159,0.33333,-30.55517,-0.61585,-40.86046,16.83095,-1.27854,-1.52502,114.28516,62.62961,19.00339,-3.12486,7.91667,0.78213,-0.87684,-1.08514,-1.5459,-0.22783,-0.09733,-1.28328,-0.15684,-0.78063,-1.13047,0.89496,0.56491,-0.49526,-1.29016,1.46311,-0.74123,2026-09-29,False,,,,,,,,,,,
DFTX,Health Technology,38.21,78804071.43173,82.0283,1.09769,-0.24546,30.87687,,,,,,,NEUTRAL,prior-research-2026-09-30+NEUTRAL,True,0.47971,6.19298,284.06747,0.78865,0.66667,-82.0283,-1.09769,-25.34572,18.18248,-64.0869,-6.8836,17.87488,0.0,,-0.0397,0.0,,1.71422,0.06915,0.83728,-0.76801,-0.1698,1.0765,1.63836,-0.52797,-0.17152,-0.21622,-1.05211,0.0,0.6339,-0.07667,0.0,2026-09-29,False,,,,,,,,,,,
DGII,Electronic Technology,76.5,26196030.94482,43.16442,1.00237,0.9694,95.80224,,,,,,,NEUTRAL,prior-research-2026-09-30+NEUTRAL,False,0.56048,3.6076,103.73756,0.89747,0.83333,-43.16442,-1.00237,-21.80901,17.08112,7.45948,1.68184,23.64924,17.46936,15.09918,-0.17279,0.0,20.25918,1.03654,1.34656,2.61474,1.47617,1.1831,1.58471,-0.75995,0.23499,0.22764,-0.25822,-0.4011,1.13853,0.21422,-0.18865,0.28818,2026-09-29,False,,,,,,,,,,,
DHT,Transportation,22.42,58035749.14932,38.85025,0.25092,-0.00586,47.48134,,,,,,,NEUTRAL,prior-research-2026-09-30+NEUTRAL,False,0.49021,4.06505,80.9697,0.96347,0.75,-38.85025,-0.25092,-17.18436,17.87657,39.17635,12.80236,35.93133,19.51666,56.6595,-0.32702,10.92774,39.41599,0.58481,1.06003,1.23981,0.26863,1.00836,0.72865,1.06627,1.03406,0.60438,-0.74021,-1.31411,1.48236,0.55938,1.89457,1.03282,2026-09-29,False,,,,,,,,,,,
DIN,Consumer Services,28.14,9054819.87381,45.53669,0.67592,0.5299,82.3694,,,,,,,NEUTRAL,prior-research-2026-09-30+NEUTRAL,False,0.53997,2.54507,41.01961,0.73929,0.58333,-45.53669,-0.67592,-34.68668,16.01881,,1.77875,,254.18154,14.53343,,3.83795,6.44311,0.72588,-0.10669,0.64584,0.01872,-0.17825,0.00621,-1.61271,0.0,-0.22909,0.0,1.30342,0.34593,0.0,1.47834,0.1801,2026-09-29,False,,,,,,,,,,,
DIOD,Electronic Technology,97.18,46167244.02466,70.8953,1.86995,0.19186,62.40672,,,,,,,NEUTRAL,prior-research-2026-09-30+NEUTRAL,False,0.48204,5.74231,65.72505,0.79163,0.75,-70.8953,-1.86995,-38.01727,17.64778,4.49626,1.93302,44.01048,36.70563,4.80461,-0.04559,0.0,17.80224,0.59962,0.66048,1.70874,0.12373,0.09084,0.49729,0.06042,0.04436,0.25667,0.49201,0.33111,0.2061,0.63586,-0.18865,0.19172,2026-09-29,False,,,,,,,,,,,
DJCO,Consumer Services,657.34003,36008631.46973,33.55241,0.67766,0.46419,79.47761,,,,,,,NEUTRAL,prior-research-2026-09-30+NEUTRAL,True,0.53496,2.56626,34.81475,0.95591,0.58333,-33.55241,-0.67766,-30.40528,17.39927,-3.30792,-1.26777,37.70389,10.90191,13.45281,-0.06169,0.0,23.353,0.58864,1.52947,0.64584,0.77147,-0.18719,0.30671,-0.05886,-1.21509,-0.62648,0.45579,-1.78571,0.28727,1.7292,-1.13702,1.12031,2026-09-29,False,,,,,,,,,,,
DJT,Commercial Services,9.1,35415216.95251,58.68807,1.52464,-0.4466,20.33582,,,,,,,NEUTRAL,prior-research-2026-09-30+NEUTRAL,True,0.47351,4.15755,-43.08919,0.51646,0.33333,-58.68807,-1.52464,-59.9319,17.38265,-78.92851,-49.70884,38.98832,0.17224,-4052.33237,-0.9515,0.0,21.61253,-1.34662,-0.97527,-0.97608,-0.43564,-1.63955,-0.96181,0.02383,-2.10243,-2.52605,0.04148,-2.57634,-2.3825,-0.3038,-0.53421,0.54242,2026-09-29,False,,,,,,,,,,,
DK,Energy Minerals,68.73,96499735.55145,57.7152,-0.00927,-0.41041,22.10821,,,,,,,NEUTRAL,prior-research-2026-09-30+NEUTRAL,False,0.46403,5.30197,125.27437,0.8428,0.66667,-57.7152,0.00927,-36.01918,18.38505,212.70588,5.20127,4.32319,279.32772,6.05814,-17.45416,1.48407,11.40114,1.46939,0.46111,1.08373,-0.43538,0.3231,-0.11555,1.52213,2.78958,0.53814,-2.68016,1.54767,-0.33018,-2.21684,0.36662,0.31481,2026-09-29,False,,,,,,,,,,,
DLB,Technology Services,57.93,50158087.43324,34.22203,0.38069,0.44463,78.07836,,,,,,,NEUTRAL,prior-research-2026-09-30+NEUTRAL,False,0.52251,2.9703,-13.07705,0.81562,0.25,-34.22203,-0.38069,-32.097,17.73069,8.71873,4.13997,47.3015,24.79036,19.3326,-0.01837,2.48576,0.5526,-0.25202,0.54124,-1.66008,1.56617,1.00207,1.06602,0.42829,0.11994,0.40852,0.53407,-0.48712,1.08744,1.18399,1.83828,-0.85974,2026-09-29,False,,,,,,,,,,,
DLO,Technology Services,13.69,26246397.45026,44.43578,1.27654,0.69902,89.55224,,,,,,,NEUTRAL,prior-research-2026-09-30+NEUTRAL,False,0.53824,4.98988,5.03614,0.86755,0.66667,-44.43578,-1.27654,-30.44851,17.08304,41.28159,5.25265,13.60806,34.91644,17.68425,-0.1247,1.43657,57.02655,0.28783,0.85526,1.54675,0.94771,-0.90691,1.19514,-0.48996,1.75168,0.64065,-0.88775,-0.13556,0.98298,0.57683,1.52802,1.31209,2026-09-29,False,,,,,,,,,,,
DNA,Health Services,11.96,8923179.26631,92.63253,2.66756,-0.16429,36.28731,,,,,,,NEUTRAL,prior-research-2026-09-30+NEUTRAL,True,0.47458,19.46387,-39.47826,0.74102,0.5,-92.63253,-2.66756,-66.04709,16.00416,-57.08009,-37.60915,55.60394,13.34265,-257.99147,-0.96152,0.0,-51.53565,-1.57692,-0.23852,-0.28004,-1.28485,-2.39865,-1.17698,-1.30332,-1.20601,-1.5379,0.41786,-1.7782,-1.44949,-0.10245,-0.23761,-1.92363,2026-09-29,False,,,,,,,,,,,
DNLI,Health Technology,20.81,33308499.62616,50.40939,1.25012,0.25313,67.0709,,,,,,,NEUTRAL,prior-research-2026-09-30+NEUTRAL,True,0.50139,5.52028,72.04301,0.76479,0.58333,-50.40939,-1.25012,-27.52664,17.32132,-54.92885,-15.47205,25.27974,0.10903,-15058.18535,-0.04512,0.0,,0.41357,-0.02401,0.17039,0.53664,-0.4637,0.90801,0.29772,-0.41612,-0.67524,0.18418,-0.56758,-2.20656,0.58613,-0.07667,0.0,2026-09-29,False,,,,,,,,,,,
DNOW,Distribution Services,15.71,31014719.5015,30.8323,0.74581,0.3211,70.89552,,,,,,,NEUTRAL,prior-research-2026-09-30+NEUTRAL,True,0.52704,2.94118,2.7742,0.93124,0.41667,-30.8323,-0.74581,-34.08418,17.24997,-11.57279,-6.60047,73.43218,143.34959,-2.54715,-0.30148,0.0,69.84193,-0.34992,0.79911,-0.53952,0.93432,0.14333,-0.01616,-0.2445,-1.11412,-1.08262,0.65222,-0.49458,-0.61402,0.83681,-0.43494,1.55395,2026-09-29,False,,,,,,,,,,,
DNTH,Health Technology,87.16,80067048.85864,51.66466,0.86098,-0.10141,41.23134,,,,,,,NEUTRAL,prior-research-2026-09-30+NEUTRAL,True,0.48648,2.82726,188.31381,0.75164,0.66667,-51.66466,-0.86098,-24.83615,18.19837,-26.06542,-3.87682,24.12495,0.0384,-11441.38655,-0.0011,0.0,-60.77462,1.38244,-0.08425,0.83728,0.46558,0.21653,1.09005,1.67624,-0.05174,0.00018,0.12656,-0.59361,-1.98116,1.58714,-0.07667,-2.0293,2026-09-29,False,,,,,,,,,,,
DOCS,Technology Services,26.52,67798277.79579,71.97332,0.38986,-0.9558,6.90299,,,,,,,NEUTRAL,prior-research-2026-09-30+NEUTRAL,False,0.45121,3.52085,-64.07258,0.35304,0.25,-71.97332,-0.38986,-76.02503,18.03205,17.20647,3.40231,18.4917,13.35227,30.57303,-0.01056,0.0,11.18181,-1.6978,-1.44876,-1.66008,-0.36985,0.99376,-1.27242,0.92484,0.8364,0.30488,-0.58592,-1.01829,1.54465,1.32712,-0.21817,0.0976,2026-09-29,False,,,,,,,,,,,
DOO,Producer Manufacturing,57.36,13056969.58466,71.99248,1.00926,0.30681,70.24254,,,,,,,NEUTRAL,prior-research-2026-09-30+NEUTRAL,False,0.50718,4.82715,2.99342,0.70846,0.58333,-71.99248,-1.00926,-37.46839,16.38483,28.24512,1.96539,5.70119,162.81492,7.13781,-9.12534,1.14124,18.4,-0.14188,0.18491,0.49047,-0.54325,0.66508,0.31199,-1.23578,1.44818,0.11581,-1.91199,1.08063,0.20658,-2.0554,0.70079,0.48089,2026-09-29,False,,,,,,,,,,,
DORM,Consumer Durables,123.89,26866399.80316,38.9784,0.69309,0.2207,64.92537,,,,,,,NEUTRAL,prior-research-2026-09-30+NEUTRAL,False,0.52553,1.26485,-16.70959,0.78397,0.25,-38.9784,-0.69309,-36.40448,17.10639,15.04755,5.99349,41.41931,58.8968,17.15234,-0.34867,0.0,3.29979,-0.44564,0.21612,-1.78102,0.36432,0.34284,0.05602,-0.3659,0.56735,0.50774,-0.62685,-0.77986,0.81624,0.4862,-0.92827,0.14437,2026-09-29,False,,,,,,,,,,,
DRH,Finance,12.47,29144060.91881,23.56274,0.5823,0.40306,76.58582,,,,,,,NEUTRAL,prior-research-2026-09-30+NEUTRAL,False,0.52478,2.41667,63.20166,0.93199,0.58333,-23.56274,-0.5823,-10.84221,17.18776,9.91874,6.03892,60.07226,44.65256,16.257,-0.78529,2.72654,1.03249,1.02861,0.68743,0.34799,0.21838,-0.01285,1.31988,0.32804,-0.00803,0.04745,-0.29322,0.22822,-0.68451,-0.15103,0.14195,-0.7083,2026-09-29,False,,,,,,,,,,,
DV,Technology Services,13.4,28144063.71994,43.47392,0.25852,0.85385,93.47015,,,,,,,NEUTRAL,prior-research-2026-09-30+NEUTRAL,False,0.56548,0.82029,12.53154,0.99112,0.5,-43.47392,-0.25852,-29.01896,17.15285,5.38887,2.82039,52.46142,36.84029,12.68667,-0.10218,0.0,7.63925,0.47495,2.28861,0.21344,1.00689,1.43126,1.29541,-0.38679,-0.13131,0.21295,0.69775,-0.0698,0.6256,0.65307,-0.21817,-0.18519,2026-09-29,False,,,,,,,,,,,
DX,Finance,11.39,65026394.61651,17.27882,0.43151,-0.01456,46.73507,,,,,,,NEUTRAL,prior-research-2026-09-30+NEUTRAL,False,0.50298,1.06908,22.77291,0.8582,0.58333,-17.27882,-0.43151,-15.26752,17.9903,18.23078,15.43781,113.47642,31.69757,120.13495,-7.13205,17.91045,136.45035,0.2595,0.03591,0.34799,1.6895,0.44214,0.61555,1.4936,0.64481,1.30552,0.88715,-0.23103,2.35265,-1.78333,2.53893,1.82939,2026-09-29,False,,,,,,,,,,,
DXC,Technology Services,10.33,27421193.61649,64.85948,0.43554,0.15094,58.67537,,,,,,,NEUTRAL,prior-research-2026-09-30+NEUTRAL,False,0.48359,6.40913,-19.98573,0.66948,0.16667,-64.85948,-0.43554,-46.72715,17.12683,3.98394,7.3249,179.34176,737.45234,1.58603,-1.36539,0.0,-2.42301,-0.42551,-0.20313,-2.31522,-0.06329,0.88964,0.26801,-0.42683,-0.23429,0.99316,2.78656,3.0,-0.45172,-0.89555,-0.21817,-1.10247,2026-09-29,False,,,,,,,,,,,
DXPE,Distribution Services,182.56,21184863.47656,53.56682,1.57083,0.33753,72.01493,,,,,,,NEUTRAL,prior-research-2026-09-30+NEUTRAL,False,0.53721,2.73913,52.43092,0.90898,0.58333,-53.56682,-1.57083,-32.98597,16.8688,18.46926,3.26028,18.93783,74.86425,8.92596,-1.66254,0.0,11.47064,0.80051,0.58277,0.75347,-0.449,-1.12016,0.05953,-0.76839,0.57437,-0.02329,-1.03572,-1.10527,0.39439,-0.40138,-0.43494,0.26949,2026-09-29,False,,,,,,,,,,,
DYN,Health Technology,16.21,49418200.0,57.08622,1.46481,-0.19033,34.70149,,,,,,,NEUTRAL,prior-research-2026-09-30+NEUTRAL,True,0.4767,4.3629,90.64639,0.6053,0.5,-57.08622,-1.46481,-40.1419,17.71583,-81.56527,-16.75508,25.53151,0.0,,-0.33234,0.0,,0.59922,-0.77401,-0.49602,0.2411,-0.70745,0.09097,0.85413,-0.75609,-0.71364,0.19418,-1.05211,0.0,-0.12692,-0.07667,0.0,2026-09-29,False,,,,,,,,,,,
EBC,Finance,20.98,48034984.76715,22.22481,0.79628,0.01589,48.78731,,,,,,,NEUTRAL,prior-research-2026-09-30+NEUTRAL,False,0.49652,2.3721,24.14624,0.89313,0.41667,-22.22481,-0.79628,-15.04348,17.68744,9.4418,7.83787,89.12176,31.09006,35.93844,-0.11569,2.57388,56.04775,0.30553,0.2709,-0.94499,0.3411,-0.52079,0.65866,1.02354,-0.05871,0.35634,0.39015,-0.26165,0.12849,0.86518,0.0706,1.38343,2026-09-29,False,,,,,,,,,,,
ECG,Industrial Services,117.8,58032938.89771,59.97651,1.91845,-0.10469,40.95149,,,,,,,NEUTRAL,prior-research-2026-09-30+NEUTRAL,False,0.48727,3.6362,38.84824,0.69638,0.66667,-59.97651,-1.91845,-35.46347,17.87652,39.52455,4.2555,12.9307,71.35611,7.83057,-0.47096,0.0,30.53411,0.23626,0.0253,0.84356,-0.23808,-1.32619,0.14083,0.48268,1.646,0.40867,-1.27616,0.28592,-0.04834,0.36676,-0.8999,0.76078,2026-09-29,False,,,,,,,,,,,
ECO,Transportation,80.25,31027425.00687,45.45655,0.20176,0.13794,56.90299,,,,,,,NEUTRAL,prior-research-2026-09-30+NEUTRAL,False,0.50157,4.68812,164.46944,0.9299,0.75,-45.45655,-0.20176,-19.9927,17.25038,61.59199,12.76641,27.3613,22.4279,62.34189,-0.82334,11.90031,105.2422,1.29379,0.53301,1.23981,-0.16255,1.11683,0.45764,0.11746,1.39888,0.59672,-1.0505,-1.18873,1.65992,-0.05247,2.00523,1.57626,2026-09-29,False,,,,,,,,,,,
EEFT,Commercial Services,63.76,42725961.74011,40.00337,0.48731,0.09507,53.35821,,,,,,,NEUTRAL,prior-research-2026-09-30+NEUTRAL,False,0.47015,7.08835,-21.79989,0.7128,0.33333,-40.00337,-0.48731,-28.75349,17.57032,22.34273,12.17798,51.93989,184.72191,11.55077,-2.28214,0.0,5.75863,-0.76186,-0.17636,-0.97608,0.52811,0.28721,0.74259,0.28562,0.73226,1.249,0.43796,0.76516,0.42028,-1.02156,-0.53421,-0.37999,2026-09-29,False,,,,,,,,,,,
EFC,Finance,12.18,14350215.66887,15.69227,0.33967,0.60057,85.35448,,,,,,,NEUTRAL,prior-research-2026-09-30+NEUTRAL,False,0.53948,1.36656,14.85849,0.897,0.58333,-15.69227,-0.33967,-17.7087,16.47928,12.34572,14.36884,112.99504,40.38324,81.18187,-9.40393,12.80788,30.21774,0.0523,0.32691,0.34799,2.03891,0.68737,0.27738,-0.56276,0.21657,1.21522,0.87176,0.05922,1.53728,-1.8772,1.98281,0.97307,2026-09-29,False,,,,,,,,,,,
EFOR,Technology Services,32.9,19516704.04816,122.50614,0.53732,-0.33739,26.39925,,,,,,,NEUTRAL,prior-research-2026-09-30+NEUTRAL,False,0.45524,8.19828,-33.25673,0.61749,0.33333,-122.50614,-0.53732,-67.98048,16.78678,4.57061,6.13452,133.74082,293.1855,5.70233,-0.83464,0.0,-0.95133,-0.77255,-0.38359,-1.01403,-1.74204,0.5959,-0.76598,-0.8457,-0.18402,0.80102,2.32118,2.20505,-0.03241,-0.4588,-0.21817,-0.98449,2026-09-29,False,,,,,,,,,,,
ELVN,Health Technology,46.51,46711826.2619,53.22455,1.1448,-0.0298,45.61567,,,,,,,NEUTRAL,prior-research-2026-09-30+NEUTRAL,True,0.49044,2.81564,189.15542,0.76059,0.75,-53.22455,-1.1448,-36.83771,17.65951,-15.31156,-3.12853,26.4449,0.0,,-0.00169,0.0,,1.39725,-0.04911,1.54941,0.39073,-0.25728,0.25435,0.7956,0.14948,0.05327,0.237,-1.05211,0.0,1.55468,-0.07667,0.0,2026-09-29,False,,,,,,,,,,,
ENPH,Producer Manufacturing,31.83,154784059.27048,81.47194,2.02075,-1.01964,5.22388,,,,,,,NEUTRAL,prior-research-2026-09-30+NEUTRAL,False,0.43363,6.76382,2.05479,0.44007,0.41667,-81.47194,-2.02075,-57.26531,18.85754,12.99644,3.01045,26.54921,29.84088,25.63143,-0.51899,0.0,-10.40724,-0.1955,-0.88718,-0.80251,-0.85047,-0.543,-0.69941,2.10448,0.62346,0.31497,-0.47136,-0.68869,1.47367,-0.08622,-0.89902,-1.48339,2026-09-29,False,,,,,,,,,,,
ENVA,Finance,167.92,66030035.38513,54.26478,1.07992,-0.92927,7.3694,,,,,,,NEUTRAL,prior-research-2026-09-30+NEUTRAL,False,0.44222,4.01998,90.86361,0.63259,0.41667,-54.26478,-1.07992,-36.74139,18.00562,26.08097,8.55241,36.03956,82.91638,24.13737,-3.37015,0.0,17.65342,1.3346,-1.11163,-0.94499,-1.64299,-0.99918,-1.08288,1.52774,1.00351,0.48812,-0.95759,0.82851,-0.23198,-1.30864,-2.03038,0.50642,2026-09-29,False,,,,,,,,,,,
EOSE,Producer Manufacturing,3.11,95423341.05206,111.1624,3.23949,-1.57747,0.83955,,,,,,,NEUTRAL,prior-research-2026-09-30+NEUTRAL,False,0.41978,18.75,-67.78656,0.16206,0.33333,-111.1624,-3.23949,-84.15842,18.37383,,-61.56781,,18.58838,-158.78095,,0.0,533.86982,-2.22746,-2.15674,-1.40342,-1.58719,-1.73613,-2.10061,1.54903,0.0,-2.03545,0.0,-1.13664,-1.45074,0.0,-0.89902,2.18508,2026-09-29,False,,,,,,,,,,,
EPAM,Technology Services,107.14,122445350.0,54.15386,0.34349,-0.80923,9.04851,,,,,,,NEUTRAL,prior-research-2026-09-30+NEUTRAL,False,0.42759,4.83419,-24.3941,0.48392,0.5,-54.15386,-0.34349,-65.65492,18.62318,11.17846,7.26297,63.62769,101.56168,9.80168,-0.04327,0.0,10.76187,-0.5529,-0.91444,0.21344,0.41117,1.1282,-0.66107,1.70352,0.35566,0.97939,0.9051,1.04914,0.3879,0.89176,-0.21817,0.06281,2026-09-29,False,,,,,,,,,,,
EPR,Finance,57.19,43349552.43454,19.15961,0.23304,-0.03484,45.33582,,,,,,,NEUTRAL,prior-research-2026-09-30+NEUTRAL,False,0.50683,1.45948,10.02971,0.89815,0.5,-19.15961,-0.23304,-19.50756,17.58481,11.34641,6.08121,53.38354,17.16322,36.63551,-1.52631,6.29481,4.52745,-0.05906,0.33703,-0.31843,1.05129,1.04517,0.12417,0.84965,0.13601,0.06579,-0.42667,-0.82809,0.14471,-0.74117,1.16696,-0.3387,2026-09-29,False,,,,,,,,,,,
EPRT,Finance,26.27,45709465.0034,20.35751,0.01602,-0.29043,28.91791,,,,,,,NEUTRAL,prior-research-2026-09-30+NEUTRAL,False,0.49932,1.0837,6.37794,0.77533,0.5,-20.35751,-0.01602,-22.46734,17.63782,6.50061,4.7561,78.9452,11.07937,64.80878,-0.66478,4.72021,22.72816,-0.16174,-0.41132,-0.31843,0.77637,1.72016,-0.09282,0.92642,-0.29403,-0.18956,0.13842,-1.11847,1.19995,-0.03615,0.7841,0.71023,2026-09-29,False,,,,,,,,,,,
ERAS,Health Technology,14.21,63901426.96381,120.01765,1.37878,-0.75741,10.26119,,,,,,,NEUTRAL,prior-research-2026-09-30+NEUTRAL,True,0.46203,4.12335,766.82699,0.6324,0.75,-120.01765,-1.37878,-59.45705,17.97285,-78.24886,-5.61693,7.91908,0.0,,-0.12356,0.0,,2.40767,-0.68249,1.54941,-1.67338,-0.61822,-0.8692,1.27684,-0.69215,-0.12288,-0.98982,-1.05211,0.0,0.30037,-0.07667,0.0,2026-09-29,False,,,,,,,,,,,
ERO,Non-Energy Minerals,37.14,38691745.38803,67.58095,1.71725,0.28094,68.56343,,,,,,,NEUTRAL,prior-research-2026-09-30+NEUTRAL,False,0.49541,8.62464,108.31547,0.91931,0.66667,-67.58095,-1.71725,-37.97002,17.47114,30.22982,7.56267,30.27835,25.40994,35.88036,-0.47247,0.0,85.2583,1.07177,1.64726,0.93633,-0.07046,0.05044,0.48591,0.31687,1.44444,0.91454,-0.05213,0.34928,1.13767,-0.35191,-0.2967,1.0631,2026-09-29,False,,,,,,,,,,,
ESAB,Producer Manufacturing,67.6,58325278.68347,52.94262,1.33587,-0.46399,19.77612,,,,,,,NEUTRAL,prior-research-2026-09-30+NEUTRAL,False,0.44462,5.92135,-30.27461,0.50255,0.5,-52.94262,-1.33587,-51.7225,17.88155,8.57985,4.10574,56.7484,71.95581,14.15297,-1.00032,0.6213,9.6549,-1.05226,-0.62846,-0.17595,0.29361,0.11272,-0.41816,0.81264,0.23262,0.48685,0.48345,0.32122,0.80477,-0.57187,0.50204,0.00041,2026-09-29,False,,,,,,,,,,,
ESNT,Finance,63.24,38974947.68982,22.46399,0.10802,-0.02565,45.80224,,,,,,,NEUTRAL,prior-research-2026-09-30+NEUTRAL,False,0.50144,1.29241,7.67674,0.90823,0.5,-22.46399,-0.10802,-15.4107,17.47843,12.00944,12.17365,101.28345,23.20525,65.77176,-0.08757,2.15054,4.46687,-0.1153,0.45,-0.31843,0.31406,1.40148,0.58795,0.69477,0.18346,0.98371,0.63906,-0.54593,1.21892,0.94724,-0.08357,-0.34696,2026-09-29,False,,,,,,,,,,,
ESQ,Finance,117.82,18155979.81262,32.3959,0.65589,0.14157,57.3694,,,,,,,NEUTRAL,prior-research-2026-09-30+NEUTRAL,False,0.50491,5.91421,9.25073,0.88775,0.66667,-32.3959,-0.65589,-15.9421,16.71451,18.2589,3.67966,30.6597,12.55723,45.41614,-0.00692,0.65778,19.98959,-0.07945,0.22943,1.01488,-0.32865,-0.20118,0.5416,-0.29269,0.64868,-0.37349,-1.13047,-1.04585,0.5326,1.71075,-0.61766,0.59889,2026-09-29,False,,,,,,,,,,,
ESRT,Finance,4.03,9880229.23708,39.64507,0.39472,-0.56675,15.11194,,,,,,,NEUTRAL,prior-research-2026-09-30+NEUTRAL,False,0.45223,5.34351,-38.89958,0.51916,0.33333,-39.64507,-0.39472,-49.37269,16.10605,0.70036,1.04018,148.90223,112.13755,16.78139,-2.17884,3.47395,2.03782,-1.42195,-1.55227,-1.5459,-0.82336,0.52222,-1.72699,-0.87117,-0.70493,-0.8592,1.42199,1.15529,-0.65725,-1.00184,0.45407,-0.61025,2026-09-29,False,,,,,,,,,,,
ESTA,Health Technology,63.7,31728343.13736,49.59726,1.15184,0.09063,53.07836,,,,,,,NEUTRAL,prior-research-2026-09-30+NEUTRAL,True,0.47517,7.72106,80.61876,0.66597,0.66667,-49.59726,-1.15184,-33.40303,17.27272,-175.30313,-2.04945,1.13897,12.95391,-7.63004,-12.20317,0.0,38.55302,0.51545,-0.55862,0.83728,0.57353,-0.28709,0.47492,0.24576,-1.11652,0.17624,-1.98466,0.15581,-0.23237,-2.48566,-0.07667,1.20839,2026-09-29,False,,,,,,,,,,,
ETON,Health Technology,59.19,24576996.16241,78.12858,0.50858,0.16735,60.26119,,,,,,,NEUTRAL,prior-research-2026-09-30+NEUTRAL,False,0.49743,6.97716,181.05311,0.91867,0.66667,-78.12858,-0.50858,-36.16548,17.01732,35.97086,0.75609,2.8048,6.29247,15.63142,-0.62735,0.0,81.49396,1.36801,0.98118,0.83728,-0.67552,1.08714,0.30181,-0.12796,2.60696,0.45515,-1.6392,-0.12542,1.51743,-0.52968,-0.07667,1.60423,2026-09-29,False,,,,,,,,,,,
ETOR,Technology Services,25.68,29664597.64938,48.11419,1.15045,0.28851,69.02985,,,,,,,NEUTRAL,prior-research-2026-09-30+NEUTRAL,False,0.50293,3.06155,-24.50121,0.58457,0.16667,-48.11419,-1.15045,-43.63761,17.20546,19.49519,12.47984,63.63701,46.2917,31.95927,-0.02567,0.0,9.86786,-0.55728,-0.51729,-2.31522,0.69888,-0.6794,0.40549,-0.28998,0.95363,1.73774,0.90826,0.25366,1.57392,1.0777,-0.21817,0.00438,2026-09-29,False,,,,,,,,,,,
EVER,Technology Services,18.91,14523053.81393,91.42001,0.61593,0.18309,61.9403,,,,,,,NEUTRAL,prior-research-2026-09-30+NEUTRAL,False,0.50185,3.21152,8.49894,0.67851,0.58333,-91.42001,-0.61593,-48.79799,16.49125,53.61449,16.56591,37.15757,109.28244,11.00003,-0.00757,0.0,22.74732,0.37828,-0.16716,0.87986,-0.95084,0.35875,0.13572,-1.18318,1.91107,2.17521,0.21392,1.11845,0.50463,1.45146,-0.21817,0.62878,2026-09-29,False,,,,,,,,,,,
EWTX,Health Technology,39.19,46598241.27197,65.49202,1.12946,0.12403,55.50373,,,,,,,NEUTRAL,prior-research-2026-09-30+NEUTRAL,True,0.51048,4.14852,166.41745,0.81055,0.75,-65.49202,-1.12946,-21.01344,17.65707,-38.0316,-4.4542,10.1974,0.0,,-0.00801,0.0,,1.25192,0.17097,1.54941,-0.14914,-0.22456,1.33441,0.78411,-0.20759,-0.04085,-0.73978,-1.05211,0.0,1.12244,-0.07667,0.0,2026-09-29,False,,,,,,,,,,,
EXK,Non-Energy Minerals,8.74,70489654.71907,72.78329,2.21678,-0.42478,21.17537,,,,,,,NEUTRAL,prior-research-2026-09-30+NEUTRAL,False,0.46094,8.69141,37.94872,0.61898,0.58333,-72.78329,-2.21678,-47.52125,18.07098,10.40554,2.45894,27.56974,27.8359,26.26427,-0.34643,0.0,185.26707,0.12492,-0.06352,0.26944,-0.29441,-0.36862,-0.00125,1.27012,0.31185,-0.01437,-0.15239,0.44196,0.88208,-0.14276,-0.2967,1.41842,2026-09-29,False,,,,,,,,,,,
EXLS,Technology Services,34.58,67892928.87497,42.37315,0.00757,-0.01117,46.92164,,,,,,,NEUTRAL,prior-research-2026-09-30+NEUTRAL,False,0.48724,3.37494,-12.22857,0.78537,0.33333,-42.37315,-0.00757,-42.72087,18.03344,25.94438,4.80879,16.6478,43.03526,14.42426,-0.56337,0.0,13.62819,-0.21527,0.40363,-1.01403,1.07613,2.20836,0.46759,0.92937,1.23015,0.54475,-0.71774,0.15251,0.73573,-0.19709,-0.21817,0.28459,2026-09-29,False,,,,,,,,,,,
EXP,Non-Energy Minerals,173.58,76086103.64685,33.68897,0.96611,0.02223,49.06716,,,,,,,NEUTRAL,prior-research-2026-09-30+NEUTRAL,False,0.49786,2.24406,-14.6328,0.72131,0.5,-33.68897,-0.96611,-28.26099,18.14738,27.03013,7.59782,27.94538,43.87869,23.20874,-1.20746,0.5761,1.68051,-1.25679,0.37385,-0.39697,1.71029,1.03171,1.11279,1.40796,1.31869,0.92531,-0.12067,1.00172,0.73466,-1.048,1.08501,-1.16351,2026-09-29,False,,,,,,,,,,,
EXPO,Industrial Services,64.53,28236208.52051,29.48391,0.41228,0.51653,81.71642,,,,,,,NEUTRAL,prior-research-2026-09-30+NEUTRAL,False,0.53544,2.946,4.31491,0.82002,0.5,-29.48391,-0.41228,-32.45419,17.15612,31.20359,3.60686,9.3167,20.40973,20.17187,-0.27968,1.89059,12.83572,-0.5803,0.64914,-0.48975,1.45667,1.14276,0.34267,-0.61102,1.4115,0.31781,-1.59548,-1.06517,0.91399,0.6763,0.9602,0.0828,2026-09-29,False,,,,,,,,,,,
EXTR,Electronic Technology,21.07,37222416.19034,66.01047,1.04332,0.17267,60.8209,,,,,,,NEUTRAL,prior-research-2026-09-30+NEUTRAL,False,0.49049,4.81587,10.95823,0.62504,0.41667,-66.01047,-1.04332,-37.70394,17.43242,54.63827,1.49752,3.1727,45.63737,5.04693,-2.19625,0.0,12.58926,-0.50621,-0.1162,-0.96327,0.32248,1.12459,0.51694,-0.2689,2.18223,0.18787,-1.83206,0.64858,0.23691,-1.47895,-0.18865,-0.04134,2026-09-29,False,,,,,,,,,,,
EYPT,Health Technology,3.42,20227647.94083,172.95173,1.19513,-1.38484,1.58582,,,,,,,NEUTRAL,prior-research-2026-09-30+NEUTRAL,True,0.41535,15.65217,-67.76978,0.18143,0.5,-172.95173,-1.19513,-82.44032,16.82256,-148.70423,-105.88046,58.29161,0.96301,-11365.22051,-0.13441,0.0,-94.626,-3.0,-2.46066,-0.49602,-2.67663,-0.37534,-2.02225,-0.36138,-1.00875,-1.84209,1.22597,-0.3899,-1.92387,0.25044,-0.07667,-2.46244,2026-09-29,False,,,,,,,,,,,
EZPW,Finance,30.16,24919932.77893,48.43158,0.97977,-0.18008,34.98134,,,,,,,NEUTRAL,prior-research-2026-09-30+NEUTRAL,False,0.4936,2.92778,75.90618,0.84743,0.58333,-48.43158,-0.97977,-24.22029,17.03118,14.6948,8.55844,62.92822,85.65798,13.97037,-0.69712,0.0,28.60697,1.19378,-0.0366,0.34799,-1.3705,-0.85648,-0.19056,0.09134,0.41274,0.49222,-0.25584,0.84622,-0.8373,-0.07866,-2.03038,0.94399,2026-09-29,False,,,,,,,,,,,
FA,Technology Services,17.65,32071493.07404,61.71849,0.3279,0.23087,65.95149,,,,,,,NEUTRAL,prior-research-2026-09-30+NEUTRAL,False,0.49516,4.99529,36.89005,0.73176,0.5,-61.71849,-0.3279,-43.21066,17.28348,1.93929,0.84378,43.46847,55.81118,10.88753,-1.57738,0.0,32.89491,1.0493,0.13939,0.21344,0.11032,1.19355,0.4352,-0.1862,-0.39985,-0.15494,0.416,0.44162,0.48882,-1.01345,-0.21817,0.98527,2026-09-29,False,,,,,,,,,,,
FBIN,Producer Manufacturing,38.41,96167116.61797,46.66194,1.1717,-0.46,19.8694,,,,,,,NEUTRAL,prior-research-2026-09-30+NEUTRAL,False,0.45503,3.65886,-12.56067,0.60676,0.33333,-46.66194,-1.1717,-47.93413,18.3816,6.40623,3.2288,49.99845,95.23554,15.15973,-1.21292,2.68159,-2.31105,-0.60243,-0.22884,-1.40342,0.64749,0.35053,-0.23821,1.56736,0.05322,0.3596,0.31092,0.61006,0.874,-0.73098,1.2373,-1.07439,2026-09-29,False,,,,,,,,,,,
FBP,Finance,26.35,33917038.87939,21.52432,0.57699,0.18122,61.66045,,,,,,,NEUTRAL,prior-research-2026-09-30+NEUTRAL,False,0.51723,2.04668,28.48274,0.89356,0.58333,-21.52432,-0.57699,-13.8317,17.33943,19.49403,9.20527,48.84206,31.51917,43.45623,-0.10117,2.96015,2.44777,0.39623,0.28389,0.34799,0.4571,0.00622,0.88656,0.51603,0.7123,0.63195,-0.55025,-0.24325,0.46414,0.90738,0.2379,-0.55867,2026-09-29,False,,,,,,,,,,,
FBRT,Finance,6.72,12438492.25006,28.77435,0.57297,-0.1633,36.3806,,,,,,,NEUTRAL,prior-research-2026-09-30+NEUTRAL,False,0.48614,3.21285,-15.75799,0.66029,0.33333,-28.77435,-0.57297,-34.06948,16.33631,4.00468,11.09212,223.38684,106.51628,57.65692,-2.85497,16.51786,11.14026,-0.81039,-1.02185,-1.5459,-0.13397,0.02221,-0.9127,-0.72026,-0.46593,0.88036,2.12401,1.09691,0.97819,-1.22573,2.42722,0.17708,2026-09-29,False,,,,,,,,,,,
FCEL,Electronic Technology,16.9,156040044.85435,153.04198,2.92107,-0.91306,7.55597,,,,,,,NEUTRAL,prior-research-2026-09-30+NEUTRAL,True,0.4301,18.79599,124.81013,0.46931,0.41667,-153.04198,-2.92107,-60.01111,18.86562,-21.21169,-12.8977,71.88009,11.35345,-87.94838,-0.16061,0.0,1.092,1.20142,-0.73358,-0.96327,-1.76029,-0.72452,-0.59773,1.83869,-0.75514,-0.95225,1.16691,-0.71731,-1.05782,0.24542,-0.18865,-1.02188,2026-09-29,False,,,,,,,,,,,
FCF,Finance,20.33,17644170.5761,17.08424,0.46382,0.72123,90.39179,,,,,,,NEUTRAL,prior-research-2026-09-30+NEUTRAL,False,0.55099,2.24062,23.47263,0.93228,0.66667,-17.08424,-0.46382,-12.12644,16.68592,10.90668,8.17179,76.1379,36.0717,39.55067,-0.19349,2.70536,4.86915,0.27736,0.69667,1.01488,1.7343,0.36951,1.12867,-0.33317,0.09509,0.4205,0.07823,-0.08628,0.28949,0.62749,0.12643,-0.31952,2026-09-29,False,,,,,,,,,,,
FCN,Commercial Services,132.09,55030442.21191,31.36677,-0.09954,-0.04221,44.77612,,,,,,,NEUTRAL,prior-research-2026-09-30+NEUTRAL,False,0.4885,2.94365,-4.81674,0.70625,0.5,-31.36677,0.09954,-30.25183,17.8234,15.63409,6.9463,36.52346,107.8181,9.6858,-0.9502,0.0,7.12102,-0.29289,-0.20759,0.25139,1.09633,2.16171,0.63889,0.7357,0.34832,0.44142,-0.05149,0.23062,0.24344,-0.29814,-0.53421,-0.28404,2026-09-29,False,,,,,,,,,,,
FCPT,Finance,22.03,18177660.54955,19.45234,0.07896,0.29977,69.68284,,,,,,,NEUTRAL,prior-research-2026-09-30+NEUTRAL,False,0.53893,0.72786,10.14248,0.83969,0.5,-19.45234,-0.07896,-16.03134,16.7157,7.64775,4.93451,67.4248,12.75003,55.70369,-0.77752,6.60236,9.64519,-0.05397,-0.09636,-0.31843,0.96212,1.45958,0.50365,-0.28962,-0.21688,-0.14495,-0.15351,-1.03265,0.90075,-0.14294,1.24813,0.0628,2026-09-29,False,,,,,,,,,,,
FDUS,Miscellaneous,19.53,5629888.17749,25.43021,0.46948,0.27666,68.28358,,,,,,,NEUTRAL,prior-research-2026-09-30+NEUTRAL,False,0.53068,2.09096,6.68866,0.96923,0.58333,-25.43021,-0.46948,-15.16135,15.5436,10.80631,9.89223,99.01781,20.76335,74.42748,-0.97959,8.80696,3.27064,0.00789,0.71086,0.51875,-0.2183,-0.16152,0.32154,-0.54488,0.39716,0.99768,-0.07873,-0.08205,0.67046,0.12473,-0.13933,0.06464,2026-09-29,False,,,,,,,,,,,
FEIM,Electronic Technology,84.15,19368359.75494,98.84237,2.22112,0.73727,90.85821,,,,,,,NEUTRAL,prior-research-2026-09-30+NEUTRAL,False,0.53969,42.41056,100.79707,0.94551,0.5,-98.84237,-2.22112,-33.02372,16.77915,3.04162,0.2815,12.95062,7.65648,8.23841,-0.0581,0.0,6.30389,1.0073,1.8637,-0.3367,-0.74904,-0.19289,0.80477,-1.12015,-0.08794,-0.00208,-0.89048,-0.85453,0.55769,0.58258,-0.18865,-0.53605,2026-09-29,False,,,,,,,,,,,
FFBC,Finance,31.45,26848792.76276,21.45233,0.67782,0.26432,67.72388,,,,,,,NEUTRAL,prior-research-2026-09-30+NEUTRAL,False,0.50463,2.69414,30.6164,0.87625,0.58333,-21.45233,-0.67782,-14.19082,17.10573,10.28617,8.60949,90.19034,41.44243,35.48114,-0.35282,3.17965,11.64527,0.44633,0.13162,0.34799,0.48047,-0.2881,0.81197,0.19078,0.02605,0.5046,0.42309,0.08586,0.10192,0.36523,0.35114,0.22832,2026-09-29,False,,,,,,,,,,,
FFIN,Finance,31.73,24167182.79266,21.15813,0.63499,0.1516,58.76866,,,,,,,NEUTRAL,prior-research-2026-09-30+NEUTRAL,False,0.51568,1.90185,-0.2233,0.87512,0.5,-21.15813,-0.63499,-17.2667,17.00051,14.40792,5.89112,44.0221,18.99234,49.31586,-0.0378,2.48976,9.67011,-0.37553,0.12569,-0.31843,0.56283,-0.14956,0.31783,0.05239,0.39619,0.03531,-0.69761,-0.71629,0.72566,1.18694,0.03589,0.07072,2026-09-29,False,,,,,,,,,,,
FHB,Finance,24.82,49653660.45628,20.65132,0.70532,-0.14945,37.22015,,,,,,,NEUTRAL,prior-research-2026-09-30+NEUTRAL,False,0.48226,1.9802,6.65902,0.82582,0.5,-20.65132,-0.70532,-17.55063,17.72058,10.32248,9.43056,93.53588,38.79705,40.91791,-0.0,4.19017,1.5079,-0.14621,-0.18903,-0.31843,0.67271,-0.35331,0.28235,1.05906,0.03461,0.67479,0.47686,0.01184,0.37308,2.61274,0.66981,-0.65383,2026-09-29,False,,,,,,,,,,,
FIBK,Finance,36.0,37570601.80969,21.36107,0.88651,0.09806,53.54478,,,,,,,NEUTRAL,prior-research-2026-09-30+NEUTRAL,False,0.49404,2.31278,19.86149,0.90612,0.5,-21.36107,-0.88651,-16.86998,17.44173,9.61687,9.44742,96.54648,39.42108,37.89754,-0.2263,5.22222,-5.41032,0.18088,0.42805,-0.31843,0.51255,-0.70629,0.39808,0.64634,-0.03906,0.68457,0.54403,0.02962,0.20043,0.57694,0.93675,-1.22378,2026-09-29,False,,,,,,,,,,,
FIGS,Consumer Non-Durables,14.06,31835760.4166,75.57637,0.665,-0.00667,47.29478,,,,,,,NEUTRAL,prior-research-2026-09-30+NEUTRAL,False,0.49911,7.44596,133.99089,0.82126,0.58333,-75.57637,-0.665,-46.02804,17.2761,14.76226,2.69582,19.30322,30.91477,9.60289,-0.13036,0.0,24.66651,1.90739,0.41358,0.44748,-1.55266,-0.42068,-0.6431,-0.56858,0.22364,-0.1846,-0.94529,-1.11461,-0.10954,0.86451,-1.39905,1.13291,2026-09-29,False,,,,,,,,,,,
FIVN,Technology Services,34.01,60142795.40768,75.52731,0.88431,-0.01064,47.01493,,,,,,,NEUTRAL,prior-research-2026-09-30+NEUTRAL,False,0.4644,13.98213,35.54936,0.87995,0.41667,-75.52731,-0.88431,-46.56459,17.91223,7.91716,2.36283,31.184,47.83576,6.04688,-1.02578,0.0,8.86775,1.01346,0.93474,-0.41313,-0.49242,-0.24415,0.28675,0.76232,0.04519,0.1004,0.04207,0.2836,0.01394,-0.65625,-0.21817,-0.07999,2026-09-29,False,,,,,,,,,,,
FLG,Finance,11.84,55419932.64914,23.71588,0.87437,-0.42915,20.98881,,,,,,,NEUTRAL,prior-research-2026-09-30+NEUTRAL,False,0.46616,3.29249,16.41344,0.77141,0.66667,-23.71588,-0.87437,-22.85944,17.83045,0.59124,0.96889,153.44214,89.50103,5.64593,-1.39479,0.33784,-21.42477,0.09514,-0.4239,1.01488,0.20021,-0.68554,-0.11137,1.2911,-0.7139,-0.86191,1.43889,0.89297,-1.59584,-0.66831,-0.75189,-1.66191,2026-09-29,False,,,,,,,,,,,
FLNC,Producer Manufacturing,7.82,81699394.43226,120.22893,3.11631,-1.2896,2.05224,,,,,,,NEUTRAL,prior-research-2026-09-30+NEUTRAL,True,0.42563,6.66666,-8.64819,0.24263,0.41667,-120.22893,-3.11631,-77.44338,18.21856,-20.71961,-5.48285,32.63279,178.44053,-3.73982,-1.10706,0.0,7.46307,-0.46781,-1.74323,-0.80251,-1.80493,-1.51421,-1.77023,1.34036,-0.85849,-0.66017,-0.22017,1.18823,-0.70125,-0.66949,-0.89902,-0.19437,2026-09-29,False,,,,,,,,,,,
FLO,Consumer Non-Durables,5.68,45265144.13414,41.45909,0.12128,-0.47939,18.93657,,,,,,,NEUTRAL,prior-research-2026-09-30+NEUTRAL,False,0.46344,2.33333,-40.52919,0.47094,0.41667,-41.45909,-0.12128,-53.15472,17.62805,4.01075,4.59681,110.26926,435.23832,6.29092,-1.51702,15.27289,2.45501,-1.36888,-1.13185,-0.8455,0.05561,1.18453,-1.03285,-0.11351,-0.65557,0.14809,1.53668,1.77555,-0.42235,-0.66704,2.87834,-0.23591,2026-09-29,False,,,,,,,,,,,
FLY,Electronic Technology,22.86,62742020.15457,104.9111,2.71145,-0.86647,8.11567,,,,,,,NEUTRAL,prior-research-2026-09-30+NEUTRAL,True,0.436,8.84598,-40.91162,0.38871,0.58333,-104.9111,-2.71145,-69.66502,17.95454,-56.86678,-9.07301,30.74735,7.16459,-116.40344,-0.04366,0.0,179.1738,-1.9711,-1.02113,0.32972,-0.87401,-0.57495,-1.07914,0.55392,-1.21918,-0.7436,0.07115,-0.87019,-1.11186,0.66998,-0.18865,1.60099,2026-09-29,False,,,,,,,,,,,
FLYW,Commercial Services,17.33,27226993.92986,49.68326,0.86277,0.45495,78.91791,,,,,,,NEUTRAL,prior-research-2026-09-30+NEUTRAL,False,0.53353,3.54688,37.95889,0.8869,0.5,-49.68326,-0.86277,-28.15665,17.11972,4.23054,1.60124,38.43658,33.56982,5.93788,-0.0018,0.0,32.20816,0.79251,0.80621,0.25139,-0.06374,-0.65602,0.77588,-0.32612,-0.59528,-0.48039,0.02991,-1.04482,-0.12481,2.09078,-0.53421,0.91181,2026-09-29,False,,,,,,,,,,,
FMC,Process Industries,9.09,34417584.12552,61.19959,1.22634,-1.07873,4.75746,,,,,,,NEUTRAL,prior-research-2026-09-30+NEUTRAL,True,0.41846,12.20539,-65.12277,0.27506,0.33333,-61.19959,-1.22634,-72.49432,17.35408,-89.26713,-190.9659,140.69623,224.99305,-1.88853,-2.68982,9.0209,-21.30894,-2.24245,-1.93919,-1.46938,-0.83357,-0.90811,-1.99587,0.39468,-1.59343,-2.89868,1.7343,1.01223,-0.82819,-1.18291,2.16581,-1.18405,2026-09-29,False,,,,,,,,,,,
FND,Retail Trade,47.07,127074200.0,51.40075,1.31587,-0.61139,13.89925,,,,,,,NEUTRAL,prior-research-2026-09-30+NEUTRAL,False,0.46361,3.89418,-30.75516,0.61409,0.25,-51.40075,-1.31587,-43.26158,18.66028,9.69351,4.59184,49.18029,93.18853,6.55714,-0.80645,0.0,2.4241,-0.6676,-0.52784,-1.66075,-0.16358,-0.74161,-0.26528,1.60112,-0.3567,-0.24287,0.01106,-0.63561,-0.00547,0.36083,-0.98525,-0.1223,2026-09-29,False,,,,,,,,,,,
FOSL,Consumer Durables,6.16,3431142.01384,64.13577,2.05277,0.83494,92.81716,,,,,,,NEUTRAL,prior-research-2026-09-30+NEUTRAL,True,0.54883,9.38566,96.69117,0.961,0.58333,-64.13577,-2.05277,-52.26667,15.0484,-58.21775,-18.55728,24.92826,261.5146,1.99584,-3.91953,0.0,-9.10223,1.79388,1.74132,0.75891,-0.95968,-1.4545,-0.74401,-2.43738,-1.58241,-1.66243,-1.23778,0.71641,-0.55687,-1.28557,-0.92827,-0.81694,2026-09-29,False,,,,,,,,,,,
FOUR,Commercial Services,37.08,68857424.06273,70.6447,0.89309,-0.85951,8.48881,,,,,,,NEUTRAL,prior-research-2026-09-30+NEUTRAL,False,0.43908,7.66796,-44.43883,0.46642,0.25,-70.6447,-0.89309,-55.18239,18.04755,6.54104,3.63727,21.23493,165.64812,9.66352,-2.82262,0.0,32.43692,-1.39648,-1.17057,-1.62212,-0.98565,-0.7241,-0.74774,1.06997,-0.4374,-0.12042,-0.67311,0.61727,0.24029,-1.18239,-0.53421,0.92086,2026-09-29,False,,,,,,,,,,,
FOXF,Producer Manufacturing,18.7,8745144.21616,48.97217,1.1429,0.45612,79.10448,,,,,,,NEUTRAL,prior-research-2026-09-30+NEUTRAL,True,0.52622,3.66089,-18.28299,0.73047,0.5,-48.97217,-1.1429,-48.47656,15.98401,-36.73001,-37.62507,84.05911,184.51449,4.75439,-1.01966,0.0,1.55037,-0.73998,0.32866,-0.17595,0.48216,0.43742,-0.27422,-1.56244,-1.05904,-1.83897,1.10583,1.2495,-0.07197,-0.58639,-0.89902,-0.71572,2026-09-29,False,,,,,,,,,,,
FPI,Finance,11.09,4622349.96319,21.27555,0.29548,0.46935,79.66418,,,,,,,NEUTRAL,prior-research-2026-09-30+NEUTRAL,False,0.53703,3.25885,-1.2925,0.86538,0.5,-21.27555,-0.29548,-27.03991,15.34641,5.50445,5.26728,95.1161,10.64104,45.65627,-0.48763,2.70514,-6.43238,-0.39502,0.06444,-0.31843,0.53735,0.84452,-0.36832,-1.68688,-0.36302,-0.08248,0.5125,-1.14199,0.55658,0.14326,0.12129,-1.26033,2026-09-29,False,,,,,,,,,,,
FRME,Finance,40.08,16558100.29907,20.73421,0.59455,0.48869,80.41045,,,,,,,NEUTRAL,prior-research-2026-09-30+NEUTRAL,False,0.52784,1.85774,12.85295,0.89399,0.5,-20.73421,-0.59455,-13.55569,16.62239,7.3721,7.38632,107.14697,43.19272,29.86465,-0.5946,3.61822,5.05151,0.01698,0.29042,-0.31843,0.66301,-0.04124,0.90641,-0.40428,-0.23893,0.28807,0.74454,0.16581,-0.02793,0.02993,0.51805,-0.30861,2026-09-29,False,,,,,,,,,,,
FRMI,Finance,4.28,88246343.69926,113.17506,2.20052,-2.03147,0.09328,,,,,,,NEUTRAL,prior-research-2026-09-30+NEUTRAL,False,0.41987,11.52344,,0.13157,0.33333,-113.17506,-2.20052,-86.90439,18.29564,,-25.2475,37.64214,0.0,,-0.5587,0.0,,0.0,-3.0,-1.5459,-3.0,-2.21011,-3.0,1.999,0.0,-2.32484,-0.89641,-2.23619,0.0,0.05893,-2.03038,0.0,2026-09-29,False,,,,,,,,,,,
FRPT,Consumer Non-Durables,57.15,69069225.65765,50.56419,0.37575,-0.41698,21.54851,,,,,,,NEUTRAL,prior-research-2026-09-30+NEUTRAL,False,0.48987,0.80367,42.55233,0.66842,0.66667,-50.56419,-0.37575,-44.5731,18.05062,17.62176,7.41103,44.55435,42.88047,8.26096,-0.39885,0.0,12.76756,0.82434,-0.37785,1.11437,-0.48245,0.38348,-0.58226,0.59621,0.42936,0.65406,0.0392,-0.68978,-0.2518,0.3377,-1.39905,0.61351,2026-09-29,False,,,,,,,,,,,
FRSH,Technology Services,12.58,81541744.50064,48.87573,0.32035,-0.13502,38.52612,,,,,,,NEUTRAL,prior-research-2026-09-30+NEUTRAL,False,0.47345,6.30782,11.05769,0.90374,0.66667,-48.87573,-0.32035,-48.80952,18.21663,19.69547,5.51924,26.50933,26.93738,4.1277,-0.03861,0.0,15.56981,0.44454,1.18154,1.54675,0.65907,1.21773,0.13239,1.24251,0.97425,0.69578,-0.16756,-0.40649,-0.23514,0.93167,-0.21817,0.35642,2026-09-29,False,,,,,,,,,,,
FSK,Miscellaneous,11.11,21171543.8942,31.27992,0.53108,-0.79319,9.60821,,,,,,,NEUTRAL,prior-research-2026-09-30+NEUTRAL,True,0.46315,1.82134,-7.6946,0.79933,0.58333,-31.27992,-0.53108,-35.93651,16.86817,-6.57376,-12.187,164.33696,27.52638,6.25738,-1.22836,20.70207,-35.39283,-0.40315,-0.87333,0.51875,-0.55432,-0.35958,-1.35965,0.81182,-0.62696,-1.62123,0.85382,0.17672,-2.26679,-0.06998,1.30344,-1.31607,2026-09-29,False,,,,,,,,,,,
FSLY,Technology Services,25.48,122024767.18311,120.75498,1.04526,-0.55127,15.67164,,,,,,,NEUTRAL,prior-research-2026-09-30+NEUTRAL,True,0.44755,14.92037,171.05883,0.7606,0.66667,-120.75498,-1.04526,-51.59701,18.61973,-8.3894,-1.9642,24.03032,16.64238,-11.96293,-0.40198,0.0,20.35228,2.53543,0.30051,1.54675,-1.65625,-0.4804,0.01903,1.69032,-0.75013,-0.44658,-0.28815,-0.85479,-0.99267,0.01458,-0.21817,0.53954,2026-09-29,False,,,,,,,,,,,
FSM,Non-Energy Minerals,11.35,49162784.65366,51.86892,1.55909,0.10253,53.73134,,,,,,,NEUTRAL,prior-research-2026-09-30+NEUTRAL,False,0.47988,4.34043,41.40715,0.83089,0.58333,-51.86892,-1.55909,-41.21523,17.71065,22.95916,10.8899,52.30825,34.04116,48.61788,-0.13253,0.0,2.0535,0.19332,0.9382,0.26944,0.61437,0.1842,0.3242,0.67139,1.15937,1.46642,0.66158,0.65701,1.72609,0.26536,-0.2967,-1.13567,2026-09-29,False,,,,,,,,,,,
FSUN,Finance,38.62,10189079.54407,32.15766,0.81396,0.22335,65.48507,,,,,,,NEUTRAL,prior-research-2026-09-30+NEUTRAL,False,0.52645,2.2674,0.20005,0.93285,0.41667,-32.15766,-0.81396,-27.14976,16.13683,3.18563,2.72953,106.91877,42.05169,23.23195,-0.15016,0.0,27.39957,-0.36722,0.70132,-0.94499,-0.30815,-0.54131,-0.38751,-0.83106,-0.53642,-0.54184,0.73148,0.11249,-0.28118,0.73897,-2.03038,0.89979,2026-09-29,False,,,,,,,,,,,
FSV,Finance,129.2,26897784.05762,32.21416,0.44967,-0.50769,17.72388,,,,,,,NEUTRAL,prior-research-2026-09-30+NEUTRAL,False,0.47346,3.48298,-24.81758,0.68406,0.41667,-32.21416,-0.44967,-33.76838,17.10755,12.99041,2.67312,21.4329,92.64413,6.17653,-1.28012,0.88528,-2.04181,-1.04427,-0.88421,-0.94499,-0.31227,0.39592,-0.89032,0.19834,0.25934,-0.55231,-1.55845,0.9521,-1.52961,-0.58273,-0.53123,-0.98093,2026-09-29,False,,,,,,,,,,,
FTDR,Consumer Durables,73.38,38986800.0,44.59262,0.65689,0.11815,55.03731,,,,,,,NEUTRAL,prior-research-2026-09-30+NEUTRAL,False,0.50426,2.93545,23.79032,0.80788,0.66667,-44.59262,-0.65689,-29.23033,17.47873,101.85874,5.42809,5.59442,42.53327,20.1211,-4.15141,0.0,9.26209,0.6807,0.32023,1.42581,0.00193,0.45046,0.55626,0.13561,2.23952,0.41557,-2.60903,-1.14549,1.01865,-1.32148,-0.92827,0.62878,2026-09-29,False,,,,,,,,,,,
FTH,Health Technology,28.07,8718608.74882,117.75018,1.03538,-0.12471,38.99254,,,,,,,NEUTRAL,prior-research-2026-09-30+NEUTRAL,True,0.4786,13.35845,284.54545,0.70087,0.66667,-117.75018,-1.03538,-69.23296,15.98097,-188.88132,-26.46192,23.41402,0.0,,-0.00329,0.0,,1.74235,-0.38279,0.83728,-1.61398,-0.07234,-1.33746,-1.20626,-1.16959,-1.03412,0.08131,-1.05211,0.0,1.3677,-0.07667,0.0,2026-09-29,False,,,,,,,,,,,
FTRE,Commercial Services,19.74,22176184.66949,61.41574,1.72767,0.36502,75.0,,,,,,,NEUTRAL,prior-research-2026-09-30+NEUTRAL,True,0.51362,13.32567,116.70506,0.95362,0.66667,-61.41574,-1.72767,-51.79348,16.91453,-15.30447,-4.52132,27.81776,142.03411,0.96768,-2.13182,0.0,-2.08524,1.82899,1.58628,1.5847,-0.55929,-1.84268,-0.56605,-0.60493,-1.23945,-1.14737,-0.34509,0.47185,-0.64958,-0.95879,-0.53421,-1.12393,2026-09-29,False,,,,,,,,,,,
FUL,Process Industries,49.6,33496894.83261,35.6211,0.86183,0.08904,52.98507,,,,,,,NEUTRAL,prior-research-2026-09-30+NEUTRAL,False,0.48898,2.90147,-1.51413,0.7412,0.5,-35.6211,-0.86183,-26.96695,17.32696,9.58702,7.41832,81.34118,133.31691,11.30943,-0.94766,1.93548,1.48463,-0.39677,0.01026,-0.2419,0.52085,-0.27312,0.572,0.36984,0.39653,1.10634,0.63835,0.43822,0.40609,-0.31974,0.49261,-0.19134,2026-09-29,False,,,,,,,,,,,
FULC,Health Technology,3.7,5046399.93668,112.96078,0.5373,-0.72171,10.8209,,,,,,,NEUTRAL,prior-research-2026-09-30+NEUTRAL,True,0.47693,1.06383,-56.44797,0.25342,0.5,-112.96078,-0.5373,-78.49315,15.43419,-32.37595,-30.23204,110.52483,0.0,,-0.01699,0.0,,-2.66546,-2.20256,-0.49602,-1.49535,0.99488,-1.93035,-1.77195,-0.12233,-1.16784,2.38026,-1.05211,0.0,0.91013,-0.07667,0.0,2026-09-29,False,,,,,,,,,,,
FULT,Finance,22.65,37486869.24248,21.02462,0.78133,0.11385,54.5709,,,,,,,NEUTRAL,prior-research-2026-09-30+NEUTRAL,False,0.49675,2.06808,30.03963,0.89917,0.66667,-21.02462,-0.78133,-15.51649,17.4395,11.10135,9.1393,83.24941,44.28465,37.34558,-0.44918,3.31126,0.30456,0.43572,0.36093,1.01488,0.60697,-0.49441,0.57446,0.6438,0.10965,0.61805,0.25416,0.20738,0.18344,0.19084,0.41086,-0.79547,2026-09-29,False,,,,,,,,,,,
FUN,Consumer Services,10.86,30685663.89656,67.09891,1.27533,-0.64166,12.87313,,,,,,,NEUTRAL,prior-research-2026-09-30+NEUTRAL,True,0.44657,8.63764,-25.93607,0.40613,0.58333,-67.09891,-1.27533,-59.38669,17.23931,-185.33221,-158.38155,10.37788,276.64507,10.76028,-44.95249,0.0,-3.4643,-1.00413,-1.49835,0.64584,-1.01685,-1.26373,-1.24473,-0.2374,-2.78252,-2.93451,-0.91132,1.46166,0.07983,-2.084,-1.13702,-0.706,2026-09-29,False,,,,,,,,,,,
FVRR,Technology Services,8.55,5378319.8885,59.86187,0.66291,0.2521,66.97761,,,,,,,NEUTRAL,prior-research-2026-09-30+NEUTRAL,False,0.51007,2.76855,-62.53956,0.33715,0.16667,-59.86187,-0.66291,-66.48265,15.49789,7.132,9.64561,140.4463,134.374,4.19695,-0.00612,0.0,-0.18491,-1.63174,-1.52783,-2.31522,0.18468,0.23088,-0.69258,-2.17722,-0.02097,1.45066,2.43267,1.29567,-0.22447,1.50442,-0.21817,-0.91532,2026-09-29,False,,,,,,,,,,,
FWDI,Finance,8.01,6349922.9157,91.60947,2.5667,-1.22389,2.79851,,,,,,,NEUTRAL,prior-research-2026-09-30+NEUTRAL,True,0.41797,24.19355,-79.84947,0.27403,0.33333,-91.60947,-2.5667,-87.88915,15.66395,-461.36695,-177.40446,78.88882,8.55437,18.8589,-0.2499,0.0,171.58502,-2.82767,-2.53672,-1.5459,-3.0,-2.48487,-3.0,-1.35202,-2.80881,-3.0,0.13077,-1.21026,-0.49889,0.52751,-2.03038,1.89988,2026-09-29,False,,,,,,,,,,,
G,Commercial Services,32.24,65841369.48242,39.20838,0.17466,-0.31198,27.51866,,,,,,,NEUTRAL,prior-research-2026-09-30+NEUTRAL,False,0.46578,3.67103,-8.95769,0.67553,0.33333,-39.20838,-0.17466,-42.68908,18.00276,22.44686,10.74851,48.0536,97.15213,16.06805,-0.54308,2.21774,6.89096,-0.39481,-0.36552,-0.97608,0.59747,1.19342,-0.09738,0.98457,0.73698,1.09721,0.32674,0.1465,0.73319,0.08791,1.43126,-0.30789,2026-09-29,False,,,,,,,,,,,
GBCI,Finance,43.67,47032437.39471,23.23487,0.85921,-0.2386,31.52985,,,,,,,NEUTRAL,prior-research-2026-09-30+NEUTRAL,False,0.48759,2.33789,-3.40481,0.80114,0.33333,-23.23487,-0.85921,-19.88626,17.66635,7.94579,5.49008,75.97617,27.82697,34.43814,-0.52791,3.02267,20.01298,-0.44592,-0.31267,-1.5459,0.24934,-0.62944,0.08976,0.99735,-0.18653,-0.03901,0.07454,-0.36742,0.07592,0.08,0.29356,0.60206,2026-09-29,False,,,,,,,,,,,
GBDC,Finance,12.65,13350382.28588,18.99586,0.43181,0.68131,88.71269,,,,,,,NEUTRAL,prior-research-2026-09-30+NEUTRAL,False,0.55424,2.24899,2.4133,0.9649,0.5,-18.99586,-0.43181,-14.20937,16.40706,4.4609,5.23514,112.76328,22.61132,60.14675,-1.22475,11.3834,-8.82958,-0.2802,1.19135,-0.31843,1.08361,0.43435,0.79439,-0.64466,-0.42962,-0.09108,0.85664,-0.56275,1.02019,-0.54782,1.83118,-1.38666,2026-09-29,False,,,,,,,,,,,
GCT,Distribution Services,50.41,26925525.0,57.26725,1.58482,0.20542,63.33955,,,,,,,NEUTRAL,prior-research-2026-09-30+NEUTRAL,False,0.50836,6.60756,78.52327,0.93386,0.58333,-57.26725,-1.58482,-39.13127,17.10859,32.34352,8.36708,28.2292,78.58981,11.6459,-0.948,0.0,22.86392,1.13379,0.83605,0.75347,-0.5958,-1.14329,-0.30146,-0.45574,1.17586,0.88398,-0.57074,-1.06067,0.66592,0.08356,-0.43494,0.77518,2026-09-29,False,,,,,,,,,,,
GEF,Process Industries,80.46,21102765.56396,25.30196,0.47282,0.68419,88.89925,,,,,,,NEUTRAL,prior-research-2026-09-30+NEUTRAL,False,0.53484,2.98472,45.1842,0.89954,0.5,-25.30196,-0.47282,-19.50847,16.86491,8.65296,5.32059,65.84513,93.16359,6.82425,-0.41128,2.85856,-24.38453,0.74789,0.95019,-0.2419,1.16168,0.71823,1.04725,-0.25115,0.31416,0.74605,0.25374,0.10422,-0.02365,0.24148,0.84571,-1.21633,2026-09-29,False,,,,,,,,,,,
GEF.B,Process Industries,104.97,7265318.30215,28.03169,0.60552,1.08234,97.48134,,,,,,,NEUTRAL,prior-research-2026-09-30+NEUTRAL,False,0.5581,3.59325,79.4832,0.92411,0.66667,-28.03169,-0.60552,-17.11137,15.79862,8.65296,5.28764,50.15803,92.58662,6.82425,-0.41128,3.27713,-24.38453,1.25098,1.19034,1.09141,0.99008,0.29854,1.27662,-1.34444,0.31416,0.73739,-0.07906,0.0892,-0.02365,0.24148,1.0391,-1.21633,2026-09-29,False,,,,,,,,,,,
GEMI,Finance,5.29,7486440.18307,92.93805,2.49526,-1.35107,1.95896,,,,,,,NEUTRAL,prior-research-2026-09-30+NEUTRAL,False,0.42242,31.15125,-81.96309,0.20624,0.41667,-92.93805,-2.49526,-86.19883,15.8286,,-75.17233,70.02658,23.48806,-293.2678,-1.11219,0.0,28.46771,-2.94538,-2.83786,-0.94499,-3.0,-2.45494,-3.0,-1.17193,0.0,-2.93842,-0.08043,-0.5259,-3.0,-0.48298,-2.03038,0.93176,2026-09-29,False,,,,,,,,,,,
GENI,Technology Services,6.17,37217564.07809,77.44156,1.1415,-0.5067,17.81716,,,,,,,NEUTRAL,prior-research-2026-09-30+NEUTRAL,True,0.44625,11.03448,-37.09804,0.45942,0.5,-77.44156,-1.1415,-70.81162,17.43229,-22.59738,-9.43415,44.5014,42.37123,-16.52449,-0.04395,0.0,33.31353,-0.8721,-1.01367,0.21344,-0.59061,-0.64306,-0.96054,-0.01162,-0.99843,-0.99747,0.46488,0.12584,-1.0458,0.88309,-0.21817,0.98992,2026-09-29,False,,,,,,,,,,,
GEO,Commercial Services,30.96,58672534.17664,43.45505,0.81416,0.11192,54.47761,,,,,,,NEUTRAL,prior-research-2026-09-30+NEUTRAL,False,0.49423,4.37622,54.44976,0.94477,0.58333,-43.45505,-0.81416,-38.6679,17.88748,20.11018,7.23161,37.4254,70.13061,12.49009,-1.08013,0.0,15.32267,1.12327,1.42585,0.91781,0.33015,-0.55314,0.1003,0.84762,0.61185,0.50835,-0.01359,-0.20268,0.48402,-0.43177,-0.53421,0.30454,2026-09-29,False,,,,,,,,,,,
GFF,Producer Manufacturing,94.31,29366473.75488,39.32821,1.07118,0.63701,87.03358,,,,,,,NEUTRAL,prior-research-2026-09-30+NEUTRAL,False,0.5492,2.46005,31.97751,0.88155,0.58333,-39.32821,-1.07118,-27.85169,17.19536,229.22986,4.8191,3.01553,51.9122,19.68783,-10.35176,0.93309,-12.03285,0.59267,1.14164,0.49047,1.09604,0.57526,0.96316,-0.22521,2.97742,0.63121,-2.27923,-0.01743,1.19642,-2.11519,0.62803,-1.48989,2026-09-29,False,,,,,,,,,,,
GHC,Consumer Services,1127.82996,31532749.02344,22.37779,0.3911,0.63008,86.56716,,,,,,,NEUTRAL,prior-research-2026-09-30+NEUTRAL,False,0.53364,2.55233,-1.33357,0.91399,0.5,-22.37779,-0.3911,-19.78056,17.26654,11.82472,11.18885,98.87601,105.24675,5.79847,-0.28282,0.65967,4.83437,-0.33359,0.97698,-0.02057,1.51999,0.6254,1.05628,-0.19788,-0.21915,1.3697,1.9396,0.42276,-0.41546,1.17337,0.27959,0.05344,2026-09-29,False,,,,,,,,,,,
GHM,Producer Manufacturing,86.15,17978201.61591,55.3673,1.66937,0.54717,83.02239,,,,,,,NEUTRAL,prior-research-2026-09-30+NEUTRAL,False,0.54215,3.29248,60.86714,0.69594,0.58333,-55.3673,-1.66937,-32.77324,16.70467,7.48907,1.16837,19.01905,25.8202,6.58477,-0.03534,0.0,21.22062,1.1175,0.13504,0.49047,0.20855,-0.24061,0.60839,-0.86634,0.13037,-0.01982,-0.839,-0.83429,0.13864,1.0361,-0.89902,0.59509,2026-09-29,False,,,,,,,,,,,
GHRS,Health Technology,24.67,4941564.05258,60.68112,1.35201,0.87314,94.40299,,,,,,,NEUTRAL,prior-research-2026-09-30+NEUTRAL,True,0.54125,5.33732,93.49031,0.80516,0.5,-60.68112,-1.35201,-27.40948,15.41319,-18.7937,-3.75794,21.6949,0.0,,-0.001,0.0,,0.62886,0.1377,-0.49602,0.099,-0.59473,0.91426,-1.78649,0.07806,0.01696,0.00936,-1.05211,0.0,1.60411,-0.07667,0.0,2026-09-29,False,,,,,,,,,,,
GLAS,Process Industries,6.79,4285488.05523,68.06566,0.7795,0.15765,59.70149,,,,,,,NEUTRAL,prior-research-2026-09-30+NEUTRAL,True,0.52725,3.25581,52.46914,0.49993,0.41667,-68.06566,-0.7795,-50.00736,15.27075,-24.73857,-10.25612,14.31605,33.84204,-25.10619,-0.43401,0.0,-6.80103,0.89903,-1.0461,-0.86847,-1.16458,-0.11749,-0.84363,-1.87622,-0.83439,-0.95824,-1.54178,-1.01668,-1.22555,0.19492,-1.39001,-0.80226,2026-09-29,False,,,,,,,,,,,
GLNG,Industrial Services,48.23,54901273.52715,23.90803,0.16208,0.55638,83.30224,,,,,,,NEUTRAL,prior-research-2026-09-30+NEUTRAL,False,0.54272,2.38616,26.55543,0.84916,0.58333,-23.90803,-0.16208,-17.03427,17.82105,8.54908,3.32193,39.43794,10.62195,45.51282,-1.37678,2.0734,94.63814,-0.00154,0.83327,0.17667,1.81984,1.90912,1.49689,0.38294,0.06228,0.2676,-0.03758,-1.5492,1.86496,-0.46711,1.01459,1.43286,2026-09-29,False,,,,,,,,,,,
GLOB,Technology Services,33.94,46159627.28462,63.19562,0.49609,-0.41595,21.64179,,,,,,,NEUTRAL,prior-research-2026-09-30+NEUTRAL,False,0.44387,7.25828,-30.14997,0.47662,0.5,-63.19562,-0.49609,-61.05884,17.64762,5.35763,7.57141,144.3663,163.63684,9.7051,-0.24502,0.0,-1.26091,-0.68337,-0.94797,0.21344,0.03037,0.7196,-0.45483,0.31738,-0.13407,1.04599,2.53474,1.47887,0.37215,0.28831,-0.21817,-1.00335,2026-09-29,False,,,,,,,,,,,
GNL,Finance,8.35,19578164.30283,20.59657,0.18945,0.38985,76.1194,,,,,,,NEUTRAL,prior-research-2026-09-30+NEUTRAL,True,0.54071,0.22548,22.61978,0.87347,0.58333,-20.59657,-0.18945,-12.65287,16.78993,-0.95868,-0.78853,84.99893,23.61765,34.87635,-1.62724,9.1018,-29.5976,0.25441,0.11682,0.34799,0.71265,1.13773,1.03839,-0.1942,-0.77142,-1.07458,0.30075,-0.51926,0.09146,-0.7846,1.55829,-1.76034,2026-09-29,False,,,,,,,,,,,
GNTX,Producer Manufacturing,22.13,51606664.16759,25.93623,0.63987,0.35482,74.4403,,,,,,,NEUTRAL,prior-research-2026-09-30+NEUTRAL,False,0.50792,3.2987,-19.96697,0.78127,0.41667,-25.93623,-0.63987,-27.69504,17.75916,16.12965,8.58394,54.36958,56.26725,19.55481,-0.00441,2.169,10.13026,-0.78552,0.5803,-0.80251,1.91892,1.38422,0.97556,0.56487,0.88721,1.31014,0.43215,0.07755,1.18896,1.65086,1.05243,0.03479,2026-09-29,False,,,,,,,,,,,
GNW,Finance,9.23,27784536.32183,21.60846,0.3067,0.14544,57.9291,,,,,,,NEUTRAL,prior-research-2026-09-30+NEUTRAL,False,0.49667,2.46792,9.54994,0.87075,0.58333,-21.60846,-0.3067,-14.06926,17.13999,2.30646,6.06232,249.25057,199.7134,7.23081,-0.17186,0.0,-0.68259,-0.0718,0.09337,0.34799,0.43429,0.80329,0.82995,0.23599,-0.60516,0.05966,2.2716,1.74683,-1.41279,0.68549,-2.03038,-0.88107,2026-09-29,False,,,,,,,,,,,
GO,Retail Trade,10.95,24122399.6973,42.14489,0.66249,-0.07226,43.00373,,,,,,,NEUTRAL,prior-research-2026-09-30+NEUTRAL,True,0.48903,3.64444,-23.16919,0.66485,0.41667,-42.14489,-0.66249,-64.84517,16.99865,-38.05983,-34.02075,72.86808,423.19676,4.47031,-2.26658,0.0,5.12394,-0.47748,-0.3578,-0.4138,0.40155,0.43285,-1.31024,-0.78435,-1.79071,-2.64211,0.54737,0.9982,-0.25451,-0.49094,-0.98525,0.15038,2026-09-29,False,,,,,,,,,,,
GOLD,Finance,42.88,18641449.78638,49.46211,1.32728,-0.40714,22.20149,,,,,,,NEUTRAL,prior-research-2026-09-30+NEUTRAL,False,0.45301,11.21023,73.72899,0.69158,0.58333,-49.46211,-1.32728,-40.9269,16.7409,10.7972,6.48811,69.08162,2010.34407,0.51617,-1.02965,1.86567,132.39189,1.16451,-0.85751,0.34799,-1.42567,-1.41873,-1.28614,-0.26224,0.07771,0.11872,-0.11063,3.0,-2.10638,-0.41137,-0.19257,1.80346,2026-09-29,False,,,,,,,,,,,
GOLF,Consumer Durables,82.42,27693446.77277,33.5721,0.6315,0.28471,68.84328,,,,,,,NEUTRAL,prior-research-2026-09-30+NEUTRAL,False,0.52699,1.7008,14.13684,0.69741,0.5,-33.5721,-0.6315,-31.8418,17.13671,25.37472,4.52068,19.01504,55.6774,13.79385,-1.03862,1.18903,8.76836,0.42003,-0.23395,0.0925,0.67521,0.52035,0.37009,-0.33074,1.076,0.21884,-1.5267,-0.83575,0.58161,-0.30469,0.71265,0.58143,2026-09-29,False,,,,,,,,,,,
GOOD,Finance,12.62,4792497.22538,21.77996,0.2878,0.90422,94.77612,,,,,,,NEUTRAL,prior-research-2026-09-30+NEUTRAL,False,0.58071,1.34921,15.98751,0.96517,0.5,-21.77996,-0.2878,-13.43728,15.38256,7.21919,3.97166,25.68727,27.75855,38.97415,-2.63398,9.50872,10.77556,0.08506,1.20876,-0.31843,0.412,0.87642,0.91654,-1.63657,-0.24444,-0.35221,-1.3423,-0.3769,0.27719,-1.15533,1.62785,0.15033,2026-09-29,False,,,,,,,,,,,
GPGI,Producer Manufacturing,11.77,19539077.59247,71.04819,1.78662,-0.11309,39.83209,,,,,,,NEUTRAL,prior-research-2026-09-30+NEUTRAL,True,0.48267,8.86173,-35.95165,0.45297,0.16667,-71.04819,-1.78662,-55.67593,16.78793,-20.61838,-9.19323,92.26914,0.0,,-0.0,0.06372,-100.0,-1.18179,-0.8539,-2.70461,-0.49576,-0.35408,-0.63191,-0.75823,-0.85449,-0.89592,1.29192,-2.62001,0.0,2.42018,0.30044,-2.83265,2026-09-29,False,,,,,,,,,,,
GPI,Retail Trade,240.92999,53711265.95459,47.93522,0.55433,-0.35718,25.46642,,,,,,,NEUTRAL,prior-research-2026-09-30+NEUTRAL,False,0.45339,5.77851,-39.11154,0.53853,0.25,-47.93522,-0.55433,-46.14686,17.79913,9.39851,9.97556,102.90364,772.47978,4.23294,-1.95668,0.87162,0.8127,-0.91646,-0.79995,-1.66075,0.03009,0.75504,-0.37699,0.3813,-0.39604,0.72762,1.21232,1.57721,-0.28265,-0.37766,0.50596,-0.2892,2026-09-29,False,,,,,,,,,,,
GPK,Process Industries,9.21,51667939.27517,45.09452,0.65454,-0.76095,10.16791,,,,,,,NEUTRAL,prior-research-2026-09-30+NEUTRAL,False,0.44509,3.45946,-38.67842,0.48997,0.33333,-45.09452,-0.65454,-53.62795,17.76035,6.01178,7.14166,119.13253,317.95097,6.93528,-1.75124,4.77742,0.02316,-1.40568,-1.08643,-1.46938,-0.05379,0.17591,-1.01285,0.99553,0.10302,1.04421,1.39356,1.46318,-0.0091,-0.86444,1.44052,-0.34756,2026-09-29,False,,,,,,,,,,,
GPOR,Energy Minerals,152.17,46613720.80688,30.97688,-0.06112,-0.00774,47.20149,,,,,,,NEUTRAL,prior-research-2026-09-30+NEUTRAL,False,0.49969,1.76094,-1.32595,0.68394,0.5,-30.97688,0.06112,-32.49584,17.65741,27.41113,18.50432,68.01739,54.53301,42.18165,-0.5048,0.0,26.64767,-0.61476,-0.35642,-0.24958,1.08839,0.52521,0.11961,0.36354,1.30803,2.31071,0.08787,-0.18715,1.61313,0.02204,-1.38816,1.00156,2026-09-29,False,,,,,,,,,,,
GRBK,Consumer Durables,67.4,17493297.23282,32.3324,0.86799,0.68257,88.80597,,,,,,,NEUTRAL,prior-research-2026-09-30+NEUTRAL,False,0.55594,2.03896,1.46712,0.83633,0.5,-32.3324,-0.86799,-23.9856,16.67733,15.74409,10.05123,66.51337,67.36447,19.50129,-0.14774,0.0,-8.66283,0.05677,0.47928,0.0925,0.79815,-0.01011,0.94571,-0.89805,0.62587,1.2406,-0.0088,-0.65892,0.98491,0.86087,-0.92827,-0.77936,2026-09-29,False,,,,,,,,,,,
GRDN,Retail Trade,40.68,15039245.121,39.17153,0.5656,0.97124,95.89552,,,,,,,NEUTRAL,prior-research-2026-09-30+NEUTRAL,False,0.55534,6.53071,42.48366,0.8475,0.75,-39.17153,-0.5656,-15.44604,16.52617,31.74943,2.51649,9.37886,55.87564,5.71701,-0.14347,0.0,10.3122,1.21014,0.61327,2.25821,0.59993,0.70287,1.73893,-1.332,0.89439,-0.61454,-1.83618,-1.14692,-0.09434,1.31179,-0.98525,0.56111,2026-09-29,False,,,,,,,,,,,
GRND,Technology Services,16.12,22780007.61452,43.61249,0.37942,0.64351,87.77985,,,,,,,NEUTRAL,prior-research-2026-09-30+NEUTRAL,False,0.54453,3.26714,-0.82697,0.89855,0.5,-43.61249,-0.37942,-37.3808,16.94139,108.65122,3.4114,,18.1949,31.12595,,0.0,32.38476,0.08875,1.1294,0.21344,0.99751,1.01461,0.7441,-0.6591,2.44525,0.31016,0.0,-0.775,1.55434,0.0,-0.21817,0.96238,2026-09-29,False,,,,,,,,,,,
GRPN,Retail Trade,19.99,26485965.89546,85.49919,1.45022,-0.30465,28.17164,,,,,,,NEUTRAL,prior-research-2026-09-30+NEUTRAL,False,0.473,15.56603,-14.11609,0.69944,0.5,-85.49919,-1.45022,-58.7152,17.09213,,-14.97084,,59.26238,1.54983,,0.0,1.98074,-0.24175,-0.176,0.21277,-1.50374,-0.89164,-1.00856,-0.66094,0.0,-2.0315,0.0,-1.08153,-0.52487,0.0,-0.98525,-0.16795,2026-09-29,False,,,,,,,,,,,
GRRR,Technology Services,13.85,11281200.0,93.15272,1.99418,0.21585,64.27239,,,,,,,NEUTRAL,prior-research-2026-09-30+NEUTRAL,True,0.51023,6.35155,-27.58794,0.6359,0.33333,-93.15272,-1.99418,-54.16062,16.23865,-36.92259,-12.8548,44.65888,36.33707,-25.48526,-0.43595,0.0,,-0.63948,-0.32057,-1.01403,-1.02328,-1.6139,-0.1062,-1.40308,-1.19725,-1.17404,0.47063,-0.08769,-1.11443,-0.04931,-0.21817,0.0,2026-09-29,False,,,,,,,,,,,
GSBC,Finance,77.55,6583995.25909,18.41429,0.59689,1.02949,97.01493,,,,,,,NEUTRAL,prior-research-2026-09-30+NEUTRAL,False,0.56225,1.93639,29.81344,0.95068,0.66667,-18.41429,-0.59689,-11.16918,15.70015,10.64871,7.94537,75.83949,38.53538,35.83317,-0.80446,2.21792,-8.87141,0.43043,0.9338,1.01488,1.29457,-0.04752,1.24956,-1.32309,0.06329,0.38614,0.05988,0.00295,0.11248,-0.18353,-0.0602,-1.39919,2026-09-29,False,,,,,,,,,,,
GSBD,Miscellaneous,9.49,7530073.20356,28.50696,0.35513,0.15398,59.42164,,,,,,,NEUTRAL,prior-research-2026-09-30+NEUTRAL,False,0.50819,2.0429,8.75574,0.92766,0.41667,-28.50696,-0.35513,-13.79309,15.83442,4.07358,5.68355,131.95405,35.35947,48.28522,-1.36461,13.48788,117.28902,0.05929,0.0764,-0.77423,-0.41266,0.10882,0.56663,-0.22327,-0.14098,0.2658,0.46494,0.44992,-0.08168,-0.15718,0.42253,2.29044,2026-09-29,False,,,,,,,,,,,
GSHD,Finance,43.99,24389300.0,70.40137,-0.13769,-1.18615,3.35821,,,,,,,NEUTRAL,prior-research-2026-09-30+NEUTRAL,False,0.44186,4.7744,-4.9106,0.56131,0.41667,-70.40137,0.13769,-56.14394,17.00966,,2.23159,,25.42859,23.31472,,0.0,17.73913,-0.49514,-1.37119,-0.94499,-2.35261,2.46517,-2.07547,0.06021,0.0,-0.65444,0.0,-0.45371,-0.27713,0.0,-2.03038,0.51244,2026-09-29,False,,,,,,,,,,,
GSL,Transportation,44.03,12663797.84737,26.79322,0.5115,0.85811,93.65672,,,,,,,NEUTRAL,prior-research-2026-09-30+NEUTRAL,False,0.56284,1.60793,48.95804,0.94892,0.58333,-26.79322,-0.5115,-14.02133,16.35426,21.34614,23.72686,120.55802,48.3286,48.46557,-0.34508,5.67795,5.55286,0.1529,0.78709,-0.13921,0.98013,0.22833,1.23311,-1.00867,0.43753,1.65068,1.20663,-0.30683,1.21809,0.52358,1.22174,-0.42898,2026-09-29,False,,,,,,,,,,,
GT,Consumer Durables,5.0,54456172.36443,48.40314,0.94968,-0.60764,14.1791,,,,,,,NEUTRAL,prior-research-2026-09-30+NEUTRAL,True,0.44123,9.36255,-19.2112,0.47438,0.5,-48.40314,-0.94968,-52.56167,17.81291,-63.93463,-176.30672,196.99301,1226.65938,2.80902,-2.89292,0.0,-4.30526,-0.4902,-1.13532,0.0925,-0.25291,-0.14426,-0.76222,0.68117,-1.63603,-3.0,2.07301,2.22532,-0.51446,-1.12732,-0.92827,-0.53179,2026-09-29,False,,,,,,,,,,,
GTM,Technology Services,3.63,22219870.81242,87.34241,0.55473,-0.61193,13.80597,,,,,,,NEUTRAL,prior-research-2026-09-30+NEUTRAL,True,0.43982,10.26316,-63.66782,0.30763,0.33333,-87.34241,-0.55473,-77.88136,16.9165,-45.44882,-49.49144,75.4988,115.05617,22.51729,-1.83227,0.0,2.66101,-1.67483,-1.63052,-1.01403,-0.88978,0.54622,-1.40697,-0.71044,-1.33738,-2.03958,1.19419,1.17365,1.23622,-1.14287,-0.21817,-0.60202,2026-09-29,False,,,,,,,,,,,
GTX,Producer Manufacturing,26.24,63596696.49029,51.16641,1.25635,0.12406,55.59701,,,,,,,NEUTRAL,prior-research-2026-09-30+NEUTRAL,False,0.50252,2.34175,95.79643,0.72642,0.58333,-51.16641,-1.25635,-29.96046,17.96807,,7.28693,,76.62504,14.81087,,1.14329,8.46576,1.49398,0.29053,0.49047,0.36825,0.20991,0.80958,0.90642,0.0,1.06651,0.0,0.38214,0.82772,0.0,0.70487,-0.10749,2026-09-29,False,,,,,,,,,,,
GVA,Industrial Services,116.27,71786120.69702,39.23399,0.74609,-0.04138,44.8694,,,,,,,NEUTRAL,prior-research-2026-09-30+NEUTRAL,True,0.48998,3.7411,12.89179,0.72551,0.66667,-39.23399,-0.74609,-30.78072,18.0892,-18.16605,-3.24976,14.83472,97.88992,6.15753,-2.30148,0.44723,21.79525,-0.35484,0.1756,0.84356,0.85458,0.22828,0.4398,0.79584,-0.94264,-0.61524,-1.13215,0.62246,-0.21645,-0.85748,0.42039,0.45497,2026-09-29,False,,,,,,,,,,,
GXO,Transportation,44.76,60972193.62793,47.1774,1.16008,-0.66793,11.84701,,,,,,,NEUTRAL,prior-research-2026-09-30+NEUTRAL,False,0.47058,2.41628,-11.12771,0.68242,0.5,-47.1774,-1.16008,-32.65742,17.92593,4.42045,2.55311,58.17157,265.85524,3.27689,-2.04854,0.0,7.55342,-1.3168,-1.02583,-0.80563,-0.27301,-1.15217,-0.42405,1.14332,-0.839,-1.04511,-0.11288,1.42073,-1.33364,-0.8094,-1.87968,-0.2718,2026-09-29,False,,,,,,,,,,,
HAE,Health Technology,105.8,57719661.59363,40.9078,0.0784,0.06135,51.39925,,,,,,,NEUTRAL,prior-research-2026-09-30+NEUTRAL,False,0.48987,3.52517,115.81898,0.97243,0.66667,-40.9078,-0.0784,-40.06425,17.87111,11.20006,2.03328,17.68692,28.55022,18.36839,-1.40265,0.0,0.4433,0.8911,1.76976,0.83728,1.11051,2.32449,0.09382,1.15626,1.36779,0.67986,-0.24228,0.84494,1.70076,-1.20228,-0.07667,-0.75133,2026-09-29,False,,,,,,,,,,,
HAFN,Transportation,9.67,9179947.13116,38.30704,0.09036,0.49306,80.50373,,,,,,,NEUTRAL,prior-research-2026-09-30+NEUTRAL,False,0.52516,5.91457,51.65669,0.95553,0.58333,-38.30704,-0.09036,-27.99327,16.03253,25.86101,13.10569,52.93543,53.51944,20.07433,-0.3341,7.776,5.06624,0.21078,0.92166,-0.13921,0.29236,1.45604,-0.10262,-1.26026,0.5734,0.61995,-0.21529,-0.20984,0.1133,0.54557,1.56966,-0.46153,2026-09-29,False,,,,,,,,,,,
HASI,Finance,35.56,32869361.73477,25.77781,0.88967,0.01985,48.8806,,,,,,,NEUTRAL,prior-research-2026-09-30+NEUTRAL,False,0.50833,2.68649,37.67028,0.83019,0.5,-25.77781,-0.88967,-16.98089,17.30805,3.31473,1.81768,55.41849,10.04849,69.40252,-2.2918,4.75253,26.51132,0.58783,-0.16018,-0.31843,0.04305,-0.70926,0.37063,0.48132,-0.52224,-0.70442,-0.37268,-1.16595,1.25858,-1.04727,0.7921,0.88414,2026-09-29,False,,,,,,,,,,,
HAYW,Consumer Durables,12.34,35151360.16846,33.95499,0.86508,0.23656,66.23134,,,,,,,NEUTRAL,prior-research-2026-09-30+NEUTRAL,False,0.52354,1.78571,-4.71381,0.71288,0.41667,-33.95499,-0.86508,-28.71172,17.37517,10.41235,6.12934,60.28506,44.32583,21.28758,-0.63255,0.0,7.77564,-0.10059,-0.16337,-0.53407,0.65612,-0.00124,0.58923,-0.01335,0.16761,0.53528,-0.13269,-1.06833,1.08005,0.11375,-0.92827,0.50518,2026-09-29,False,,,,,,,,,,,
HBCP,Finance,66.49,5379275.28381,19.79342,0.53743,1.11796,97.76119,,,,,,,NEUTRAL,prior-research-2026-09-30+NEUTRAL,False,0.5638,2.01559,26.57387,0.91698,0.66667,-19.79342,-0.53743,-8.55663,15.49806,10.84178,8.93056,86.66474,40.01281,38.46073,-0.12081,1.87998,2.0634,0.37794,0.52623,1.01488,0.93463,0.13338,1.98687,-1.52126,0.08639,0.56423,0.31812,0.0533,0.24111,0.83434,-0.18368,-0.60411,2026-09-29,False,,,,,,,,,,,
HBNC,Finance,18.86,9856453.32966,19.90335,0.71064,0.60947,86.00746,,,,,,,NEUTRAL,prior-research-2026-09-30+NEUTRAL,True,0.55003,2.07792,25.29064,0.90673,0.58333,-19.90335,-0.71064,-16.64883,16.10364,-18.9834,-14.80286,74.66506,10.66382,3197.06376,-0.52203,3.39343,-72.33439,0.33127,0.43168,0.34799,0.9081,-0.36217,0.42629,-0.87632,-1.17613,-1.99645,0.03452,-1.13725,2.95914,0.09581,0.42923,-2.25497,2026-09-29,False,,,,,,,,,,,
HCC,Energy Minerals,88.03,52980324.19815,49.18063,0.57753,0.05188,50.46642,,,,,,,NEUTRAL,prior-research-2026-09-30+NEUTRAL,False,0.49944,4.10308,68.65268,0.79894,0.58333,-49.18063,-0.57753,-29.50671,17.78543,10.03683,4.59543,47.98512,35.20516,13.60964,-0.1176,0.36351,37.47468,0.89127,0.20508,0.41683,-0.06832,-1.46899,0.32744,0.5546,0.25007,0.41781,-0.35066,-0.73058,0.34269,0.7537,-0.0983,1.27094,2026-09-29,False,,,,,,,,,,,
HCI,Finance,176.49001,27843205.50537,24.71579,0.1878,-0.21102,32.74254,,,,,,,NEUTRAL,prior-research-2026-09-30+NEUTRAL,False,0.49554,1.36095,0.28994,0.86341,0.5,-24.71579,-0.1878,-27.46309,17.1421,33.76311,14.21641,49.34235,43.61266,51.03736,-0.06247,0.90657,22.82749,-0.3617,0.05298,-0.31843,0.10788,1.15171,-0.43169,0.23849,1.31308,1.19668,-0.54151,0.18658,0.74557,1.03091,-0.51531,0.71704,2026-09-29,False,,,,,,,,,,,
HE,Utilities,9.08,22638589.80436,26.41812,0.46066,-0.36745,24.62687,,,,,,,NEUTRAL,prior-research-2026-09-30+NEUTRAL,False,0.48491,1.45252,2.15054,0.53162,0.41667,-26.41812,-0.46066,-47.59953,16.93517,13.58075,14.50433,113.02481,210.45796,11.47712,-1.58868,0.0,1.69017,-0.26339,-1.22686,-1.06756,-0.26698,-0.70568,-1.73455,-0.57936,0.48523,1.49826,0.91339,1.39462,-0.59981,-0.25528,-2.24928,-0.14376,2026-09-29,False,,,,,,,,,,,
HGV,Finance,35.78,45728558.13599,42.84872,0.93083,-0.80684,9.14179,,,,,,,NEUTRAL,prior-research-2026-09-30+NEUTRAL,False,0.46518,2.35436,0.7358,0.65423,0.5,-42.84872,-0.93083,-35.85664,17.63823,11.65573,5.5208,40.13913,192.89881,12.16831,-7.12432,0.0,5.43565,-0.3452,-1.04464,-0.31843,-0.99701,-0.7659,-1.01871,0.9376,0.15076,-0.02728,-0.82702,1.71207,-0.96621,-1.77105,-2.03038,-0.28145,2026-09-29,False,,,,,,,,,,,
HHH,Finance,74.88,28715810.61172,30.7437,0.63749,-0.40103,22.66791,,,,,,,NEUTRAL,prior-research-2026-09-30+NEUTRAL,False,0.44894,8.9339,-19.54308,0.83339,0.5,-30.7437,-0.63749,-32.97718,17.17296,6.79234,6.66011,90.39493,53.23206,14.98019,-1.10245,0.0,31.83075,-0.88828,-0.13905,-0.31843,-0.23216,-0.15262,-0.83699,0.30821,-0.28025,0.14737,0.43267,0.39377,-0.7716,-0.47389,-2.03038,1.02486,2026-09-29,False,,,,,,,,,,,
HIFS,Finance,290.85999,12696097.30835,33.1063,1.03447,0.20732,63.6194,,,,,,,NEUTRAL,prior-research-2026-09-30+NEUTRAL,False,0.50137,4.6065,12.78343,0.87634,0.5,-33.1063,-1.03447,-21.14218,16.35681,13.91288,10.559,80.14234,39.0747,72.53018,-2.77174,0.8664,12.90792,0.0094,0.1346,-0.31843,-0.38877,-0.92405,-0.02021,-0.70726,0.34099,0.82162,0.17728,0.02073,1.32304,-1.1764,-0.54312,0.31335,2026-09-29,False,,,,,,,,,,,
HIW,Finance,28.64,38077210.94627,26.04683,0.56155,-0.35842,25.18657,,,,,,,NEUTRAL,prior-research-2026-09-30+NEUTRAL,False,0.4879,2.16962,7.27104,0.84598,0.33333,-26.04683,-0.56155,-34.02547,17.45513,7.0817,5.2801,74.02825,26.3359,25.58707,-1.47799,6.98324,3.29712,-0.12558,-0.0503,-1.5459,0.02735,0.06093,-0.90991,0.66412,-0.26372,-0.0796,0.02376,-0.43111,-0.1597,-0.70601,1.27256,-0.45346,2026-09-29,False,,,,,,,,,,,
HLIO,Producer Manufacturing,68.55,22945416.09192,40.71262,1.19663,0.63702,87.12687,,,,,,,NEUTRAL,prior-research-2026-09-30+NEUTRAL,False,0.53213,3.82017,39.4864,0.73915,0.58333,-40.71262,-1.19663,-28.29496,16.94863,7.67742,3.18495,42.23761,39.75836,12.94738,-0.36971,0.61269,13.97698,0.74447,0.38678,0.49047,1.00429,0.30585,0.90199,-0.56652,0.15242,0.35171,0.07408,-0.34828,0.72047,0.14816,0.49429,0.32146,2026-09-29,False,,,,,,,,,,,
HLNE,Finance,85.87,59387849.45374,43.90389,0.85418,-1.21847,2.89179,,,,,,,NEUTRAL,prior-research-2026-09-30+NEUTRAL,False,0.44789,2.62165,-23.46546,0.56924,0.41667,-43.90389,-0.85418,-51.41865,17.8996,32.49482,5.86199,25.40641,18.23786,54.61598,-0.38837,2.5853,24.00728,-1.01378,-1.35377,-0.94499,-1.07222,-0.61472,-1.81972,1.38974,1.2684,0.02927,-1.36219,-0.76391,0.86482,0.28676,0.08567,0.77632,2026-09-29,False,,,,,,,,,,,
HNI,Producer Manufacturing,46.65,23598996.82198,39.40386,0.82415,0.50521,81.43657,,,,,,,NEUTRAL,prior-research-2026-09-30+NEUTRAL,False,0.53154,3.41918,10.3041,0.91084,0.5,-39.40386,-0.82415,-43.91459,16.97671,0.32872,0.12808,53.77138,130.82725,5.59413,-0.91076,2.9582,70.13093,0.06288,1.44634,-0.17595,1.08278,0.97816,-0.03298,-0.52679,-0.36788,-0.17072,0.41123,0.88192,0.02983,-0.46965,1.36378,1.4421,2026-09-29,False,,,,,,,,,,,
HOG,Consumer Durables,24.82,51201383.09784,40.93859,0.68758,-0.0641,43.37687,,,,,,,NEUTRAL,prior-research-2026-09-30+NEUTRAL,False,0.48416,3.37538,0.09346,0.87839,0.5,-40.93859,-0.68758,-39.23849,17.75128,6.31667,7.79477,118.91441,163.08747,6.24463,-0.74442,2.96132,-5.24682,0.01287,0.74328,0.0925,0.21631,0.35472,-0.09279,0.5428,-0.19166,0.81599,1.10309,0.19363,-0.09437,-0.00057,1.34549,-0.60857,2026-09-29,False,,,,,,,,,,,
HOMB,Finance,28.41,44650378.64685,18.75901,0.53006,0.1568,59.51493,,,,,,,NEUTRAL,prior-research-2026-09-30+NEUTRAL,False,0.50847,2.02749,6.10079,0.90507,0.41667,-18.75901,-0.53006,-14.78101,17.61437,11.10573,8.43446,79.84861,26.24447,56.52895,-0.20261,3.0271,1.85549,-0.16434,0.41721,-0.94499,1.15305,0.16702,0.70406,0.88772,0.11257,0.47186,0.17335,-0.44077,0.93847,0.60951,0.30492,-0.62569,2026-09-29,False,,,,,,,,,,,
HOPE,Finance,13.44,11875820.93449,21.48388,0.73889,0.567,83.95522,,,,,,,NEUTRAL,prior-research-2026-09-30+NEUTRAL,False,0.52965,2.42113,33.92742,0.9269,0.66667,-21.48388,-0.73889,-14.90397,16.29002,5.65845,7.44022,133.57555,59.24191,29.84333,-0.27864,4.16667,7.35376,0.50261,0.6208,1.01488,0.46483,-0.41518,0.69632,-0.73785,-0.35196,0.30217,1.16462,0.51434,-0.03268,0.48752,0.65169,-0.13727,2026-09-29,False,,,,,,,,,,,
HOS,Industrial Services,7.71,14546880.57804,39.26997,0.59158,0.78241,91.88433,,,,,,,NEUTRAL,prior-research-2026-09-30+NEUTRAL,False,0.54011,4.24029,45.68966,0.72736,0.5,-39.26997,-0.59158,-27.26415,16.49289,2.04147,1.36069,138.11375,75.39005,7.66789,-0.38544,0.0,1.97041,0.36758,0.1858,-0.48975,0.84792,0.62928,0.72512,-1.41002,-0.42643,-0.08203,2.08662,0.34643,-0.05792,0.49465,-0.8999,-0.84141,2026-09-29,False,,,,,,,,,,,
HP,Industrial Services,36.61,40512329.79126,48.04522,0.37955,0.30867,70.4291,,,,,,,NEUTRAL,prior-research-2026-09-30+NEUTRAL,True,0.49677,6.03487,93.32567,0.76847,0.75,-48.04522,-0.37955,-26.48687,17.51712,-5.22621,-3.7969,70.06934,108.77131,2.67806,-0.72341,2.73149,16.56722,0.97749,0.41509,1.55569,0.28252,1.21233,0.80879,-0.13575,-0.7017,-0.65177,0.73548,0.71506,-0.63434,0.09177,1.27762,0.24564,2026-09-29,False,,,,,,,,,,,
HRB,Consumer Services,40.58,85419453.13454,52.39408,-0.17855,-0.72904,10.63433,,,,,,,NEUTRAL,prior-research-2026-09-30+NEUTRAL,False,0.46815,1.37412,8.72555,0.75581,0.58333,-52.39408,0.17855,-45.57649,18.26308,707.4531,14.66838,2.35214,79.57031,23.94515,-17.89419,4.13997,4.90288,-0.02776,-0.02125,0.64584,-0.36231,2.80529,-0.54612,1.3293,2.97927,1.72725,-1.93723,0.13566,0.90032,-1.4373,1.5343,0.06163,2026-09-29,False,,,,,,,,,,,
HRI,Finance,127.24,65844977.16522,56.38715,1.48902,-1.19605,3.17164,,,,,,,NEUTRAL,prior-research-2026-09-30+NEUTRAL,False,0.4384,4.05146,28.52174,0.71297,0.75,-56.38715,-1.48902,-49.4995,18.00281,2.57827,1.1318,43.69639,112.16407,13.11779,-5.05714,2.20057,28.4996,0.39885,-0.7605,1.72701,-1.73213,-1.60033,-1.73034,1.52341,-0.58786,-0.84838,-0.7206,1.15955,-0.89243,-1.57441,-0.06958,0.93582,2026-09-29,False,,,,,,,,,,,
HRMY,Health Technology,39.29,29534801.88637,38.54855,0.56435,0.32716,71.36194,,,,,,,NEUTRAL,prior-research-2026-09-30+NEUTRAL,False,0.49516,4.7486,42.52998,0.91671,0.66667,-38.54855,-0.56435,-34.48531,17.20108,20.45564,7.97708,44.06087,42.24189,24.0287,-0.22113,0.0,24.2543,-0.0367,0.95737,0.83728,1.2791,0.90601,0.40777,0.14691,2.03011,1.75164,0.86119,1.3025,1.99128,0.05225,-0.07667,0.83191,2026-09-29,False,,,,,,,,,,,
HROW,Health Technology,31.4,18364968.08281,59.44836,1.43619,-0.09534,41.88433,,,,,,,NEUTRAL,prior-research-2026-09-30+NEUTRAL,True,0.47841,5.62618,-20.87048,0.57299,0.41667,-59.44836,-1.43619,-47.02555,16.72596,-114.7994,-3.15945,1.29017,23.39025,2.06862,-19.78579,0.0,21.05455,-1.66171,-0.90492,-1.12259,0.15591,-0.6785,-0.26056,-0.47642,-0.91722,0.05001,-1.88475,0.65152,0.25403,-2.71124,-0.07667,0.68396,2026-09-29,False,,,,,,,,,,,
HTFL,Technology Services,49.83,60122188.44376,74.99964,1.59966,0.14768,58.20896,,,,,,,NEUTRAL,prior-research-2026-09-30+NEUTRAL,True,0.49775,9.65047,44.5251,0.98187,0.58333,-74.99964,-1.59966,-48.65948,17.91189,-154.23393,-2.70482,6.40916,4.8459,-34.3138,-0.09698,0.0,,1.20162,2.2215,0.87986,-0.46893,-1.27611,0.13905,0.75846,-2.04682,-0.53039,-1.55083,-1.36704,-1.17413,0.66739,-0.21817,0.0,2026-09-29,False,,,,,,,,,,,
HTGC,Finance,16.97,23248071.06209,20.63155,0.48743,0.15308,59.23507,,,,,,,NEUTRAL,prior-research-2026-09-30+NEUTRAL,False,0.52763,1.08139,2.71882,0.95552,0.58333,-20.63155,-0.48743,-24.7394,16.96173,17.15988,11.92994,71.43799,18.5947,82.65548,-1.03331,9.4284,44.00341,-0.26951,1.03747,0.34799,0.69245,0.29251,-0.24597,0.0103,0.58427,0.96332,-0.03599,-0.74913,1.64308,-0.41431,1.59238,1.23723,2026-09-29,False,,,,,,,,,,,
HTO,Utilities,61.65,24760095.39833,20.7599,-0.05693,0.52841,82.27612,,,,,,,NEUTRAL,prior-research-2026-09-30+NEUTRAL,False,0.5525,1.7494,35.53684,0.94889,0.75,-20.7599,0.05693,-12.26023,17.02474,6.46273,4.14172,71.41062,32.08323,21.52823,-1.02581,2.82238,5.04173,0.56276,1.16205,1.60445,0.36944,0.89708,0.97952,-0.46076,-0.12984,-0.05081,-0.00547,-0.61756,0.06939,0.10624,-0.03494,0.17681,2026-09-29,False,,,,,,,,,,,
HUBG,Transportation,30.25,37099787.67052,52.03022,0.65731,-0.63542,13.24627,,,,,,,NEUTRAL,prior-research-2026-09-30+NEUTRAL,False,0.48555,1.69775,15.41921,0.58182,0.58333,-52.03022,-0.65731,-42.24156,17.42912,,,,,,,1.65289,,-0.59315,-1.43563,-0.13921,-0.54038,-0.20379,-0.97072,0.32396,0.0,0.0,0.0,0.0,0.0,0.0,-0.09462,0.0,2026-09-29,False,,,,,,,,,,,
HUN,Process Industries,8.38,28585491.73536,58.87515,1.14927,-0.48139,18.75,,,,,,,NEUTRAL,prior-research-2026-09-30+NEUTRAL,True,0.46869,3.40788,7.6767,0.53241,0.75,-58.87515,-1.14927,-46.75864,17.16841,-6.08696,-11.49178,184.0396,398.69706,-0.10173,-0.92905,6.11575,0.64846,-0.1084,-0.89489,1.80354,-0.73328,-0.76088,-0.65704,0.1645,-0.49846,-1.01634,2.18141,1.67983,-0.6957,-0.29728,1.76363,-0.29253,2026-09-29,False,,,,,,,,,,,
HURN,Commercial Services,156.36,32178390.2153,69.087,-0.22987,-0.29262,28.73134,,,,,,,NEUTRAL,prior-research-2026-09-30+NEUTRAL,False,0.48425,4.33536,9.49445,0.84255,0.41667,-69.087,0.22987,-51.41718,17.28681,26.88091,4.64446,15.40949,72.75095,11.6192,-2.24695,0.0,13.60429,0.11912,0.51725,-0.37517,-0.93613,2.89326,-0.53768,-0.07053,0.89548,0.05224,-1.01491,-0.16277,0.42663,-1.00323,-0.53421,0.23571,2026-09-29,False,,,,,,,,,,,
HWC,Finance,72.2,59938797.34421,20.60796,0.6999,-0.14349,37.96642,,,,,,,NEUTRAL,prior-research-2026-09-30+NEUTRAL,False,0.48841,2.1846,21.30169,0.91101,0.58333,-20.60796,-0.6999,-17.45196,17.90883,9.66898,7.33731,76.32718,33.53893,36.58335,-0.42467,2.63158,-3.22399,0.2163,0.47612,0.34799,0.70249,-0.33853,0.30248,1.39739,-0.0278,0.2741,0.08193,-0.18241,0.13928,0.22799,0.10086,-1.0599,2026-09-29,False,,,,,,,,,,,
HWKN,Process Industries,126.15,19496699.75281,35.5644,0.76919,0.06262,51.58582,,,,,,,NEUTRAL,prior-research-2026-09-30+NEUTRAL,False,0.50371,3.58361,-31.61509,0.691,0.41667,-35.5644,-0.76919,-35.54536,16.78576,15.61365,3.03954,20.7974,41.69866,10.3583,-0.47009,0.61038,9.31733,-1.20875,-0.28047,-0.86847,0.53535,-0.0911,-0.07734,-0.33963,0.9259,0.32439,-1.16274,-0.76067,0.32708,0.16314,-0.00057,0.51315,2026-09-29,False,,,,,,,,,,,
HYMC,Non-Energy Minerals,19.38,38671741.42532,88.64674,2.38712,-0.36364,24.81343,,,,,,,NEUTRAL,prior-research-2026-09-30+NEUTRAL,True,0.47143,10.52119,293.15183,0.34769,0.5,-88.64674,-2.38712,-66.9268,17.47062,-73.17974,-4.68894,13.65236,0.0,,-9e-05,0.0,,2.03141,-1.16636,-0.39697,-0.81022,-0.50733,-0.93379,0.31431,-1.5845,-0.8181,-0.91016,-1.42997,0.0,1.77535,-0.2967,0.0,2026-09-29,False,,,,,,,,,,,
HZO,Retail Trade,52.24,25030549.12567,65.14424,1.32339,0.7592,91.60448,,,,,,,NEUTRAL,prior-research-2026-09-30+NEUTRAL,False,0.56827,0.55545,99.08433,0.99391,0.66667,-65.14424,-1.32339,-23.84506,17.03561,0.42081,0.34458,82.40176,189.98039,2.89745,-1.16517,0.0,-5.35527,1.96281,2.24605,1.54608,-0.76215,-0.75297,0.99198,-0.735,-1.05462,-0.97268,0.80135,0.07291,-0.43222,0.03658,-0.98525,-0.7733,2026-09-29,False,,,,,,,,,,,
IBOC,Finance,68.94,22431600.0,17.39653,0.52841,0.66996,88.43284,,,,,,,NEUTRAL,prior-research-2026-09-30+NEUTRAL,False,0.55216,1.40724,3.22656,0.89456,0.41667,-17.39653,-0.52841,-10.54414,16.92598,12.91958,9.63449,78.69456,24.77919,61.07341,-0.21658,2.11778,2.16751,-0.24028,0.29699,-0.94499,1.64796,0.17381,1.46686,-0.05406,0.25011,0.71956,0.12696,-0.48629,1.06479,0.59169,-0.10209,-0.58885,2026-09-29,False,,,,,,,,,,,
IBP,Industrial Services,193.94,79125435.34241,64.0596,1.32909,-0.51077,17.44403,,,,,,,NEUTRAL,prior-research-2026-09-30+NEUTRAL,False,0.45892,4.67207,-0.3304,0.57022,0.5,-64.0596,-1.32909,-42.97784,18.18654,38.45092,4.89247,12.48,57.84318,12.50675,-1.87209,0.78375,0.27403,-0.75518,-0.48525,-0.48975,-0.4354,-0.76146,-0.26184,0.96356,1.61017,0.54309,-1.31117,0.08064,0.37901,-0.70574,0.54795,-1.02394,2026-09-29,False,,,,,,,,,,,
ICHR,Producer Manufacturing,59.76,48870063.26904,91.62965,2.93037,-0.29694,28.26493,,,,,,,NEUTRAL,prior-research-2026-09-30+NEUTRAL,True,0.48206,6.73987,220.86225,0.53224,0.66667,-91.62965,-2.93037,-54.49768,17.70468,-5.16592,-1.78549,38.43259,44.93107,1.32231,-0.1781,0.0,9.102,2.3584,-0.50709,1.15736,-1.14384,-1.26739,-0.5559,0.483,-0.53318,-0.34173,-0.03831,-0.15262,-0.4079,0.47135,-0.89902,-0.04176,2026-09-29,False,,,,,,,,,,,
ICUI,Health Technology,163.44,44430478.8208,35.46931,0.82276,0.29288,69.3097,,,,,,,NEUTRAL,prior-research-2026-09-30+NEUTRAL,False,0.49863,3.71086,47.37817,0.8728,0.66667,-35.46931,-0.82276,-27.17926,17.60944,1.4101,0.73842,52.8092,53.02226,6.67575,-0.59816,0.0,-8.83749,0.05366,0.54601,0.83728,1.45462,0.29297,0.94261,0.68626,0.58887,0.44966,1.1115,1.57481,0.75832,-0.50329,-0.07667,-1.36251,2026-09-29,False,,,,,,,,,,,
IDT,Communications,75.56,11647113.21716,26.96593,0.20266,0.86796,94.02985,,,,,,,NEUTRAL,prior-research-2026-09-30+NEUTRAL,False,0.53896,8.62565,10.79572,1.0,0.66667,-26.96593,-0.20266,-27.15914,16.27057,25.38878,4.62886,18.8934,69.35089,9.42325,-0.00416,0.3441,5.39718,-0.30847,2.64621,0.84354,1.33809,1.56989,0.5566,-0.95567,1.32215,0.48383,-0.79523,-0.1059,0.55236,2.3367,0.63492,0.33218,2026-09-29,False,,,,,,,,,,,
IDYA,Health Technology,37.86,28642551.43585,46.20666,0.83715,0.44291,77.98507,,,,,,,NEUTRAL,prior-research-2026-09-30+NEUTRAL,True,0.52127,4.17008,49.49683,0.89124,0.41667,-46.20666,-0.83715,-27.09984,17.1704,-16.21638,-4.73288,32.45902,6.33125,-92.66466,-0.02444,0.0,3244.67143,0.09751,0.6931,-1.12259,0.76954,0.26948,0.96809,0.10727,0.13474,-0.0618,0.48898,-0.11998,-0.7311,0.80846,-0.07667,2.78312,2026-09-29,False,,,,,,,,,,,
IE,Non-Energy Minerals,10.64,18300294.84758,76.25382,2.46169,-0.11278,40.01866,,,,,,,NEUTRAL,prior-research-2026-09-30+NEUTRAL,True,0.48843,10.51051,-6.67223,0.53414,0.5,-76.25382,-2.46169,-59.43775,16.72243,-8.40475,-1.98256,30.28134,0.1741,-3915.94443,-0.0697,0.0,-20.57278,-0.99896,-0.36518,-0.39697,-0.43436,-0.5435,-0.57979,-0.65627,-0.71928,-0.57748,-0.04906,-0.88758,-2.73506,0.47324,-0.2967,-2.15487,2026-09-29,False,,,,,,,,,,,
IEP,Energy Minerals,6.86,4885943.91861,21.19073,0.32973,1.49171,99.53358,,,,,,,NEUTRAL,prior-research-2026-09-30+NEUTRAL,True,0.57808,2.5825,5.69272,0.93707,0.5,-21.19073,-0.32973,-15.9629,15.40187,-23.74597,-10.61148,37.28406,224.63019,1.23592,-4.32377,29.15452,12.38811,-0.38646,1.28449,-0.24958,1.88778,-0.75666,1.44588,-2.22773,-0.99832,-1.14874,-0.6881,1.2542,-0.83491,-1.56741,3.0,0.38273,2026-09-29,False,,,,,,,,,,,
IIPR,Finance,54.51,18090844.25964,34.11151,0.80283,0.03783,49.90672,,,,,,,NEUTRAL,prior-research-2026-09-30+NEUTRAL,False,0.51936,1.17501,19.25534,0.84289,0.5,-34.11151,-0.80283,-21.29237,16.71092,7.19142,9.17106,117.72762,18.01879,46.90787,-0.32892,13.9424,-8.41661,0.16572,-0.06664,-0.31843,-0.47356,-0.52665,-0.03192,-0.29577,-0.24719,0.6273,0.91885,-0.77508,0.6326,0.40918,2.13666,-1.3622,2026-09-29,False,,,,,,,,,,,
IMAX,Consumer Durables,56.33,56377496.17004,44.75633,0.27091,0.35883,74.53358,,,,,,,NEUTRAL,prior-research-2026-09-30+NEUTRAL,False,0.53466,3.48968,54.53989,1.0,0.66667,-44.75633,-0.27091,-22.74107,17.84758,12.10171,1.33884,11.64362,13.61295,22.76787,-0.79417,0.0,14.78916,1.31607,2.69589,1.42581,-0.00117,1.59504,1.01447,0.73995,0.31687,-0.32595,-2.00264,-2.27969,1.12341,-0.05175,-0.92827,1.01592,2026-09-29,False,,,,,,,,,,,
IMKTA,Retail Trade,84.96,9108969.67468,24.80323,0.19257,1.25676,98.69403,,,,,,,NEUTRAL,prior-research-2026-09-30+NEUTRAL,False,0.56941,1.57574,20.50629,0.89378,0.66667,-24.80323,-0.19257,-15.21962,16.02477,6.34372,6.58247,106.61886,342.91472,2.64743,-0.31255,0.77684,1.01525,0.71532,0.93427,1.54608,1.46926,1.7821,1.8018,-1.80618,-0.64504,0.1116,1.28051,0.76383,-0.46646,0.97566,0.45868,-0.26945,2026-09-29,False,,,,,,,,,,,
IMMX,Health Technology,10.54,16211039.18314,76.3753,1.2489,0.2102,63.89925,,,,,,,NEUTRAL,prior-research-2026-09-30+NEUTRAL,True,0.50168,6.71141,570.19231,0.7284,0.83333,-76.3753,-1.2489,-39.8374,16.6012,-34.18014,-5.00427,28.69982,0.0,,-0.00438,0.0,,2.1254,-0.23565,2.45542,-0.59427,-0.46009,0.09951,-0.62704,-0.13608,-0.08306,0.34859,-1.05211,0.0,1.32344,-0.07667,0.0,2026-09-29,False,,,,,,,,,,,
IMNM,Health Technology,21.89,25017098.07224,53.88983,1.37555,0.29897,69.49627,,,,,,,NEUTRAL,prior-research-2026-09-30+NEUTRAL,True,0.51475,4.58907,137.87747,0.73395,0.58333,-53.88983,-1.37555,-33.59288,17.03507,-64.03274,-10.213,21.11922,0.0,,-0.00903,0.0,-100.0,1.09675,-0.18241,0.17039,0.36874,-0.61428,0.46651,-0.10206,-0.52096,-0.40684,-0.02405,-1.05211,0.0,1.0839,-0.07667,-2.73723,2026-09-29,False,,,,,,,,,,,
IMSR,Industrial Services,3.97,7253529.8707,96.46829,3.39663,-0.58617,14.73881,,,,,,,NEUTRAL,prior-research-2026-09-30+NEUTRAL,True,0.44869,10.09709,-67.74194,0.14649,0.33333,-96.46829,-3.39663,-85.35055,15.797,-19.38026,-11.3715,65.08543,0.0,,-0.01377,0.0,,-2.65693,-2.46048,-1.71723,-1.51283,-2.87046,-2.54023,-2.09564,-0.99273,-1.1184,0.62336,-2.63864,0.0,1.71058,-0.8999,0.0,2026-09-29,False,,,,,,,,,,,
IMTX,Health Technology,8.56,4059540.09056,46.02061,1.26826,0.84514,93.09701,,,,,,,NEUTRAL,prior-research-2026-09-30+NEUTRAL,True,0.56512,2.08333,22.72727,0.72115,0.5,-46.02061,-1.26826,-29.82308,15.21658,-48.07603,-18.61293,38.64208,3.75474,-555.60276,-0.03655,0.0,-65.4025,-0.47355,-0.28932,-0.49602,0.79102,-0.49283,0.74135,-1.95833,-0.374,-0.77486,0.6885,-0.19862,-1.10442,0.68398,-0.07667,-2.1507,2026-09-29,False,,,,,,,,,,,
INBX,Health Technology,104.83,25750136.91177,85.89174,1.67368,0.05666,50.74627,,,,,,,NEUTRAL,prior-research-2026-09-30+NEUTRAL,True,0.51188,4.41134,277.63159,0.73907,0.41667,-85.89174,-1.67368,-44.12718,17.06395,-1773.59774,-9.07042,,0.0,,,0.0,-100.0,1.6876,-0.15465,-1.12259,-0.88707,-0.93367,-0.11599,-0.06612,-2.64499,-0.33445,0.0,-1.05211,0.0,0.0,-0.07667,-2.73723,2026-09-29,False,,,,,,,,,,,
INDB,Finance,78.16,26383399.20044,19.29102,0.65551,0.35375,74.16045,,,,,,,NEUTRAL,prior-research-2026-09-30+NEUTRAL,False,0.5235,2.1391,19.40409,0.90376,0.58333,-19.29102,-0.65551,-14.30066,17.08825,8.2388,7.32743,94.20215,35.89599,40.38606,-0.19971,3.14739,34.13485,0.16825,0.40291,0.34799,0.97626,-0.19816,0.76037,0.16803,-0.15613,0.27063,0.49199,-0.09524,0.34664,0.61549,0.34529,1.09833,2026-09-29,False,,,,,,,,,,,
INDV,Health Technology,36.59,68578069.59915,35.35544,0.47484,0.14205,57.64925,,,,,,,NEUTRAL,prior-research-2026-09-30+NEUTRAL,False,0.49257,3.90102,45.77759,0.87473,0.58333,-35.35544,-0.47484,-21.36612,18.04348,,8.3234,,31.23033,39.93994,,0.0,13.55499,0.01697,0.55485,0.17039,1.46557,1.19461,1.2993,1.39451,0.0,1.81377,0.0,0.93164,2.56293,0.0,-0.07667,0.38853,2026-09-29,False,,,,,,,,,,,
INOD,Technology Services,66.94,63961172.33276,122.42333,2.08908,-0.7121,11.3806,,,,,,,NEUTRAL,prior-research-2026-09-30+NEUTRAL,False,0.43925,14.61098,-19.75326,0.55095,0.41667,-122.42333,-2.08908,-63.03251,17.97379,37.74021,2.04492,7.02305,13.95232,17.08138,-0.02401,0.0,39.02104,-0.41778,-0.63544,-0.41313,-1.72402,-1.68684,-0.53348,0.83418,1.63971,0.05054,-1.47008,-0.96324,0.93058,1.10443,-0.21817,1.09837,2026-09-29,False,,,,,,,,,,,
INSP,Health Technology,73.18,38620009.62067,58.49269,0.84505,-0.76749,10.07463,,,,,,,NEUTRAL,prior-research-2026-09-30+NEUTRAL,False,0.4232,7.16382,-20.45572,0.50823,0.58333,-58.49269,-0.84505,-72.18557,17.46928,17.96493,6.53752,39.97162,43.509,6.02208,-0.03524,0.0,4.3457,-1.64985,-1.15038,0.17039,0.20531,0.25479,-1.54076,0.48343,1.8797,1.48616,0.71737,1.3677,0.68962,0.70284,-0.07667,-0.32207,2026-09-29,False,,,,,,,,,,,
INSW,Transportation,110.24,48853444.99512,39.20788,0.2461,0.20799,63.71269,,,,,,,NEUTRAL,prior-research-2026-09-30+NEUTRAL,False,0.51317,2.83444,132.19032,0.99181,0.75,-39.20788,-0.2461,-16.16459,17.70434,37.41161,13.99574,40.70239,22.62462,55.65296,-0.28815,7.55624,57.66313,1.10011,1.41284,1.23981,0.23841,1.02668,0.85192,0.74115,0.98159,0.71197,-0.58654,-1.17521,1.41947,0.6096,1.48709,1.24814,2026-09-29,False,,,,,,,,,,,
INTR,Finance,5.13,23125284.16157,49.28597,1.13281,-0.84132,8.76866,,,,,,,NEUTRAL,prior-research-2026-09-30+NEUTRAL,False,0.43207,5.47446,-40.39276,0.50881,0.16667,-49.28597,-1.13281,-50.01178,16.95644,15.50332,12.74153,89.17193,141.78514,19.2371,-3.10175,0.0022,51.13194,-1.48605,-1.58125,-2.84709,-1.41647,-1.08262,-1.77449,-0.00032,0.48056,1.04825,0.3948,1.34146,-0.47334,-1.27807,-0.84587,1.34427,2026-09-29,False,,,,,,,,,,,
IOSP,Process Industries,96.72,13930279.63257,21.638,0.51931,0.86593,93.93657,,,,,,,NEUTRAL,prior-research-2026-09-30+NEUTRAL,False,0.54728,3.80294,25.97325,0.97974,0.66667,-21.638,-0.51931,-25.48066,16.44958,9.20873,5.0956,56.34102,77.25606,8.13202,-0.03566,1.8507,2.87039,0.36661,1.99683,1.09141,1.50602,0.57565,0.65437,-0.73479,0.3657,0.6945,0.07872,-0.0757,0.08384,1.21213,0.43451,-0.03081,2026-09-29,False,,,,,,,,,,,
IPAR,Consumer Non-Durables,115.09,26065311.79504,32.93696,0.46476,0.71595,90.20522,,,,,,,NEUTRAL,prior-research-2026-09-30+NEUTRAL,False,0.53974,4.90422,19.43994,0.90173,0.5,-32.93696,-0.46476,-21.39683,17.07612,19.62312,4.53806,23.54675,40.62168,17.25665,-0.18946,2.78043,2.93292,0.29794,1.00182,-0.21894,0.61861,0.18539,0.84119,-0.87766,0.54041,0.12617,-0.74102,-0.76971,0.48233,0.70659,0.79415,-0.17411,2026-09-29,False,,,,,,,,,,,
IPGP,Electronic Technology,78.52,34156238.80463,74.20318,1.44956,-0.14986,37.12687,,,,,,,NEUTRAL,prior-research-2026-09-30+NEUTRAL,False,0.49271,2.42214,-4.87259,0.51017,0.58333,-74.20318,-1.44956,-54.03808,17.34646,1.30249,0.83393,64.36902,32.35795,3.95945,-0.00764,0.0,13.03877,-0.96223,-0.56078,0.32972,-0.00333,0.5092,-0.30051,-0.38157,-0.20389,0.06679,0.9841,0.17767,0.08657,1.209,-0.18865,-0.0081,2026-09-29,False,,,,,,,,,,,
IRDM,Communications,47.94,54185866.78505,62.38695,1.09898,0.00774,48.22761,,,,,,,NEUTRAL,prior-research-2026-09-30+NEUTRAL,False,0.51137,3.07889,168.62135,0.86318,0.75,-62.38695,-1.09898,-20.87911,17.80793,19.71513,1.81896,9.21765,17.24405,23.75734,-3.72875,1.18899,3.10456,1.75147,0.60017,1.55567,-0.58667,-0.56158,0.94679,1.02503,1.10667,-0.00631,-1.53391,-1.5784,1.50021,-0.89488,0.98943,0.13701,2026-09-29,False,,,,,,,,,,,
IRMD,Health Technology,86.46,9903445.89005,29.09997,0.50296,0.87208,94.3097,,,,,,,NEUTRAL,prior-research-2026-09-30+NEUTRAL,False,0.54928,4.91148,25.61997,0.82636,0.58333,-29.09997,-0.50296,-21.75092,16.10839,23.51923,2.09162,9.23122,7.83306,31.91574,-0.0,0.89059,11.21129,-0.38632,0.25127,0.17039,1.84996,1.09763,1.28778,-1.06204,2.14867,0.68512,-0.86325,-0.0515,2.25126,2.08216,1.42645,0.21822,2026-09-29,False,,,,,,,,,,,
IRON,Health Technology,65.87,29695828.65677,35.68618,0.55067,0.07998,52.23881,,,,,,,NEUTRAL,prior-research-2026-09-30+NEUTRAL,True,0.51006,1.88707,22.09,0.69993,0.58333,-35.68618,-0.55067,-40.54829,17.20652,-39.08167,-9.80785,25.72568,0.0,,-0.09448,0.0,,-0.48628,-0.38542,0.17039,1.42927,0.96492,0.07385,0.15928,-0.22753,-0.38827,0.21405,-1.05211,0.0,0.40202,-0.07667,0.0,2026-09-29,False,,,,,,,,,,,
IRT,Finance,14.83,42152848.05679,21.06863,0.24941,-0.05501,44.21642,,,,,,,NEUTRAL,prior-research-2026-09-30+NEUTRAL,False,0.50794,0.9875,2.86604,0.85476,0.41667,-21.06863,-0.24941,-15.96542,17.55681,1.28578,1.24068,98.0344,18.98222,17.04308,-0.72819,4.65273,3.45974,-0.26151,0.00776,-0.94499,0.59797,1.00798,0.51613,0.79889,-0.67525,-0.81606,0.57655,-0.71991,-0.6263,-0.10536,0.77616,-0.43922,2026-09-29,False,,,,,,,,,,,
IRTC,Health Technology,114.22,58687422.9744,45.63017,0.59708,-0.55273,15.57836,,,,,,,NEUTRAL,prior-research-2026-09-30+NEUTRAL,True,0.4595,2.95253,-29.60014,0.60354,0.5,-45.63017,-0.59708,-46.214,17.88774,-9.63048,-0.37628,5.02061,22.26711,1.38004,-3.91084,0.0,25.57853,-1.88213,-0.7803,-0.49602,0.81868,0.80416,-0.195,1.18995,0.2419,0.33514,-1.29366,0.6044,0.21075,-1.91775,-0.07667,0.88763,2026-09-29,False,,,,,,,,,,,
ITGR,Health Technology,126.33,71387969.04297,36.29565,0.3582,-0.06332,43.47015,,,,,,,NEUTRAL,prior-research-2026-09-30+NEUTRAL,False,0.50072,0.79681,23.47783,0.99866,0.75,-36.29565,-0.3582,-41.96682,18.08364,7.50358,2.9879,40.00259,42.78222,10.03498,-0.79391,0.0,2.61813,-0.45059,2.21121,1.54941,1.38645,1.47905,-0.00101,1.46674,1.01854,0.85799,0.72026,1.33211,1.09222,-0.69512,-0.07667,-0.5015,2026-09-29,False,,,,,,,,,,,
ITIC,Finance,292.09,16120177.06604,23.62113,0.27934,0.21562,64.1791,,,,,,,NEUTRAL,prior-research-2026-09-30+NEUTRAL,False,0.51477,2.70131,18.3436,0.9561,0.58333,-23.62113,-0.27934,-24.7574,16.59558,14.62909,7.37677,52.28574,53.46924,17.69587,-0.03042,0.62994,8.67205,0.13798,1.05857,0.34799,0.21229,0.91481,-0.24937,-0.43444,0.40942,0.28107,-0.45341,0.40293,-0.56691,1.27723,-0.62543,-0.0188,2026-09-29,False,,,,,,,,,,,
ITRI,Electronic Technology,87.39,46141096.47369,44.8632,1.03132,0.12899,56.15672,,,,,,,NEUTRAL,prior-research-2026-09-30+NEUTRAL,False,0.4971,2.20035,-21.32774,0.63244,0.33333,-44.8632,-1.03132,-43.53741,17.64721,16.9668,7.11503,41.98481,59.81306,13.866,-0.9908,0.0,-5.69445,-1.41725,-0.09831,-1.56417,1.35775,1.13698,0.20651,0.05475,1.04528,1.18278,0.42591,0.92027,1.05637,-0.83881,-0.18865,-1.56386,2026-09-29,False,,,,,,,,,,,
IVR,Finance,6.26,19148490.03963,19.27595,0.50242,0.15188,58.86194,,,,,,,NEUTRAL,prior-research-2026-09-30+NEUTRAL,False,0.51018,1.6897,21.44317,0.76461,0.58333,-19.27595,-0.50242,-23.66094,16.76773,14.12122,17.8385,129.27872,50.28,100.48809,-6.2711,22.68371,31.49128,0.22137,-0.46159,0.34799,1.00536,0.24633,-0.15862,-0.22642,0.36677,1.61918,1.07996,0.33008,2.02105,-1.72428,3.0,1.0073,2026-09-29,False,,,,,,,,,,,
JBLU,Transportation,4.28,120653703.46584,64.50287,1.78426,-1.135,3.91791,,,,,,,NEUTRAL,prior-research-2026-09-30+NEUTRAL,True,0.43059,4.57667,-4.57256,0.66254,0.58333,-64.50287,-1.78426,-37.6161,18.60844,-44.35544,-54.92837,98.46901,589.1471,-5.88235,-5.9143,0.0,3.99431,-1.14035,-1.13615,-0.13921,-1.08725,-1.88517,-0.73449,2.02309,-1.9509,-3.0,0.80239,2.1557,-1.86387,-1.51544,-1.87968,-0.54419,2026-09-29,False,,,,,,,,,,,
JBTM,Producer Manufacturing,110.32,60161095.68787,38.88044,0.87273,-0.02487,45.89552,,,,,,,NEUTRAL,prior-research-2026-09-30+NEUTRAL,False,0.48567,2.56062,-13.62601,0.65601,0.41667,-38.88044,-0.87273,-34.58964,17.91254,4.36085,3.42142,79.65039,69.88887,10.23955,-0.37545,0.36258,44.99501,-0.63637,-0.0507,-0.80251,1.13951,0.86628,0.47662,0.85075,-0.07695,0.39649,1.00435,0.2847,0.50445,0.13191,0.38704,1.18909,2026-09-29,False,,,,,,,,,,,
KAI,Producer Manufacturing,267.13,36929720.71533,41.04096,1.07973,0.46431,79.5709,,,,,,,NEUTRAL,prior-research-2026-09-30+NEUTRAL,False,0.53666,2.35856,0.31186,0.7709,0.5,-41.04096,-1.07973,-23.36339,17.42453,11.25967,3.48779,32.51659,36.62332,15.54354,-0.49917,0.52409,12.50145,-0.24464,0.54003,-0.17595,0.9817,0.54692,1.27861,0.06033,0.48823,0.40441,-0.22316,-0.45518,0.90404,-0.05722,0.45573,0.21241,2026-09-29,False,,,,,,,,,,,
KALU,Non-Energy Minerals,151.17,35989800.0,54.71119,1.4731,0.46396,79.38433,,,,,,,NEUTRAL,prior-research-2026-09-30+NEUTRAL,False,0.51855,2.853,105.97357,0.77604,0.66667,-54.71119,-1.4731,-26.03138,17.39875,26.39842,9.15325,38.05655,166.77058,8.24246,-1.13255,2.03744,32.83338,1.05331,0.68683,0.93633,0.50165,0.27635,1.3278,0.19807,1.29117,1.22079,0.23301,2.30911,-0.31943,-1.008,1.60408,0.53701,2026-09-29,False,,,,,,,,,,,
KBH,Consumer Durables,47.42,57079548.4623,42.43202,0.80987,-0.15548,36.84701,,,,,,,NEUTRAL,prior-research-2026-09-30+NEUTRAL,False,0.47411,2.95288,-11.77805,0.72126,0.41667,-42.43202,-0.80987,-31.78445,17.85996,5.88649,7.86283,131.82547,179.65968,5.07929,-0.55482,2.10881,-20.80197,-0.28444,-0.12211,-0.53407,0.13648,0.12224,0.37865,0.77222,-0.21925,0.82706,1.28291,0.30839,-0.22439,0.17706,0.99541,-1.04011,2026-09-29,False,,,,,,,,,,,
KBR,Technology Services,35.13,47295343.03284,35.57948,0.53319,0.3536,74.06716,,,,,,,NEUTRAL,prior-research-2026-09-30+NEUTRAL,False,0.51846,1.8698,-18.63948,0.74831,0.25,-35.57948,-0.53319,-36.54921,17.67192,27.08934,9.59967,37.2158,175.68313,9.97022,-1.71027,1.87874,-4.37098,-0.37983,0.25281,-1.66008,1.49608,0.61268,0.77206,0.36617,1.29003,1.43543,0.21684,1.54113,0.40365,-1.06512,1.62407,-1.22088,2026-09-29,False,,,,,,,,,,,
KD,Technology Services,11.29,44885064.94226,50.11062,0.53193,-0.40441,22.38806,,,,,,,NEUTRAL,prior-research-2026-09-30+NEUTRAL,False,0.45843,3.70662,-55.17827,0.36859,0.33333,-50.11062,-0.53193,-65.42605,17.61962,7.55208,3.54563,43.29285,609.97111,3.96873,-4.60748,0.0,-0.62413,-1.37312,-1.34536,-1.01403,0.60076,0.61605,-0.64265,0.24769,0.01485,0.3313,0.41026,2.79376,-0.2566,-1.77353,-0.21817,-0.95491,2026-09-29,False,,,,,,,,,,,
KEEL,Technology Services,3.58,123067648.32687,105.97882,3.37025,-0.88729,7.83582,,,,,,,NEUTRAL,prior-research-2026-09-30+NEUTRAL,True,0.44017,11.08034,26.77166,0.53754,0.5,-105.97882,-3.37025,-73.6476,18.62824,-75.62064,-19.73282,14.97163,8.55737,-121.10036,-3.15882,0.0,-23.02572,0.85874,-0.66862,0.21344,-1.36536,-3.0,-1.11591,1.71702,-1.65891,-1.45042,-0.78459,-1.21264,-1.46797,-1.54702,-0.21817,-1.75596,2026-09-29,False,,,,,,,,,,,
KFY,Commercial Services,71.98,31530915.92407,29.58936,0.32599,0.68554,89.08582,,,,,,,NEUTRAL,prior-research-2026-09-30+NEUTRAL,False,0.54693,2.39263,25.50639,0.84028,0.5,-29.58936,-0.32599,-16.75409,17.26648,14.21092,7.08354,54.95392,76.63762,13.38281,-0.29738,2.86191,6.93848,0.5299,0.49834,0.25139,1.19175,0.73028,1.68778,-0.10267,0.23693,0.47788,0.5155,-0.10511,0.55159,0.47197,1.70688,-0.30524,2026-09-29,False,,,,,,,,,,,
KGS,Industrial Services,51.75,105737643.34488,44.87159,0.6504,-0.19753,34.04851,,,,,,,NEUTRAL,prior-research-2026-09-30+NEUTRAL,False,0.48403,3.15701,60.28718,0.68364,0.58333,-44.87159,-0.6504,-31.63635,18.47647,4.59715,1.52016,40.95182,26.33187,32.64502,-1.30569,3.78744,8.22624,0.61916,-0.02797,0.17667,0.49733,0.46897,0.39673,1.33825,-0.21947,-0.06074,0.01718,-0.83678,1.35683,-0.40763,1.69504,-0.28586,2026-09-29,False,,,,,,,,,,,
KLAR,Commercial Services,12.36,69739951.4904,66.26223,1.73849,-1.10805,4.29104,,,,,,,NEUTRAL,prior-research-2026-09-30+NEUTRAL,True,0.44511,3.4507,-64.44667,0.29248,0.25,-66.26223,-1.73849,-70.96545,18.06028,-5.98452,-3.05607,51.93957,86.31798,-1.23793,-0.69111,0.0,34.09695,-2.00657,-1.86186,-1.62212,-0.81044,-1.85298,-1.54021,1.09378,-1.07968,-1.02682,0.43501,-0.01401,-0.78182,-0.05226,-0.53421,0.96267,2026-09-29,False,,,,,,,,,,,
KLIC,Producer Manufacturing,93.72,72222553.11584,62.7159,1.67492,-0.19333,34.51493,,,,,,,NEUTRAL,prior-research-2026-09-30+NEUTRAL,False,0.47591,6.49381,99.7392,0.70221,0.66667,-62.7159,-1.67492,-41.6785,18.09526,13.23122,2.35971,18.59174,19.37309,13.05686,-0.0418,0.87495,44.44395,1.56896,0.16399,1.15736,-0.1027,-0.25049,0.09638,1.1248,0.65141,0.18147,-0.88376,-1.08569,0.73013,0.96307,0.59616,1.18342,2026-09-29,False,,,,,,,,,,,
KMT,Producer Manufacturing,31.01,37920636.28922,46.82993,1.13937,0.28091,68.47015,,,,,,,NEUTRAL,prior-research-2026-09-30+NEUTRAL,False,0.48938,5.40265,44.19991,0.72514,0.66667,-46.82993,-1.13937,-31.88209,17.45101,23.99511,14.42587,66.29582,99.29468,20.44373,-0.48649,2.57981,19.82118,0.83476,0.27777,1.15736,0.61992,0.44725,0.66223,0.10082,1.28271,2.03437,0.66838,0.65682,1.23796,-0.04667,1.20697,0.5307,2026-09-29,False,,,,,,,,,,,
KMTS,Health Technology,28.46,8020816.26797,64.53656,1.44147,0.701,89.64552,,,,,,,NEUTRAL,prior-research-2026-09-30+NEUTRAL,True,0.55093,5.35714,5.3843,1.0,0.58333,-64.53656,-1.44147,-36.20135,15.89755,-73.73535,-8.7644,13.06681,6.24122,-134.47614,-0.3438,0.0,60.72225,-0.91044,2.53125,0.17039,-0.09736,-0.6826,0.29623,-1.28945,-0.62536,-0.31279,-0.5186,-0.13088,-0.82416,-0.14893,-0.07667,1.45512,2026-09-29,False,,,,,,,,,,,
KN,Electronic Technology,37.32,25361195.53986,45.21226,1.42296,0.93719,95.33582,,,,,,,NEUTRAL,prior-research-2026-09-30+NEUTRAL,False,0.55531,4.26433,46.65809,0.87196,0.58333,-45.21226,-1.42296,-23.83178,17.04873,9.49663,2.15035,25.19302,20.11008,14.62992,-0.18881,0.0,12.7686,0.2957,1.12134,0.32972,1.33922,0.53378,1.48519,-0.78294,0.4153,0.29087,-0.18642,-0.28036,1.09561,0.17441,-0.18865,-0.0303,2026-09-29,False,,,,,,,,,,,
KNF,Non-Energy Minerals,52.68,44121500.0,51.84354,1.12205,-0.13754,38.24627,,,,,,,NEUTRAL,prior-research-2026-09-30+NEUTRAL,False,0.46973,3.77211,-12.69367,0.5606,0.33333,-51.84354,-1.12205,-45.26977,17.60246,9.12017,4.71826,54.17637,111.58325,8.96396,-1.03908,0.0,12.13036,-1.19477,-0.28159,-1.62445,0.61747,0.79748,0.1356,0.49583,0.19042,0.40027,0.69729,1.95304,-0.24023,-0.94207,-0.2967,-0.27023,2026-09-29,False,,,,,,,,,,,
KNSA,Health Technology,75.73,36740835.746,56.96825,0.28417,0.34316,73.04104,,,,,,,NEUTRAL,prior-research-2026-09-30+NEUTRAL,False,0.51327,3.28676,113.97643,0.93586,0.66667,-56.96825,-0.28417,-21.11634,17.4194,14.03778,1.35878,11.02617,14.16507,11.92249,-0.0136,0.0,58.85078,0.87745,1.15999,0.83728,0.24758,1.74752,1.32653,0.40242,1.60351,0.57399,-0.63838,0.23651,1.25354,0.99217,-0.07667,1.4411,2026-09-29,False,,,,,,,,,,,
KOD,Health Technology,91.12,23202217.45377,158.02148,1.16137,0.08413,52.70522,,,,,,,NEUTRAL,prior-research-2026-09-30+NEUTRAL,True,0.48836,177.95982,138.73418,1.0,0.75,-158.02148,-1.16137,-36.24031,16.95976,-368.37106,-4.19431,1.05925,0.0,,-2.50026,0.0,,1.10601,2.53125,1.54941,-2.42073,-0.30716,0.29065,-0.19364,-1.36856,-0.02362,-2.04378,-1.05211,0.0,-1.64517,-0.07667,0.0,2026-09-29,False,,,,,,,,,,,
KOP,Process Industries,46.08,7375895.82825,35.59462,0.62704,0.99213,96.36194,,,,,,,NEUTRAL,prior-research-2026-09-30+NEUTRAL,True,0.57369,2.03101,65.39971,0.88228,0.75,-35.59462,-0.62704,-14.19836,15.81373,-19.01948,-9.9579,44.36483,216.96525,10.12464,-2.58811,0.75955,-4.97842,1.06403,0.75305,1.80354,0.52447,0.24598,1.73056,-1.32095,-0.74161,-0.93959,-0.25287,0.9805,0.30187,-1.15679,0.05001,-0.71495,2026-09-29,False,,,,,,,,,,,
KOPN,Electronic Technology,4.75,14790632.86848,104.9828,3.40298,0.38006,75.5597,,,,,,,NEUTRAL,prior-research-2026-09-30+NEUTRAL,False,0.51748,8.98617,96.49123,0.74335,0.58333,-104.9828,-3.40298,-55.60975,16.5095,18.55316,0.89198,8.03333,4.91942,-34.56362,-0.0168,0.0,-7.11958,0.9357,0.45425,0.32972,-0.89498,-1.53348,-0.40326,-1.41383,1.12878,0.0804,-1.32141,-0.95181,-0.84112,0.97855,-0.18865,-1.62273,2026-09-29,False,,,,,,,,,,,
KRC,Finance,33.84,45130848.17505,26.5451,0.57835,-0.53517,16.41791,,,,,,,NEUTRAL,prior-research-2026-09-30+NEUTRAL,False,0.48669,1.34356,-9.80766,0.81632,0.41667,-26.5451,-0.57835,-34.7256,17.62508,3.18522,4.28662,134.09087,27.80727,24.68166,-0.89249,6.38298,-3.75515,-0.61942,-0.23836,-0.94499,-0.00853,-0.00333,-0.95738,0.89595,-0.53926,-0.28249,1.19919,-0.37058,-0.18558,-0.24931,1.1895,-1.09055,2026-09-29,False,,,,,,,,,,,
KRG,Finance,24.7,54966997.52312,16.59495,0.21932,-0.03091,45.52239,,,,,,,NEUTRAL,prior-research-2026-09-30+NEUTRAL,False,0.50839,1.24032,23.6425,0.82803,0.66667,-16.59495,-0.21932,-17.23097,17.82224,10.90408,6.85802,58.33458,16.57404,23.42268,-1.04856,4.61538,-5.83519,0.29015,-0.16544,1.01488,1.9624,1.07075,0.33339,1.26334,0.09219,0.1765,-0.32095,-0.8513,-0.26901,-0.43794,0.75262,-1.23926,2026-09-29,False,,,,,,,,,,,
KRMN,Electronic Technology,32.86,134025529.35181,71.59608,1.84709,-1.01537,5.31716,,,,,,,NEUTRAL,prior-research-2026-09-30+NEUTRAL,False,0.4242,7.85837,-33.39667,0.28502,0.25,-71.59608,-1.84709,-71.49796,18.71354,9.50274,0.83748,9.48445,13.27856,19.45104,-2.07854,0.0,50.23228,-1.7263,-1.44831,-2.21021,0.094,0.10797,-1.19848,1.63252,0.41811,0.06951,-1.19113,-0.62306,1.45269,-1.43937,-0.18865,1.00185,2026-09-29,False,,,,,,,,,,,
KRNT,Process Industries,16.55,3829490.08274,38.06593,1.12151,1.04419,97.10821,,,,,,,NEUTRAL,prior-research-2026-09-30+NEUTRAL,True,0.56491,3.4375,22.04379,0.91741,0.58333,-38.06593,-1.12151,-20.02329,15.15824,-2.9663,-2.85682,86.75779,30.33594,-17.11389,-0.0275,0.0,3.9535,0.25116,1.1165,0.42452,0.39076,-0.69211,0.98781,-1.91685,-0.38882,-0.45789,0.75574,-1.14479,-1.18163,1.2958,-1.39001,0.07748,2026-09-29,False,,,,,,,,,,,
KRP,Miscellaneous,14.3,11064838.44414,23.25005,-0.09509,-0.05823,44.02985,,,,,,,NEUTRAL,prior-research-2026-09-30+NEUTRAL,False,0.50444,2.63706,19.96602,0.92497,0.58333,-23.25005,0.09509,-15.96371,16.21928,12.28756,4.82421,40.6206,18.67406,40.80208,-0.65748,11.18881,10.33014,0.33745,0.06348,0.51875,-0.04487,1.62274,0.19264,0.15237,0.52707,0.08184,-1.48729,-0.17135,-0.39052,0.46337,0.13758,0.64222,2026-09-29,False,,,,,,,,,,,
KRUS,Consumer Services,39.17,9411819.84978,64.64797,1.14951,-0.1593,36.66045,,,,,,,NEUTRAL,prior-research-2026-09-30+NEUTRAL,True,0.49141,4.59677,-23.43927,0.49401,0.58333,-64.64797,-1.14951,-56.46361,16.05748,-0.90685,-0.43439,48.3022,66.71587,-0.88476,-0.90281,0.0,18.38509,-0.94247,-1.16373,0.64584,-0.90772,-1.0403,-1.13852,-1.56725,-1.15309,-0.54812,0.77579,-0.04808,-1.04374,0.42841,-1.13702,0.91854,2026-09-29,False,,,,,,,,,,,
KSS,Retail Trade,18.32,64294271.50478,63.51893,1.57945,-0.38242,23.60075,,,,,,,NEUTRAL,prior-research-2026-09-30+NEUTRAL,False,0.45221,7.80022,10.34165,0.76384,0.58333,-63.51893,-1.57945,-51.84081,17.97898,6.67078,12.76231,197.6686,729.34241,3.86261,-1.54055,0.0,-2.87045,0.47038,0.18051,0.87919,-0.66789,-1.04905,-0.69398,0.64958,-0.61748,1.03278,2.52046,1.46867,-0.33989,-0.20124,-0.98525,-0.60593,2026-09-29,False,,,,,,,,,,,
KTB,Consumer Non-Durables,64.29,51639438.01117,46.79862,0.78462,-0.05892,43.93657,,,,,,,NEUTRAL,prior-research-2026-09-30+NEUTRAL,False,0.50127,2.12317,-2.27042,0.73445,0.5,-46.79862,-0.78462,-32.9053,17.7598,40.96371,7.59732,17.53925,86.9555,13.14472,-2.05768,3.282,15.61789,-0.29852,-0.00191,-0.21894,-0.26174,-0.68065,0.06002,0.10845,1.31195,0.68606,-1.10975,0.03474,0.19513,-0.89557,1.03611,0.76098,2026-09-29,False,,,,,,,,,,,
KURA,Health Technology,10.805,19229801.39208,58.7415,1.1867,0.2056,63.52612,,,,,,,NEUTRAL,prior-research-2026-09-30+NEUTRAL,True,0.50816,4.64286,39.8895,0.79507,0.58333,-58.7415,-1.1867,-39.04448,16.77197,-167.70881,-31.2362,5.09785,8.1281,-411.90029,-0.50495,0.0,-7.26954,-0.08892,0.08939,0.17039,0.19221,-0.36498,0.1505,-0.41945,-1.06792,-1.20613,-1.26353,-0.04639,-1.06321,-0.40315,-0.07667,-1.27932,2026-09-29,False,,,,,,,,,,,
KVYO,Technology Services,15.25,94121013.34534,89.00005,0.32946,-0.97551,6.43657,,,,,,,NEUTRAL,prior-research-2026-09-30+NEUTRAL,False,0.4447,6.35696,-36.3952,0.45851,0.5,-89.00005,-0.32946,-61.33494,18.36009,0.65811,0.15177,21.2917,31.05729,-1.86377,-0.11781,0.0,28.88642,-0.83557,-1.02422,0.21344,-0.92326,1.17927,-0.4804,1.44664,-0.47067,-0.246,-0.42439,-0.27518,-0.70604,0.60408,-0.21817,0.86325,2026-09-29,False,,,,,,,,,,,
KWR,Process Industries,158.02,22488339.53857,33.89443,1.10508,0.25937,67.35075,,,,,,,NEUTRAL,prior-research-2026-09-30+NEUTRAL,False,0.52579,2.60584,26.26968,0.88145,0.66667,-33.89443,-1.10508,-36.45678,16.92851,7.16932,3.56593,50.36226,72.25913,9.07728,-0.6708,1.28591,7.78507,0.3796,0.74699,1.09141,0.63204,-0.67277,-0.14149,-0.1743,0.18846,0.42449,-0.0732,-0.14702,0.19787,-0.05857,0.29257,0.38164,2026-09-29,False,,,,,,,,,,,
KYIV,Finance,12.77,4824575.89216,37.95925,1.16514,0.14914,58.58209,,,,,,,NEUTRAL,prior-research-2026-09-30+NEUTRAL,False,0.50893,5.00368,12.75167,0.78973,0.41667,-37.95925,-1.16514,-38.21192,15.38923,20.2339,5.59936,47.77929,43.97042,36.17188,-0.39278,0.0,,0.00687,-0.36087,-0.94499,-0.68214,-1.1687,-1.16414,-1.62079,0.76648,-0.00661,-0.58801,0.19846,0.13387,0.27871,-2.03038,0.0,2026-09-29,False,,,,,,,,,,,
LADR,Finance,9.03,10812879.87137,19.86843,0.43137,0.47932,80.03731,,,,,,,NEUTRAL,prior-research-2026-09-30+NEUTRAL,False,0.54494,1.2384,-6.05972,0.8423,0.33333,-19.86843,-0.43137,-16.14358,16.19625,3.56569,4.63213,126.66116,37.0033,60.37239,-2.81124,10.18826,-5.22051,-0.51873,-0.07749,-1.5459,0.92125,0.44605,0.47316,-0.78797,-0.49965,-0.20889,1.06027,-0.05051,1.04961,-1.19799,1.70342,-1.19856,2026-09-29,False,,,,,,,,,,,
LAND,Finance,9.48,5439284.93357,22.93397,0.32177,0.2161,64.45896,,,,,,,NEUTRAL,prior-research-2026-09-30+NEUTRAL,True,0.51188,4.13943,3.94631,0.78609,0.5,-22.93397,-0.32177,-33.87793,15.50916,-0.96279,-1.60317,166.88567,21.93828,24.01478,-0.73102,5.91139,21.5977,-0.21392,-0.37603,-0.31843,0.2877,0.75368,-0.89872,-1.49574,-0.77449,-1.14241,1.59477,-0.5899,-0.24853,-0.10804,1.10207,0.67001,2026-09-29,False,,,,,,,,,,,
LASR,Electronic Technology,39.01,55660329.48456,93.07999,2.64908,-0.34454,26.02612,,,,,,,NEUTRAL,prior-research-2026-09-30+NEUTRAL,True,0.48358,5.28053,47.40817,0.45921,0.5,-93.07999,-2.64908,-55.36198,17.83478,-3.80452,-0.55321,19.51533,13.77579,-4.61765,-0.03374,0.0,43.23669,0.31724,-0.78483,-0.3367,-0.57788,-0.49354,-0.38696,0.39204,-0.39044,-0.09251,-0.4655,-0.58029,-0.4545,0.78933,-0.18865,0.89636,2026-09-29,False,,,,,,,,,,,
LAUR,Commercial Services,38.38,35587354.37508,31.73642,0.39814,0.74928,91.23134,,,,,,,NEUTRAL,prior-research-2026-09-30+NEUTRAL,False,0.54812,3.7854,25.404,0.94859,0.58333,-31.73642,-0.39814,-16.33306,17.3875,29.34924,6.11961,21.72224,34.82928,24.41693,-0.64307,0.0,17.89192,0.52732,1.48169,0.91781,1.07542,0.50104,1.73383,0.03132,0.97675,0.32724,-0.63977,-1.00568,1.21261,0.00876,-0.53421,0.39668,2026-09-29,False,,,,,,,,,,,
LAZ,Finance,35.8,62352004.13017,46.14753,1.25473,-1.02888,5.03731,,,,,,,NEUTRAL,prior-research-2026-09-30+NEUTRAL,False,0.44211,3.21304,-15.70152,0.64225,0.5,-46.14753,-1.25473,-35.86494,17.94831,26.45425,6.27468,26.19274,95.2755,12.03586,-2.3548,5.58659,5.744,-0.80681,-1.07931,-0.31843,-1.2266,-1.32939,-1.02429,1.45246,1.0251,0.09987,-1.32585,0.99773,-0.97259,-1.07555,1.04088,-0.25177,2026-09-29,False,,,,,,,,,,,
LBRT,Industrial Services,18.44,75739891.30898,62.76715,0.72009,-0.54396,15.85821,,,,,,,NEUTRAL,prior-research-2026-09-30+NEUTRAL,False,0.4531,3.93395,50.92138,0.54747,0.66667,-62.76715,-0.72009,-50.16506,18.14282,6.12313,4.2169,67.6416,144.52843,1.33299,-0.82144,1.89805,2.28613,0.47676,-0.56697,0.84356,-0.36096,0.27828,-0.64626,0.89802,-0.1281,0.40059,0.66229,0.97361,-0.71646,4e-05,0.97368,-0.80777,2026-09-29,False,,,,,,,,,,,
LBRX,Health Technology,37.28,12182666.76865,55.89882,0.43975,0.64016,87.5,,,,,,,NEUTRAL,prior-research-2026-09-30+NEUTRAL,False,0.53369,5.05308,209.13213,0.75344,0.58333,-55.89882,-0.43975,-24.65643,16.31552,,-7.0208,30.6289,0.0,,-0.0157,0.0,,1.47777,-0.08174,0.17039,0.29899,1.27368,1.10369,-0.92061,0.0,-0.19072,0.41647,-1.05211,0.0,0.93449,-0.07667,0.0,2026-09-29,False,,,,,,,,,,,
LBTYA,Communications,9.26,22464927.01874,31.08678,0.37324,0.26742,68.00373,,,,,,,NEUTRAL,prior-research-2026-09-30+NEUTRAL,True,0.52152,1.32828,-7.77874,0.71067,0.33333,-31.08678,-0.37324,-28.93323,16.92747,-27.32125,-95.64485,291.11658,153.92922,-0.63257,-0.99333,0.0,-35.67384,-0.82794,-0.23123,-1.71724,1.11942,1.04281,0.39934,-0.24763,-0.95429,-2.46312,3.0,0.66926,-0.4137,0.09838,-0.64736,-1.23585,2026-09-29,False,,,,,,,,,,,
LCID,Consumer Durables,4.07,53282322.23358,94.93098,2.06791,-1.49608,0.93284,,,,,,,NEUTRAL,prior-research-2026-09-30+NEUTRAL,True,0.43141,5.9406,-79.09015,0.16431,0.25,-94.93098,-2.06791,-84.25515,17.79112,-125.99163,-235.19032,,94.37288,-258.9852,-1.9784,0.0,66.53789,-2.35428,-2.43857,-1.78102,-2.01386,-1.46789,-2.42796,0.63138,-2.07685,-3.0,0.0,-0.30309,-1.74726,-0.81338,-0.92827,2.06347,2026-09-29,False,,,,,,,,,,,
LCII,Producer Manufacturing,85.38,29392793.8797,39.29183,0.71691,0.20901,63.80597,,,,,,,NEUTRAL,prior-research-2026-09-30+NEUTRAL,False,0.51339,1.90533,12.80626,0.56024,0.33333,-39.29183,-0.71691,-45.17651,17.19626,15.00008,10.29245,69.75098,196.25493,7.49484,-0.80054,5.38768,4.05256,0.12623,-0.40424,-1.40342,1.09936,1.16897,-0.06308,-0.22274,0.79721,1.61441,0.74774,1.342,0.24186,-0.36523,2.12371,-0.44521,2026-09-29,False,,,,,,,,,,,
LEA,Producer Manufacturing,119.32,67385761.93542,37.17077,0.93739,0.30413,69.96269,,,,,,,NEUTRAL,prior-research-2026-09-30+NEUTRAL,False,0.49657,4.18007,24.57785,0.8075,0.66667,-37.17077,-0.93739,-19.97448,18.02594,10.83536,9.43441,87.53764,402.15683,4.06449,-0.67861,2.58129,3.55127,0.43269,0.68938,1.15736,1.23891,0.77104,1.49992,1.0004,0.44453,1.48935,1.19756,2.17142,-0.16668,-0.24994,1.21199,-0.48725,2026-09-29,False,,,,,,,,,,,
LEU,Non-Energy Minerals,138.17999,111306658.39233,82.12545,2.72351,-1.18972,3.26493,,,,,,,NEUTRAL,prior-research-2026-09-30+NEUTRAL,False,0.43283,7.79801,-42.43327,0.31693,0.41667,-82.12545,-2.72351,-68.30734,18.5278,8.05313,1.62416,29.02046,15.86991,1.56151,-1.39283,0.0,8.46876,-1.99554,-1.28342,-1.02354,-0.62438,-0.7783,-1.00178,1.89848,0.09327,-0.13799,-0.07066,-0.07257,-0.9892,-1.18387,-0.2967,-0.56832,2026-09-29,False,,,,,,,,,,,
LFST,Health Services,11.89,43470118.79253,50.78293,0.53404,0.42837,77.33209,,,,,,,NEUTRAL,prior-research-2026-09-30+NEUTRAL,False,0.52714,3.16114,127.12178,0.88864,0.66667,-50.78293,-0.53404,-17.06215,17.58758,3.42927,1.10708,32.32993,34.6748,5.07012,-0.32099,0.0,20.38393,1.58919,0.57184,1.05327,0.26645,0.33369,1.70043,0.54401,-0.02299,0.24202,-0.28253,-0.90016,0.0553,0.6512,-0.23761,0.69602,2026-09-29,False,,,,,,,,,,,
LGN,Industrial Services,53.7,60536010.86006,68.923,1.83051,-0.3785,23.69403,,,,,,,NEUTRAL,prior-research-2026-09-30+NEUTRAL,False,0.46656,7.68359,70.01895,0.52508,0.58333,-68.923,-1.83051,-49.78977,17.91875,,-0.76926,14.41539,63.96805,3.03863,-1.99108,0.0,69.19158,0.75512,-0.65056,0.17667,-0.65949,-1.28013,-0.61215,0.54368,0.0,-0.37242,-1.15228,0.18162,-0.57769,-0.74276,-0.8999,1.26642,2026-09-29,False,,,,,,,,,,,
LIF,Technology Services,40.04,28426770.35294,76.7536,1.26955,-0.37421,24.16045,,,,,,,NEUTRAL,prior-research-2026-09-30+NEUTRAL,False,0.48163,3.74882,-58.38676,0.36108,0.25,-76.7536,-1.26955,-65.64163,17.16284,30.05605,4.42563,18.49198,17.20393,1.137,-0.50803,0.0,33.96335,-1.5549,-1.4214,-1.66008,-0.56538,-0.89582,-0.65489,-0.35939,1.37855,0.46517,-0.58175,-0.83163,-0.49959,-0.12858,-0.21817,1.00398,2026-09-29,False,,,,,,,,,,,
LILAK,Communications,8.385,9979260.43015,47.52685,0.37378,0.70565,89.92537,,,,,,,NEUTRAL,prior-research-2026-09-30+NEUTRAL,True,0.53979,4.76191,48.77902,0.94746,0.58333,-47.52685,-0.37378,-22.55176,16.11602,-17.28113,-5.99725,31.62045,272.22144,16.64648,-16.96724,0.0,1.08171,0.54502,1.43094,0.17665,0.07532,1.03856,0.85074,-1.06033,-0.76111,-0.80385,-0.20032,1.33998,1.09764,-1.59409,-0.64736,-0.08222,2026-09-29,False,,,,,,,,,,,
LIND,Consumer Services,31.27,21473787.9406,56.45612,1.3798,0.56464,83.67537,,,,,,,NEUTRAL,prior-research-2026-09-30+NEUTRAL,False,0.53882,5.49933,128.49421,0.9069,0.66667,-56.45612,-1.3798,-26.65313,16.88234,,-0.83159,,39.99363,6.98677,,0.0,18.27377,1.80799,0.91697,1.31273,-0.5361,-1.38203,0.62858,-0.72735,0.0,-0.60008,0.0,-0.60753,-0.28146,0.0,-1.13702,0.90937,2026-09-29,False,,,,,,,,,,,
LION,Consumer Services,11.19,26861808.86307,49.6788,0.62692,0.12184,55.22388,,,,,,,NEUTRAL,prior-research-2026-09-30+NEUTRAL,False,0.49314,6.89013,62.85714,0.68232,0.58333,-49.6788,-0.62692,-34.51219,17.10622,,-3.53911,,85.72683,6.25499,,0.0,-7.99847,1.09198,-0.42775,0.64584,-0.23257,-0.02397,0.02016,-0.4389,0.0,-0.85108,0.0,0.1919,-0.3627,0.0,-1.13702,-0.95693,2026-09-29,False,,,,,,,,,,,
LIVN,Health Technology,76.99,46664784.7168,37.61319,0.78804,0.45078,78.63806,,,,,,,NEUTRAL,prior-research-2026-09-30+NEUTRAL,False,0.51528,3.13379,50.2994,0.90231,0.5,-37.61319,-0.78804,-18.88732,17.6585,15.40234,4.52423,31.82721,35.31081,15.00919,-0.26556,0.0,12.38823,0.11668,0.82737,-0.49602,1.33396,0.34282,1.5159,0.79272,1.71323,1.11617,0.46497,1.0649,1.4674,-0.02314,-0.07667,0.30235,2026-09-29,False,,,,,,,,,,,
LKQ,Consumer Durables,23.11,75059253.90015,40.9313,0.62693,-0.36878,24.53358,,,,,,,NEUTRAL,prior-research-2026-09-30+NEUTRAL,False,0.45528,3.6087,-12.0172,0.68641,0.5,-40.9313,-0.62693,-34.09248,18.13379,7.15773,7.9564,110.13848,234.20917,7.23992,-0.8241,5.19256,-2.54877,-0.29746,-0.27913,0.0925,0.21954,0.53569,0.20386,1.20191,-0.12829,0.85325,0.96411,0.61053,0.01911,-0.08437,2.02984,-0.44357,2026-09-29,False,,,,,,,,,,,
LMB,Industrial Services,47.95,15945929.21448,98.62979,1.33559,-0.4778,19.02985,,,,,,,NEUTRAL,prior-research-2026-09-30+NEUTRAL,False,0.45071,8.66084,-55.55317,0.42021,0.5,-98.62979,-1.33559,-63.87696,16.58471,16.1715,5.24804,35.29638,118.76412,5.64926,-0.29331,0.0,23.66567,-2.28258,-1.07036,-0.48975,-1.59746,-0.76529,-1.29568,-1.32504,0.73233,0.61104,-0.1656,0.81806,-0.27605,0.65376,-0.8999,0.53362,2026-09-29,False,,,,,,,,,,,
LMND,Finance,44.6,57861467.56668,71.293,2.15643,-1.46458,1.21269,,,,,,,NEUTRAL,prior-research-2026-09-30+NEUTRAL,True,0.44249,3.65074,2.97491,0.46184,0.66667,-71.293,-2.15643,-54.53039,17.87356,-26.96279,-3.96144,14.31015,24.77615,-13.7939,-0.41321,0.0,76.72519,-0.25885,-1.78026,1.01488,-2.38637,-2.18109,-1.98263,1.35594,-1.3111,-1.36453,-1.98015,-0.48957,-2.56939,0.24663,-2.03038,1.53966,2026-09-29,False,,,,,,,,,,,
LNN,Producer Manufacturing,112.92,14697204.58984,32.08306,0.50743,0.78963,92.0709,,,,,,,NEUTRAL,prior-research-2026-09-30+NEUTRAL,False,0.53147,4.60721,-17.41615,0.80652,0.5,-32.08306,-0.50743,-26.98775,16.50317,10.74103,4.7841,43.25386,54.41337,9.94766,-0.27616,1.31952,-7.3695,-0.72518,0.68171,-0.17595,1.58648,1.77876,1.06095,-1.08395,0.43008,0.62566,0.09708,0.03135,0.47294,0.30631,0.81731,-1.38041,2026-09-29,False,,,,,,,,,,,
LOAR,Electronic Technology,63.55,43436972.47925,46.7438,1.36607,0.35457,74.34701,,,,,,,NEUTRAL,prior-research-2026-09-30+NEUTRAL,False,0.52432,2.95247,-9.27613,0.77595,0.5,-46.7438,-1.36607,-34.37119,17.58682,5.84178,1.15138,20.3085,9.92475,24.68132,-0.80445,0.0,29.75725,-1.06449,0.60748,-0.3367,1.23474,0.59751,0.71512,-0.05022,0.11921,0.1102,-0.41875,-0.77429,1.71034,-0.64899,-0.18865,0.63072,2026-09-29,False,,,,,,,,,,,
LOPE,Commercial Services,147.59,47277113.76343,29.09654,0.12808,-0.12852,38.71269,,,,,,,NEUTRAL,prior-research-2026-09-30+NEUTRAL,False,0.49279,2.62979,-30.30792,0.66919,0.58333,-29.09654,-0.12808,-38.00952,17.67154,30.9787,5.78661,17.16829,29.47596,27.7674,-0.15565,0.0,6.96777,-0.97813,-0.39878,0.91781,1.2234,1.32097,0.13124,0.47152,1.05296,0.27262,-0.93975,-1.19491,1.32126,0.74415,-0.53421,-0.30259,2026-09-29,False,,,,,,,,,,,
LPG,Transportation,54.23,27447420.45822,43.6278,0.47237,0.12591,55.78358,,,,,,,NEUTRAL,prior-research-2026-09-30+NEUTRAL,False,0.51108,3.04275,75.1482,0.93003,0.58333,-43.6278,-0.47237,-27.11652,17.12778,28.34202,13.54337,52.0294,24.62297,52.01965,-0.52263,0.0,81.05922,0.51972,0.53747,-0.13921,-0.04789,0.35733,0.00362,-0.07865,0.6892,0.67715,-0.23901,-1.10868,1.31779,0.23784,-1.87968,1.40947,2026-09-29,False,,,,,,,,,,,
LPTH,Electronic Technology,10.02,30143215.72113,109.22842,3.12334,-0.01243,46.82836,,,,,,,NEUTRAL,prior-research-2026-09-30+NEUTRAL,True,0.49367,11.16856,42.15189,0.55207,0.5,-109.22842,-3.12334,-49.80716,17.22147,-19.73099,-2.88736,21.02805,10.07944,-2.3327,-0.069,0.0,92.78771,0.21791,-0.3977,-0.3367,-0.97286,-1.02594,-0.09982,-0.53001,-0.73517,-0.32236,-0.39213,-0.76462,-0.37315,0.53548,-0.18865,1.29883,2026-09-29,False,,,,,,,,,,,
LPX,Non-Energy Minerals,65.76,77742182.55157,42.8798,0.94592,-0.19582,34.14179,,,,,,,NEUTRAL,prior-research-2026-09-30+NEUTRAL,False,0.46812,4.56571,-14.56258,0.67515,0.5,-42.8798,-0.94592,-33.52206,18.16891,3.09811,1.17519,37.91264,53.71036,4.53809,-0.21617,1.7944,-14.36502,-1.25327,0.13552,-0.39697,1.15711,1.07397,0.75407,1.43729,-0.27344,-0.22599,0.22432,1.21834,-0.70882,0.07572,1.5146,-2.02877,2026-09-29,False,,,,,,,,,,,
LRN,Consumer Services,75.59,53593972.19315,45.87835,0.41088,-0.76865,9.88806,,,,,,,NEUTRAL,prior-research-2026-09-30+NEUTRAL,False,0.44921,1.92283,-41.46671,0.49235,0.5,-45.87835,-0.41088,-60.25532,17.79695,21.73507,10.54008,50.97444,78.47847,18.11565,-0.33448,0.0,4.68811,-1.44168,-1.17267,-0.02057,0.00027,0.58063,-1.29674,0.574,0.47036,1.2992,0.85463,0.12874,0.615,1.09249,-1.13702,0.04248,2026-09-29,False,,,,,,,,,,,
LSPD,Technology Services,9.75,6484399.76215,43.10246,0.78527,0.93549,95.24254,,,,,,,NEUTRAL,prior-research-2026-09-30+NEUTRAL,True,0.55991,2.56158,-8.22511,0.72545,0.5,-43.10246,-0.78527,-37.72321,15.68491,-6.61212,-7.20164,108.75017,92.19325,-8.64564,-0.01435,0.0,5.99488,-0.09168,0.09362,0.21344,1.0414,-0.04403,0.7161,-1.985,-0.70961,-0.83825,1.92326,0.93349,-0.94192,1.23945,-0.21817,-0.3232,2026-09-29,False,,,,,,,,,,,
LSTR,Transportation,168.42,73946793.01453,30.48459,0.7355,-0.35835,25.27985,,,,,,,NEUTRAL,prior-research-2026-09-30+NEUTRAL,False,0.48893,2.05931,51.0101,0.74901,0.66667,-30.48459,-0.7355,-27.16711,18.11886,14.97808,2.28842,14.53913,86.5927,3.9225,-0.16625,0.97376,4.10162,0.19124,-0.64712,0.52768,0.7896,-0.39991,-0.0123,1.42795,0.02564,-1.10533,-1.73438,0.25183,-1.28994,0.85199,-0.34462,-0.52749,2026-09-29,False,,,,,,,,,,,
LUMN,Communications,5.54,73737670.43543,63.79285,1.87273,-0.87638,7.9291,,,,,,,NEUTRAL,prior-research-2026-09-30+NEUTRAL,False,0.4402,6.73981,2.02703,0.4683,0.33333,-63.79285,-1.87273,-53.25444,18.11602,,-17.71243,,204.66156,-3.10176,,0.0,-7.7355,-0.57972,-1.20483,-1.71724,-0.67466,-1.50355,-0.98165,1.50993,0.0,-1.41641,0.0,1.00312,-0.54588,0.0,-0.64736,-0.71051,2026-09-29,False,,,,,,,,,,,
LUNR,Electronic Technology,14.55,126666028.46117,103.97645,3.12644,-0.99074,5.78358,,,,,,,NEUTRAL,prior-research-2026-09-30+NEUTRAL,False,0.43443,12.93104,52.48016,0.31838,0.5,-103.97645,-3.12644,-75.07659,18.65706,,-3.78667,,14.21628,-19.62213,,0.0,116.88933,0.42285,-1.34865,-0.3367,-0.84352,-1.05053,-1.40996,1.5147,0.0,-0.39449,0.0,-0.54694,-0.7422,0.0,-0.18865,1.42502,2026-09-29,False,,,,,,,,,,,
LW,Consumer Non-Durables,43.27,69119867.61856,33.6247,0.35876,-0.26946,29.75746,,,,,,,NEUTRAL,prior-research-2026-09-30+NEUTRAL,False,0.49242,1.32848,2.64555,0.6701,0.58333,-33.6247,-0.35876,-41.36542,18.05135,16.28024,4.91354,30.92546,112.03376,10.19917,-2.21223,3.48972,2.49562,-0.14753,-0.36948,0.44748,0.55236,0.43946,-0.42057,0.60097,0.35526,0.21192,-0.40164,0.30732,-0.04653,-0.94823,1.09167,-0.23293,2026-09-29,False,,,,,,,,,,,
LWLG,Process Industries,5.17,17137604.05965,119.80241,2.98871,-0.79508,9.42164,,,,,,,NEUTRAL,prior-research-2026-09-30+NEUTRAL,True,0.44862,7.45098,53.35195,0.28375,0.41667,-119.80241,-2.98871,-74.42371,16.65679,-34.35954,-2.8819,13.13975,0.03155,-9688.20544,-0.02402,0.0,165.22283,0.91232,-1.89595,-0.86847,-2.5737,-2.52352,-2.11772,-0.4892,-0.95338,-0.46109,-1.62721,-2.65091,-2.67202,1.33795,-1.39001,2.35386,2026-09-29,False,,,,,,,,,,,
LXP,Finance,60.89,39792421.19751,19.25242,0.3519,0.45476,78.82463,,,,,,,NEUTRAL,prior-research-2026-09-30+NEUTRAL,False,0.55177,0.16472,41.67683,0.99575,0.75,-19.25242,-0.3519,-10.72813,17.49919,3.21305,1.79391,54.216,9.67686,14.84625,-0.70702,4.5574,-4.21457,0.67625,1.6517,1.72701,1.02035,0.64645,1.35831,0.71534,-0.53358,-0.70705,-0.41175,-1.17567,-0.798,-0.08933,0.7295,-1.11759,2026-09-29,False,,,,,,,,,,,
LYFT,Transportation,15.07,155848113.42659,41.98424,0.91975,-1.23014,2.42537,,,,,,,NEUTRAL,prior-research-2026-09-30+NEUTRAL,False,0.42413,3.7859,-19.06721,0.61335,0.41667,-41.98424,-0.91975,-48.51445,18.86439,152.57856,49.49539,52.13717,116.96381,-1.66604,-0.42738,0.0,10.80969,-1.5349,-1.30081,-1.4322,0.0529,-0.74152,-1.31892,2.3904,1.91893,2.11511,-0.23605,0.59139,-1.69671,0.36203,-1.87968,2e-05,2026-09-29,False,,,,,,,,,,,
LZ,Technology Services,5.55,16105038.36694,71.43554,0.37409,0.08332,52.61194,,,,,,,NEUTRAL,prior-research-2026-09-30+NEUTRAL,False,0.48595,6.18893,-43.52617,0.50754,0.25,-71.43554,-0.37409,-50.34294,16.59464,10.49351,1.74319,13.4519,81.97169,4.41126,-0.11903,0.0,12.26336,-1.07813,-0.80749,-1.66008,-0.33963,1.02727,0.06452,-1.08061,0.28904,0.00838,-0.90414,0.81761,-0.19625,0.59722,-0.21817,0.18162,2026-09-29,False,,,,,,,,,,,
LZB,Consumer Durables,29.68,18927134.95159,44.96241,0.6189,0.31899,70.80224,,,,,,,NEUTRAL,prior-research-2026-09-30+NEUTRAL,False,0.51115,3.23232,-4.60373,0.7097,0.41667,-44.96241,-0.6189,-29.26934,16.75611,8.03074,6.77954,84.3006,175.55106,6.64818,-0.53442,3.18733,0.19901,-0.09768,-0.18415,-0.53407,-0.02283,0.55108,0.5503,-0.80596,-0.05659,0.63658,0.4306,0.26103,-0.05518,0.19023,1.46502,-0.2109,2026-09-29,False,,,,,,,,,,,
MAIN,Finance,55.94,27628635.32028,26.4365,0.59404,-0.03583,45.24254,,,,,,,NEUTRAL,prior-research-2026-09-30+NEUTRAL,False,0.51335,1.57981,-1.84791,0.91426,0.5,-26.4365,-0.59404,-21.33455,17.13436,14.91847,8.61147,60.51672,13.0115,90.76797,-0.80345,5.54165,3.48584,-0.4175,0.50283,-0.31843,0.01185,-0.0381,-0.03967,0.22597,0.42275,0.51293,-0.28082,-1.02391,1.88266,-0.17809,1.03101,-0.43637,2026-09-29,False,,,,,,,,,,,
MAN,Commercial Services,56.56,49579344.40155,62.71561,0.24368,0.00514,48.13433,,,,,,,NEUTRAL,prior-research-2026-09-30+NEUTRAL,False,0.49992,2.76302,69.68805,0.89849,0.58333,-62.71561,-0.24368,-32.79593,17.71908,5.08206,3.9755,80.36081,714.14402,1.83833,-0.67417,2.54597,6.71969,1.32146,0.93314,0.91781,-0.61443,1.01751,0.45279,0.52155,-0.53684,-0.09117,1.08939,2.06312,-0.56942,-0.03099,1.56177,-0.31852,2026-09-29,False,,,,,,,,,,,
MARA,Technology Services,11.99,511073614.23407,82.47492,2.64193,-1.2284,2.61194,,,,,,,NEUTRAL,prior-research-2026-09-30+NEUTRAL,True,0.41889,13.7457,-33.84997,0.52496,0.41667,-82.47492,-2.64193,-70.53415,20.05202,-107.12051,-75.94133,36.91208,17.67264,-122.79516,-1.48502,0.0,0.72757,-0.78366,-0.73393,-0.41313,-0.73636,-2.06746,-0.92615,2.75195,-1.90253,-2.23858,0.20517,-0.78993,-1.47742,-0.96023,-0.21817,-0.82941,2026-09-29,False,,,,,,,,,,,
MAT,Consumer Durables,13.22,55351589.07795,27.25988,0.56357,-0.20714,33.20896,,,,,,,NEUTRAL,prior-research-2026-09-30+NEUTRAL,False,0.4946,1.60839,-10.4142,0.59657,0.5,-27.25988,-0.56357,-41.11011,17.82922,20.50242,11.64835,54.44733,149.59791,8.67555,-1.37445,0.0,2.89521,-0.25554,-0.62829,0.0925,1.05638,0.71212,-0.17548,0.72588,0.91241,1.40023,-0.24253,0.11461,0.13379,-0.53934,-0.92827,0.10118,2026-09-29,False,,,,,,,,,,,
MATW,Producer Manufacturing,19.43,12870371.90933,35.43872,0.56147,0.63084,86.66045,,,,,,,NEUTRAL,prior-research-2026-09-30+NEUTRAL,True,0.53713,3.00791,-9.51473,0.68081,0.5,-35.43872,-0.56147,-33.601,16.37044,-5.87397,-4.79,79.27352,180.78151,-1.46773,-1.29258,5.24961,-31.82346,-0.49259,0.04381,-0.17595,1.34234,1.60711,0.54372,-1.25264,-0.56921,-0.62065,0.99265,1.22456,-0.5896,-0.78172,2.07718,-1.86954,2026-09-29,False,,,,,,,,,,,
MBC,Consumer Durables,6.97,16645806.30455,56.56924,1.1379,-0.17553,35.16791,,,,,,,NEUTRAL,prior-research-2026-09-30+NEUTRAL,True,0.4776,6.15835,-36.86906,0.50434,0.41667,-56.56924,-1.1379,-52.60492,16.62767,-5.82034,-6.72584,136.70847,192.73102,-0.59423,-0.85833,0.0,-0.0108,-0.95507,-0.99845,-0.53407,-0.62404,-0.43146,-0.76588,-0.95609,-0.79922,-1.04721,1.39942,0.42359,-0.74581,-0.10626,-0.92827,-0.2249,2026-09-29,False,,,,,,,,,,,
MBWM,Finance,58.89,6014556.60782,22.76185,0.56731,0.86981,94.21642,,,,,,,NEUTRAL,prior-research-2026-09-30+NEUTRAL,False,0.55289,3.14508,34.52247,0.9477,0.75,-22.76185,-0.56731,-10.78089,15.60969,13.73259,9.28681,73.65429,37.51837,43.76241,-0.91694,2.61504,4.46798,0.51889,0.88661,1.72701,0.30741,0.0415,1.33879,-1.40338,0.32822,0.66031,0.00952,-0.04159,0.48641,-0.28266,0.09578,-0.3442,2026-09-29,False,,,,,,,,,,,
MBX,Health Technology,57.75,34497566.84647,71.74327,1.15486,0.08789,52.89179,,,,,,,NEUTRAL,prior-research-2026-09-30+NEUTRAL,True,0.49017,7.2907,259.7944,0.81683,0.5,-71.74327,-1.15486,-37.59852,17.3564,-33.17292,-3.7645,14.84744,0.0,,-0.00816,0.0,,1.61531,0.20188,-0.49602,-0.39695,-0.29376,0.22638,0.33745,-0.13148,0.01362,-0.38666,-1.05211,0.0,1.10678,-0.07667,0.0,2026-09-29,False,,,,,,,,,,,
MC,Finance,58.0,49858529.66843,39.24572,1.17618,-0.68211,11.75373,,,,,,,NEUTRAL,prior-research-2026-09-30+NEUTRAL,False,0.47748,2.39929,-1.67218,0.76851,0.5,-39.24572,-1.17618,-33.25849,17.7247,44.678,4.88657,11.8582,33.6964,18.41703,-0.51947,4.48276,13.6915,-0.41186,-0.44401,-0.31843,-0.78034,-1.20263,-0.85948,1.06805,1.56704,-0.15896,-2.14776,-0.16429,-0.53134,0.10108,0.72189,0.37228,2026-09-29,False,,,,,,,,,,,
MCB,Finance,87.48,10872467.31949,26.48292,0.78058,0.3366,71.92164,,,,,,,NEUTRAL,prior-research-2026-09-30+NEUTRAL,False,0.5203,2.19019,21.59802,0.86633,0.5,-26.48292,-0.78058,-18.70526,16.20174,10.24472,7.97855,89.18944,51.21763,35.35051,-0.03776,1.08596,10.54482,0.22645,0.07019,-0.31843,-0.00347,-0.49147,0.18677,-0.77866,0.02035,0.39749,0.39947,0.35123,0.09668,1.19149,-0.46309,0.13168,2026-09-29,False,,,,,,,,,,,
MCRI,Consumer Services,116.09,17491278.23639,29.17733,0.27252,0.83229,92.72388,,,,,,,NEUTRAL,prior-research-2026-09-30+NEUTRAL,False,0.55862,1.90619,18.26435,0.86935,0.58333,-29.17733,-0.27252,-15.86356,16.67721,20.54361,5.48366,27.59023,26.88202,26.48444,-0.02218,1.03368,5.10011,0.20249,0.55974,0.64584,1.04238,1.02662,1.51261,-0.9717,0.41199,0.43839,0.08516,-1.06336,1.02812,2.0771,0.41815,0.07526,2026-09-29,False,,,,,,,,,,,
MCY,Finance,99.87,28328424.64828,24.20297,0.12716,0.18073,61.3806,,,,,,,NEUTRAL,prior-research-2026-09-30+NEUTRAL,False,0.50206,3.05121,25.02558,0.9016,0.58333,-24.20297,-0.12716,-12.87037,17.15938,38.99152,17.04235,51.58887,115.37035,18.78106,-0.33925,1.27165,9.95025,0.32611,0.38526,0.34799,0.17056,1.3385,1.01463,0.27342,1.42885,1.58438,-0.47115,1.18536,-0.50976,0.38714,-0.36035,0.09452,2026-09-29,False,,,,,,,,,,,
MDU,Utilities,18.68,28525441.1335,18.89096,0.2519,0.27161,68.1903,,,,,,,NEUTRAL,prior-research-2026-09-30+NEUTRAL,False,0.52118,1.37966,15.55792,0.83091,0.58333,-18.89096,-0.2519,-18.19891,17.16631,6.89083,5.00513,74.48913,46.58089,16.98308,-0.8805,2.99786,-29.92759,0.10774,0.10578,0.22543,0.81637,-0.09502,0.13746,-0.25113,-0.10505,0.13875,0.06489,-0.12867,-0.21909,0.27366,0.06337,-1.28294,2026-09-29,False,,,,,,,,,,,
MEOH,Process Industries,59.45,43275984.29947,43.995,0.02489,-0.10821,40.39179,,,,,,,NEUTRAL,prior-research-2026-09-30+NEUTRAL,False,0.47642,3.11309,46.75562,0.91019,0.66667,-43.995,-0.02489,-33.10318,17.58311,3.37041,1.87189,55.99205,90.67959,17.3814,-1.22111,1.21133,13.20536,0.77826,1.04349,1.09141,0.00509,2.0365,0.07638,0.70779,-0.08101,0.11209,0.06962,0.05585,0.84436,-0.5565,0.2592,0.80726,2026-09-29,False,,,,,,,,,,,
METC,Energy Minerals,8.38,19424130.61237,75.6856,1.28689,-0.97317,6.52985,,,,,,,NEUTRAL,prior-research-2026-09-30+NEUTRAL,True,0.42915,7.06767,-57.68374,0.15362,0.5,-75.6856,-1.28689,-84.63795,16.78203,-17.06883,-11.96498,66.70562,99.87416,-13.60884,-1.24557,0.0,-17.65468,-2.1988,-2.65497,-0.24958,-1.22049,-2.84182,-2.66101,-0.834,-0.87326,-1.23336,0.07478,0.44317,-1.35751,-0.67163,-1.38816,-1.47094,2026-09-29,False,,,,,,,,,,,
MFA,Finance,8.0,13171875.47684,22.36622,0.55806,0.22033,64.83209,,,,,,,NEUTRAL,prior-research-2026-09-30+NEUTRAL,False,0.50931,1.6129,7.05079,0.79912,0.5,-22.36622,-0.55806,-20.08817,16.39359,8.18372,18.04826,217.69232,105.35333,80.26426,-6.56964,18.0,19.70236,-0.13847,-0.32285,-0.31843,0.32749,0.08049,0.05624,-0.65688,-0.16443,1.65626,2.06489,1.08469,1.47617,-1.74722,2.60274,0.58942,2026-09-29,False,,,,,,,,,,,
MGNI,Technology Services,25.67,47944839.77509,56.18452,0.71769,0.34497,73.3209,,,,,,,NEUTRAL,prior-research-2026-09-30+NEUTRAL,False,0.49981,9.70086,7.04608,1.0,0.58333,-56.18452,-0.71769,-49.7307,17.68556,19.57941,4.47971,25.13925,19.91828,15.64719,-0.44536,0.0,8.31589,0.33714,2.87836,0.87986,0.33493,0.08226,0.10891,0.37784,0.96596,0.47333,-0.23705,-0.69136,0.83852,-0.05461,-0.21817,-0.13782,2026-09-29,False,,,,,,,,,,,
MGTX,Health Technology,11.13,9748767.10024,63.58293,1.31065,0.56349,83.58209,,,,,,,NEUTRAL,prior-research-2026-09-30+NEUTRAL,False,0.5405,2.75162,68.94865,0.74349,0.58333,-63.58293,-1.31065,-27.12091,16.09265,72.28415,7.11385,19.79879,35.80261,45.94429,-0.52104,0.0,948.34507,0.38163,-0.12445,0.17039,-0.04321,-0.5374,0.9585,-1.08792,3.0,1.58417,-0.09312,1.08286,2.80861,-0.43214,-0.07667,2.38043,2026-09-29,False,,,,,,,,,,,
MGY,Energy Minerals,23.6,90865078.60794,38.77049,-0.13025,-0.23912,31.34328,,,,,,,NEUTRAL,prior-research-2026-09-30+NEUTRAL,False,0.4794,3.36712,6.65572,0.73889,0.33333,-38.77049,0.13025,-27.26307,18.32489,20.53772,7.51824,49.59334,26.50144,38.24692,-0.19243,2.79661,11.3511,-0.36573,-0.06682,-1.47706,0.60867,0.86377,0.51372,1.43283,1.04195,0.94422,-0.30413,-1.02366,1.42951,0.52247,0.82087,0.30942,2026-09-29,False,,,,,,,,,,,
MHO,Consumer Durables,135.78999,30349964.47144,33.34029,0.78827,0.45916,79.19776,,,,,,,NEUTRAL,prior-research-2026-09-30+NEUTRAL,False,0.53418,1.66026,3.89788,0.83307,0.58333,-33.34029,-0.78827,-21.31969,17.22831,10.05969,9.21949,93.92654,123.80342,9.28886,-0.31619,0.0,-4.93812,0.16631,0.45802,0.75891,0.71006,0.14276,1.08635,-0.17927,0.12772,1.10936,0.63815,-0.04324,0.19698,0.53852,-0.92827,-0.5742,2026-09-29,False,,,,,,,,,,,
MIAX,Finance,33.87,53788693.73169,43.4312,0.44607,-0.98824,5.97015,,,,,,,NEUTRAL,prior-research-2026-09-30+NEUTRAL,False,0.44017,5.14525,4.29299,0.59588,0.41667,-43.4312,-0.44607,-40.41168,17.80057,18.14344,4.20525,34.20848,43.34011,9.19046,-0.01979,0.0,16.81662,-0.20605,-1.23119,-0.94499,-1.03473,0.40736,-1.26041,1.21611,0.63709,-0.30136,-1.01645,0.17174,-1.23485,1.41705,-2.03038,0.47656,2026-09-29,False,,,,,,,,,,,
MIDD,Producer Manufacturing,105.56,65314875.0,36.47917,0.87314,0.20555,63.43284,,,,,,,NEUTRAL,prior-research-2026-09-30+NEUTRAL,True,0.50898,2.44986,5.3667,0.7322,0.41667,-36.47917,-0.87314,-26.77954,17.99473,-9.8549,-7.89516,46.35605,74.75895,17.09865,-0.90515,0.0,-7.21558,-0.06822,0.34386,-0.80251,1.26347,0.86332,1.07712,0.94382,-0.65044,-0.8066,0.20932,0.35826,1.00963,-0.46407,-0.89902,-1.36911,2026-09-29,False,,,,,,,,,,,
MIR,Electronic Technology,14.34,54587856.58455,50.63557,1.54065,-0.20349,33.58209,,,,,,,NEUTRAL,prior-research-2026-09-30+NEUTRAL,False,0.45799,7.64291,-39.39394,0.48202,0.33333,-50.63557,-1.54065,-51.79832,17.81532,1.49022,0.68271,50.8796,28.55963,6.82018,-0.67543,0.0,15.6772,-1.91274,-0.6898,-1.56417,1.0048,0.38871,-0.20076,0.3471,-0.18038,0.0394,0.69486,0.06049,0.4358,-0.5229,-0.18865,0.11732,2026-09-29,False,,,,,,,,,,,
MIRM,Health Technology,87.54,60889904.41589,47.93849,0.85671,-0.20813,33.11567,,,,,,,NEUTRAL,prior-research-2026-09-30+NEUTRAL,True,0.47901,3.69542,33.94722,0.68087,0.5,-47.93849,-0.85671,-31.91258,17.92458,-702.96728,-15.19414,,10.91714,-14.76037,,0.0,44.01751,-0.22519,-0.49238,-0.49602,0.66238,0.23421,0.57653,1.24045,-1.64909,-0.66282,0.0,0.06095,-0.35151,0.0,-0.07667,1.27322,2026-09-29,False,,,,,,,,,,,
MKTX,Finance,163.96001,130322122.52808,44.84587,-0.06207,-1.36602,1.77239,,,,,,,NEUTRAL,prior-research-2026-09-30+NEUTRAL,False,0.46268,0.31321,-7.92617,0.85564,0.41667,-44.84587,0.06207,-43.34328,18.68552,23.34386,5.30807,21.46654,15.09973,40.2813,-0.14441,1.89071,3.64847,-0.56378,0.01617,-0.94499,-1.12499,2.01919,-1.43194,2.49871,0.89741,-0.06807,-1.55475,-0.92703,0.33367,0.75502,-0.16578,-0.41376,2026-09-29,False,,,,,,,,,,,
MLAB,Health Technology,130.98,15870687.44202,53.23453,1.02394,0.74728,91.13806,,,,,,,NEUTRAL,prior-research-2026-09-30+NEUTRAL,False,0.52906,4.66743,101.15541,0.95258,0.66667,-53.23453,-1.02394,-24.16899,16.57998,2.6574,0.65181,25.63264,33.91084,9.0011,-0.85479,0.48862,3.04269,0.75259,1.41899,0.83728,0.3876,-0.0507,1.16284,-0.65092,0.66721,0.43867,0.20745,1.02884,0.98505,-0.74685,1.25891,-0.4547,2026-09-29,False,,,,,,,,,,,
MLYS,Health Technology,24.48,22520888.13171,61.12521,0.92861,-0.31601,27.33209,,,,,,,NEUTRAL,prior-research-2026-09-30+NEUTRAL,True,0.45883,13.5706,-35.984,0.51722,0.33333,-61.12521,-0.92861,-52.46144,16.92995,-80.87656,-15.75995,24.85269,0.0,,-0.17719,0.0,,-2.03245,-1.1254,-1.7235,0.08545,0.0919,-0.53423,-0.2338,-0.7466,-0.68784,0.16066,-1.05211,0.0,0.13641,-0.07667,0.0,2026-09-29,False,,,,,,,,,,,
MMS,Commercial Services,53.07,34269023.99597,32.98816,0.21974,-0.11661,39.73881,,,,,,,NEUTRAL,prior-research-2026-09-30+NEUTRAL,False,0.47518,4.26915,-30.84951,0.54504,0.41667,-32.98816,-0.21974,-46.49179,17.34975,21.11159,13.29774,62.40524,188.1755,10.85161,-0.99498,2.43075,-3.32181,-0.99855,-0.84293,-0.37517,0.99027,1.05539,-0.27476,-0.01104,0.68614,1.3771,0.63501,0.78439,0.35694,-0.35533,1.49792,-1.20383,2026-09-29,False,,,,,,,,,,,
MMSI,Health Technology,87.87,56994495.35446,30.27005,0.38662,0.13219,56.43657,,,,,,,NEUTRAL,prior-research-2026-09-30+NEUTRAL,False,0.49833,2.07042,12.83043,0.94301,0.41667,-30.27005,-0.38662,-35.27581,17.85847,9.18976,2.80072,32.32159,30.4073,12.69098,-0.48822,0.0,10.51346,-0.71605,1.23976,-1.12259,1.80067,1.39355,0.35477,1.13433,1.16815,0.83442,0.48,0.89779,1.31107,-0.38996,-0.07667,0.15941,2026-09-29,False,,,,,,,,,,,
MMYT,Technology Services,47.12,38988972.89429,55.84131,0.85139,-0.23801,31.62313,,,,,,,NEUTRAL,prior-research-2026-09-30+NEUTRAL,False,0.49836,2.76145,-37.65712,0.49558,0.41667,-55.84131,-0.85139,-61.82163,17.47879,,0.77903,,24.14056,14.94574,,0.0,6.85641,-0.90386,-0.8551,-0.41313,0.35411,-0.14672,-0.49081,0.05713,0.0,-0.16586,0.0,-0.52001,0.77851,0.0,-0.21817,-0.26715,2026-09-29,False,,,,,,,,,,,
MNDY,Technology Services,76.05,102250891.42456,68.81821,0.29225,-1.02027,5.1306,,,,,,,NEUTRAL,prior-research-2026-09-30+NEUTRAL,False,0.42046,10.66906,-51.25127,0.36812,0.25,-68.81821,-0.29225,-71.53299,18.44294,13.39385,3.60063,18.35315,40.58702,2.90154,-0.3843,0.0,24.21099,-1.27722,-1.35341,-1.66008,-0.23605,1.31953,-1.00577,1.54112,0.53702,0.3419,-0.5943,0.05776,-0.35943,0.05484,-0.21817,0.7058,2026-09-29,False,,,,,,,,,,,
MNPR,Health Technology,80.0,21217819.36951,65.17582,1.1863,-0.05922,43.84328,,,,,,,NEUTRAL,prior-research-2026-09-30+NEUTRAL,True,0.4892,5.03886,46.01332,0.64599,0.41667,-65.17582,-1.1863,-50.88682,16.87035,-19.4964,-3.28583,24.0949,0.0,,-0.00082,0.0,,0.02,-0.64132,-1.12259,-0.1305,-0.36154,-0.46285,-0.305,0.05078,0.03687,0.12312,-1.05211,0.0,1.63973,-0.07667,0.0,2026-09-29,False,,,,,,,,,,,
MPT,Finance,3.51,28381617.78986,35.58286,0.41967,-0.66004,12.03358,,,,,,,NEUTRAL,prior-research-2026-09-30+NEUTRAL,True,0.44056,7.35294,-12.25195,0.61969,0.41667,-35.58286,-0.41967,-40.14922,17.16125,-0.67729,-1.50971,215.07732,48.6919,57.34548,-2.15722,9.97151,10.56411,-0.69676,-1.15359,-0.94499,-0.55856,0.46179,-1.2547,0.28089,-0.76531,-1.12452,2.01234,0.32104,0.96471,-0.9886,1.6839,0.13434,2026-09-29,False,,,,,,,,,,,
MPTI,Electronic Technology,76.09,10430012.10785,47.54068,1.16676,1.05128,97.20149,,,,,,,NEUTRAL,prior-research-2026-09-30+NEUTRAL,False,0.55421,4.10203,47.64097,0.75524,0.5,-47.54068,-1.16676,-28.02977,16.1602,12.39513,2.82032,35.19165,17.25032,18.49376,-0.00111,0.0,11.84825,0.32967,0.51202,-0.3367,1.17963,0.87601,1.15696,-1.71904,0.688,0.43751,0.2085,-0.42009,1.37243,1.63307,-0.18865,-0.09334,2026-09-29,False,,,,,,,,,,,
MQ,Commercial Services,17.01,15199080.37167,43.93188,0.4557,0.447,78.35821,,,,,,,NEUTRAL,prior-research-2026-09-30+NEUTRAL,False,0.52285,4.01979,-23.18098,0.7875,0.41667,-43.93188,-0.4557,-30.37037,16.53675,1.33202,0.58672,40.43265,38.2675,-0.41848,-0.02158,0.0,22.41234,-0.80751,0.22087,-0.37517,0.29581,0.36811,0.63014,-1.02791,-0.81548,-0.66366,0.08763,-0.88341,-0.73364,1.41511,-0.53421,0.56244,2026-09-29,False,,,,,,,,,,,
MRAM,Electronic Technology,18.63,16506377.37579,129.79015,3.02944,-0.12694,38.89925,,,,,,,NEUTRAL,prior-research-2026-09-30+NEUTRAL,True,0.48605,12.36911,101.33818,0.42331,0.58333,-129.79015,-3.02944,-70.62031,16.61926,-3.84161,-0.58812,16.36989,13.94317,-7.42264,-0.05484,0.0,20.89211,1.01888,-0.8974,0.32972,-1.5694,-0.85794,-1.13658,-1.3135,-0.39363,-0.09538,-0.68448,-0.56352,-0.55713,0.60278,-0.18865,0.31074,2026-09-29,False,,,,,,,,,,,
MRCY,Electronic Technology,82.64,55328953.72009,59.16075,1.71842,0.08668,52.79851,,,,,,,NEUTRAL,prior-research-2026-09-30+NEUTRAL,True,0.4829,7.37999,15.25645,0.65478,0.5,-59.16075,-1.71842,-36.5185,17.82881,-1.99756,-0.59138,30.4765,19.60346,2.12937,-0.33451,0.0,7.85092,-0.40764,-0.01978,-0.3367,0.6558,0.23635,0.57288,0.38153,-0.33075,-0.09826,0.04369,-0.29461,-0.07758,-0.07279,-0.18865,-0.41433,2026-09-29,False,,,,,,,,,,,
MRP,Finance,26.51,33529493.48373,28.32122,0.68587,-0.10687,40.57836,,,,,,,NEUTRAL,prior-research-2026-09-30+NEUTRAL,False,0.49327,2.78677,-0.48595,0.82792,0.33333,-28.32122,-0.68587,-17.73891,17.32794,8.11973,11.6613,133.13884,18.62972,85.10919,-0.4258,11.35421,228.24471,-0.38108,-0.1707,-1.5459,-0.11071,-0.29999,0.26749,0.50859,-0.17272,0.94342,1.15347,-0.74179,1.72661,0.22001,1.80847,2.01678,2026-09-29,False,,,,,,,,,,,
MRX,Technology Services,72.13,46198105.77393,51.52037,0.69803,0.72578,90.57836,,,,,,,NEUTRAL,prior-research-2026-09-30+NEUTRAL,False,0.52378,5.81871,117.45365,0.92155,0.66667,-51.52037,-0.69803,-20.38348,17.64845,26.20389,8.31324,36.80658,85.78055,32.186,-6.12059,0.85956,,2.12075,1.35672,1.54675,0.51741,0.12656,1.88914,0.32306,1.24611,1.17785,0.20225,0.84596,1.57886,-1.96387,1.26117,0.0,2026-09-29,False,,,,,,,,,,,
MSGE,Consumer Services,81.65,26336487.24976,30.84038,0.58918,0.89153,94.68284,,,,,,,NEUTRAL,prior-research-2026-09-30+NEUTRAL,False,0.55906,4.54126,72.88585,0.92343,0.66667,-30.84038,-0.58918,-14.32934,17.08647,407.53671,1.70822,1.18156,27.37821,15.96027,-25.67364,0.0,12.52209,1.21923,1.07751,1.31273,0.95417,0.06945,1.71009,-0.47178,2.4465,-0.23965,-2.13877,-1.04745,0.45565,-1.63589,-1.13702,0.65589,2026-09-29,False,,,,,,,,,,,
MTG,Finance,28.25,50951958.99963,21.7974,0.12301,-0.16662,36.10075,,,,,,,NEUTRAL,prior-research-2026-09-30+NEUTRAL,False,0.49174,1.3853,10.13894,0.89768,0.58333,-21.7974,-0.12301,-15.79236,17.74639,13.92274,12.52346,88.06264,21.15316,76.95793,-0.12903,2.19469,-1.88335,-0.05652,0.33365,0.34799,0.39741,1.34721,0.56118,1.09228,0.34419,1.03344,0.36718,-0.63122,1.44782,0.80412,-0.07425,-0.95712,2026-09-29,False,,,,,,,,,,,
MTH,Finance,63.9,53112237.75787,39.51272,0.97873,-0.64224,12.77985,,,,,,,NEUTRAL,prior-research-2026-09-30+NEUTRAL,False,0.44923,3.66424,0.23122,0.75577,0.5,-39.51272,-0.97873,-27.27166,17.78792,6.37675,7.89331,121.25078,129.24711,7.14153,-0.37707,2.8482,-13.26761,-0.36446,-0.50175,-0.31843,-0.81348,-0.85343,-0.4097,1.18012,-0.31056,0.37115,1.00413,1.25201,-1.416,0.31637,0.19997,-1.47894,2026-09-29,False,,,,,,,,,,,
MTN,Consumer Services,141.28999,89581059.22546,37.20187,0.5099,-0.09805,41.60448,,,,,,,NEUTRAL,prior-research-2026-09-30+NEUTRAL,False,0.48707,5.07012,2.3405,0.88301,0.5,-37.20187,-0.5099,-23.93155,18.31065,44.36969,2.97702,4.85348,57.27035,15.62397,-14.18679,6.28495,-4.25534,-0.21585,0.65173,-0.02057,0.54481,0.32379,0.78867,1.39029,1.17146,-0.01933,-1.53196,-0.18101,0.43546,-1.31333,2.04922,-0.74647,2026-09-29,False,,,,,,,,,,,
MTRN,Electronic Technology,268.56,64519345.67261,68.03248,1.63537,0.20212,63.15299,,,,,,,NEUTRAL,prior-research-2026-09-30+NEUTRAL,False,0.4934,4.68801,99.72611,0.90359,0.75,-68.03248,-1.63537,-36.33277,17.98248,9.45846,1.5978,17.63925,37.20024,6.19229,-0.51417,0.21224,21.56148,0.97905,1.41211,1.70874,0.24556,0.30047,0.58684,0.58266,0.4125,0.21176,-0.61163,0.35194,0.37386,-0.35129,1.03704,0.33691,2026-09-29,False,,,,,,,,,,,
MTW,Producer Manufacturing,22.12,6769295.72792,59.59961,1.43319,1.17766,98.3209,,,,,,,NEUTRAL,prior-research-2026-09-30+NEUTRAL,False,0.54076,6.64557,96.2926,0.97188,0.75,-59.59961,-1.43319,-26.13861,15.72791,2.92245,2.51412,87.26001,288.75089,3.46983,-0.73941,0.0,8.85886,1.50431,2.29807,1.86949,0.03003,0.01372,1.11643,-1.83578,-0.20389,0.21551,1.18852,1.81635,-0.2172,-0.30596,-0.89902,-0.06543,2026-09-29,False,,,,,,,,,,,
MUR,Energy Minerals,35.95,55011652.29034,48.31483,-0.18831,-0.07321,42.91045,,,,,,,NEUTRAL,prior-research-2026-09-30+NEUTRAL,False,0.47901,5.75916,23.49231,0.85712,0.66667,-48.31483,0.18831,-25.6347,17.82306,5.64649,5.65723,101.18615,57.58269,21.61409,-0.43045,3.82476,7.72971,0.06554,0.5579,1.08373,-0.0193,1.3246,0.64068,0.64448,-0.10512,0.63427,0.86476,-0.12541,0.87303,0.10137,1.22036,0.02109,2026-09-29,False,,,,,,,,,,,
MUX,Non-Energy Minerals,17.98,17267598.19508,62.40226,1.96734,0.29954,69.58955,,,,,,,NEUTRAL,prior-research-2026-09-30+NEUTRAL,False,0.48772,6.4089,31.31833,0.61893,0.5,-62.40226,-1.96734,-43.64888,16.66434,13.54177,7.19819,64.77399,22.17408,-2.7399,-0.1817,0.0,47.73234,-0.00901,-0.06656,-0.39697,0.18559,-0.16541,0.18073,-0.71862,0.58073,0.84128,0.91644,0.22314,-1.27689,0.14192,-0.2967,0.76049,2026-09-29,False,,,,,,,,,,,
MWA,Producer Manufacturing,21.47,26261039.92462,26.75831,0.60736,0.58308,84.70149,,,,,,,NEUTRAL,prior-research-2026-09-30+NEUTRAL,False,0.55351,1.06067,-2.9183,0.7107,0.5,-26.75831,-0.60736,-28.9304,17.0836,21.6844,6.63193,33.44539,44.15219,20.9491,-0.40423,1.30415,5.88362,-0.32305,0.19532,-0.17595,1.86274,1.4642,0.87789,-0.40286,1.21151,0.95065,-0.19932,-0.17941,1.26098,0.07008,0.81307,-0.30874,2026-09-29,False,,,,,,,,,,,
MYRG,Industrial Services,288.31,89835000.0,53.50746,1.40418,-0.42047,21.45522,,,,,,,NEUTRAL,prior-research-2026-09-30+NEUTRAL,False,0.46711,3.28345,48.23282,0.57532,0.58333,-53.50746,-1.40418,-45.86435,18.31349,24.71392,3.709,16.9283,89.89147,5.51888,-0.08895,0.0,16.05744,0.42908,-0.46475,0.17667,0.01377,-0.83578,-0.39693,1.15354,1.13553,0.33108,-1.0412,0.49781,-0.28942,1.13801,-0.8999,0.23384,2026-09-29,False,,,,,,,,,,,
MZTI,Consumer Non-Durables,99.9,35415675.4303,32.46839,0.01672,-0.03821,45.14925,,,,,,,NEUTRAL,prior-research-2026-09-30+NEUTRAL,False,0.5058,2.58207,-31.87266,0.58901,0.33333,-32.46839,-0.01672,-41.09895,17.38267,18.64133,7.07702,38.97518,71.41985,11.53924,-0.24097,3.95395,1.08432,-1.10429,-0.66004,-1.44641,0.66279,1.5257,-0.40619,-0.45689,0.48766,0.57864,-0.14499,-0.14871,0.07357,0.61187,1.23702,-0.37854,2026-09-29,False,,,,,,,,,,,
NAMS,Health Technology,23.81,29765019.17572,55.65343,1.06664,-0.2753,29.66418,,,,,,,NEUTRAL,prior-research-2026-09-30+NEUTRAL,True,0.47768,4.4287,-9.12281,0.57443,0.41667,-55.65343,-1.06664,-48.95054,17.20884,-36.81119,-8.79265,21.73706,0.24128,-3432.20053,-0.00013,0.0,-88.87448,-1.32188,-0.89808,-1.12259,0.31493,-0.1066,-0.37747,0.16422,-0.18321,-0.31709,0.02035,-0.47827,-1.44457,1.74088,-0.07667,-2.3809,2026-09-29,False,,,,,,,,,,,
NAT,Transportation,7.98,23509050.71783,41.06214,0.174,0.38093,75.65299,,,,,,,NEUTRAL,prior-research-2026-09-30+NEUTRAL,False,0.5293,3.46741,127.55999,0.96727,0.75,-41.06214,-0.174,-18.4466,16.9729,25.65882,7.22747,27.95043,21.77229,28.68827,-0.85123,7.76942,29.11041,1.0593,1.12222,1.23981,0.09444,1.21623,0.59937,-0.26831,0.56307,-0.22007,-1.00923,-1.22286,0.47003,-0.06886,1.55539,0.80071,2026-09-29,False,,,,,,,,,,,
NATL,Electronic Technology,45.44,27480354.81491,14.00121,0.5799,1.40435,99.34701,,,,,,,NEUTRAL,prior-research-2026-09-30+NEUTRAL,False,0.5802,1.09938,19.13468,0.94411,0.41667,-14.00121,-0.5799,-14.909,17.12898,48.15725,5.87191,13.91911,132.38766,12.44625,-6.32759,0.0,3.78112,-0.3144,1.83675,-0.96327,3.0,2.04834,2.33604,-0.68162,2.09257,0.98547,-0.82435,1.68077,0.95315,-2.20383,-0.18865,-0.72951,2026-09-29,True,,,,,,,,,,,
NB,Non-Energy Minerals,3.49,11353031.69146,79.38598,2.56323,-0.27959,29.19776,,,,,,,NEUTRAL,prior-research-2026-09-30+NEUTRAL,True,0.48501,4.28572,-39.44282,0.29906,0.33333,-79.38598,-2.56323,-70.26564,16.245,-19.8123,-8.48197,80.35245,0.0,,-0.00022,0.0,,-1.92108,-1.33214,-1.62445,-0.54701,-0.61089,-1.13127,-1.12855,-0.93603,-1.05557,1.29721,-1.42997,0.0,1.68953,-0.2967,0.0,2026-09-29,False,,,,,,,,,,,
NBHC,Finance,39.23,15220350.22736,20.58411,0.60607,0.37808,75.37313,,,,,,,NEUTRAL,prior-research-2026-09-30+NEUTRAL,False,0.53481,1.76212,7.78092,0.83979,0.5,-20.58411,-0.60607,-16.02149,16.53814,6.44612,5.56516,95.38353,36.84561,26.39945,-0.20804,3.23732,8.27154,-0.11273,-0.09367,-0.31843,0.72294,-0.07562,0.50987,-0.48984,-0.30229,-0.01549,0.5229,-0.05944,-0.13338,0.60653,0.3867,-0.0556,2026-09-29,False,,,,,,,,,,,
NBN,Finance,124.32,15102868.36243,31.58017,0.91733,0.2369,66.32463,,,,,,,NEUTRAL,prior-research-2026-09-30+NEUTRAL,False,0.51479,3.93101,25.93865,0.90415,0.5,-31.58017,-0.91733,-20.37059,16.5304,19.57402,10.10684,56.78574,36.05653,62.66984,-1.41792,0.03218,9.27629,0.35454,0.41004,-0.31843,-0.29156,-0.742,0.04388,-0.49694,0.72459,0.78816,-0.34843,-0.08927,1.14609,-0.6785,-0.8384,0.03907,2026-09-29,False,,,,,,,,,,,
NBR,Industrial Services,77.28,19868699.47662,51.34712,0.58997,0.49387,80.59701,,,,,,,NEUTRAL,prior-research-2026-09-30+NEUTRAL,False,0.52205,2.67909,120.0864,0.69854,0.66667,-51.34712,-0.58997,-31.62795,16.80466,49.24071,17.88191,47.60186,273.95375,7.89985,-3.91182,0.0,6.05372,1.27999,0.03585,0.84356,0.10419,0.63244,0.39959,-1.05672,1.83523,2.33667,0.21004,1.70623,-0.04515,-1.19964,-0.8999,-0.45263,2026-09-29,False,,,,,,,,,,,
NCNO,Technology Services,17.95,45710073.34328,50.18634,0.48498,-0.0537,44.3097,,,,,,,NEUTRAL,prior-research-2026-09-30+NEUTRAL,False,0.4786,4.37647,-17.83417,0.6413,0.41667,-50.18634,-0.48498,-49.94641,17.63783,3.38228,1.74873,48.67733,32.38785,8.7665,-0.36418,0.0,8.57152,-0.36498,-0.30588,-0.41313,0.59768,0.76611,0.08514,0.28644,-0.27651,0.01103,0.58624,-0.22012,0.26802,0.09814,-0.21817,-0.10891,2026-09-29,False,,,,,,,,,,,
NEO,Health Services,18.74,29663584.79996,55.15359,0.96319,0.23511,66.13806,,,,,,,NEUTRAL,prior-research-2026-09-30+NEUTRAL,True,0.51146,6.53594,127.61664,0.94124,0.75,-55.15359,-0.96319,-45.61271,17.20543,-6.32747,-2.1605,32.86501,31.91292,-7.02601,-0.57064,0.0,11.18793,1.61285,1.1151,1.7654,0.08837,-0.63651,-0.16126,0.03927,-0.45225,-0.09201,-0.25862,-0.9879,-0.71569,0.27934,-0.23761,0.25355,2026-09-29,False,,,,,,,,,,,
NEOG,Health Technology,12.73,18921966.81757,49.77714,1.16512,0.57949,84.60821,,,,,,,NEUTRAL,prior-research-2026-09-30+NEUTRAL,True,0.51538,4.69231,105.64373,0.91059,0.75,-49.77714,-1.16512,-27.71404,16.75583,-0.37876,-0.28325,75.31289,31.26227,-1.72833,-0.38798,0.0,-2.71399,0.78805,0.89994,1.54941,0.56431,-0.31052,0.89244,-0.4432,0.49029,0.34367,1.59838,0.93471,-0.00548,-0.24114,-0.07667,-1.01664,2026-09-29,False,,,,,,,,,,,
NESR,Industrial Services,26.49,53152333.07362,60.15573,1.02177,0.18085,61.47388,,,,,,,NEUTRAL,prior-research-2026-09-30+NEUTRAL,False,0.50848,3.17562,227.06552,0.72955,0.75,-60.15573,-1.02177,-27.38999,17.78867,9.43774,3.54364,39.54244,61.43292,9.33736,-0.287,0.0,23.54763,1.88606,0.20106,1.55569,-0.24142,-0.23211,0.70937,0.30639,0.1375,0.30192,-0.03469,0.14341,0.09421,0.66783,-0.8999,0.5266,2026-09-29,False,,,,,,,,,,,
NEXA,Non-Energy Minerals,12.38,7951271.90781,78.44294,1.56498,0.64696,87.96642,,,,,,,NEUTRAL,prior-research-2026-09-30+NEUTRAL,False,0.52185,6.95364,169.7625,0.74809,0.66667,-78.44294,-1.56498,-37.31242,15.88884,26.51966,16.60938,72.01973,205.47138,20.75372,-1.54125,1.06733,23.37001,1.57279,0.56123,0.93633,-0.52577,0.17509,0.52793,-1.47304,1.30208,2.08909,1.08993,2.57454,0.64031,-1.27083,1.2625,0.21962,2026-09-29,False,,,,,,,,,,,
NEXT,Energy Minerals,6.34,17023382.52187,61.54378,-0.28635,0.07111,52.05224,,,,,,,NEUTRAL,prior-research-2026-09-30+NEUTRAL,True,0.52552,2.58503,4.40341,0.69518,0.33333,-61.54378,0.28635,-35.48387,16.6501,-352.94685,-20.70959,,0.0,,,0.0,,-0.41775,-0.31112,-1.47706,-0.59183,1.76752,-0.0821,-0.99381,-2.31437,-1.59569,0.0,-2.84159,0.0,0.0,-1.38816,0.0,2026-09-29,False,,,,,,,,,,,
NG,Non-Energy Minerals,6.57,33497383.03032,75.63577,1.98589,-0.43349,20.89552,,,,,,,NEUTRAL,prior-research-2026-09-30+NEUTRAL,True,0.47317,6.29471,5.42168,0.46268,0.58333,-75.63577,-1.98589,-63.52113,17.32698,-24.62792,-2.46499,14.37483,0.0,,-0.41407,0.0,,-0.64604,-0.68201,0.26944,-0.40044,-0.19649,-0.78284,0.13333,-0.9971,-0.63303,-0.85786,-1.42997,0.0,-0.27497,-0.2967,0.0,2026-09-29,False,,,,,,,,,,,
NGVT,Process Industries,71.06,16773843.50739,31.4621,1.08637,0.72233,90.48507,,,,,,,NEUTRAL,prior-research-2026-09-30+NEUTRAL,False,0.54921,3.3964,25.98439,0.91255,0.58333,-31.4621,-1.08637,-19.18838,16.63533,30.0716,2.27565,1.9206,47.66536,24.58635,-26.36034,0.0,-12.41603,0.3718,1.06986,0.42452,0.80344,-0.63447,1.0825,-0.52158,1.58595,0.16729,-2.88477,-0.57042,1.23328,-2.37861,-1.39001,-0.96921,2026-09-29,False,,,,,,,,,,,
NHC,Health Services,224.16,22433485.82458,36.0526,0.23029,1.09919,97.57463,,,,,,,NEUTRAL,prior-research-2026-09-30+NEUTRAL,False,0.57074,2.83749,79.20684,0.94682,0.75,-36.0526,-0.23029,-10.0797,16.92607,13.08307,4.03207,32.26203,44.61003,-7.50593,-0.02799,1.15542,7.18927,1.11703,1.20009,1.7654,1.16889,1.23505,2.91726,-0.36239,0.76275,0.75426,-0.28852,-0.54368,-0.7475,1.52833,1.37858,-0.08208,2026-09-29,False,,,,,,,,,,,
NIC,Finance,163.57001,28338331.25,26.70168,0.75123,0.10535,53.91791,,,,,,,NEUTRAL,prior-research-2026-09-30+NEUTRAL,False,0.52351,2.14329,28.91863,0.91564,0.5,-26.70168,-0.75123,-17.90493,17.15973,8.9067,4.4946,65.90288,20.64175,46.89011,-0.04083,0.80699,31.61098,0.40409,0.51447,-0.31843,-0.01358,-0.44161,0.25283,0.27591,-0.10061,-0.24995,-0.17626,-0.64866,0.62382,1.16005,-0.57467,1.01604,2026-09-29,False,,,,,,,,,,,
NIQ,Technology Services,17.4,18582088.1546,75.37876,0.29436,0.28221,68.75,,,,,,,NEUTRAL,prior-research-2026-09-30+NEUTRAL,True,0.52175,4.42825,22.37095,0.90437,0.58333,-75.37876,-0.29436,-55.72222,16.73771,-65.34635,-6.87458,17.74403,85.85595,7.77013,-4.18523,0.0,8.85505,0.72751,1.19581,0.87986,-0.47828,1.30895,-0.20952,-0.90803,-1.5514,-0.79966,-0.63267,0.84953,0.18225,-1.70258,-0.21817,-0.08788,2026-09-29,False,,,,,,,,,,,
NJR,Utilities,50.83,31528512.53662,18.66774,-0.14081,0.31146,70.61567,,,,,,,NEUTRAL,prior-research-2026-09-30+NEUTRAL,False,0.53065,1.42482,15.35107,0.85464,0.5,-18.66774,0.14081,-15.25855,17.2664,14.45264,7.09458,51.24705,43.34951,24.488,-1.46778,3.73795,7.07681,0.09766,0.26302,-0.44099,0.90658,1.43741,0.53359,-0.11755,0.56919,0.48684,-0.44897,-0.22097,0.20729,-0.1844,0.33222,0.32972,2026-09-29,False,,,,,,,,,,,
NKTR,Health Technology,59.24,52234405.5336,55.65108,0.77948,-0.42428,21.26866,,,,,,,NEUTRAL,prior-research-2026-09-30+NEUTRAL,True,0.46101,5.85349,23.96581,0.59033,0.5,-55.65108,-0.77948,-46.53677,17.77125,-35.75497,-7.63505,43.90124,2.65257,-239.32111,-0.15052,0.0,-27.15056,-0.42754,-0.825,-0.49602,0.31811,0.3692,-0.21666,0.95534,-0.15938,-0.23404,0.84394,-0.26468,-0.89608,0.2052,-0.07667,-1.69878,2026-09-29,False,,,,,,,,,,,
NMAX,Consumer Services,10.85,7566815.94543,87.35812,1.24394,-0.01586,46.54851,,,,,,,NEUTRAL,prior-research-2026-09-30+NEUTRAL,True,0.50279,5.87103,-15.40284,0.83206,0.41667,-87.35812,-1.24394,-60.42945,15.83928,-5.82442,-0.44575,7.87323,14.14116,-7.39863,-0.1023,0.0,,-0.73619,0.33101,-0.64714,-1.74816,-1.20558,-1.30645,-1.77461,-1.31166,-0.55098,-1.20639,-1.60959,-1.29491,1.5946,-1.13702,0.0,2026-09-29,False,,,,,,,,,,,
NMFC,Miscellaneous,7.02,3453451.6325,24.55124,0.44791,0.08271,52.51866,,,,,,,NEUTRAL,prior-research-2026-09-30+NEUTRAL,True,0.51655,2.00287,-13.52612,0.82802,0.25,-24.55124,-0.44791,-22.34283,15.05489,-4.14474,-7.28982,154.95673,30.61664,31.51957,-1.30948,17.24875,-50.21443,-0.58888,-0.7211,-2.02118,-0.16892,-0.12011,-0.41513,-0.92444,-0.54868,-1.31852,0.77873,0.283,-0.7445,-0.1276,0.83195,-1.45255,2026-09-29,False,,,,,,,,,,,
NMIH,Finance,40.73,19584840.67307,21.99071,0.11722,0.22149,65.01866,,,,,,,NEUTRAL,prior-research-2026-09-30+NEUTRAL,False,0.51508,1.8398,14.13653,0.89105,0.58333,-21.99071,-0.11722,-15.28343,16.79027,15.42676,13.20898,90.20729,24.41701,73.23713,-0.15453,0.0,7.52773,0.03465,0.25482,0.34799,0.36886,1.3739,0.60857,-0.1913,0.47021,1.09449,0.42787,-0.50272,1.34607,0.72624,-2.03038,-0.12406,2026-09-29,False,,,,,,,,,,,
NMM,Transportation,90.99,10454304.98657,33.42369,0.3424,0.73003,90.67164,,,,,,,NEUTRAL,prior-research-2026-09-30+NEUTRAL,False,0.54734,2.78933,82.7802,0.97097,0.66667,-33.42369,-0.3424,-18.69146,16.16252,13.16279,16.9586,136.16931,57.22179,34.70019,-0.69847,0.24178,13.38058,0.60289,1.1806,0.52768,0.59258,0.68003,0.58073,-1.10875,-0.11655,1.06919,1.45591,-0.14207,0.61714,0.06334,-0.62388,0.19404,2026-09-29,False,,,,,,,,,,,
NN,Technology Services,13.89,34661248.49319,86.0014,1.35018,-0.09492,41.97761,,,,,,,NEUTRAL,prior-research-2026-09-30+NEUTRAL,True,0.48356,10.12658,-2.35219,0.58881,0.5,-86.0014,-1.35018,-47.26579,17.36113,-77.87041,-4.66298,14.09585,0.16579,-1900.42746,-0.03935,0.0,-36.4595,0.0522,-0.49418,0.21344,-0.84463,-0.98649,0.23646,-0.10187,-1.6756,-0.68673,-0.861,-1.72552,-2.03934,0.91819,-0.21817,-1.94957,2026-09-29,False,,,,,,,,,,,
NNBR,Producer Manufacturing,3.88,5208839.96058,92.83803,1.27602,0.72062,90.29851,,,,,,,NEUTRAL,prior-research-2026-09-30+NEUTRAL,True,0.53985,14.54006,56.2212,0.94404,0.5,-92.83803,-1.27602,-47.46544,15.46587,-18.54111,-8.75713,10.30524,140.97945,-3.00884,-1.49855,0.0,5.0912,1.06813,1.78916,-0.17595,-1.16564,0.18056,-0.1996,-2.11999,-0.79967,-0.85677,-1.4297,0.94793,-0.67724,-0.91254,-0.89902,-0.36819,2026-09-29,False,,,,,,,,,,,
NNE,Producer Manufacturing,15.79,32118442.86385,96.82955,3.05266,-0.81616,8.95522,,,,,,,NEUTRAL,prior-research-2026-09-30+NEUTRAL,True,0.43751,9.19865,-54.26317,0.27883,0.41667,-96.82955,-3.05266,-73.72417,17.28494,-8.03736,-3.85326,70.12286,0.02436,-24545.3724,-0.00461,0.0,,-1.72415,-1.53279,-0.80251,-1.26619,-1.40787,-1.57557,-0.09916,-0.61273,-0.54471,0.76466,-2.18837,-2.9196,1.64044,-0.89902,0.0,2026-09-29,False,,,,,,,,,,,
NOG,Energy Minerals,22.74,54489541.17584,47.66811,-0.10586,-0.30856,27.89179,,,,,,,NEUTRAL,prior-research-2026-09-30+NEUTRAL,True,0.47908,2.88315,0.33031,0.78192,0.41667,-47.66811,0.10586,-41.43053,17.81352,-22.05019,-19.86721,81.56307,88.12534,29.63964,-1.36559,7.91557,-3.02049,-0.57313,0.1393,-0.87615,0.01743,0.75905,-0.3978,0.62398,-0.98201,-1.54898,0.44472,0.27669,1.16859,-0.75617,2.09038,-0.94207,2026-09-29,False,,,,,,,,,,,
NOVT,Electronic Technology,141.22,54221301.23901,49.86454,1.473,0.46991,79.75746,,,,,,,NEUTRAL,prior-research-2026-09-30+NEUTRAL,False,0.5061,7.34123,40.75027,0.83686,0.58333,-49.86454,-1.473,-26.96894,17.80858,5.10889,1.15707,30.28363,19.29006,11.64602,-0.17668,0.0,7.61005,0.18018,0.89851,0.32972,1.04482,0.47156,1.28873,0.33021,0.08324,0.1183,0.03448,-0.31256,0.90531,0.20496,-0.18865,-0.43803,2026-09-29,False,,,,,,,,,,,
NPK,Electronic Technology,146.78,13153229.7226,36.96223,0.61428,1.29378,98.78731,,,,,,,NEUTRAL,prior-research-2026-09-30+NEUTRAL,False,0.55069,4.26438,36.49864,0.9361,0.5,-36.96223,-0.61428,-23.31715,16.39218,10.90234,4.09467,39.33743,52.0974,9.32913,-0.02232,0.68129,20.87825,0.08724,1.74599,-0.3367,1.85197,1.9606,1.5104,-1.56357,0.55769,0.62499,0.33951,0.76593,0.67164,0.90899,1.23185,0.30426,2026-09-29,True,,,,,,,,,,,
NRGV,Producer Manufacturing,3.97,14496590.64302,102.14362,2.83705,-0.13837,38.15299,,,,,,,NEUTRAL,prior-research-2026-09-30+NEUTRAL,True,0.48531,12.50001,16.83168,0.61171,0.75,-102.14362,-2.83705,-61.32511,16.48942,-232.48709,-15.5558,0.9582,31.09275,-32.84412,-35.56446,0.0,336.75652,0.21953,-0.21021,1.86949,-1.41665,-1.17834,-0.90175,-1.10602,-2.11359,-1.22978,-2.8297,-0.6424,-1.08497,-2.7454,-0.89902,2.05481,2026-09-29,False,,,,,,,,,,,
NRIX,Health Technology,23.675,31095459.52835,48.48325,1.20152,0.36127,74.81343,,,,,,,NEUTRAL,prior-research-2026-09-30+NEUTRAL,True,0.53021,3.23855,193.50502,0.85193,0.58333,-48.48325,-1.20152,-32.78994,17.25257,-80.29616,-13.90163,16.40981,1.49731,-982.3723,-0.14441,0.0,-58.40056,1.41246,0.42888,0.17039,0.62871,-0.3997,0.51992,0.22105,-0.73723,-0.60905,-0.31924,-0.34862,-1.28002,0.22766,-0.07667,-2.01156,2026-09-29,False,,,,,,,,,,,
NRP,Energy Minerals,110.23,3409053.06473,21.8924,0.16954,1.33988,99.06716,,,,,,,NEUTRAL,prior-research-2026-09-30+NEUTRAL,False,0.58199,1.87489,11.47255,0.8917,0.5,-21.8924,-0.16954,-22.90141,15.04195,17.17073,7.15901,43.6798,13.69067,63.77016,-0.04288,2.72158,-8.90102,-0.24551,0.7917,-0.24958,1.72505,-0.24714,0.80204,-2.52409,0.83758,0.8747,-0.49193,-1.59064,2.38752,1.04321,0.77898,-1.292,2026-09-29,False,,,,,,,,,,,
NSIT,Technology Services,155.64,45598609.24072,47.36989,0.77662,0.44753,78.45149,,,,,,,NEUTRAL,prior-research-2026-09-30+NEUTRAL,False,0.50051,6.09482,38.0243,0.94116,0.5,-47.36989,-0.77662,-43.18843,17.63539,13.11188,4.66842,35.39902,190.29591,5.74088,-1.08517,0.0,2.68127,1.08286,1.55613,0.21344,0.75702,-0.01764,0.44111,0.28086,0.51516,0.52538,0.17005,1.67774,-0.02576,-0.70958,-0.21817,-0.59908,2026-09-29,False,,,,,,,,,,,
NSP,Commercial Services,46.52,22415466.24756,65.93009,0.22627,-0.08918,42.0709,,,,,,,NEUTRAL,prior-research-2026-09-30+NEUTRAL,True,0.51022,2.57324,15.3211,0.87117,0.5,-65.93009,-0.22627,-57.90232,16.92526,-18.49711,-0.89071,3.50283,382.55914,-0.04366,-7.83607,5.15907,2.64376,0.25838,0.68561,0.25139,-0.78777,1.04898,-0.86998,-0.59402,-1.303,-0.83078,-2.10394,1.62251,-0.69528,-1.80066,2.40608,-0.6569,2026-09-29,False,,,,,,,,,,,
NTCT,Technology Services,39.0,22984991.6748,32.76015,0.66993,1.13815,97.94776,,,,,,,NEUTRAL,prior-research-2026-09-30+NEUTRAL,False,0.5663,2.67594,51.39536,0.86976,0.66667,-32.76015,-0.66993,-17.52899,16.95035,7.54039,4.20198,57.73604,30.65814,14.88024,-0.02404,0.0,5.78503,1.34154,0.86973,1.54675,1.69004,0.20988,2.1367,-0.64575,0.01209,0.42195,0.80593,-0.28441,0.7686,1.09364,-0.21817,-0.33125,2026-09-29,False,,,,,,,,,,,
NTLA,Health Technology,12.03,45335486.62987,75.38431,2.18563,-0.90875,7.64925,,,,,,,NEUTRAL,prior-research-2026-09-30+NEUTRAL,True,0.43963,6.70148,-21.09135,0.42995,0.5,-75.38431,-2.18563,-71.26519,17.6296,-55.43809,-23.74693,43.2381,3.53293,-711.65765,-0.10088,0.0,12.57922,-1.6697,-1.44323,-0.49602,-0.53171,-1.34068,-1.49389,0.71654,-0.4223,-0.9312,0.81233,-0.21033,-1.17881,0.38037,-0.07667,0.31609,2026-09-29,False,,,,,,,,,,,
NTST,Finance,17.93,25212470.79277,21.4526,0.06234,0.02398,49.34701,,,,,,,NEUTRAL,prior-research-2026-09-30+NEUTRAL,False,0.50998,1.51478,17.8743,0.81448,0.5,-21.4526,-0.06234,-18.55184,17.04285,0.96254,0.76925,87.37811,12.17335,36.89253,-0.90232,4.8522,21.8583,0.12789,-0.2461,-0.31843,0.47262,1.52224,0.20993,0.10937,-0.69599,-0.89732,0.35811,-1.05917,0.16115,-0.26316,0.83288,0.6833,2026-09-29,False,,,,,,,,,,,
NUAI,Industrial Services,6.76,29618535.85229,121.99494,2.81611,-0.11096,40.20522,,,,,,,NEUTRAL,prior-research-2026-09-30+NEUTRAL,True,0.48496,30.54607,153.26086,0.83871,0.41667,-121.99494,-2.81611,-62.5,17.20391,-77.90117,-7.43134,19.11012,0.12415,-3824.75505,-0.10948,0.0,25.34278,1.5389,0.7572,-1.11632,-2.10875,-2.04639,-1.22961,-0.5316,-1.72232,-0.88076,-0.85342,-2.14561,-2.41258,1.07356,-0.8999,0.62466,2026-09-29,False,,,,,,,,,,,
NUTX,Health Services,210.10001,26810743.52112,75.59868,1.40335,0.0934,53.26493,,,,,,,NEUTRAL,prior-research-2026-09-30+NEUTRAL,False,0.49525,8.37994,84.58013,0.95452,0.58333,-75.59868,-1.40335,-54.32306,17.10431,57.1562,12.51163,27.43781,58.88154,43.02107,-0.88086,0.0,6.88391,1.16226,1.34632,0.38638,-0.7931,-1.30533,-0.61347,-0.12784,2.27487,2.12195,-0.48009,-0.26428,2.16474,-0.01283,-0.23761,-0.11123,2026-09-29,False,,,,,,,,,,,
NUVB,Health Technology,5.62,32693088.10883,59.42222,1.4446,-0.25685,30.41045,,,,,,,NEUTRAL,prior-research-2026-09-30+NEUTRAL,True,0.48296,5.0173,108.12499,0.5891,0.66667,-59.42222,-1.4446,-57.54717,17.30267,-47.80917,-7.45177,12.70911,8.45011,-81.00412,-1.63971,0.0,1083.55974,0.80638,-0.83475,0.83728,0.15923,-0.68671,-0.78811,0.27543,-0.35655,-0.22605,-0.55298,-0.0312,-0.68807,-1.32256,-0.07667,2.50926,2026-09-29,False,,,,,,,,,,,
NVAX,Health Technology,10.82,34350722.41173,58.89352,1.42722,0.17502,61.00746,,,,,,,NEUTRAL,prior-research-2026-09-30+NEUTRAL,False,0.48859,8.00427,8.30409,0.96693,0.58333,-58.89352,-1.42722,-34.86911,17.35213,,-13.89994,,23.21777,-28.82024,,0.0,-61.64002,-0.83298,1.67083,0.17039,0.17576,-0.67032,0.37708,0.32999,0.0,-0.60328,0.0,0.6415,-0.45169,0.0,-0.07667,-2.04765,2026-09-29,False,,,,,,,,,,,
NVCR,Health Technology,15.99,18090680.44186,81.49917,1.19818,0.14628,58.02239,,,,,,,NEUTRAL,prior-research-2026-09-30+NEUTRAL,True,0.50327,4.57769,38.2467,0.7999,0.58333,-81.49917,-1.19818,-32.54876,16.71091,-43.21683,-8.01149,18.2324,37.70454,-22.08203,-0.6904,0.0,10.95484,-0.12302,0.11986,0.17039,-0.74561,-0.38923,0.53968,-0.49483,-0.2739,-0.26244,-0.19914,1.16033,-0.41301,-0.60125,-0.07667,0.19409,2026-09-29,False,,,,,,,,,,,
NVRI,Non-Energy Minerals,19.5,6885839.90479,47.24579,0.92395,1.12694,97.85448,,,,,,,NEUTRAL,prior-research-2026-09-30+NEUTRAL,False,0.56623,3.54385,81.7292,0.81727,0.66667,-47.24579,-0.92395,-19.74015,15.74498,,,116.22861,,,-0.65761,0.0,,0.78812,0.86767,0.93633,0.86634,1.10695,1.73013,-1.62447,0.0,0.0,2.02284,0.0,0.0,-0.53919,-0.2967,0.0,2026-09-29,False,,,,,,,,,,,
NVST,Health Technology,23.33,69889172.25304,34.23846,1.07964,0.04354,50.18657,,,,,,,NEUTRAL,prior-research-2026-09-30+NEUTRAL,False,0.48456,3.20102,33.31695,0.77098,0.58333,-34.23846,-1.07964,-25.97489,18.06242,3.05697,2.52763,81.85915,76.00199,10.61089,-0.5162,0.0,11.89236,-0.2306,0.00363,0.17039,1.51369,-0.13804,1.04636,1.43716,0.69581,0.77162,1.77839,1.94661,1.14897,-0.41633,-0.07667,0.27502,2026-09-29,False,,,,,,,,,,,
NVTS,Electronic Technology,11.73,155947075.61331,123.4566,3.67705,-0.98954,5.87687,,,,,,,NEUTRAL,prior-research-2026-09-30+NEUTRAL,True,0.44322,6.3867,78.69362,0.36898,0.5,-123.4566,-3.67705,-69.37716,18.86503,-52.60101,-10.0017,25.60561,1.16726,-269.30067,-0.00641,0.0,-46.40369,0.75825,-1.1033,-0.3367,-1.34163,-1.99971,-1.06344,1.81106,-1.18193,-0.80228,-0.15641,-1.16352,-1.2872,1.27786,-0.18865,-2.29094,2026-09-29,False,,,,,,,,,,,
NWBI,Finance,14.92,14457469.6476,18.67498,0.51955,0.84664,93.28358,,,,,,,NEUTRAL,prior-research-2026-09-30+NEUTRAL,False,0.55299,1.91546,29.93543,0.94374,0.66667,-18.67498,-0.51955,-9.37031,16.48672,8.56843,6.99827,88.24169,43.05848,33.44579,-0.44469,5.36193,14.53814,0.43308,0.80992,1.01488,1.17155,0.20115,1.70042,-0.55153,-0.13396,0.20283,0.37174,0.16285,0.05549,0.19878,0.9829,0.41806,2026-09-29,False,,,,,,,,,,,
NWE,Utilities,68.69,27219433.58002,25.16081,0.17561,0.5482,83.11567,,,,,,,NEUTRAL,prior-research-2026-09-30+NEUTRAL,False,0.55927,1.98627,25.97412,0.94439,0.58333,-25.16081,-0.17561,-10.46891,17.11944,5.93502,4.03295,68.14077,39.80342,18.8403,-1.24221,3.88703,10.69491,0.38996,1.0892,0.22543,-0.19263,0.11598,1.44725,-0.34104,-0.17122,-0.0749,-0.10315,-0.35422,-0.0884,-0.04259,0.37295,0.63314,2026-09-29,False,,,,,,,,,,,
NWL,Producer Manufacturing,5.32,36899135.1265,61.11147,0.98871,0.12938,56.34328,,,,,,,NEUTRAL,prior-research-2026-09-30+NEUTRAL,True,0.49948,3.76432,26.074,0.83912,0.5,-61.11147,-0.98871,-42.30056,17.4237,-8.59421,-9.645,107.09368,316.23389,8.36323,-2.26112,5.26316,-2.04137,0.47923,0.87226,-0.17595,-0.02707,0.68341,0.06154,0.05529,-0.63319,-0.91829,1.57291,1.92061,0.30241,-1.22599,2.09557,-1.04196,2026-09-29,False,,,,,,,,,,,
NWPX,Non-Energy Minerals,102.35,16987447.57538,42.58206,1.13933,0.67482,88.52612,,,,,,,NEUTRAL,prior-research-2026-09-30+NEUTRAL,False,0.54503,1.4703,113.67537,0.68261,0.66667,-42.58206,-1.13933,-32.95985,16.64799,12.21772,4.95226,42.50948,58.35154,11.46742,-0.24028,0.0,15.1179,1.12991,0.19276,0.93633,1.16974,0.77146,0.7934,-0.75079,0.47599,0.4588,0.35694,1.29243,0.00277,0.03171,-0.2967,-0.09885,2026-09-29,False,,,,,,,,,,,
NXH,Retail Trade,2.99,9369233.95815,77.45739,2.23253,-0.39375,22.85448,,,,,,,NEUTRAL,prior-research-2026-09-30+NEUTRAL,True,0.47438,3.52303,-58.19149,0.2469,0.25,-77.45739,-2.23253,-75.30966,16.05294,-47.03905,-27.10941,83.65478,380.01757,-7.34074,-0.71282,0.0,0.97051,-1.47914,-2.02881,-1.66075,-1.27981,-1.62086,-1.92464,-1.77209,-1.92326,-2.43553,0.818,0.87968,-0.95851,0.45508,-0.98525,-0.27272,2026-09-29,False,,,,,,,,,,,
NXRT,Finance,19.27,7516876.0376,30.81041,0.34016,-0.113,39.92537,,,,,,,NEUTRAL,prior-research-2026-09-30+NEUTRAL,False,0.50448,3.03549,-22.1184,0.64814,0.33333,-30.81041,-0.34016,-35.186,15.83266,,,50.93773,51.79953,11.11317,,10.89777,-0.46489,-0.96349,-1.05902,-1.5459,-0.23647,0.68276,-0.98247,-1.15702,0.0,0.0,-0.4947,0.36335,-1.04246,0.0,1.7234,-0.86641,2026-09-29,False,,,,,,,,,,,
NXST,Consumer Services,161.48,56953880.00031,35.28935,0.41471,-0.29373,28.63806,,,,,,,NEUTRAL,prior-research-2026-09-30+NEUTRAL,False,0.45643,6.14578,-3.83591,0.64911,0.58333,-35.28935,-0.41471,-38.42759,17.85775,7.34351,3.31253,45.20088,117.25552,18.00545,-5.33554,4.60738,10.51345,-0.39613,-0.57814,0.64584,0.67354,0.56864,-0.20895,0.69449,-0.62641,0.04895,0.68331,0.55819,0.60788,-0.90742,1.63822,0.50205,2026-09-29,False,,,,,,,,,,,
OBDC,Finance,10.81,34681934.39589,23.19209,0.60937,0.0102,48.41418,,,,,,,NEUTRAL,prior-research-2026-09-30+NEUTRAL,False,0.50446,2.2163,-3.7135,0.88093,0.25,-23.19209,-0.60937,-17.25954,17.36173,3.92309,5.51628,134.39284,29.79201,54.12307,-1.12398,13.13599,1.32178,-0.4574,0.15556,-2.19194,0.26198,-0.08184,0.32299,0.54339,-0.47434,-0.03315,1.21111,-0.31419,0.84176,-0.48602,2.0112,-0.67285,2026-09-29,False,,,,,,,,,,,
OBK,Finance,52.75,8078030.91431,20.26668,0.60325,0.90549,94.8694,,,,,,,NEUTRAL,prior-research-2026-09-30+NEUTRAL,False,0.56236,2.10586,53.28984,0.95983,0.66667,-20.26668,-0.60325,-12.2343,15.90466,8.01648,6.17917,79.41253,37.58539,28.71437,-0.1198,1.51659,3.62968,0.89952,1.12578,1.01488,0.79876,-0.05691,1.0885,-1.08673,-0.18377,0.0843,0.16162,-0.03564,-0.05619,0.84455,-0.26266,-0.41658,2026-09-29,False,,,,,,,,,,,
OCFC,Finance,16.67,17016210.3796,23.26663,0.67512,0.21586,64.36567,,,,,,,NEUTRAL,prior-research-2026-09-30+NEUTRAL,False,0.50534,3.02212,9.95064,0.83178,0.58333,-23.26663,-0.67512,-16.8224,16.64968,2.36314,2.9202,147.05168,45.76268,28.66055,-0.97798,4.79904,10.46404,-0.06161,-0.14963,0.34799,0.23685,-0.26723,0.40366,-0.37476,-0.60227,-0.50519,1.40553,0.25506,-0.07473,-0.35338,0.82461,0.1237,2026-09-29,False,,,,,,,,,,,
OCSL,Miscellaneous,12.1,5380638.50708,24.42487,0.43165,0.17059,60.44776,,,,,,,NEUTRAL,prior-research-2026-09-30+NEUTRAL,False,0.53154,1.84332,9.62981,0.93684,0.41667,-24.42487,-0.43165,-19.46043,15.49832,2.95413,3.96281,129.7619,22.27005,61.44791,-1.04034,12.39669,-8.1011,0.08227,0.19119,-0.77423,-0.1463,-0.08159,-0.19247,-0.58195,-0.2455,-0.09734,0.41246,-0.01317,0.34589,0.05489,0.28019,-0.81462,2026-09-29,False,,,,,,,,,,,
OCUL,Health Technology,7.87,20709269.52553,66.81803,1.07542,-0.37679,23.8806,,,,,,,NEUTRAL,prior-research-2026-09-30+NEUTRAL,True,0.46886,6.8609,-17.31844,0.48852,0.41667,-66.81803,-1.07542,-57.29361,16.84609,-72.99339,-16.92491,29.20148,2.9226,-603.04107,-0.15265,0.0,-8.13568,-1.56632,-1.2429,-1.12259,-0.2061,-0.11914,-0.78376,-0.32737,-0.60178,-0.72685,0.37345,-0.25236,-1.14811,0.19883,-0.07667,-1.31984,2026-09-29,False,,,,,,,,,,,
OGN,Health Technology,13.74,31748379.55799,63.90376,0.51031,0.05863,50.83955,,,,,,,NEUTRAL,prior-research-2026-09-30+NEUTRAL,False,0.5146,0.21898,35.86841,0.9971,0.58333,-63.90376,-0.51031,-47.96104,17.27335,24.0368,5.78596,27.85016,169.61996,19.40591,-8.50199,0.58224,-2.45184,-0.18427,2.16635,0.17039,-0.06112,1.08017,-0.32472,0.24823,2.17305,1.3692,0.31404,2.70954,1.78078,-2.37939,1.3089,-0.99138,2026-09-29,False,,,,,,,,,,,
OGS,Utilities,72.2,40044747.03979,20.01408,-0.05447,-0.01575,46.64179,,,,,,,NEUTRAL,prior-research-2026-09-30+NEUTRAL,False,0.50149,1.37505,2.41742,0.80999,0.58333,-20.01408,0.05447,-19.6068,17.50551,8.57612,6.33325,77.80461,50.79395,20.64912,-0.95903,3.75346,-0.78046,-0.24729,-0.01118,0.22543,0.58596,0.87656,0.01506,0.17873,0.03851,0.37639,0.14955,-0.05654,0.03072,0.18413,0.33892,-0.40403,2026-09-29,False,,,,,,,,,,,
OI,Process Industries,5.64,20360067.35144,60.39959,1.07595,-0.74163,10.54104,,,,,,,NEUTRAL,prior-research-2026-09-30+NEUTRAL,True,0.47344,1.64203,-43.80228,0.33915,0.5,-60.39959,-1.07595,-66.08539,16.82909,-142.4336,-131.29645,43.61382,724.351,9.79406,-13.01828,0.0,-1.85157,-1.56346,-1.71722,-0.2419,-0.79642,-0.60605,-1.60177,-0.29347,-1.80286,-2.48467,-0.29312,2.12221,0.26721,-2.00139,-1.39001,-0.4844,2026-09-29,False,,,,,,,,,,,
OII,Producer Manufacturing,44.22,40881541.39709,45.22041,0.86095,0.59387,85.16791,,,,,,,NEUTRAL,prior-research-2026-09-30+NEUTRAL,False,0.52572,4.28954,97.15511,0.81722,0.66667,-45.22041,-0.86095,-18.27758,17.52619,34.89792,8.07569,26.85634,66.25669,10.37281,-0.70623,0.0,3.83739,1.53604,0.74337,1.15736,0.73357,0.90761,1.65163,0.20124,1.7054,1.2148,-0.44873,0.21952,0.52652,-0.27923,-0.89902,-0.46195,2026-09-29,False,,,,,,,,,,,
OLED,Electronic Technology,76.16,55770453.11356,43.36778,1.04403,-0.16973,35.8209,,,,,,,NEUTRAL,prior-research-2026-09-30+NEUTRAL,False,0.47355,5.37854,-43.6862,0.51373,0.41667,-43.36778,-1.04403,-50.46141,17.83675,11.51305,5.61233,48.03187,17.41039,34.40159,-0.01288,2.49475,-8.32081,-2.0346,-0.5566,-0.96327,1.46046,1.11838,-0.1409,0.39556,0.61325,0.94953,0.61318,-0.40488,1.97097,1.06124,1.88254,-1.68599,2026-09-29,False,,,,,,,,,,,
OLLI,Retail Trade,86.78,120423009.86786,47.64452,0.49578,-0.71961,11.00746,,,,,,,NEUTRAL,prior-research-2026-09-30+NEUTRAL,False,0.45178,5.10285,-45.30211,0.65322,0.16667,-47.64452,-0.49578,-53.42115,18.60652,14.86238,5.37434,37.14638,54.86915,13.02617,-0.38281,0.0,14.43248,-1.10604,-0.40613,-2.31589,0.04845,0.92211,-0.77496,1.47607,0.08769,-0.08237,-0.37873,-1.17464,0.58606,0.85535,-0.98525,0.85479,2026-09-29,False,,,,,,,,,,,
OLN,Process Industries,15.43,53284432.38144,47.1884,0.87329,-0.71586,11.10075,,,,,,,NEUTRAL,prior-research-2026-09-30+NEUTRAL,True,0.45664,3.09399,-25.78907,0.52153,0.5,-47.1884,-0.87329,-47.84701,17.79115,-7.58873,-7.87389,96.79097,379.16848,0.61762,-1.99106,5.18471,0.5988,-1.04815,-0.95369,-0.2419,-0.19816,-0.31153,-0.72714,1.06259,-0.52859,-0.79284,0.98261,1.60547,-0.66633,-0.94486,1.55916,-0.29591,2026-09-29,False,,,,,,,,,,,
OMDA,Technology Services,19.37,25147197.84107,57.16919,0.69716,0.1839,62.03358,,,,,,,NEUTRAL,prior-research-2026-09-30+NEUTRAL,False,0.51562,4.27264,3.99473,0.7233,0.41667,-57.16919,-0.69716,-59.14862,17.04026,1.84387,0.35039,20.77828,25.21196,-0.14979,-0.0,0.0,47.6259,0.2669,0.07573,-0.41313,0.2866,0.13248,-0.34418,-0.54112,-0.40569,-0.22092,-0.45455,-0.46757,-0.5824,2.362,-0.21817,1.19821,2026-09-29,False,,,,,,,,,,,
OMER,Health Technology,19.25,19942952.31323,83.44773,1.26471,0.17088,60.54104,,,,,,,NEUTRAL,prior-research-2026-09-30+NEUTRAL,False,0.49706,13.84532,317.26458,0.91449,0.66667,-83.44773,-1.26471,-49.53434,16.80839,,8.95557,,2.75656,-189.52683,,0.0,,1.8382,0.94178,0.83728,-0.82598,-0.48917,-0.39088,-0.37285,0.0,1.93096,0.0,-0.2585,-0.86448,0.0,-0.07667,0.0,2026-09-29,False,,,,,,,,,,,
ONDS,Electronic Technology,7.48,557463068.36128,91.54819,2.98858,-1.03686,4.94403,,,,,,,NEUTRAL,prior-research-2026-09-30+NEUTRAL,False,0.42274,8.09659,3.13316,0.5339,0.5,-91.54819,-2.98858,-53.42612,20.13891,7.6645,1.4382,38.98933,3.93415,-127.28322,-0.02618,0.0,979.28256,-0.71825,-0.45335,-0.3367,-0.51994,-0.82201,-0.28911,2.66083,0.25704,0.17723,0.33662,-0.9804,-1.14021,0.85501,-0.18865,2.05913,2026-09-29,False,,,,,,,,,,,
OPCH,Health Services,22.81,44360639.22729,52.5306,-0.02709,-0.47394,19.3097,,,,,,,NEUTRAL,prior-research-2026-09-30+NEUTRAL,False,0.45863,4.03911,-12.45421,0.62339,0.58333,-52.5306,0.02709,-46.65209,17.60786,15.99911,6.24075,37.51922,169.54145,5.86093,-1.00649,0.0,5.94518,-0.83009,-0.8054,0.38638,0.18893,2.08114,-0.23229,0.56846,0.99995,1.18944,-0.11179,0.7568,0.14928,-0.15415,-0.23761,-0.17261,2026-09-29,False,,,,,,,,,,,
OPLN,Technology Services,34.61,36198740.1165,34.76454,0.72036,0.85418,93.56343,,,,,,,NEUTRAL,prior-research-2026-09-30+NEUTRAL,False,0.55576,1.60458,24.9199,0.80676,0.33333,-34.76454,-0.72036,-22.14452,17.40453,10.11308,4.29039,36.99867,48.91988,16.96222,-1.57364,0.0,12.46477,0.80172,0.49246,-1.01403,1.5475,0.07342,1.77908,-0.06192,0.24906,0.44621,0.20809,0.31667,0.91332,-1.00984,-0.21817,0.18984,2026-09-29,False,,,,,,,,,,,
OPTX,Electronic Technology,7.41,2151944.88716,128.19458,3.09049,0.61098,86.10075,,,,,,,NEUTRAL,prior-research-2026-09-30+NEUTRAL,True,0.5376,16.20029,449.67747,0.52516,0.75,-128.19458,-3.09049,-58.36286,14.58188,-11.63967,-0.75275,9.50072,9.11644,-4.63179,-0.1423,0.0,1.47895,2.26817,-0.49195,1.70874,-1.51699,-0.95759,-0.51445,-2.86134,-0.57104,-0.1127,-1.18317,-0.79387,-0.45944,0.29978,-0.18865,-0.99311,2026-09-29,False,,,,,,,,,,,
OPY,Finance,118.7,12984256.70319,43.33077,0.74528,0.22153,65.11194,,,,,,,NEUTRAL,prior-research-2026-09-30+NEUTRAL,False,0.49725,6.28834,58.83267,0.95158,0.66667,-43.33077,-0.74528,-21.22046,16.37925,10.93944,8.10612,76.79061,141.60768,12.87129,-1.50633,0.64027,20.96817,0.98535,0.97108,1.01488,-1.02532,-0.42399,-0.02412,-0.68597,0.10091,0.41278,0.09307,1.3366,-0.91819,-0.727,-0.62155,0.6503,2026-09-29,False,,,,,,,,,,,
ORA,Utilities,91.27,79964585.23865,41.67989,0.6759,-0.95005,6.99627,,,,,,,NEUTRAL,prior-research-2026-09-30+NEUTRAL,False,0.44705,5.96366,9.07023,0.6297,0.58333,-41.67989,-0.6759,-37.6575,18.19709,4.97567,2.24228,45.99107,21.04172,19.35364,-1.3134,0.52591,31.13003,-0.05433,-0.86248,0.22543,-1.23344,-1.34915,-1.22094,1.31885,-0.22656,-0.38521,-0.59741,-1.03038,-0.04818,-0.09716,-0.89069,1.48678,2026-09-29,False,,,,,,,,,,,
ORC,Finance,5.77,29843192.04764,23.09211,0.49657,-0.13615,38.43284,,,,,,,NEUTRAL,prior-research-2026-09-30+NEUTRAL,False,0.49312,1.58451,12.87308,0.78035,0.5,-23.09211,-0.49657,-23.18193,17.21147,20.79901,21.82545,127.12342,50.5263,110.30734,-8.0367,23.91681,89.39461,0.0195,-0.39873,-0.31843,0.27476,0.25337,-0.12239,0.36268,0.81435,1.95697,1.07005,0.33612,2.10806,-1.83512,3.0,1.60984,2026-09-29,False,,,,,,,,,,,
ORIC,Health Technology,13.37,15630666.82854,104.03635,1.18078,-0.03864,45.05597,,,,,,,NEUTRAL,prior-research-2026-09-30+NEUTRAL,True,0.49248,6.55091,19.06475,0.91263,0.58333,-104.03635,-1.18078,-48.1263,16.56475,-39.80172,-10.01517,27.20991,0.0,,-0.00872,0.0,,-0.5774,0.93022,0.17039,-1.34021,-0.35124,-0.34106,-0.66477,-0.24787,-0.40217,0.27261,-1.05211,0.0,1.09144,-0.07667,0.0,2026-09-29,False,,,,,,,,,,,
ORKA,Health Technology,82.15,74230634.23615,66.46777,1.40402,-0.14606,37.68657,,,,,,,NEUTRAL,prior-research-2026-09-30+NEUTRAL,True,0.47898,4.4682,499.67107,0.72648,0.66667,-66.46777,-1.40402,-27.98796,18.12269,-18.22614,-2.39848,21.75238,0.0,,-0.00228,0.0,,2.06251,-0.24583,0.83728,-0.19075,-0.63806,0.85852,1.53447,0.09721,0.13927,0.024,-1.05211,0.0,1.46717,-0.07667,0.0,2026-09-29,False,,,,,,,,,,,
OSBC,Finance,24.65,10670744.03267,20.98779,0.61298,0.83908,92.91045,,,,,,,NEUTRAL,prior-research-2026-09-30+NEUTRAL,False,0.5666,1.79426,45.28153,0.95137,0.75,-20.98779,-0.61298,-9.88456,16.18302,11.39985,7.35475,71.75462,36.39464,32.49924,-0.51912,1.1359,33.92465,0.74144,0.95846,1.72701,0.62525,-0.09114,1.60085,-0.80211,0.13896,0.27758,-0.03253,-0.07733,0.03538,0.10371,-0.43465,1.08412,2026-09-29,False,,,,,,,,,,,
OSIS,Electronic Technology,192.3,41184600.0,43.54009,1.09671,0.19857,62.87313,,,,,,,NEUTRAL,prior-research-2026-09-30+NEUTRAL,False,0.5125,1.90389,-12.59623,0.62096,0.66667,-43.54009,-1.09671,-37.90364,17.53357,17.34385,5.05957,27.28153,58.40769,12.9266,-1.26037,0.0,4.25049,-1.19012,-0.13125,0.99661,1.43855,1.03342,0.51133,-0.13528,1.07507,0.83361,-0.08473,0.88583,0.98843,-1.04132,-0.18865,-0.68779,2026-09-29,False,,,,,,,,,,,
OSW,Consumer Services,23.15,20724194.98901,36.35394,0.81604,0.58368,84.88806,,,,,,,NEUTRAL,prior-research-2026-09-30+NEUTRAL,False,0.54015,3.06356,17.55779,0.80873,0.41667,-36.35394,-0.81604,-24.22767,16.84681,14.32105,3.46844,24.94486,43.25356,9.49935,-0.15605,0.86393,9.81922,0.18736,0.20107,-0.64714,0.57988,-0.45223,0.76393,-0.76078,0.00489,0.07533,-0.03925,-0.4891,-0.04941,1.41426,0.34628,0.46228,2026-09-29,False,,,,,,,,,,,
OTEX,Technology Services,22.31,30998515.43751,40.14138,0.48711,0.1917,62.31343,,,,,,,NEUTRAL,prior-research-2026-09-30+NEUTRAL,False,0.48304,5.38592,-30.89576,0.58617,0.33333,-40.14138,-0.48711,-48.01851,17.24945,16.07484,11.51896,73.82367,93.98925,23.1725,-1.48797,4.79574,-3.63449,-0.71901,-0.50734,-1.01403,1.20144,0.75889,0.17528,-0.23562,0.75632,1.64362,1.16185,0.96739,1.26418,-0.96372,2.62861,-1.17097,2026-09-29,False,,,,,,,,,,,
OTF,Finance,10.27,22419986.04956,33.34737,0.57834,-0.24989,30.78358,,,,,,,NEUTRAL,prior-research-2026-09-30+NEUTRAL,False,0.49146,2.63621,-9.68682,0.75406,0.41667,-33.34737,-0.57834,-27.87312,16.92546,4.8319,8.21915,165.42701,31.91072,52.13459,-0.94929,13.63194,94.72229,-0.61315,-0.5143,-0.94499,-0.41227,-0.00015,-0.46277,-0.05677,-0.40459,0.44,1.57285,-0.22798,0.79758,-0.31356,2.10328,1.66792,2026-09-29,False,,,,,,,,,,,
OUST,Electronic Technology,40.0,108973460.76279,115.5141,3.40882,-0.64894,12.12687,,,,,,,NEUTRAL,prior-research-2026-09-30+NEUTRAL,True,0.4518,8.75892,24.39813,0.6398,0.58333,-115.5141,-3.40882,-55.15103,18.50661,-18.00551,-1.80829,13.25678,6.94828,-34.4078,-0.04416,0.0,62.82102,-0.15678,-0.07764,0.32972,-1.0857,-1.59739,-0.37485,1.34564,-0.66947,-0.20125,-0.8624,-0.88606,-0.83422,0.65706,-0.18865,1.11648,2026-09-29,False,,,,,,,,,,,
OUT,Finance,27.99,41602800.90332,24.05556,0.49334,-0.07114,43.09701,,,,,,,NEUTRAL,prior-research-2026-09-30+NEUTRAL,False,0.50484,1.46359,65.53081,0.83726,0.58333,-24.05556,-0.49334,-17.2911,17.54368,36.19287,4.97947,14.10892,39.33317,20.21315,-5.96062,4.28725,7.62249,1.05831,-0.11244,0.34799,0.18233,0.27462,0.31269,0.78042,1.36871,-0.13088,-2.00096,0.02369,-0.39486,-1.69139,0.69931,-0.10297,2026-09-29,False,,,,,,,,,,,
OZK,Finance,46.2,53554850.0,21.83457,0.71026,-0.20368,33.48881,,,,,,,NEUTRAL,prior-research-2026-09-30+NEUTRAL,False,0.47861,1.94295,-1.33971,0.87022,0.41667,-21.83457,-0.71026,-17.30689,17.79622,11.32969,13.69456,117.79154,54.87825,51.54008,-0.10644,4.02597,-0.40157,-0.40343,0.09046,-0.94499,0.3902,-0.35922,0.30757,1.20292,0.13307,1.15233,0.92697,0.42744,0.77637,0.88261,0.62673,-0.85552,2026-09-29,False,,,,,,,,,,,
PAGP,Industrial Services,26.13,38529400.0,20.14168,-0.15448,1.1441,98.13433,,,,,,,NEUTRAL,prior-research-2026-09-30+NEUTRAL,False,0.57724,0.89381,60.02723,0.91781,0.66667,-20.14168,0.15448,-10.56262,17.46693,-0.27267,10.75014,30.65922,1012.51142,2.82872,-5.46519,7.70188,8.99919,0.61559,1.40371,0.84356,2.45338,3.0,2.57514,-0.20521,-0.54803,1.5439,-0.321,2.9117,-0.62288,-1.41669,2.49361,-0.20699,2026-09-29,False,,,,,,,,,,,
PAGS,Commercial Services,8.8,24658338.9431,39.08772,1.13527,0.48126,80.1306,,,,,,,NEUTRAL,prior-research-2026-09-30+NEUTRAL,False,0.49888,7.65864,-9.32843,0.77345,0.33333,-39.08772,-1.13527,-27.97816,17.02063,14.61514,16.62912,119.25972,152.96869,37.73171,-3.10723,0.00455,11.04004,-0.4072,0.17297,-0.97608,0.61086,-1.09478,0.79728,-0.45094,0.25997,1.76392,1.86914,0.54753,1.6226,-1.26302,0.65403,0.03814,2026-09-29,False,,,,,,,,,,,
PARR,Energy Minerals,78.31,74412868.7233,60.22123,-0.10602,-0.09823,41.51119,,,,,,,NEUTRAL,prior-research-2026-09-30+NEUTRAL,False,0.49768,2.32558,112.13345,0.90542,0.58333,-60.22123,0.10602,-26.7341,18.12514,54.73979,21.25664,50.00047,213.79869,13.30709,-0.65792,0.0,13.18734,1.36442,0.9549,0.41683,-0.53434,0.79185,0.58114,1.11907,1.99162,2.52803,-0.28953,1.19986,0.32327,-0.13093,-1.38816,0.44918,2026-09-29,False,,,,,,,,,,,
PATK,Consumer Durables,69.12,42331786.87286,42.08199,0.77316,-0.37211,24.34701,,,,,,,NEUTRAL,prior-research-2026-09-30+NEUTRAL,False,0.47479,2.82158,-17.91548,0.48106,0.33333,-42.08199,-0.77316,-52.84094,17.56105,12.9526,6.69096,51.37344,178.93103,7.01898,-1.46006,2.71991,3.20012,-0.46401,-1.11113,-1.13498,0.15551,0.18967,-0.78064,0.24247,0.38068,0.61714,-0.32286,0.30236,-0.0034,-0.57326,1.2337,0.12718,2026-09-29,False,,,,,,,,,,,
PAY,Commercial Services,30.0,32411762.77008,66.12933,0.47486,-0.25461,30.50373,,,,,,,NEUTRAL,prior-research-2026-09-30+NEUTRAL,False,0.49958,3.3389,15.16801,0.67265,0.58333,-66.12933,-0.47486,-46.52025,17.29403,15.01734,2.23554,16.16075,35.83868,7.57896,-0.0144,0.0,30.20904,0.25082,-0.38209,0.91781,-0.79908,0.32722,-0.27786,-0.06806,0.29342,-0.39344,-0.99089,-0.97273,0.04391,1.50491,-0.53421,0.83378,2026-09-29,False,,,,,,,,,,,
PAYS,Commercial Services,12.85,7326720.15381,64.33933,0.83398,0.57637,84.32836,,,,,,,NEUTRAL,prior-research-2026-09-30+NEUTRAL,False,0.5483,5.07615,122.24138,0.90877,0.66667,-64.33933,-0.83398,-49.84227,15.80704,30.81767,2.13414,8.14209,13.61705,17.00601,-0.09492,0.0,46.83846,1.85759,1.04302,1.5847,-0.7103,-0.58835,-0.47547,-1.73727,1.04634,-0.40657,-1.59495,-1.86825,0.7981,0.94642,-0.53421,1.14046,2026-09-29,False,,,,,,,,,,,
PBAM,Finance,85.15,1752498.0423,14.67204,0.19565,1.56548,99.62687,,,,,,,NEUTRAL,prior-research-2026-09-30+NEUTRAL,False,0.58813,0.9545,50.72217,0.93366,0.66667,-14.67204,-0.19565,-8.0281,14.37655,16.72893,9.08897,58.30885,35.80222,47.13212,-0.09099,0.0,3.54607,0.85041,0.70599,1.01488,2.12898,1.11715,2.13863,-2.09905,0.56587,0.5953,-0.32401,-0.10421,0.65042,0.93625,-2.03038,-0.42504,2026-09-29,False,,,,,,,,,,,
PBI,Technology Services,16.29,27537856.4415,33.30296,0.55406,0.98181,96.08209,,,,,,,NEUTRAL,prior-research-2026-09-30+NEUTRAL,False,0.56833,1.69491,57.22462,0.88515,0.66667,-33.30296,-0.55406,-23.27787,17.13107,,8.18072,,81.49064,24.00318,,2.33272,-5.31236,1.44593,0.98044,1.54675,1.65046,0.55937,1.716,-0.4193,0.0,1.15037,0.0,0.78964,1.30077,0.0,1.78037,-1.29341,2026-09-29,False,,,,,,,,,,,
PCRX,Health Technology,25.65,13372086.35616,33.57193,0.37957,0.68961,89.1791,,,,,,,NEUTRAL,prior-research-2026-09-30+NEUTRAL,False,0.52978,3.77588,2.06022,0.92867,0.58333,-33.57193,-0.37957,-28.18591,16.40868,2.04764,1.44517,66.40838,73.6668,3.70294,-0.61329,0.0,5.71171,-1.03761,1.082,0.17039,1.5668,1.40187,0.83715,-0.8366,0.62391,0.58465,1.38976,1.91601,0.40039,-0.51384,-0.07667,-0.22945,2026-09-29,False,,,,,,,,,,,
PCT,Industrial Services,4.43,24403445.27836,79.01885,1.99194,-0.63409,13.33955,,,,,,,NEUTRAL,prior-research-2026-09-30+NEUTRAL,True,0.47378,3.29218,-49.65143,0.2928,0.5,-79.01885,-1.99194,-70.72042,17.01023,-389.63217,-24.89489,1.73199,1.53782,-1207.32345,-52.45788,0.0,326.13003,-2.0791,-1.57647,-0.48975,-1.06203,-1.40561,-1.66085,-0.81415,-2.53644,-1.61649,-2.54233,-1.92178,-2.25619,-2.87065,-0.8999,1.87248,2026-09-29,False,,,,,,,,,,,
PD,Technology Services,14.95,16628345.42465,72.33025,0.16196,0.14319,57.74254,,,,,,,NEUTRAL,prior-research-2026-09-30+NEUTRAL,False,0.50004,5.32292,-14.25914,0.89898,0.5,-72.33025,-0.16196,-65.5442,16.62662,89.92464,15.64416,19.75836,41.71301,7.31,-1.77968,0.0,2.30042,-0.28977,1.13624,0.21344,-0.3918,1.71506,-0.64875,-1.04044,2.22725,2.06454,-0.50487,0.09032,0.14705,-1.11508,-0.21817,-0.6646,2026-09-29,False,,,,,,,,,,,
PDFS,Technology Services,49.77,25154868.88123,78.99386,2.07329,0.34969,73.8806,,,,,,,NEUTRAL,prior-research-2026-09-30+NEUTRAL,False,0.52384,5.48781,71.55436,0.70307,0.58333,-78.99386,-2.07329,-41.84207,17.04056,3.2723,0.48627,17.714,11.37731,8.15252,-0.1921,0.0,23.04949,1.61822,-0.02519,0.87986,-0.63731,-1.67317,0.50842,-0.53855,-0.29067,-0.20984,-0.64571,-1.11655,0.20775,0.38277,-0.21817,0.64591,2026-09-29,False,,,,,,,,,,,
PDM,Finance,8.92,9181919.62738,30.16424,0.66581,0.22976,65.85821,,,,,,,NEUTRAL,prior-research-2026-09-30+NEUTRAL,True,0.5159,3.69565,8.77993,0.89558,0.33333,-30.16424,-0.66581,-29.0,16.03275,-5.3463,-7.22044,131.79026,50.93037,13.4583,-1.52762,0.0,0.69513,-0.08967,0.31021,-1.5459,-0.19719,-0.2433,-0.55094,-0.95746,-0.91378,-1.56817,1.12103,0.34216,-0.86656,-0.74474,-2.03038,-0.7479,2026-09-29,False,,,,,,,,,,,
PDS,Industrial Services,79.24,8127975.0,43.7502,0.23904,0.85291,93.37687,,,,,,,NEUTRAL,prior-research-2026-09-30+NEUTRAL,True,0.54856,3.43353,52.56389,0.77717,0.58333,-43.7502,-0.23904,-28.2856,15.91082,-2.00872,-2.29394,109.79204,134.43665,6.77232,-0.43544,0.0,-0.4531,0.51932,0.46036,0.17667,0.56872,1.69371,0.61385,-1.95042,-0.60324,-0.50702,1.61832,0.90534,-0.15442,0.39854,-0.8999,-1.08777,2026-09-29,False,,,,,,,,,,,
PDYN,Producer Manufacturing,5.22,4634404.16822,74.63668,2.55632,0.27892,68.37687,,,,,,,NEUTRAL,prior-research-2026-09-30+NEUTRAL,True,0.52952,4.22018,-34.98871,0.5068,0.33333,-74.63668,-2.55632,-59.70874,15.34902,-48.39302,-11.5801,27.30227,4.54575,-360.67387,-0.14902,0.0,171.79252,-1.16449,-0.61993,-1.40342,-0.61967,-0.92186,-0.80798,-2.22779,-1.26532,-1.02289,-0.4391,-1.75494,-1.64364,0.5496,-0.89902,1.85008,2026-09-29,False,,,,,,,,,,,
PEB,Finance,18.71,36722989.78119,28.79404,0.69585,0.25025,66.88433,,,,,,,NEUTRAL,prior-research-2026-09-30+NEUTRAL,True,0.51888,2.53664,61.69635,0.94734,0.58333,-28.79404,-0.69585,-12.21548,17.41891,-1.84486,-2.21177,115.05367,71.14829,7.44619,-1.01783,0.21379,2.08214,1.01041,0.87522,0.34799,-0.13858,-0.32077,1.11501,0.5959,-0.79296,-1.19703,0.90285,0.68505,-1.39035,-0.39091,-0.80092,-0.60105,2026-09-29,False,,,,,,,,,,,
PEBO,Finance,38.87,9923143.92395,18.4738,0.48168,0.92503,95.14925,,,,,,,NEUTRAL,prior-research-2026-09-30+NEUTRAL,False,0.55925,1.66536,36.96895,0.92981,0.75,-18.4738,-0.48168,-9.04011,16.11038,9.80275,8.80826,93.217,46.36265,33.06823,-0.60158,4.27065,-0.28577,0.57389,0.65134,1.72701,1.251,0.31419,1.73826,-0.86097,-0.01651,0.54257,0.47186,0.26403,0.0454,0.02465,0.69187,-0.84832,2026-09-29,False,,,,,,,,,,,
PECO,Finance,37.65,34564075.02594,16.71313,0.06593,0.2004,63.0597,,,,,,,NEUTRAL,prior-research-2026-09-30+NEUTRAL,False,0.53115,1.08932,16.90338,0.86035,0.66667,-16.71313,-0.06593,-16.09009,17.35833,6.16174,2.72316,49.43254,14.33326,28.91394,-1.08865,3.42098,8.07012,0.10774,0.04159,1.01488,1.89569,1.49028,0.48524,0.53592,-0.32435,-0.54446,-0.5386,-0.93932,-0.04684,-0.46184,0.4416,-0.07664,2026-09-29,False,,,,,,,,,,,
PEGA,Technology Services,32.97,71590586.49902,52.94553,0.49295,-0.53605,16.23134,,,,,,,NEUTRAL,prior-research-2026-09-30+NEUTRAL,False,0.44992,6.81567,-38.01178,0.49712,0.41667,-52.94553,-0.49295,-60.91315,18.08647,54.69304,5.90639,10.21735,31.64956,11.31807,-0.12851,0.36397,3.59965,-0.91037,-0.85068,-0.41313,0.45513,0.73736,-0.43479,1.02498,1.965,0.76434,-1.14046,-0.24146,0.5268,0.56004,1.07548,-0.50425,2026-09-29,False,,,,,,,,,,,
PENG,Electronic Technology,55.79,94109517.04559,100.42875,2.17933,-0.3579,25.37313,,,,,,,NEUTRAL,prior-research-2026-09-30+NEUTRAL,False,0.45268,8.93449,88.96945,0.68547,0.5,-100.42875,-2.17933,-46.3079,18.35997,17.17137,3.13979,15.68357,53.67484,8.13233,-1.6062,0.0,11.97337,0.83569,0.13476,-0.3367,-0.795,-0.13342,0.10648,1.1781,1.0601,0.48733,-0.70341,0.80556,0.55133,-1.24544,-0.18865,-0.077,2026-09-29,False,,,,,,,,,,,
PENN,Consumer Services,14.61,52370956.05984,47.46216,0.86935,-0.32931,26.95896,,,,,,,NEUTRAL,prior-research-2026-09-30+NEUTRAL,True,0.47602,4.14961,-12.32323,0.66228,0.41667,-47.46216,-0.86935,-40.60606,17.77386,-37.39844,-45.24283,93.00997,357.23276,6.02514,-5.94327,0.0,6.14169,-0.63304,-0.5382,-0.64714,-0.10087,-0.57579,-0.31526,0.52866,-1.82407,-2.2641,1.81328,1.7361,-0.3857,-0.98644,-1.13702,0.15074,2026-09-29,False,,,,,,,,,,,
PFBC,Finance,106.25,10589887.64038,19.17647,0.43917,0.57373,84.23507,,,,,,,NEUTRAL,prior-research-2026-09-30+NEUTRAL,False,0.53569,2.6276,17.05762,0.9705,0.75,-19.17647,-0.43917,-18.58045,16.17541,17.57671,10.76694,63.07998,40.21404,66.34701,-0.48155,2.96471,0.57516,0.11026,1.29328,1.72701,1.03565,0.42273,0.20526,-0.80687,0.61421,0.85639,-0.25271,0.05626,1.23845,0.1591,0.25441,-0.77149,2026-09-29,False,,,,,,,,,,,
PFS,Finance,22.22,20015340.98282,20.45041,0.67132,0.40609,76.77239,,,,,,,NEUTRAL,prior-research-2026-09-30+NEUTRAL,False,0.52329,1.69565,25.27851,0.88747,0.58333,-20.45041,-0.67132,-14.49158,16.81201,11.13947,10.73279,99.77122,48.4525,47.41307,-0.99052,4.32043,3.71765,0.32869,0.22629,0.34799,0.75458,-0.25228,0.73576,-0.17399,0.11549,0.83306,0.61587,0.31502,0.65947,-0.36775,0.71432,-0.40533,2026-09-29,False,,,,,,,,,,,
PFSI,Finance,63.61,37702945.86182,32.80637,0.71914,-1.11786,4.10448,,,,,,,NEUTRAL,prior-research-2026-09-30+NEUTRAL,False,0.4421,1.97796,-40.06709,0.40318,0.5,-32.80637,-0.71914,-59.68226,17.44525,9.3766,11.89424,131.48356,144.94448,30.07471,-3.57319,1.8865,24.07865,-1.47132,-1.99616,-0.31843,-0.36496,-0.37986,-2.22609,0.65141,-0.06991,0.95663,1.11055,1.38108,-0.02317,-1.34042,-0.17921,0.78347,2026-09-29,False,,,,,,,,,,,
PGEN,Health Technology,8.05,28650005.29032,66.31309,1.25233,0.31482,70.70896,,,,,,,NEUTRAL,prior-research-2026-09-30+NEUTRAL,True,0.51751,6.28572,98.00569,1.0,0.75,-66.31309,-1.25233,-40.49904,17.17066,-837.07537,-5.39135,1.48984,2.93035,-46.08071,-2.25686,0.0,1875.04608,0.69662,2.53125,1.54941,-0.18312,-0.47094,0.07671,0.10975,-1.82096,-0.10464,-1.84155,-0.24625,-0.55533,-1.55943,-0.07667,2.62351,2026-09-29,False,,,,,,,,,,,
PGNY,Commercial Services,24.79,29637970.40596,44.80246,0.33721,0.12082,55.1306,,,,,,,NEUTRAL,prior-research-2026-09-30+NEUTRAL,False,0.5073,4.66461,21.15564,0.76607,0.41667,-44.80246,-0.33721,-42.64603,17.20457,16.24181,4.09856,23.4224,68.32042,8.55463,-0.0595,0.0,5.53927,0.40217,0.13777,-0.37517,0.24925,0.69239,-0.09446,-0.18668,0.39436,-0.06713,-0.56797,-0.23222,0.1203,1.06784,-0.53421,-0.40694,2026-09-29,False,,,,,,,,,,,
PGY,Technology Services,17.37,48297898.71216,68.49301,2.28809,-0.41372,21.82836,,,,,,,NEUTRAL,prior-research-2026-09-30+NEUTRAL,False,0.45022,7.61142,-36.54734,0.50144,0.33333,-68.49301,-2.28809,-69.28406,17.6929,26.39345,8.72065,40.90448,91.1589,22.87053,-1.57779,0.0,17.78819,-0.84757,-0.83319,-1.01403,-0.21208,-1.85223,-0.84607,0.38664,1.25149,1.26002,0.34413,0.90755,1.25615,-1.01708,-0.21817,0.43363,2026-09-29,False,,,,,,,,,,,
PHIN,Producer Manufacturing,60.42,21355191.76712,39.55292,0.92141,0.57649,84.42164,,,,,,,NEUTRAL,prior-research-2026-09-30+NEUTRAL,False,0.52227,3.50351,19.67798,0.71261,0.58333,-39.55292,-0.92141,-29.30487,16.87681,8.52273,6.07433,69.33739,162.65713,8.82434,-0.68916,1.88679,7.65337,0.29266,0.20571,0.49047,1.06958,0.79199,0.84504,-0.65889,0.22152,0.8724,0.73766,1.07524,0.34994,-0.26058,0.95661,-0.16273,2026-09-29,False,,,,,,,,,,,
PHVS,Health Technology,31.73,19653725.43526,46.16731,0.76879,0.55639,83.39552,,,,,,,NEUTRAL,prior-research-2026-09-30+NEUTRAL,True,0.52617,7.34752,46.1618,0.81652,0.66667,-46.16731,-0.76879,-19.35978,16.79378,-71.13757,-9.00435,15.46332,0.0,,-0.00224,0.0,,0.02607,0.19929,0.83728,0.77261,0.39853,1.48898,-0.37861,-0.58645,-0.33009,-0.35245,-1.05211,0.0,1.48087,-0.07667,0.0,2026-09-29,False,,,,,,,,,,,
PI,Electronic Technology,176.45,60490341.13159,59.78793,1.5829,-0.26114,30.03731,,,,,,,NEUTRAL,prior-research-2026-09-30+NEUTRAL,True,0.48589,4.30479,-3.0721,0.7294,0.58333,-59.78793,-1.5829,-62.24216,17.91799,-12.8746,-0.49526,4.25015,6.81737,-1.80499,-1.15143,0.0,3.50673,-0.91023,0.35319,0.32972,0.62926,0.34301,-0.70328,0.51416,-0.59236,-0.0839,-1.75451,-0.89139,-0.3501,-0.96334,-0.18865,-0.7605,2026-09-29,False,,,,,,,,,,,
PII,Consumer Durables,52.54,48522377.96631,52.83763,1.35886,-0.09785,41.69776,,,,,,,NEUTRAL,prior-research-2026-09-30+NEUTRAL,True,0.50469,2.34081,11.64768,0.71084,0.33333,-52.83763,-1.35886,-34.2091,17.69754,-25.76177,-8.64896,27.78535,247.27931,1.75957,-2.46216,5.13894,8.42812,0.35682,-0.17634,-1.13498,-0.46885,-0.79575,0.19827,0.47063,-1.16525,-1.19885,-1.09728,0.64439,-0.57252,-0.97937,1.99447,0.54726,2026-09-29,False,,,,,,,,,,,
PIPR,Finance,64.72,42335441.8808,35.01468,1.12067,-0.57928,14.83209,,,,,,,NEUTRAL,prior-research-2026-09-30+NEUTRAL,False,0.46181,3.4047,-11.5068,0.70147,0.5,-35.01468,-1.12067,-29.85261,17.56114,23.61608,6.56401,30.67491,45.28939,23.05864,-0.12749,1.15884,32.10164,-0.6576,-0.81524,-0.31843,-0.51093,-1.05669,-0.60737,0.80684,0.9119,0.1314,-1.12743,0.2461,-0.29326,0.82083,-0.40184,1.03822,2026-09-29,False,,,,,,,,,,,
PJT,Finance,144.84,67612843.40515,33.99496,0.72324,-0.79404,9.51493,,,,,,,NEUTRAL,prior-research-2026-09-30+NEUTRAL,False,0.46434,2.57798,0.44829,0.76021,0.5,-33.99496,-0.72324,-32.46851,18.02931,83.22579,5.52308,8.63065,52.22533,21.01964,-1.34382,0.69042,22.91387,-0.35344,-0.48669,-0.31843,-0.46221,-0.39459,-0.79466,1.5631,1.92696,-0.02434,-2.45037,0.37246,-0.36029,-0.62166,-0.60598,0.72389,2026-09-29,False,,,,,,,,,,,
PK,Finance,15.57,54171161.08332,28.32056,0.74379,0.00451,48.04104,,,,,,,NEUTRAL,prior-research-2026-09-30+NEUTRAL,True,0.50407,2.2339,49.84816,0.96289,0.75,-28.32056,-0.74379,-13.42396,17.80766,-5.0199,-5.28756,99.61993,81.92501,11.92444,-1.32751,6.42261,-1.3587,0.83757,1.17437,1.72701,-0.10601,-0.42105,0.9268,1.22609,-0.88774,-1.45535,0.60447,0.81796,-0.97896,-0.61511,1.21255,-0.92612,2026-09-29,False,,,,,,,,,,,
PLAB,Electronic Technology,31.07,28228309.66244,85.53489,2.22359,0.01404,48.60075,,,,,,,NEUTRAL,prior-research-2026-09-30+NEUTRAL,False,0.49354,3.68098,19.42291,0.56532,0.58333,-85.53489,-2.22359,-50.58224,17.15584,13.72138,9.07912,71.40474,47.67236,22.47448,-0.00304,0.0,1.24639,-0.29925,-0.34443,0.32972,-0.38793,-0.20839,-0.14784,-0.63912,0.79344,1.53951,1.1496,0.68449,1.57903,1.47779,-0.18865,-1.00903,2026-09-29,False,,,,,,,,,,,
PLMR,Finance,123.14,30914924.27673,37.80334,-0.02239,-0.37434,24.06716,,,,,,,NEUTRAL,prior-research-2026-09-30+NEUTRAL,False,0.4867,3.02755,14.63015,0.8505,0.5,-37.80334,0.02239,-26.14332,17.24675,22.22577,6.30677,30.60388,33.88037,24.86625,-0.30152,0.36544,60.26794,0.04978,-0.01729,-0.31843,-0.67869,1.8444,-0.30971,0.40468,0.87369,0.10613,-1.13963,-0.15826,-0.18129,0.43972,-0.73292,1.41768,2026-09-29,False,,,,,,,,,,,
PLNT,Consumer Services,40.74,92579021.30318,66.1529,0.47671,-1.22533,2.70522,,,,,,,NEUTRAL,prior-research-2026-09-30+NEUTRAL,False,0.43296,4.81336,-48.55296,0.36385,0.16667,-66.1529,-0.47671,-63.8296,18.34357,,7.44271,,44.09105,30.9491,,0.0,12.70359,-1.59562,-1.69929,-2.54923,-0.97476,0.42373,-1.46366,1.43133,0.0,0.78896,0.0,-0.45644,1.15314,0.0,-1.13702,0.66966,2026-09-29,False,,,,,,,,,,,
PLPC,Producer Manufacturing,412.76001,30802146.64307,73.51801,1.81016,0.30445,70.05597,,,,,,,NEUTRAL,prior-research-2026-09-30+NEUTRAL,False,0.514,4.82625,103.34328,0.85854,0.83333,-73.51801,-1.81016,-30.9102,17.24309,9.02208,2.13269,24.5152,36.63049,8.98447,-0.10407,0.20109,17.07016,1.60905,1.01274,2.77549,-0.59225,-0.36497,0.72521,-0.16093,0.27435,0.14211,-0.57444,-0.4522,0.37206,0.7006,0.32292,0.41449,2026-09-29,False,,,,,,,,,,,
PLSE,Health Technology,50.89,19407023.00568,77.37121,1.50152,0.30351,69.8694,,,,,,,NEUTRAL,prior-research-2026-09-30+NEUTRAL,True,0.50404,8.56733,167.69836,0.92192,0.75,-77.37121,-1.50152,-36.50953,16.78115,-78.49128,-2.19563,2.80224,0.0325,-7007.76371,-0.06806,0.0,,1.27584,1.02203,1.54941,-0.62919,-0.75843,0.27111,-0.41062,-0.70094,0.16399,-1.69833,-0.60247,-1.78177,0.4808,-0.07667,0.0,2026-09-29,False,,,,,,,,,,,
PLUS,Technology Services,89.82,17835136.00616,32.34835,0.67771,1.24329,98.60075,,,,,,,NEUTRAL,prior-research-2026-09-30+NEUTRAL,False,0.54978,4.34042,23.36244,0.92841,0.5,-32.34835,-0.67771,-20.65496,16.69668,12.16469,5.39064,45.84531,105.19521,6.87666,-0.0,1.15787,15.01341,0.753,1.42032,0.21344,1.73053,0.17405,1.85283,-0.96337,0.4327,0.66951,0.50808,1.06921,0.10198,2.362,1.40624,0.34188,2026-09-29,False,,,,,,,,,,,
PMT,Finance,8.0,13151614.10942,29.71579,0.45048,-0.32103,27.14552,,,,,,,NEUTRAL,prior-research-2026-09-30+NEUTRAL,False,0.47771,2.92208,-12.10484,0.62312,0.58333,-29.71579,-0.45048,-37.68827,16.39206,8.93773,23.65213,186.69931,267.36495,81.85309,-12.36676,20.0,21.85954,-0.68359,-1.14452,0.34799,-0.18386,0.38833,-1.12764,-0.66511,-0.09783,2.07186,1.77856,2.05651,1.60559,-1.97205,2.75323,0.68664,2026-09-29,False,,,,,,,,,,,
PNRG,Energy Minerals,199.53999,15407612.95624,62.51336,0.03134,0.0918,53.17164,,,,,,,NEUTRAL,prior-research-2026-09-30+NEUTRAL,False,0.4906,7.21005,21.60751,0.73202,0.66667,-62.51336,-0.03134,-39.60894,16.55037,11.7155,7.77189,68.21255,55.20615,15.34687,-0.00278,0.0,-19.15305,0.01205,-0.10725,1.08373,-0.64008,0.15496,-0.32053,-1.1086,0.40925,0.98028,0.09773,-0.16872,0.46432,1.85047,-1.38816,-1.49578,2026-09-29,False,,,,,,,,,,,
POET,Producer Manufacturing,7.67,74323275.0,172.17685,3.46573,-1.10151,4.47761,,,,,,,NEUTRAL,prior-research-2026-09-30+NEUTRAL,True,0.42849,8.04912,30.20833,0.37287,0.5,-172.17685,-3.46573,-69.03257,18.12393,-16.88613,-5.74228,64.27677,0.1299,-3624.60994,-0.0092,0.0,266.05719,0.55268,-1.11463,-0.17595,-2.71604,-2.18259,-1.23525,1.17768,-0.75811,-0.67482,0.62015,-2.11856,-2.07515,1.41444,-0.89902,1.99051,2026-09-29,False,,,,,,,,,,,
POOL,Distribution Services,162.52,127916995.81146,36.17148,0.5193,-0.86919,8.02239,,,,,,,NEUTRAL,prior-research-2026-09-30+NEUTRAL,False,0.45859,1.97885,-36.96371,0.53392,0.25,-36.17148,-0.5193,-46.87407,18.66689,31.08394,6.74805,21.37718,91.5201,10.75737,-1.34537,3.13808,2.23404,-1.42983,-1.34048,-1.78647,0.57345,0.78124,-0.69457,1.79181,1.12756,0.59415,-0.91592,-0.92844,0.58358,-0.23065,1.93489,-0.53109,2026-09-29,False,,,,,,,,,,,
POR,Utilities,44.49,49522029.46663,21.08147,0.0624,0.02807,49.62687,,,,,,,NEUTRAL,prior-research-2026-09-30+NEUTRAL,False,0.49469,1.76154,17.89953,0.83925,0.41667,-21.08147,-0.0624,-16.66023,17.71793,6.44514,4.8496,79.02579,63.23351,17.27842,-1.26389,4.77916,2.94931,0.16064,0.15901,-1.06756,0.30508,0.4325,0.32448,0.50615,-0.13536,0.09943,0.18394,0.18518,-0.1809,-0.06165,0.58934,0.00015,2026-09-29,False,,,,,,,,,,,
POST,Consumer Non-Durables,73.43,72956453.01437,34.83247,0.05026,-0.31335,27.42537,,,,,,,NEUTRAL,prior-research-2026-09-30+NEUTRAL,False,0.47557,2.35133,-19.42793,0.64069,0.41667,-34.83247,-0.05026,-36.17485,18.10537,8.28645,9.07816,95.33464,260.55964,10.29302,-2.47973,0.0,6.20234,-0.756,-0.47795,-0.8455,0.48829,1.38663,-0.15524,0.67559,-0.34303,0.94436,1.23436,1.145,-0.03707,-1.0426,-1.39905,0.09985,2026-09-29,False,,,,,,,,,,,
POWI,Electronic Technology,51.08,39507407.58972,68.05323,1.92944,0.10851,54.10448,,,,,,,NEUTRAL,prior-research-2026-09-30+NEUTRAL,False,0.49027,5.21232,30.4162,0.58722,0.5,-68.05323,-1.92944,-45.22069,17.492,3.62157,0.88176,23.97712,15.80712,7.92554,-0.0,1.67384,1.55989,-0.02635,-0.26336,-0.3367,0.24163,0.05573,0.15844,-0.19497,-0.01998,0.07769,-0.24434,-0.49023,0.54496,2.14456,1.6095,-0.97734,2026-09-29,False,,,,,,,,,,,
PPLI,Technology Services,40.74,38122936.13739,38.08393,0.64756,0.69023,89.27239,,,,,,,NEUTRAL,prior-research-2026-09-30+NEUTRAL,False,0.51126,11.32758,11.70091,0.85552,0.58333,-38.08393,-0.64756,-24.54851,17.45633,8.2381,13.49111,165.40351,68.18512,0.92254,-0.27836,0.0,-32.08752,0.45722,0.79554,0.87986,1.34828,0.27312,1.62052,0.02389,0.07835,1.86133,2.69696,0.63163,-0.52812,0.23961,-0.21817,-1.90093,2026-09-29,False,,,,,,,,,,,
PPTA,Non-Energy Minerals,21.53,22974863.69934,69.77329,2.22161,-0.05069,44.58955,,,,,,,NEUTRAL,prior-research-2026-09-30+NEUTRAL,True,0.506,4.56081,18.6673,0.57845,0.58333,-69.77329,-2.22161,-54.59431,16.94991,-37.78956,-8.32083,25.78132,0.0,,-0.00506,0.0,,-0.32577,-0.22648,0.26944,-0.17458,-0.39157,-0.36682,-0.37842,-1.17271,-1.04715,-0.22367,-1.42997,0.0,1.28378,-0.2967,0.0,2026-09-29,False,,,,,,,,,,,
PRCH,Finance,16.57,21942740.52811,64.62258,1.49584,-0.72363,10.72761,,,,,,,NEUTRAL,prior-research-2026-09-30+NEUTRAL,False,0.46012,4.65409,1.81392,0.9175,0.41667,-64.62258,-1.49584,-62.5512,16.90395,,-0.70625,,26.49491,8.37386,,0.0,15.79197,-0.31794,0.53811,-0.94499,-2.10329,-1.60462,-2.36662,-0.07862,0.0,-1.0572,0.0,-0.42468,-1.32343,0.0,-2.03038,0.45004,2026-09-29,False,,,,,,,,,,,
PRCT,Health Technology,18.22,26812181.40793,63.55864,0.8454,-0.47514,19.21642,,,,,,,NEUTRAL,prior-research-2026-09-30+NEUTRAL,True,0.45595,6.50444,-43.18058,0.4931,0.33333,-63.55864,-0.8454,-54.83085,17.10437,-30.24112,-10.53216,32.64853,32.37135,-33.86168,-0.22789,0.0,22.6914,-2.27866,-1.21111,-1.7235,-0.03965,0.25185,-0.66344,-0.01025,-0.0998,-0.42099,0.50094,0.96829,-0.48506,0.04049,-0.07667,0.73723,2026-09-29,False,,,,,,,,,,,
PRGO,Health Technology,15.0,30286862.9715,55.8775,0.70037,-0.42427,21.36194,,,,,,,NEUTRAL,prior-research-2026-09-30+NEUTRAL,True,0.45366,6.06937,-27.72644,0.71343,0.58333,-55.8775,-0.70037,-57.98551,17.22622,-48.74572,-83.48132,121.12474,199.45915,6.41994,-1.37479,7.73333,-4.18189,-1.85295,-0.32284,0.17039,0.30218,0.51332,-0.8101,0.184,-0.38583,-1.66331,2.54821,2.92386,0.73553,-1.18878,3.0,-1.08263,2026-09-29,False,,,,,,,,,,,
PRGS,Technology Services,39.44,19115771.49734,56.94043,0.26844,0.41351,76.95896,,,,,,,NEUTRAL,prior-research-2026-09-30+NEUTRAL,False,0.49301,8.04109,6.5207,0.84148,0.58333,-56.94043,-0.26844,-46.46896,16.76602,18.57436,5.41156,30.5343,61.00043,18.53506,-2.62162,0.0,15.50119,0.32422,0.69929,0.87986,0.30277,1.40224,0.29917,-0.87214,0.90942,0.67241,0.00254,0.53215,1.02925,-1.40088,-0.21817,0.35351,2026-09-29,False,,,,,,,,,,,
PRIM,Industrial Services,74.28,95770021.23413,122.09352,1.33848,-1.35259,1.86567,,,,,,,NEUTRAL,prior-research-2026-09-30+NEUTRAL,False,0.42566,4.44319,-45.04986,0.36636,0.5,-122.09352,-1.33848,-64.92284,18.37746,8.89037,3.49512,40.21419,182.35045,3.02874,-0.7963,0.4308,5.12246,-1.99317,-1.28212,-0.48975,-2.12588,-0.77298,-1.34227,1.23937,0.09561,0.29927,-0.01161,1.22458,-0.58515,0.02449,0.41658,-0.52272,2026-09-29,False,,,,,,,,,,,
PRK,Finance,179.89999,16841735.32104,24.35503,0.58732,0.29466,69.40299,,,,,,,NEUTRAL,prior-research-2026-09-30+NEUTRAL,False,0.52942,1.39414,23.66113,0.85098,0.58333,-24.35503,-0.58732,-15.22365,16.63937,12.59401,5.83798,52.9853,23.2334,39.5613,-0.09032,2.42913,14.44842,0.29271,-0.01175,0.34799,0.14738,-0.01601,0.63684,-0.38453,0.22567,0.02626,-0.43263,-0.53924,0.29569,0.9399,-0.00308,0.41229,2026-09-29,False,,,,,,,,,,,
PRLB,Process Industries,95.46,14310450.09613,39.92174,1.58701,0.86531,93.84328,,,,,,,NEUTRAL,prior-research-2026-09-30+NEUTRAL,False,0.54712,5.24719,58.21428,0.98514,0.66667,-39.92174,-1.58701,-19.50533,16.4765,4.49382,1.31959,29.94957,24.26921,7.32692,-0.00324,0.0,10.20354,0.99128,2.0345,1.09141,0.25016,-1.3548,1.05597,-0.70409,0.01157,0.0166,-0.7371,-1.36473,0.03272,1.90984,-1.39001,0.57923,2026-09-29,False,,,,,,,,,,,
PRM,Process Industries,26.92,36449491.09268,61.91804,0.82199,-0.16838,35.91418,,,,,,,NEUTRAL,prior-research-2026-09-30+NEUTRAL,True,0.49568,3.74199,42.55122,0.71255,0.5,-61.91804,-0.82199,-30.19568,17.41144,-30.86832,-7.79058,23.43706,17.36809,-50.59532,-1.34983,0.0,24.24928,0.70622,-0.18851,-0.2419,-0.8609,-0.18493,0.29072,0.45459,-0.91231,-0.78879,-1.03147,-1.66058,-1.36981,-0.64336,-1.39001,1.26307,2026-09-29,False,,,,,,,,,,,
PRME,Health Technology,3.09,9626941.35199,79.46907,2.0511,-0.29047,28.82463,,,,,,,NEUTRAL,prior-research-2026-09-30+NEUTRAL,True,0.47616,10.97178,-29.49219,0.46327,0.58333,-79.46907,-2.0511,-59.52024,16.08008,-373.28671,-33.36298,7.09372,0.72322,-4824.94476,-2.82544,0.0,-17.89962,-1.87721,-1.33494,0.17039,-0.70737,-1.25075,-0.87387,-1.1092,-1.39609,-1.23304,-1.05145,-0.40406,-1.63579,-1.73956,-0.07667,-1.56225,2026-09-29,False,,,,,,,,,,,
PRSU,Consumer Services,50.1,10123848.26202,27.72549,0.87694,1.01342,96.82836,,,,,,,NEUTRAL,prior-research-2026-09-30+NEUTRAL,False,0.5697,2.71885,35.98361,0.89512,0.75,-27.72549,-0.87694,-18.40272,16.1304,7.87948,3.01866,46.65952,35.34198,16.12276,-0.45373,0.0,-26.31723,0.61602,0.78489,2.02486,1.11695,-0.59948,1.17733,-1.47313,-0.5823,-0.00885,0.72368,-0.77407,0.46579,0.87989,-1.13702,-1.33353,2026-09-29,False,,,,,,,,,,,
PRVA,Finance,19.62,25120168.75305,29.81482,0.55472,-0.36051,25.0,,,,,,,NEUTRAL,prior-research-2026-09-30+NEUTRAL,False,0.49418,2.25269,-13.23038,0.69822,0.33333,-29.81482,-0.55472,-32.02847,17.03918,3.83897,1.1185,31.46914,93.78079,1.90308,-0.01116,0.0,24.10426,-0.737,-0.82839,-1.5459,-0.18832,0.09032,-0.77765,0.09908,-0.47715,-0.85108,-1.0941,0.96718,-1.99336,1.56371,-2.03038,0.78706,2026-09-29,False,,,,,,,,,,,
PSIX,Producer Manufacturing,47.1,13540384.47266,115.14019,2.64057,-0.56899,15.01866,,,,,,,NEUTRAL,prior-research-2026-09-30+NEUTRAL,False,0.43987,13.61935,-65.02121,0.45411,0.5,-115.14019,-2.64057,-75.47243,16.42119,40.06507,6.28926,18.83461,62.67463,13.00097,-0.66346,0.0,13.17068,-2.111,-0.84848,-0.17595,-1.66174,-0.97305,-1.67243,-1.18679,1.84576,0.91268,-0.85511,0.18427,0.72369,-0.22606,-0.89902,0.26783,2026-09-29,False,,,,,,,,,,,
PSMT,Retail Trade,170.38,40616533.53882,27.42176,0.64639,0.77171,91.79104,,,,,,,NEUTRAL,prior-research-2026-09-30+NEUTRAL,False,0.57417,1.28949,41.20071,0.8643,0.66667,-27.42176,-0.64639,-15.2849,17.51969,12.05816,2.99623,26.54706,108.50268,4.56489,-0.23373,0.82169,10.18092,1.18101,0.70583,1.54608,1.3039,0.47511,1.75939,-0.08769,-0.14227,-0.52031,-0.75404,-0.48564,-0.23706,1.10646,0.48225,0.55315,2026-09-29,False,,,,,,,,,,,
PSN,Technology Services,41.55,52385834.15947,74.46226,0.97202,-0.46478,19.68284,,,,,,,NEUTRAL,prior-research-2026-09-30+NEUTRAL,False,0.46921,2.65373,-39.84778,0.46534,0.41667,-74.46226,-0.97202,-54.84377,17.77415,6.11634,3.55397,59.41469,142.07029,5.39886,-0.62528,0.0,-5.84325,-0.98587,-0.98276,-0.41313,-0.45041,-0.38209,-0.16089,0.52128,-0.09263,0.33395,0.83657,1.34387,-0.06587,-0.24456,-0.21817,-1.32933,2026-09-29,False,,,,,,,,,,,
PTCT,Health Technology,64.96,71845101.29242,45.26376,0.67758,-0.20042,33.76866,,,,,,,NEUTRAL,prior-research-2026-09-30+NEUTRAL,False,0.465,5.23376,18.81674,0.7254,0.33333,-45.26376,-0.67758,-30.45227,18.09002,,-0.70871,,18.62623,11.5714,,0.0,-42.8445,-0.58245,-0.25859,-1.7235,0.84332,0.57565,0.6828,1.48191,0.0,0.29785,0.0,0.43863,1.23127,0.0,-0.07667,-1.90148,2026-09-29,False,,,,,,,,,,,
PTEN,Energy Minerals,10.55,89389835.55365,57.23058,0.11602,-0.32761,27.05224,,,,,,,NEUTRAL,prior-research-2026-09-30+NEUTRAL,True,0.47853,2.8147,130.61291,0.80228,0.66667,-57.23058,-0.11602,-32.78562,18.30852,-2.78553,-2.21944,76.67962,115.56851,-0.70977,-0.41472,3.41232,-6.9164,1.54044,0.22799,1.08373,-0.42564,-0.08904,0.09701,1.38445,-0.5651,-0.56516,0.3209,0.58431,-0.9772,0.13327,1.07762,-1.1684,2026-09-29,False,,,,,,,,,,,
PTON,Consumer Services,5.04,43293121.72031,54.56208,1.12765,-0.53682,16.04478,,,,,,,NEUTRAL,prior-research-2026-09-30+NEUTRAL,False,0.46212,5.0,-36.36894,0.56,0.25,-54.56208,-1.12765,-58.77778,17.5835,,2.86416,,111.02121,8.70845,,0.0,-1.80263,-1.2408,-0.90376,-1.89409,-0.44691,-0.97468,-1.21731,0.21206,0.0,-0.02719,0.0,0.48471,-0.13466,0.0,-1.13702,-0.5697,2026-09-29,False,,,,,,,,,,,
PTRN,Commercial Services,16.89,36550078.73535,56.82885,1.18422,-0.11754,39.64552,,,,,,,NEUTRAL,prior-research-2026-09-30+NEUTRAL,True,0.5014,3.42361,51.64756,0.57449,0.5,-56.82885,-1.18422,-47.88043,17.41419,-25.67994,-4.42456,20.80405,96.92305,1.35986,-0.07947,0.0,43.93981,1.06659,-0.74043,0.25139,-0.37387,-1.22181,-0.37929,0.05635,-1.43156,-1.13696,-0.69193,0.1426,-0.60106,0.9794,-0.53421,1.10077,2026-09-29,False,,,,,,,,,,,
PUBM,Technology Services,18.8,8199105.11541,57.80548,0.85694,1.1514,98.22761,,,,,,,NEUTRAL,prior-research-2026-09-30+NEUTRAL,True,0.56074,6.82236,100.47675,1.0,0.75,-57.80548,-0.85694,-42.75296,15.91954,-5.59322,-1.56913,27.87656,33.66019,-4.68831,-0.17137,0.0,-1.04104,1.94979,2.87836,2.25888,0.26384,-0.16437,0.46466,-1.70316,-0.67982,-0.40745,-0.09062,-0.17468,-0.81117,0.43785,-0.21817,-0.99577,2026-09-29,False,,,,,,,,,,,
PUMP,Industrial Services,8.88,37766264.40659,59.8247,0.5891,-0.16174,36.47388,,,,,,,NEUTRAL,prior-research-2026-09-30+NEUTRAL,True,0.48275,4.8823,98.91304,0.48791,0.58333,-59.8247,-0.5891,-51.20879,17.44693,-1.50208,-1.24135,88.83305,107.63673,-0.8639,-0.89604,0.0,-15.1356,1.05569,-0.82099,0.17667,-0.2314,0.63875,-0.68102,-0.22048,-0.5847,-0.40752,1.18884,0.69856,-0.87994,-0.06039,-0.8999,-1.75475,2026-09-29,False,,,,,,,,,,,
PVH,Consumer Non-Durables,75.74,68756339.44702,54.75982,0.89866,-0.19477,34.32836,,,,,,,NEUTRAL,prior-research-2026-09-30+NEUTRAL,True,0.48249,3.39237,-12.53963,0.76722,0.33333,-54.75982,-0.89866,-30.6016,18.04608,-3.49947,-4.83046,136.98073,254.99969,8.55125,-0.86868,0.19805,1.64056,-0.58875,0.16401,-1.44641,-0.66644,-0.90153,0.21115,0.58207,-1.03858,-1.0714,1.97768,1.12661,-0.2264,-0.16848,-0.18087,-0.32449,2026-09-29,False,,,,,,,,,,,
PVLA,Health Technology,139.0,28462081.05469,73.40257,1.47995,0.26368,67.53731,,,,,,,NEUTRAL,prior-research-2026-09-30+NEUTRAL,True,0.52212,3.07672,151.66974,0.87902,0.5,-73.40257,-1.47995,-31.11096,17.16408,-46.62513,-3.06883,10.79675,0.0,,-0.10441,0.0,-100.0,1.17481,0.58462,-0.49602,-0.47181,-0.74124,0.63369,0.08988,-0.33378,0.05979,-0.67091,-1.05211,0.0,0.35906,-0.07667,-2.73723,2026-09-29,False,,,,,,,,,,,
PWP,Finance,16.37,17190444.75622,58.41104,1.26934,-0.63567,13.15299,,,,,,,NEUTRAL,prior-research-2026-09-30+NEUTRAL,False,0.44418,11.81694,-19.47332,0.68033,0.25,-58.41104,-1.26934,-47.01174,16.65986,,1.4533,,45.13925,2.83614,,1.71045,-20.86825,-0.88445,-0.93564,-2.19194,-1.79369,-1.35132,-1.60022,-0.34903,0.0,-0.77063,0.0,0.23716,-1.93552,0.0,-0.22347,-1.64391,2026-09-29,False,,,,,,,,,,,
PZZA,Consumer Services,20.33,28949538.76495,50.64465,0.49445,-0.59891,14.27239,,,,,,,NEUTRAL,prior-research-2026-09-30+NEUTRAL,False,0.4484,6.12841,-47.58028,0.38178,0.33333,-50.64465,-0.49445,-63.28691,17.18106,,4.15751,,299.53957,4.69035,,9.05066,-5.64557,-1.58608,-1.58824,-1.24805,-0.28797,0.36602,-1.43577,-0.31656,0.0,0.17114,0.0,1.59257,-0.54736,0.0,2.43508,-0.85322,2026-09-29,False,,,,,,,,,,,
QCRH,Finance,99.02,10155007.8125,20.08133,0.64492,0.66535,88.15299,,,,,,,NEUTRAL,prior-research-2026-09-30+NEUTRAL,False,0.55157,2.43434,31.5078,0.93036,0.58333,-20.08133,-0.64492,-15.26205,16.13348,12.90836,8.76951,71.03584,38.29961,39.60456,-0.57431,0.32317,6.16663,0.47032,0.66922,0.34799,0.84549,-0.18,0.62259,-0.83598,0.24704,0.53829,-0.04977,-0.00298,0.30192,0.04311,-0.75568,-0.22228,2026-09-29,False,,,,,,,,,,,
QMCO,Electronic Technology,32.86,19320929.39339,120.88776,2.68155,0.42123,77.14552,,,,,,,NEUTRAL,prior-research-2026-09-30+NEUTRAL,False,0.52348,13.5541,134.81014,1.0,0.66667,-120.88776,-2.68155,-67.71536,16.7767,,-18.90288,,23.40583,-0.39176,,0.0,10.89813,1.3214,3.0,0.99661,-1.23468,-0.55078,-0.94056,-1.12309,0.0,-1.19389,0.0,-0.13272,-0.25271,0.0,-0.18865,-0.16878,2026-09-29,False,,,,,,,,,,,
QNST,Commercial Services,14.44,13091136.203,64.46332,0.76902,0.28137,68.65672,,,,,,,NEUTRAL,prior-research-2026-09-30+NEUTRAL,False,0.51823,1.9412,18.61472,0.65577,0.5,-64.46332,-0.76902,-35.46776,16.38745,28.64745,9.51215,38.22854,151.48628,3.27623,-0.24036,0.0,18.28646,0.33649,-0.43821,0.25139,-0.7212,-0.46812,0.28489,-1.20793,0.96468,0.95779,0.02413,0.53202,-0.44034,0.56882,-0.53421,0.40583,2026-09-29,False,,,,,,,,,,,
QS,Producer Manufacturing,4.59,102338651.94602,70.00881,2.67652,-1.22899,2.51866,,,,,,,NEUTRAL,prior-research-2026-09-30+NEUTRAL,True,0.44773,3.4,-55.6872,0.24892,0.33333,-70.00881,-2.67652,-75.27115,18.4438,-39.07509,-13.78524,35.67355,0.0,,-0.06405,0.0,,-1.80584,-1.68245,-1.40342,-0.45377,-1.05089,-1.64691,1.63596,-1.10793,-1.13444,-0.13146,-2.62001,0.0,0.83049,-0.89902,0.0,2026-09-29,False,,,,,,,,,,,
QTTB,Health Technology,9.53,6729925.04597,159.19257,0.66788,-0.20826,33.02239,,,,,,,NEUTRAL,prior-research-2026-09-30+NEUTRAL,False,0.47114,5.24514,695.23809,0.44574,0.66667,-159.19257,-0.66788,-58.98035,15.72207,72.13836,12.13171,47.693,19.29561,39.93896,-0.05001,0.0,,2.19943,-1.42045,0.83728,-2.47415,0.60852,-0.83702,-1.48241,3.0,2.3348,0.95635,0.47862,2.55654,0.5651,-0.07667,0.0,2026-09-29,False,,,,,,,,,,,
QTWO,Technology Services,55.12,39116341.02859,46.72102,0.15258,0.12207,55.31716,,,,,,,NEUTRAL,prior-research-2026-09-30+NEUTRAL,False,0.5137,1.74085,-12.9976,0.73016,0.5,-46.72102,-0.15258,-44.24427,17.48205,14.98433,2.66722,18.65554,24.53571,10.4367,-0.06361,0.0,13.89705,-0.24864,0.13179,0.21344,0.79989,1.72298,0.38754,0.0597,0.67005,0.16584,-0.56521,-0.50352,0.46355,0.77623,-0.21817,0.29595,2026-09-29,False,,,,,,,,,,,
QUBT,Technology Services,8.46,65727050.66967,86.54084,2.97125,-0.90391,7.74254,,,,,,,NEUTRAL,prior-research-2026-09-30+NEUTRAL,True,0.44332,5.49999,-59.54331,0.34362,0.41667,-86.54084,-2.97125,-74.37043,18.00102,-1.50673,-0.75954,80.7389,0.49821,-775.47842,-0.01469,0.0,3635.36122,-1.5731,-1.50714,-0.41313,-0.85734,-2.40042,-1.18382,0.87203,-0.54954,-0.34278,1.34234,-1.60268,-1.90981,1.22679,-0.21817,2.78195,2026-09-29,False,,,,,,,,,,,
QURE,Health Technology,24.51,50523215.50636,128.01184,0.29204,-1.63027,0.65299,,,,,,,NEUTRAL,prior-research-2026-09-30+NEUTRAL,True,0.44001,3.76559,-10.29276,0.34722,0.41667,-128.01184,-0.29204,-87.20782,17.73794,-157.60748,-14.28362,18.36064,1.05747,-1093.17695,-1.70396,0.0,30.23645,-1.36255,-1.8342,-1.12259,-1.97897,1.72049,-2.80257,0.88414,-1.05257,-0.62072,-0.18228,-0.3829,-1.31742,-1.3412,-0.07667,1.00768,2026-09-29,False,,,,,,,,,,,
RAMP,Technology Services,37.65,37147483.65211,38.78809,0.25105,0.82267,92.6306,,,,,,,NEUTRAL,prior-research-2026-09-30+NEUTRAL,False,0.56368,0.6913,34.0675,0.99053,0.66667,-38.78809,-0.25105,-27.39637,17.43041,16.05478,6.74374,42.65346,36.30999,12.92362,-0.03388,0.0,8.8513,0.98622,2.26084,1.54675,1.31429,1.44905,1.42392,-0.01415,0.75278,0.89273,0.39876,-0.09067,0.63845,1.0019,-0.21817,-0.09051,2026-09-29,False,,,,,,,,,,,
RAPP,Health Technology,33.02,14073591.37459,60.53977,1.02018,0.24455,66.69776,,,,,,,NEUTRAL,prior-research-2026-09-30+NEUTRAL,True,0.50487,4.5638,83.41482,0.62895,0.66667,-60.53977,-1.02018,-37.10476,16.45981,-39.96282,-8.57209,26.44441,1.24994,-767.58,-0.02389,0.0,,0.54258,-0.68844,0.83728,0.10912,-0.03531,0.24876,-0.78924,-0.25302,-0.29999,0.23374,-0.36904,-1.21092,0.83004,-0.07667,0.0,2026-09-29,False,,,,,,,,,,,
RARE,Health Technology,15.32,55290510.74371,97.07146,1.07375,-1.0428,4.85075,,,,,,,NEUTRAL,prior-research-2026-09-30+NEUTRAL,False,0.42533,12.57764,-11.9326,0.41927,0.33333,-97.07146,-1.07375,-64.75096,17.82811,,-39.48267,,48.27047,-73.77119,,0.0,17.49937,-1.40105,-1.50308,-1.7235,-1.16673,-0.116,-1.11925,1.08464,0.0,-1.30604,0.0,1.49008,-0.66322,0.0,-0.07667,0.5308,2026-09-29,False,,,,,,,,,,,
RBCAA,Finance,92.38,8970686.30371,24.23584,0.42736,0.63969,87.40672,,,,,,,NEUTRAL,prior-research-2026-09-30+NEUTRAL,False,0.55521,1.7316,31.02694,0.92279,0.66667,-24.23584,-0.42736,-12.01409,16.00947,11.54764,7.8957,64.22572,31.10759,40.44744,-0.22103,2.04806,-2.69215,0.45964,0.59112,1.01488,0.16472,0.4539,1.14261,-0.98637,0.1478,0.37488,-0.22113,-0.25551,0.35319,0.58578,-0.12504,-1.04278,2026-09-29,False,,,,,,,,,,,
RCAT,Technology Services,6.45,60691312.82883,97.55738,3.14588,-0.62873,13.43284,,,,,,,NEUTRAL,prior-research-2026-09-30+NEUTRAL,True,0.46278,3.88291,-16.27219,0.37154,0.41667,-97.55738,-3.14588,-62.84562,17.92131,-34.40182,-9.69393,46.86135,7.11413,-150.14817,-0.03157,0.0,693.26503,-0.34303,-1.32175,-0.41313,-1.14325,-2.75608,-0.52805,0.78181,-1.15921,-1.00651,0.52829,-1.27934,-1.51632,1.01658,-0.21817,2.2294,2026-09-29,False,,,,,,,,,,,
RCBC,Finance,51.58,1030706.987,16.93191,0.01117,1.42163,99.4403,,,,,,,NEUTRAL,prior-research-2026-09-30+NEUTRAL,False,0.56883,1.97707,32.70998,0.96991,0.66667,-16.93191,-0.01117,-10.5043,13.84576,14.52084,10.72984,78.99889,39.94144,74.00521,-0.0,0.36836,,0.48642,1.28333,1.01488,1.783,1.73452,1.49123,-2.24388,0.4028,0.82732,0.14611,0.04738,1.39484,2.61274,-0.72912,0.0,2026-09-29,False,,,,,,,,,,,
RCUS,Health Technology,25.65,32126624.52221,52.58602,1.34607,0.32509,71.17537,,,,,,,NEUTRAL,prior-research-2026-09-30+NEUTRAL,True,0.52257,3.61055,127.4922,0.81248,0.58333,-52.58602,-1.34607,-27.77778,17.2852,-90.81935,-14.0512,14.21058,3.57389,-415.38462,-0.24569,0.0,-55.34351,0.98653,0.17611,0.17039,0.42514,-0.58311,0.88934,0.26554,-0.79543,-0.61486,-0.43746,-0.20446,-1.07669,0.00558,-0.07667,-1.97778,2026-09-29,False,,,,,,,,,,,
RDN,Finance,32.75,36121048.172,24.34544,0.04517,-0.17014,35.72761,,,,,,,NEUTRAL,prior-research-2026-09-30+NEUTRAL,False,0.48105,1.92738,1.37808,0.83052,0.5,-24.34544,-0.04517,-16.94828,17.40239,12.02641,12.56454,111.59714,38.53975,51.11393,-0.26345,3.1145,27.93187,-0.33154,-0.15755,-0.31843,0.15891,1.57863,0.38152,0.57585,0.18646,1.04081,0.8418,0.00591,0.76597,0.51029,0.32787,0.92369,2026-09-29,False,,,,,,,,,,,
RDNT,Health Services,70.65,45269466.18195,39.38113,0.94252,0.04176,50.09328,,,,,,,NEUTRAL,prior-research-2026-09-30+NEUTRAL,True,0.48822,4.81162,-1.71256,0.83629,0.5,-39.38113,-0.94252,-38.60086,17.62814,-2.08203,-0.38836,20.17208,41.72957,4.62768,-1.99257,0.0,18.92475,-0.53472,0.21299,-0.28004,0.96288,-0.59734,0.17051,0.59594,-0.31741,0.07016,-0.84302,-0.66231,-0.00657,-0.71045,-0.23761,0.62975,2026-09-29,False,,,,,,,,,,,
RDVT,Technology Services,79.32,14351655.71594,50.21812,0.40855,0.94193,95.4291,,,,,,,NEUTRAL,prior-research-2026-09-30+NEUTRAL,False,0.55298,6.93997,40.77204,1.0,0.75,-50.21812,-0.40855,-42.10703,16.47938,15.75994,1.2742,9.87348,7.70486,17.93927,-0.02372,0.0,20.175,1.13127,2.87836,2.25888,0.59153,0.94887,0.50261,-1.20178,0.74221,-0.07934,-1.17678,-1.25324,1.00068,1.11536,-0.21817,0.52993,2026-09-29,False,,,,,,,,,,,
RDW,Electronic Technology,10.73,147929042.8791,114.84156,3.13577,-0.99423,5.6903,,,,,,,NEUTRAL,prior-research-2026-09-30+NEUTRAL,True,0.43163,8.00745,23.10306,0.41429,0.41667,-114.84156,-3.13577,-69.96139,18.81224,-19.23964,-8.8284,59.37712,15.41716,-40.64729,-0.05539,0.0,63.10201,-0.20542,-0.9344,-0.96327,-1.04624,-1.10292,-1.09514,1.69233,-0.71942,-0.72617,0.88076,-0.51833,-0.86921,0.59871,-0.18865,1.12381,2026-09-29,False,,,,,,,,,,,
REAL,Retail Trade,8.79,27406680.443,63.23918,1.77602,-0.12431,39.08582,,,,,,,NEUTRAL,prior-research-2026-09-30+NEUTRAL,False,0.51152,2.93193,5.4002,0.52012,0.5,-63.23918,-1.77602,-51.95266,17.1263,,-7.50476,,69.3688,-0.54993,,0.0,17.73063,0.34194,-0.90107,0.21277,-0.6608,-1.22274,-0.69757,-0.61807,0.0,-1.61096,0.0,-0.94365,-0.68199,0.0,-0.98525,0.95481,2026-09-29,False,,,,,,,,,,,
REAX,Finance,16.42,12854239.73351,90.79695,1.17543,-1.21139,2.98507,,,,,,,NEUTRAL,prior-research-2026-09-30+NEUTRAL,True,0.42156,10.84628,-53.44371,0.36247,0.25,-90.79695,-1.17543,-66.60044,16.36918,-25.17283,-2.62472,21.52743,365.2846,-0.15841,-0.0,0.0,38.4442,-1.80147,-2.1947,-2.19194,-2.99488,-1.19922,-2.55484,-0.69869,-1.27699,-1.24373,-1.55105,2.4266,-2.14007,2.61274,-2.03038,1.17281,2026-09-29,False,,,,,,,,,,,
RELY,Commercial Services,21.47,73313163.20972,47.95503,1.06008,-0.03396,45.4291,,,,,,,NEUTRAL,prior-research-2026-09-30+NEUTRAL,False,0.48432,4.80436,61.89024,0.79755,0.58333,-47.95503,-1.06008,-29.06977,18.11025,32.24557,6.70321,24.7666,39.77077,10.36295,-0.03396,0.0,23.78627,1.21113,0.25378,0.91781,0.02819,-0.95781,0.72159,1.17452,1.10085,0.4154,-0.50231,-0.83599,0.32222,1.26888,-0.53421,0.63124,2026-09-29,False,,,,,,,,,,,
REPL,Health Technology,13.0,33386232.79457,243.22099,0.18326,-1.00123,5.50373,,,,,,,NEUTRAL,prior-research-2026-09-30+NEUTRAL,True,0.44798,4.66201,275.30265,0.81352,0.58333,-243.22099,-0.18326,-84.15657,17.32365,-134.28565,-23.93582,9.55194,0.0,,-1.05992,0.0,,1.66234,0.1864,0.17039,-3.0,2.0207,-2.15516,0.30268,-0.96787,-0.93996,-0.80693,-1.05211,0.0,-0.97447,-0.07667,0.0,2026-09-29,False,,,,,,,,,,,
REX,Process Industries,42.59,7337522.02644,30.34161,0.27254,0.80969,92.35075,,,,,,,NEUTRAL,prior-research-2026-09-30+NEUTRAL,False,0.558,2.79788,32.83007,0.83249,0.58333,-30.34161,-0.27254,-19.89836,15.80851,19.77354,8.52235,47.61836,48.53079,15.21993,-0.02645,0.0,5.65064,0.49859,0.43802,0.42452,0.87626,1.29707,1.00873,-1.32869,1.18376,1.29527,-0.16636,-0.53738,0.68752,1.30615,-1.39001,0.20087,2026-09-29,False,,,,,,,,,,,
REYN,Consumer Non-Durables,22.07,31600498.03448,24.52537,0.2635,0.62998,86.47388,,,,,,,NEUTRAL,prior-research-2026-09-30+NEUTRAL,False,0.54295,2.23336,7.20431,0.81917,0.41667,-24.52537,-0.2635,-20.01293,17.26868,15.47779,7.42601,49.71983,81.49238,14.13101,-0.71342,4.16855,2.68511,-0.00609,0.39538,-0.8455,1.1258,0.78,0.95311,-0.58094,0.28466,0.66111,0.18683,-0.04324,0.25683,-0.02764,1.29385,-0.19452,2026-09-29,False,,,,,,,,,,,
REZI,Distribution Services,18.12,43325732.49283,62.47419,1.46104,-0.51001,17.53731,,,,,,,NEUTRAL,prior-research-2026-09-30+NEUTRAL,False,0.46754,2.3952,-31.74859,0.58513,0.41667,-62.47419,-1.46104,-41.48665,17.58426,15.19573,15.50184,91.83313,277.79879,8.33769,-1.29907,0.0,3.41938,-1.30931,-1.17078,-0.53952,-0.80005,-0.98489,-0.42133,0.19036,0.37151,1.74051,1.09833,0.29097,0.33102,-0.20131,-0.43494,-0.39019,2026-09-29,False,,,,,,,,,,,
RGTI,Electronic Technology,15.74,296932880.50461,97.22705,3.31864,-1.48244,1.02612,,,,,,,NEUTRAL,prior-research-2026-09-30+NEUTRAL,True,0.426,8.11359,-50.0,0.27938,0.41667,-97.22705,-3.31864,-77.1033,19.50902,-43.76504,-4.38297,9.87214,0.24521,-727.61926,-0.01433,0.0,68.49211,-2.18254,-1.47608,-0.96327,-0.69684,-1.33594,-1.53079,2.37654,-1.06256,-0.4387,-1.13697,-1.25815,-1.53018,1.02842,-0.18865,1.14626,2026-09-29,False,,,,,,,,,,,
RH,Retail Trade,122.21,106552328.01361,64.92031,1.66606,-0.80525,9.32836,,,,,,,NEUTRAL,prior-research-2026-09-30+NEUTRAL,False,0.46996,2.7044,-26.17778,0.52473,0.41667,-64.92031,-1.66606,-51.54573,18.48415,280.71545,4.74686,5.12355,146.81642,10.38447,-34.13916,0.0,3.34618,-0.55644,-0.87693,-0.4138,-0.75845,-1.11561,-0.6655,1.39452,2.37809,-0.21808,-2.24654,-0.21288,0.39198,-1.95136,-0.98525,-0.00237,2026-09-29,False,,,,,,,,,,,
RHI,Commercial Services,36.88,78024908.08487,58.96708,0.3118,-0.33707,26.49254,,,,,,,NEUTRAL,prior-research-2026-09-30+NEUTRAL,False,0.48256,3.07348,44.60418,0.81341,0.58333,-58.96708,-0.3118,-35.21956,18.17254,9.11105,3.02772,31.85619,139.63179,0.20121,-0.1994,6.39913,-4.94927,0.92588,0.33807,0.91781,-0.45867,0.76934,0.29326,1.28759,-0.23002,-0.23109,-0.18482,0.45243,-0.69107,0.63956,2.69712,-1.30492,2026-09-29,False,,,,,,,,,,,
RHLD,Commercial Services,120.17,18694056.17065,66.44719,1.53429,0.05935,50.93284,,,,,,,NEUTRAL,prior-research-2026-09-30+NEUTRAL,False,0.4949,5.09104,98.92868,0.53086,0.41667,-66.44719,-1.53429,-54.58762,16.74372,,5.09655,,121.00697,9.39688,,0.0,,1.63151,-0.89945,-0.37517,-0.81806,-1.65718,-0.71195,-0.79074,0.0,0.14448,0.0,0.35494,0.21193,0.0,-0.53421,0.0,2026-09-29,False,,,,,,,,,,,
RIG,Industrial Services,5.21,231726328.67432,48.56643,0.45557,-0.55753,15.39179,,,,,,,NEUTRAL,prior-research-2026-09-30+NEUTRAL,True,0.43002,8.99083,81.81818,0.68734,0.66667,-48.56643,-0.45557,-35.75198,19.26107,-18.69887,-28.04531,141.65009,69.69861,22.63235,-0.61159,0.0,8.5398,0.88709,-0.01457,0.84356,0.25497,1.04187,0.11853,2.12489,-0.96553,-1.75626,2.12751,0.25948,1.00322,0.21383,-0.8999,-0.25432,2026-09-29,False,,,,,,,,,,,
RITM,Finance,9.12,49325711.9688,24.06515,0.65885,-0.44032,20.61567,,,,,,,NEUTRAL,prior-research-2026-09-30+NEUTRAL,False,0.46754,2.13904,-4.28187,0.79768,0.5,-24.06515,-0.65885,-27.28026,17.71396,5.43694,9.12054,134.87779,114.62143,42.32361,-4.53132,10.96491,11.86181,-0.46894,-0.33047,-0.31843,0.17643,-0.21626,-0.41285,1.04714,-0.36579,0.60889,1.22324,1.17671,0.42812,-1.49835,1.76485,0.23918,2026-09-29,False,,,,,,,,,,,
RLAY,Health Technology,18.36,51859634.26476,62.50855,1.14718,0.12431,55.6903,,,,,,,NEUTRAL,prior-research-2026-09-30+NEUTRAL,True,0.48815,6.37713,263.0561,0.88482,0.66667,-62.50855,-1.14718,-28.15476,17.76405,-36.77355,-7.09574,22.1402,0.25675,-2999.37198,-0.03445,0.0,23.86309,1.63828,0.63025,0.83728,0.02366,-0.27049,0.84324,0.94587,-0.1784,-0.19849,0.04571,-0.44787,-1.42154,0.7124,-0.07667,0.79961,2026-09-29,False,,,,,,,,,,,
RLI,Finance,56.48,40202463.67416,29.28792,-0.17431,-0.49027,18.28358,,,,,,,NEUTRAL,prior-research-2026-09-30+NEUTRAL,False,0.48935,1.42196,7.1177,0.85017,0.58333,-29.28792,0.17431,-27.948,17.50944,25.16365,8.50356,33.96231,38.35686,28.65794,-0.18189,1.20397,10.28671,-0.13589,-0.02283,0.34799,-0.16139,2.63704,-0.47202,0.73084,0.94152,0.47996,-1.02237,-2e-05,-0.07932,0.6578,-0.38531,0.11308,2026-09-29,False,,,,,,,,,,,
RLJ,Finance,11.06,18822977.88353,27.60241,0.61942,0.34472,73.22761,,,,,,,NEUTRAL,prior-research-2026-09-30+NEUTRAL,False,0.53085,1.92484,65.72405,0.88622,0.58333,-27.60241,-0.61942,-14.34295,16.75059,1.25874,1.62994,106.10879,81.71584,9.51062,-1.30786,5.42495,1.07158,1.06585,0.20444,0.34799,-0.07268,-0.11277,0.74388,-0.25021,-0.68116,-0.73347,0.69964,0.80746,-1.20332,-0.60533,1.0019,-0.70504,2026-09-29,False,,,,,,,,,,,
RNST,Finance,39.34,24546286.92627,19.98423,0.66499,0.24438,66.60448,,,,,,,NEUTRAL,prior-research-2026-09-30+NEUTRAL,False,0.50987,1.80316,11.93224,0.89327,0.58333,-19.98423,-0.66499,-17.19348,17.01607,8.21034,8.70946,107.3636,43.46809,38.52999,-0.28716,2.33859,27.48175,-0.01337,0.27738,0.34799,0.88245,-0.2373,0.33863,0.06542,-0.16166,0.52977,0.75778,0.17768,0.253,0.47056,-0.0175,0.9077,2026-09-29,False,,,,,,,,,,,
ROAD,Industrial Services,91.9,69391078.00598,57.72141,1.31203,-0.33827,26.30597,,,,,,,NEUTRAL,prior-research-2026-09-30+NEUTRAL,False,0.46733,4.29605,-13.98438,0.65419,0.58333,-57.72141,-1.31203,-36.04072,18.05527,15.04807,2.75595,20.22681,67.25849,8.78853,-1.81754,0.0,41.9176,-1.13098,-0.1859,0.17667,-0.14906,-0.73489,0.09622,0.74652,0.64533,0.16003,-0.81027,0.21705,0.03421,-0.68967,-0.8999,0.9848,2026-09-29,False,,,,,,,,,,,
ROG,Process Industries,138.17,28512375.0,47.04242,1.23569,0.10421,53.82463,,,,,,,NEUTRAL,prior-research-2026-09-30+NEUTRAL,False,0.5009,6.24567,56.82158,0.82692,0.75,-47.04242,-1.23569,-30.10353,17.16585,2.596,1.16454,44.74251,31.05938,9.00815,-0.02366,0.0,4.90073,0.96676,0.40642,1.80354,-0.18898,-0.92233,0.29657,0.15954,-0.14658,-0.02095,-0.23561,-1.12013,0.1884,1.3598,-1.39001,0.15202,2026-09-29,False,,,,,,,,,,,
RPD,Technology Services,11.705,23432063.54551,85.15864,0.26531,-0.38376,23.3209,,,,,,,NEUTRAL,prior-research-2026-09-30+NEUTRAL,False,0.45196,24.05431,-31.45951,0.60242,0.41667,-85.15864,-0.26531,-74.00926,16.96962,14.02816,2.46759,24.12964,104.8639,1.54009,-4.8888,0.0,0.06559,-0.73473,-0.43634,-0.41313,-0.80128,1.41375,-1.17204,-0.61926,0.58786,0.11612,-0.27782,1.06518,-0.46357,-1.80751,-0.21817,-0.89771,2026-09-29,False,,,,,,,,,,,
RRBI,Finance,99.86,6940304.3541,21.01851,0.45516,1.02488,96.92164,,,,,,,NEUTRAL,prior-research-2026-09-30+NEUTRAL,False,0.57049,2.65601,53.82395,0.96502,0.83333,-21.01851,-0.45516,-8.61731,15.75286,12.76564,7.01682,58.7178,26.77416,43.30374,-0.0036,0.80112,7.25441,0.9129,1.2,2.63301,0.61606,0.38455,1.87211,-1.24329,0.23786,0.20615,-0.31481,-0.40868,0.45682,1.87576,-0.5786,-0.14784,2026-09-29,False,,,,,,,,,,,
RRR,Consumer Services,48.85,43057357.48596,31.36532,0.58121,0.181,61.56716,,,,,,,NEUTRAL,prior-research-2026-09-30+NEUTRAL,False,0.50047,4.38885,-5.07558,0.72975,0.41667,-31.36532,-0.58121,-27.15929,17.57804,90.21818,3.22025,5.79199,38.22148,28.57736,-21.25146,2.1085,0.85947,-0.43104,-0.18002,-0.64714,0.92865,0.08527,0.56413,0.20399,1.62804,0.03053,-1.37461,-0.66976,1.0686,-1.51275,0.78206,-0.35228,2026-09-29,False,,,,,,,,,,,
RSI,Consumer Services,19.66,65555347.59064,52.50005,0.7014,-0.48592,18.56343,,,,,,,NEUTRAL,prior-research-2026-09-30+NEUTRAL,False,0.49103,2.2927,21.593,0.56952,0.41667,-52.50005,-0.7014,-43.39513,17.99841,20.72465,0.69637,8.10569,29.82427,10.09436,-0.07989,0.0,34.2903,0.29094,-0.87232,-0.64714,-0.36854,-0.25246,-0.47691,0.87832,0.42077,-0.42779,-1.1581,-0.96896,0.01991,1.64527,-1.13702,1.48361,2026-09-29,False,,,,,,,,,,,
RSKD,Technology Services,7.71,5655967.9657,47.17076,0.57331,1.38697,99.25373,,,,,,,NEUTRAL,prior-research-2026-09-30+NEUTRAL,True,0.5576,10.78431,33.12237,0.97472,0.75,-47.17076,-0.57331,-25.3937,15.54822,-5.68929,-1.51065,20.28681,35.70062,-4.45552,-0.11247,0.0,9.62555,0.9727,2.14981,2.25888,0.77232,0.47818,1.57966,-2.10219,-0.6831,-0.4015,-0.4737,-0.11758,-0.79635,0.62487,-0.21817,-0.02996,2026-09-29,True,,,,,,,,,,,
RUM,Technology Services,7.72,22705557.79438,84.47975,2.46356,0.36889,75.18657,,,,,,,NEUTRAL,prior-research-2026-09-30+NEUTRAL,True,0.50774,11.57601,25.7703,0.75464,0.33333,-84.47975,-2.46356,-45.44393,16.93812,-19.18242,-3.9483,41.31459,2.93329,-100.96226,-0.3753,0.0,13.04887,0.82755,0.27039,-1.01403,-0.79522,-1.9575,0.3513,-0.67251,-0.94667,-0.63514,0.36427,-1.43164,-1.44938,0.07644,-0.21817,0.23963,2026-09-29,False,,,,,,,,,,,
RUN,Electronic Technology,7.72,79868770.33691,67.23608,2.23634,-0.71279,11.28731,,,,,,,NEUTRAL,prior-research-2026-09-30+NEUTRAL,False,0.42609,7.04899,-50.31126,0.36058,0.33333,-67.23608,-2.23634,-64.17562,18.1959,12.62322,21.03292,181.7935,180.49752,2.45672,-4.36399,0.0,63.22992,-2.19299,-1.19629,-1.56417,0.26508,-0.24021,-0.79717,0.95047,0.69712,2.76343,2.91193,1.99264,-0.05827,-1.9429,-0.18865,1.13122,2026-09-29,False,,,,,,,,,,,
RUSHA,Retail Trade,46.29,29718780.38235,29.39526,0.7214,0.7965,92.16418,,,,,,,NEUTRAL,prior-research-2026-09-30+NEUTRAL,False,0.57265,1.67631,36.70462,0.84136,0.58333,-29.39526,-0.7214,-17.93493,17.20729,11.82698,4.75346,43.43531,129.69164,5.12875,-0.63702,1.0947,-5.86339,1.08206,0.56153,0.87919,1.201,0.26944,1.40573,-0.47377,-0.16317,-0.21531,-0.17661,-0.34244,-0.15136,0.54004,0.59419,-0.80435,2026-09-29,False,,,,,,,,,,,
RWT,Finance,3.85,8642985.51178,40.48853,0.6044,-0.29481,28.45149,,,,,,,NEUTRAL,prior-research-2026-09-30+NEUTRAL,False,0.46537,7.88732,-11.01809,0.64655,0.33333,-40.48853,-0.6044,-42.99436,15.97226,0.01832,0.03663,174.50291,269.90755,95.4326,-29.43721,18.7013,20.85278,-0.64477,-1.07059,-1.5459,-0.86585,-0.06628,-1.39644,-1.0225,-0.74401,-0.99729,1.61757,2.07697,1.94713,-2.40653,2.67355,0.63083,2026-09-29,False,,,,,,,,,,,
RXO,Technology Services,20.71,37147040.43579,65.3744,1.6916,0.2273,65.57836,,,,,,,NEUTRAL,prior-research-2026-09-30+NEUTRAL,True,0.49965,5.60796,46.65328,0.70683,0.58333,-65.3744,-1.6916,-43.07442,17.43039,-6.78733,-3.06228,43.92352,177.58326,-0.22992,-0.4834,0.0,9.53409,1.24086,-0.01211,0.87986,-0.09666,-1.34422,0.44406,-0.01667,-0.7163,-0.56566,0.43899,1.55284,-0.59092,-0.09693,-0.21817,-0.0326,2026-09-29,False,,,,,,,,,,,
RXRX,Health Technology,4.03,53323677.51367,70.14718,2.3219,-0.76829,9.98134,,,,,,,NEUTRAL,prior-research-2026-09-30+NEUTRAL,True,0.43824,10.97178,-29.23729,0.59352,0.58333,-70.14718,-2.3219,-58.17379,17.79189,-56.58035,-23.42803,41.47942,2.47675,-991.72181,-0.07283,0.0,-15.07988,-1.8723,-0.80568,0.17039,-0.34616,-1.48171,-0.81454,1.00366,-0.43481,-0.90555,0.77784,-0.28344,-1.29846,0.45399,-0.07667,-1.49188,2026-09-29,False,,,,,,,,,,,
RXT,Technology Services,3.94,28181859.23409,181.26092,1.52521,-0.53529,16.32463,,,,,,,NEUTRAL,prior-research-2026-09-30+NEUTRAL,False,0.44973,12.64368,126.61871,0.52324,0.5,-181.26092,-1.52521,-77.65027,17.15419,,-15.99591,,271.84998,-1.70232,,0.0,0.3379,2.17207,-0.74986,0.21344,-2.82812,-1.17586,-1.37456,-0.3843,0.0,-1.33259,0.0,2.08002,-0.67868,0.0,-0.21817,-0.87,2026-09-29,False,,,,,,,,,,,
RYN,Finance,18.58,56807545.74585,23.22717,0.32494,-0.50973,17.6306,,,,,,,NEUTRAL,prior-research-2026-09-30+NEUTRAL,False,0.48085,1.5122,-15.16581,0.76971,0.41667,-23.22717,-0.32494,-23.0288,17.85518,2.01726,1.35836,93.59185,17.35404,14.9356,-0.36291,0.0,-12.82517,-0.7961,-0.43899,-0.94499,0.25564,0.74399,-0.11873,1.32309,-0.62835,-0.78662,0.48188,-0.80897,-0.77822,0.3516,-2.03038,-1.45141,2026-09-29,False,,,,,,,,,,,
RZLT,Health Technology,4.09,5721533.73756,63.88244,0.21371,-0.6214,13.6194,,,,,,,NEUTRAL,prior-research-2026-09-30+NEUTRAL,True,0.45106,7.17948,-50.53533,0.37386,0.5,-63.88244,-0.21371,-87.20292,15.55975,-59.04252,-18.72,24.37363,0.0,,-0.00928,0.0,,-2.46411,-1.646,-0.49602,-0.05753,1.93859,-2.72051,-1.64377,-0.48008,-0.78196,0.13343,-1.05211,0.0,1.06903,-0.07667,0.0,2026-09-29,False,,,,,,,,,,,
SA,Non-Energy Minerals,28.73,15624968.11066,71.9587,1.85528,0.34862,73.78731,,,,,,,NEUTRAL,prior-research-2026-09-30+NEUTRAL,False,0.52317,5.60875,47.89954,0.73011,0.75,-71.9587,-1.85528,-37.91613,16.56438,3.27347,0.77795,24.75252,0.0,,-0.50774,0.0,,0.33151,0.44018,1.64846,-0.25924,-0.08867,0.48872,-0.84504,-0.25356,-0.29646,-0.29393,-1.42997,0.0,-0.39414,-0.2967,0.0,2026-09-29,False,,,,,,,,,,,
SAFT,Finance,103.63,12897346.26617,51.30561,-0.06626,0.34058,72.57463,,,,,,,NEUTRAL,prior-research-2026-09-30+NEUTRAL,False,0.54274,0.33068,51.11433,0.9999,0.66667,-51.30561,0.06626,-13.04881,16.37253,7.8422,4.50893,57.59678,84.06839,6.48509,-0.06818,3.5511,7.04344,0.8601,1.80015,1.01488,-1.5243,2.04195,0.96938,-0.69019,-0.20033,-0.24722,-0.34235,0.84266,-1.49689,1.00752,0.48572,-0.16108,2026-09-29,False,,,,,,,,,,,
SAH,Retail Trade,59.85,21392411.58295,49.84933,0.74914,0.0697,51.86567,,,,,,,NEUTRAL,prior-research-2026-09-30+NEUTRAL,False,0.49432,3.95326,8.05831,0.53411,0.58333,-49.84933,-0.74914,-46.58851,16.87855,20.62086,11.21861,54.30853,818.90004,3.28752,-4.55519,2.58981,5.25184,0.41167,-0.81494,0.87919,-0.07412,0.2224,-0.41108,-0.92942,0.46937,0.86961,0.14972,1.64146,-0.37269,-0.95932,1.13584,0.1558,2026-09-29,False,,,,,,,,,,,
SAIC,Technology Services,128.21001,48806478.35312,32.53885,0.25092,0.68545,88.99254,,,,,,,NEUTRAL,prior-research-2026-09-30+NEUTRAL,False,0.54588,2.5214,30.80921,0.95865,0.75,-32.53885,-0.25092,-27.84226,17.70337,25.73654,7.05486,26.59496,137.42118,7.82221,-1.8837,1.15436,-0.77748,0.92984,1.88486,2.25888,1.71422,1.45505,1.39277,0.39253,1.20927,0.93881,-0.15781,1.30994,0.18544,-1.15906,1.39392,-0.97332,2026-09-29,False,,,,,,,,,,,
SAM,Consumer Non-Durables,162.49001,38616418.62488,39.73868,0.21154,-0.11089,40.29851,,,,,,,NEUTRAL,prior-research-2026-09-30+NEUTRAL,True,0.48866,4.42925,-14.83118,0.62484,0.58333,-39.73868,-0.21154,-38.05806,17.46919,-8.61387,-4.15933,42.41529,114.29386,5.41168,-0.04415,0.0,-6.05711,-0.66436,-0.52244,0.44748,0.16886,0.90998,-0.26433,-0.34088,-1.19009,-1.01566,-0.04129,0.32437,-0.53159,1.19656,-1.39905,-0.93823,2026-09-29,False,,,,,,,,,,,
SATL,Electronic Technology,5.6,22731911.24668,108.26363,3.08449,-0.13488,38.6194,,,,,,,NEUTRAL,prior-research-2026-09-30+NEUTRAL,False,0.48446,15.30173,44.56035,0.52142,0.58333,-108.26363,-3.08449,-69.32367,16.93928,,-11.43506,3.72972,3.51149,-66.80248,-2.84771,0.0,368.65452,0.2564,-0.5238,0.32972,-0.94984,-0.93637,-1.0557,-0.92962,0.0,-0.86942,-1.77296,-1.00381,-0.95874,-1.68829,-0.18865,1.83803,2026-09-29,False,,,,,,,,,,,
SB,Transportation,8.3,6619320.31174,39.13634,0.63238,0.87399,94.49627,,,,,,,NEUTRAL,prior-research-2026-09-30+NEUTRAL,False,0.5482,3.88572,90.331,0.90414,0.58333,-39.13634,-0.63238,-14.73397,15.7055,10.31929,8.93724,99.96082,31.59422,33.28401,-0.58768,2.83133,10.80726,0.64963,0.2837,-0.13921,0.2451,-0.13395,1.10451,-1.6016,-0.37205,0.10198,0.84193,-0.85297,0.58132,0.18251,0.33998,-0.00265,2026-09-29,False,,,,,,,,,,,
SBCF,Finance,32.37,28737458.5701,21.79181,0.82007,0.14361,57.83582,,,,,,,NEUTRAL,prior-research-2026-09-30+NEUTRAL,False,0.50381,3.32929,14.37298,0.90091,0.58333,-21.79181,-0.82007,-16.25784,17.17371,5.8536,4.99647,87.21135,32.98584,34.55431,-0.42974,2.31696,23.80497,0.04726,0.37477,0.34799,0.40468,-0.55304,0.46123,0.31069,-0.34644,-0.12805,0.34464,-0.20059,0.08107,0.21205,-0.04606,0.76567,2026-09-29,False,,,,,,,,,,,
SBET,Commercial Services,9.46,56506653.76034,70.96001,2.28847,-0.98752,6.06343,,,,,,,NEUTRAL,prior-research-2026-09-30+NEUTRAL,True,0.42798,13.19613,-48.75,0.49168,0.41667,-70.96001,-2.28847,-76.29938,17.84987,-183.57784,-83.25949,68.75293,2.44429,-18.6447,-0.00014,0.0,1496.67732,-1.48866,-1.06584,-0.37517,-1.00249,-2.3286,-1.87085,0.77425,-2.52626,-2.73375,0.77965,-2.35473,-1.20825,2.27068,-0.53421,2.40118,2026-09-29,False,,,,,,,,,,,
SBGI,Consumer Services,12.76,6139031.73447,39.35418,0.30493,0.84052,93.00373,,,,,,,NEUTRAL,prior-research-2026-09-30+NEUTRAL,False,0.5401,3.52519,2.12024,0.78346,0.41667,-39.35418,-0.30493,-22.57808,15.63018,14.03509,5.574,40.76403,349.01807,5.86609,-11.03158,7.83699,-6.46366,-0.23198,0.09187,-0.64714,0.4056,0.90841,0.85774,-2.02497,-0.03089,0.4707,0.54242,1.72035,-0.40552,-1.24426,2.32681,-0.88998,2026-09-29,False,,,,,,,,,,,
SBH,Retail Trade,16.46,18964043.91403,42.14413,0.89647,0.7501,91.32463,,,,,,,NEUTRAL,prior-research-2026-09-30+NEUTRAL,False,0.52741,5.21091,3.56696,0.95809,0.5,-42.14413,-0.89647,-30.47059,16.75806,23.52753,12.25313,55.26217,237.65804,8.54886,-1.7389,0.0,1.07712,0.28164,1.72741,0.21277,0.40472,-0.06003,0.49482,-1.07275,0.57533,0.97462,0.17978,0.30995,0.17425,-0.2901,-0.98525,-0.25642,2026-09-29,False,,,,,,,,,,,
SBLK,Transportation,29.2,41760576.10474,34.04431,0.48867,0.16446,59.88806,,,,,,,NEUTRAL,prior-research-2026-09-30+NEUTRAL,False,0.50235,2.85066,69.66381,0.89901,0.58333,-34.04431,-0.48867,-17.48989,17.54746,11.68076,8.57023,73.81845,35.90417,27.83571,-0.41224,6.43836,6.34289,0.45839,0.23471,-0.13921,0.53895,0.29178,0.68216,0.48858,-0.25009,0.0297,0.23339,-0.70809,0.4288,0.39397,1.37497,-0.35924,2026-09-29,False,,,,,,,,,,,
SBRA,Finance,19.78,45718520.8786,26.90442,-0.07061,-0.16588,36.19403,,,,,,,NEUTRAL,prior-research-2026-09-30+NEUTRAL,False,0.50383,2.69741,16.26706,0.89678,0.33333,-26.90442,0.07061,-16.09686,17.63801,2.39614,1.29968,54.63019,17.04852,18.7967,-0.96426,6.06673,18.43129,0.0901,0.32021,-1.5459,-0.03852,2.06559,0.47918,0.932,-0.5965,-0.79998,-0.38775,-0.83194,-0.50614,-0.34194,1.11262,0.55207,2026-09-29,False,,,,,,,,,,,
SCHL,Consumer Services,34.8,13210496.22803,36.16924,0.36389,0.53157,82.64925,,,,,,,NEUTRAL,prior-research-2026-09-30+NEUTRAL,False,0.51687,3.80217,43.87524,0.73986,0.66667,-36.16924,-0.36389,-31.22322,16.39652,7.377,8.81201,102.20992,244.91461,1.46208,-0.77639,2.44253,-2.52804,0.7845,-0.10166,1.31273,0.60116,0.69733,0.24312,-1.28093,-0.6209,1.03011,1.99727,1.25959,-0.86389,0.5541,0.90481,-0.65863,2026-09-29,False,,,,,,,,,,,
SDGR,Technology Services,30.33,17956550.69542,64.45461,1.25914,0.6094,85.91418,,,,,,,NEUTRAL,prior-research-2026-09-30+NEUTRAL,True,0.52965,26.36857,2.07255,0.98795,0.58333,-64.45461,-1.25914,-50.8437,16.70347,-16.17527,-2.38852,14.4657,11.38696,-59.23717,-0.32826,0.0,8.8762,0.17379,2.24743,0.87986,-0.03769,-0.88114,0.04716,-0.96024,-0.87077,-0.48957,-0.81451,-1.11193,-1.27472,0.1612,-0.21817,-0.07736,2026-09-29,False,,,,,,,,,,,
SDRL,Industrial Services,44.57,26266078.17841,39.41325,0.32942,0.51656,81.8097,,,,,,,NEUTRAL,prior-research-2026-09-30+NEUTRAL,False,0.5126,6.16599,51.59235,0.81332,0.58333,-39.41325,-0.32942,-31.20438,17.08379,0.03487,0.0357,101.85416,54.69187,9.3342,-0.26327,0.0,13.06273,0.49299,0.60778,0.17667,0.82471,1.38593,0.41965,-0.71908,-0.54198,-0.30086,1.45747,0.01886,0.09106,0.70761,-0.8999,0.10507,2026-09-29,False,,,,,,,,,,,
SEB,Process Industries,4055.44995,46778768.84766,39.39657,0.09285,-0.33595,26.58582,,,,,,,NEUTRAL,prior-research-2026-09-30+NEUTRAL,False,0.44898,5.45054,4.63932,0.68126,0.5,-39.39657,-0.09285,-34.31348,17.66094,12.28563,16.53195,143.05094,267.84893,3.63123,-0.35946,0.22192,8.17186,-0.1835,-0.3288,-0.2419,0.28638,1.81079,0.00076,0.86068,0.6459,2.24715,1.77699,1.21127,-0.40305,0.34796,-0.14928,0.40268,2026-09-29,False,,,,,,,,,,,
SEDG,Producer Manufacturing,31.52,97728275.42572,104.90427,2.20156,-1.09939,4.5709,,,,,,,NEUTRAL,prior-research-2026-09-30+NEUTRAL,True,0.43268,6.52047,-20.38023,0.40148,0.41667,-104.90427,-2.20156,-62.01758,18.3977,-58.42404,-13.3156,20.30458,65.63123,-9.96824,-0.98852,0.0,37.91315,-0.8011,-1.0289,-0.80251,-1.46629,-0.67458,-0.92256,1.60565,-1.35232,-1.11213,-0.78016,0.2163,-0.89425,-0.55456,-0.89902,1.10262,2026-09-29,False,,,,,,,,,,,
SEI,Industrial Services,68.34,165514626.20735,76.56521,1.96347,-0.70192,11.56716,,,,,,,NEUTRAL,prior-research-2026-09-30+NEUTRAL,False,0.44601,16.29091,26.43591,0.82619,0.5,-76.56521,-1.96347,-47.611,18.92457,8.08983,0.96064,21.01181,13.91221,24.26369,-2.78792,0.70237,70.5205,-0.00414,0.67519,-0.48975,-0.97981,-1.36209,-0.51322,1.92491,0.02353,-0.16537,-0.77587,-1.37084,1.097,-0.9873,0.5323,1.29012,2026-09-29,False,,,,,,,,,,,
SERV,Producer Manufacturing,4.63,16083054.27761,68.75849,2.77614,-0.46965,19.49627,,,,,,,NEUTRAL,prior-research-2026-09-30+NEUTRAL,True,0.46959,4.64038,-56.93493,0.26188,0.5,-68.75849,-2.77614,-75.73529,16.59328,-64.55265,-42.81994,83.69462,1.84903,-2447.95277,-0.02756,0.0,426.46801,-1.83585,-1.64549,-0.17595,-0.38868,-1.151,-1.68555,-1.00286,-1.42047,-1.90286,1.10163,-1.88341,-1.98453,1.10991,-0.89902,2.12868,2026-09-29,False,,,,,,,,,,,
SEZL,Technology Services,107.97,70911593.44788,93.29848,1.96886,-0.26587,29.85075,,,,,,,NEUTRAL,prior-research-2026-09-30+NEUTRAL,False,0.47192,6.09501,47.42843,0.57263,0.41667,-93.29848,-1.96886,-43.30947,18.07694,88.84058,4.40158,6.35417,14.50253,40.38546,-0.52416,0.0,43.05931,1.26855,-0.56124,-0.41313,-1.03082,-1.58243,0.42038,1.00504,2.18442,0.46246,-1.56319,-0.94259,1.89355,-0.16284,-0.21817,1.13581,2026-09-29,False,,,,,,,,,,,
SFBS,Finance,40.08,22437650.0,23.0092,0.85406,0.13664,56.71642,,,,,,,NEUTRAL,prior-research-2026-09-30+NEUTRAL,False,0.51417,1.85408,6.63017,0.87578,0.58333,-23.0092,-0.85406,-17.84817,16.92625,17.33991,7.29019,44.94229,23.55184,63.0456,-0.82991,1.84007,3.05252,-0.15138,0.12865,0.34799,0.28121,-0.61178,0.25769,-0.04863,0.60291,0.26027,-0.66596,-0.52258,1.16357,-0.20533,-0.21027,-0.48221,2026-09-29,False,,,,,,,,,,,
SFL,Transportation,13.06,15483045.72678,28.50758,0.28389,0.62658,86.3806,,,,,,,NEUTRAL,prior-research-2026-09-30+NEUTRAL,False,0.5438,3.94322,67.44314,0.94982,0.58333,-28.50758,-0.28389,-18.83308,16.55526,6.24544,3.19361,56.18069,36.46083,27.75097,-2.30294,6.27871,-15.60517,0.42701,0.79897,-0.13921,0.87939,0.90464,0.56694,-0.77988,-0.72264,-0.92197,-0.13723,-0.69018,0.41979,-0.91194,1.29558,-1.7006,2026-09-29,False,,,,,,,,,,,
SFNC,Finance,22.52,26338577.03018,21.29452,0.71589,0.30548,70.14925,,,,,,,NEUTRAL,prior-research-2026-09-30+NEUTRAL,True,0.51803,3.08965,18.85646,0.94238,0.75,-21.29452,-0.71589,-13.96861,17.08655,-9.94099,-10.66274,106.28532,18.81463,-273.88416,-0.38437,3.79663,-56.9468,0.15058,0.79949,1.72701,0.52901,-0.37102,0.85773,0.16296,-1.01842,-1.79811,0.71224,-0.72718,-3.0,0.30289,0.57134,-2.0248,2026-09-29,False,,,,,,,,,,,
SFST,Finance,59.55,6167007.89223,25.26466,0.61917,0.6142,86.28731,,,,,,,NEUTRAL,prior-research-2026-09-30+NEUTRAL,False,0.53001,2.92811,37.98759,0.92183,0.75,-25.26466,-0.61917,-16.07728,15.63472,9.92842,7.01738,80.17069,41.819,38.48311,-0.61961,0.0,8.91956,0.60185,0.5828,1.72701,0.08045,-0.10968,0.49134,-1.38233,-0.0052,0.20948,0.18123,0.10361,0.24704,0.01146,-2.03038,0.01275,2026-09-29,False,,,,,,,,,,,
SG,Consumer Services,8.74,36858889.55221,81.62426,0.80126,-0.37514,23.97388,,,,,,,NEUTRAL,prior-research-2026-09-30+NEUTRAL,False,0.46836,7.1336,-14.47853,0.85602,0.41667,-81.62426,-0.80126,-47.20862,17.42261,3.06897,1.29182,44.18976,64.42262,-17.90619,-0.76001,0.0,-0.64877,-0.71141,0.49697,-0.64714,-1.5542,-0.42877,-0.65171,-0.02123,-0.93252,-0.31942,0.65741,-0.07061,-1.4728,0.56486,-1.13702,-0.49803,2026-09-29,False,,,,,,,,,,,
SGHC,Consumer Services,11.6,31014681.79893,38.99538,0.5262,0.08152,52.42537,,,,,,,NEUTRAL,prior-research-2026-09-30+NEUTRAL,False,0.51068,2.75562,5.14405,0.74705,0.41667,-38.99538,-0.5262,-39.31941,17.24997,49.4322,6.31851,14.27072,41.5143,21.26697,-0.12861,1.55172,17.33183,-0.11811,-0.06142,-0.64714,0.44567,0.27556,-0.2626,-0.22258,1.26379,0.59251,-0.63892,-0.56906,0.80454,1.5018,0.63503,0.87011,2026-09-29,False,,,,,,,,,,,
SGML,Non-Energy Minerals,9.71,17715263.93433,86.82668,1.60883,-0.09986,41.41791,,,,,,,NEUTRAL,prior-research-2026-09-30+NEUTRAL,True,0.48841,12.27478,74.39545,0.41057,0.41667,-86.82668,-1.60883,-62.45243,16.68994,-31.76347,-2.41272,7.35316,12.33795,24.04259,-3.25963,0.0,-13.8706,0.70148,-0.87674,-1.02354,-0.76394,0.12384,-0.72838,-0.70279,-1.0882,-0.62678,-1.47133,-0.24405,0.7796,-1.82137,-0.2967,-2.02159,2026-09-29,False,,,,,,,,,,,
SGMT,Health Technology,9.33,9693769.13338,83.26526,1.45112,0.21671,64.55224,,,,,,,NEUTRAL,prior-research-2026-09-30+NEUTRAL,True,0.50715,7.57576,43.73297,0.83527,0.33333,-83.26526,-1.45112,-50.21882,16.08699,-24.37337,-7.71321,41.83703,0.0,,-0.00757,0.0,,-0.01601,0.30399,-1.7235,-0.82005,-0.69912,-0.43855,-1.09849,-0.00971,-0.23806,0.78359,-1.05211,0.0,1.16319,-0.07667,0.0,2026-09-29,False,,,,,,,,,,,
SGRY,Health Services,14.41,25384319.32755,48.34796,0.6447,-0.1766,35.07463,,,,,,,NEUTRAL,prior-research-2026-09-30+NEUTRAL,True,0.45977,15.66618,-37.34554,0.62816,0.41667,-48.34796,-0.6447,-49.91282,17.04964,-5.1828,-4.77431,90.04938,181.39676,13.63515,-2.42898,0.0,3.99444,-1.48923,-0.7904,-0.90661,0.39546,0.00962,-0.41147,-0.18885,-0.40952,-0.33098,1.2011,0.85159,0.85835,-0.85421,-0.23761,-0.31733,2026-09-29,False,,,,,,,,,,,
SHAK,Consumer Services,57.88,90271777.43149,68.94071,1.06548,-0.97041,6.62313,,,,,,,NEUTRAL,prior-research-2026-09-30+NEUTRAL,False,0.45546,3.79008,-24.36147,0.55287,0.5,-68.94071,-1.06548,-50.00478,18.31834,7.65048,1.59004,23.09945,62.13726,5.44954,-1.74913,0.0,17.33408,-0.95537,-0.93237,-0.02057,-1.09587,-0.86333,-0.80962,1.40641,-0.59885,-0.26083,-0.12887,-0.10251,-0.4555,-0.1544,-1.13702,0.87311,2026-09-29,False,,,,,,,,,,,
SHC,Health Technology,18.6,40419179.46339,29.41137,0.73319,0.34246,72.94776,,,,,,,NEUTRAL,prior-research-2026-09-30+NEUTRAL,False,0.51945,2.4838,21.88488,0.95043,0.75,-29.41137,-0.73319,-32.1447,17.51481,27.78039,3.09483,12.60205,23.02361,36.89574,-3.40734,0.0,8.14897,-0.49644,1.36282,1.54941,1.83185,0.45434,0.55666,0.54264,2.31055,0.88159,-0.55884,0.63144,2.40237,-1.84548,-0.07667,-0.03835,2026-09-29,False,,,,,,,,,,,
SHIP,Transportation,16.43,4572557.26967,47.74198,0.63891,0.80358,92.25746,,,,,,,NEUTRAL,prior-research-2026-09-30+NEUTRAL,False,0.55415,3.27596,116.23856,0.88635,0.5,-47.74198,-0.63891,-18.8782,15.33558,20.96975,16.16864,84.583,52.66472,37.0313,-0.94225,3.5312,31.97715,0.96291,0.08477,-0.80563,-0.32197,-0.14922,0.56237,-2.00185,0.42396,0.91873,0.51247,-0.23729,0.70871,-0.152,0.62367,0.8781,2026-09-29,False,,,,,,,,,,,
SHLS,Electronic Technology,7.77,37301484.68246,85.36789,2.26952,-0.10505,40.85821,,,,,,,NEUTRAL,prior-research-2026-09-30+NEUTRAL,False,0.46007,12.17009,-6.78851,0.60846,0.58333,-85.36789,-2.26952,-47.53328,17.43454,5.33981,2.37388,46.01782,43.84074,10.63075,-0.37881,0.0,46.88451,-1.00065,-0.18342,0.32972,-0.37558,-0.24835,0.01535,-0.26637,0.09432,0.33021,0.564,0.58903,0.81663,-0.15451,-0.18865,0.9474,2026-09-29,False,,,,,,,,,,,
SHMD,Electronic Technology,4.49,2006368.06793,115.31353,2.46846,0.23721,66.41791,,,,,,,NEUTRAL,prior-research-2026-09-30+NEUTRAL,False,0.50173,20.71823,-8.38414,0.4309,0.5,-115.31353,-2.46846,-71.16123,14.51184,,-41.87639,,37.14279,-0.42261,,0.0,114.80958,-1.04295,-0.85626,-0.3367,-1.07232,-0.37123,-1.18029,-2.89261,0.0,-1.74273,0.0,0.34897,-0.26563,0.0,-0.18865,1.41346,2026-09-29,False,,,,,,,,,,,
SHO,Finance,11.3,23246951.44968,19.68699,0.53808,0.633,86.9403,,,,,,,NEUTRAL,prior-research-2026-09-30+NEUTRAL,False,0.55042,1.19705,21.98529,0.95359,0.5,-19.68699,-0.53808,-10.57702,16.96168,2.73884,2.5274,78.18942,47.95266,9.71521,-0.51835,3.18584,7.28429,0.23915,0.99041,-0.31843,0.94825,0.13004,1.42101,0.00765,-0.56778,-0.58894,0.11936,0.29398,-1.17812,0.10898,0.35701,-0.1452,2026-09-29,False,,,,,,,,,,,
SHOE,Retail Trade,13.07,10406901.8898,46.81469,1.08948,0.35408,74.25373,,,,,,,NEUTRAL,prior-research-2026-09-30+NEUTRAL,False,0.50469,5.0623,-33.88685,0.60989,0.41667,-46.81469,-1.08948,-42.69697,16.15798,3.61147,6.90657,192.10579,314.00879,2.85096,-0.52394,4.89671,-4.13085,-0.74819,-0.54637,-0.4138,0.1066,-0.35691,-0.22108,-1.65281,-0.82573,0.15679,2.40067,0.67793,-0.436,0.63762,1.88632,-0.66311,2026-09-29,False,,,,,,,,,,,
SHOO,Consumer Non-Durables,45.14,43271930.793,37.75027,1.24465,0.38656,76.02612,,,,,,,NEUTRAL,prior-research-2026-09-30+NEUTRAL,False,0.52034,3.82103,33.07722,0.92458,0.66667,-37.75027,-1.24465,-31.72878,17.58301,16.16215,4.2849,28.10619,81.96703,9.03436,-0.40138,1.86088,18.32909,0.61645,1.22528,1.11437,0.32027,-1.48809,0.14792,-0.17885,0.33731,0.07729,-0.50972,-0.02226,-0.15683,0.33503,0.42988,0.85657,2026-09-29,False,,,,,,,,,,,
SIBN,Health Technology,19.15,9573420.19634,48.90747,0.54142,0.43961,77.89179,,,,,,,NEUTRAL,prior-research-2026-09-30+NEUTRAL,True,0.53623,2.07889,36.72597,0.89486,0.58333,-48.90747,-0.54142,-45.74766,16.0745,-8.29964,-1.70885,21.34804,24.93967,-8.30696,-0.23469,0.0,15.29833,-0.16495,0.73866,0.17039,0.6042,0.98152,-0.17045,-1.1146,0.26249,0.20953,-0.01284,0.71087,-0.25415,0.02588,-0.07667,0.46294,2026-09-29,False,,,,,,,,,,,
SIG,Retail Trade,104.32,61060631.80389,50.99765,1.15543,0.16609,60.07463,,,,,,,NEUTRAL,prior-research-2026-09-30+NEUTRAL,False,0.48834,23.96275,-13.22425,0.99186,0.58333,-50.99765,-1.15543,-29.97301,17.92738,19.85465,9.12931,45.64454,175.94429,7.44141,-0.66703,1.28451,0.58861,-0.21433,2.19791,0.87919,-0.13573,-0.49713,0.54155,0.61291,0.41783,0.59048,-0.08743,-0.04467,0.09461,0.50828,0.69313,-0.32272,2026-09-29,False,,,,,,,,,,,
SIGI,Finance,84.63,38012703.04413,25.44411,0.10391,-0.1703,35.63433,,,,,,,NEUTRAL,prior-research-2026-09-30+NEUTRAL,False,0.49225,1.24568,18.13666,0.8489,0.5,-25.44411,-0.10391,-17.77692,17.45343,14.15265,9.90559,68.93248,109.20765,12.70716,-0.24596,2.03238,7.30311,0.13293,-0.0311,-0.31843,0.06428,1.41088,0.26258,0.66157,0.37327,0.74536,-0.11728,1.12166,-0.9214,0.53327,-0.13415,-0.14255,2026-09-29,False,,,,,,,,,,,
SII,Finance,120.25,18048362.45728,56.24692,1.16832,-0.3907,22.94776,,,,,,,NEUTRAL,prior-research-2026-09-30+NEUTRAL,False,0.47918,5.31107,64.08055,0.72739,0.5,-56.24692,-1.16832,-38.00522,16.70857,28.34809,3.28412,12.54316,12.61867,35.61679,-0.0,1.29979,93.67487,1.03967,-0.67327,-0.31843,-1.71929,-1.18221,-1.14447,-0.30503,1.0989,-0.43956,-2.11777,-1.04143,0.10719,2.61274,-0.33519,1.64797,2026-09-29,False,,,,,,,,,,,
SILC,Electronic Technology,51.37,6687667.79099,99.70338,1.94721,1.1058,97.66791,,,,,,,NEUTRAL,prior-research-2026-09-30+NEUTRAL,True,0.55851,7.10923,144.07171,0.97329,0.75,-99.70338,-1.94721,-31.50255,15.71578,-8.27676,-3.24256,38.03632,24.98195,-14.17416,-0.05608,0.0,28.60139,1.40491,2.37274,1.70874,-0.76714,0.03773,0.91817,-2.19798,-0.51215,-0.35803,0.30769,-0.07344,-0.67511,0.59465,-0.18865,0.61011,2026-09-29,False,,,,,,,,,,,
SITE,Distribution Services,89.93,74992385.06241,45.37091,0.86455,-0.70432,11.47388,,,,,,,NEUTRAL,prior-research-2026-09-30+NEUTRAL,False,0.4556,3.3618,-25.32538,0.55087,0.33333,-45.37091,-0.86455,-46.33997,18.1329,9.81344,4.11749,42.5858,120.75767,4.86114,-0.66846,0.0,3.28149,-1.13445,-1.29955,-1.14043,0.00997,-0.07982,-0.64466,1.10141,-0.09189,0.10401,-0.1031,-0.62578,-0.01981,0.35285,-0.43494,-0.40161,2026-09-29,False,,,,,,,,,,,
SKE,Non-Energy Minerals,30.18,14245039.66866,60.54508,1.54838,0.60568,85.72761,,,,,,,NEUTRAL,prior-research-2026-09-30+NEUTRAL,True,0.53803,4.79383,77.28001,0.79171,0.66667,-60.54508,-1.54838,-34.70619,16.47192,-175.17439,-4.57894,3.15872,0.0,,-6.57169,0.0,,0.73527,0.73983,0.93633,0.26075,0.18873,0.67299,-0.9545,-2.07481,-0.8111,-1.93364,-1.42997,0.0,-2.27795,-0.2967,0.0,2026-09-29,False,,,,,,,,,,,
SKT,Finance,34.86,31238448.75183,20.49143,0.31815,0.06045,51.30597,,,,,,,NEUTRAL,prior-research-2026-09-30+NEUTRAL,False,0.52116,0.8751,16.03159,0.8342,0.5,-20.49143,-0.31815,-16.89106,17.25716,19.26135,3.17378,16.96576,15.41366,30.20268,-2.89589,3.47103,11.37101,0.08758,-0.1364,-0.31843,0.7439,0.76836,0.39253,0.42197,0.6961,-0.4606,-1.84913,-0.91889,-0.01358,-1.24859,0.44783,0.19859,2026-09-29,False,,,,,,,,,,,
SKY,Consumer Durables,86.69,47361922.8302,43.19237,1.02232,0.11738,54.94403,,,,,,,NEUTRAL,prior-research-2026-09-30+NEUTRAL,False,0.50614,2.71708,21.41031,0.88949,0.5,-43.19237,-1.02232,-33.06997,17.67333,12.17722,4.07556,33.50098,56.91733,8.92824,-0.07833,0.0,4.51969,0.6017,0.84815,0.0925,0.09548,-0.23859,0.27672,0.45013,0.32288,0.13248,-0.88004,-0.811,0.16226,1.07754,-0.92827,0.25352,2026-09-29,False,,,,,,,,,,,
SKYW,Transportation,98.9,33104280.62439,38.99787,1.1135,-0.07922,42.53731,,,,,,,NEUTRAL,prior-research-2026-09-30+NEUTRAL,False,0.47935,3.96348,-2.87819,0.85303,0.5,-38.99787,-1.1135,-27.88152,17.31517,15.34104,10.75039,72.22734,109.90067,14.0285,-0.86333,0.0,9.10153,-1.09729,-0.1234,-0.80563,0.2518,-1.04381,-0.08111,0.19165,0.05612,0.38386,0.2017,0.51417,-0.30315,-0.08533,-1.87968,-0.13501,2026-09-29,False,,,,,,,,,,,
SLDB,Health Technology,7.16,8850611.36217,66.64812,1.81515,0.33828,72.10821,,,,,,,NEUTRAL,prior-research-2026-09-30+NEUTRAL,True,0.51853,4.44965,58.86179,0.64215,0.58333,-66.64812,-1.81515,-38.59375,15.996,-65.49973,-26.22456,48.3146,0.0,,-0.05388,0.0,,0.25839,-0.64715,0.17039,-0.20225,-1.05857,0.17024,-1.19421,-0.55667,-1.0045,0.98534,-1.05211,0.0,0.54855,-0.07667,0.0,2026-09-29,False,,,,,,,,,,,
SLDE,Technology Services,22.5,21868147.52045,38.25685,0.29614,1.00172,96.54851,,,,,,,NEUTRAL,prior-research-2026-09-30+NEUTRAL,False,0.539,5.59581,57.4624,0.8497,0.66667,-38.25685,-0.29614,-20.01013,16.90054,53.8821,21.07997,45.80704,52.67708,53.04932,-0.03235,0.31111,41.43171,1.45295,0.7566,1.54675,1.33804,1.28806,1.91806,-0.72414,1.93745,2.5624,0.5052,0.37421,2.37278,1.01166,1.04518,1.11957,2026-09-29,False,,,,,,,,,,,
SLG,Finance,49.02,44312268.55927,36.24755,0.90503,-0.64738,12.40672,,,,,,,NEUTRAL,prior-research-2026-09-30+NEUTRAL,True,0.46872,2.80845,1.27096,0.81932,0.41667,-36.24755,-0.90503,-41.0061,17.60677,-4.4257,-4.51698,85.73074,28.24708,11.15195,-1.74746,5.14586,7.59888,-0.33426,-0.21507,-0.94499,-0.60874,-0.73007,-1.28901,0.87678,-0.87485,-1.40227,0.31376,-0.35483,-1.03929,-0.84488,0.90111,-0.11087,2026-09-29,False,,,,,,,,,,,
SLGN,Process Industries,35.09,42372913.31406,34.5242,0.54824,-0.05652,44.12313,,,,,,,NEUTRAL,prior-research-2026-09-30+NEUTRAL,False,0.49296,1.2976,0.62071,0.72906,0.58333,-34.5242,-0.54824,-27.09423,17.56202,11.74768,7.30215,64.28108,180.51716,9.59069,-2.03153,2.33685,8.43407,-0.33847,-0.08582,0.42452,0.59059,0.4911,0.5559,0.67572,0.60101,1.07495,0.22165,0.74683,0.23886,-0.96165,0.61808,0.42372,2026-09-29,False,,,,,,,,,,,
SLM,Finance,22.89,52016132.70721,32.81101,0.77287,-0.75407,10.35448,,,,,,,NEUTRAL,prior-research-2026-09-30+NEUTRAL,False,0.45696,2.87156,-3.75197,0.75515,0.5,-32.81101,-0.77287,-39.25446,17.76706,30.33263,16.97793,51.32751,71.09974,42.43419,-2.36157,2.27173,4.76,-0.46028,-0.50677,-0.31843,-0.36895,-0.46508,-1.21777,1.14816,1.17939,1.56774,-0.47999,0.68174,0.43521,-1.08035,-0.0555,-0.32499,2026-09-29,False,,,,,,,,,,,
SLP,Technology Services,18.48,3578250.07439,40.53342,0.63479,1.1875,98.41418,,,,,,,NEUTRAL,prior-research-2026-09-30+NEUTRAL,False,0.57893,0.21715,23.5057,0.88676,0.58333,-40.53342,-0.63479,-45.48945,15.09038,6.16786,2.16971,37.23508,21.96691,14.62502,-0.0035,0.0,2.08377,0.76322,0.99595,0.87986,1.17542,0.31266,0.34826,-2.46999,-0.08435,0.06893,0.21975,-0.59387,0.74556,1.63618,-0.21817,-0.68284,2026-09-29,False,,,,,,,,,,,
SLS,Health Technology,11.51,76723603.95098,105.36621,1.81549,-0.44416,20.4291,,,,,,,NEUTRAL,prior-research-2026-09-30+NEUTRAL,True,0.45618,7.11044,710.42945,0.7445,0.66667,-105.36621,-1.81549,-36.23853,18.15572,-39.63371,-1.35077,5.72891,0.0,,-0.00535,0.0,,2.28997,-0.10936,0.83728,-1.39231,-1.06409,0.29344,1.59636,-0.24274,0.24232,-1.18079,-1.05211,0.0,1.24319,-0.07667,0.0,2026-09-29,False,,,,,,,,,,,
SMA,Finance,32.35,22438000.0,26.46154,0.46668,0.002,47.85448,,,,,,,NEUTRAL,prior-research-2026-09-30+NEUTRAL,False,0.50687,3.68589,-6.33132,0.88135,0.41667,-26.46154,-0.46668,-20.89383,16.92627,2.36886,1.46934,64.79417,16.0208,22.45205,-0.96817,4.9459,21.09963,-0.52169,0.1616,-0.94499,0.00162,0.36204,-0.00446,-0.04592,-0.59938,-0.76797,-0.19238,-0.87484,-0.32511,-0.3448,0.84958,0.65684,2026-09-29,False,,,,,,,,,,,
SMG,Process Industries,49.5,51706560.31265,41.05217,0.77318,-0.3084,27.98507,,,,,,,NEUTRAL,prior-research-2026-09-30+NEUTRAL,False,0.47553,2.45041,12.67799,0.6811,0.58333,-41.05217,-0.77318,-33.34872,17.7611,,2.54309,,115.93041,15.03231,,5.33333,-1.9503,0.01381,-0.33965,0.42452,0.17878,-0.0999,0.06234,0.99865,0.0,0.23015,0.0,0.34742,0.67091,0.0,1.61389,-0.49225,2026-09-29,False,,,,,,,,,,,
SMR,Producer Manufacturing,7.76,280317375.0,97.20347,3.30555,-1.96754,0.18657,,,,,,,NEUTRAL,prior-research-2026-09-30+NEUTRAL,True,0.41174,15.25774,-75.55263,0.14524,0.41667,-97.20347,-3.30555,-85.7945,19.45143,-30.18699,-11.86231,61.5951,0.30505,-6853.96632,-0.00325,0.0,-80.95425,-2.38237,-2.43846,-0.80251,-1.29099,-1.80806,-2.32219,2.63198,-0.98077,-1.03804,0.55721,-2.00833,-2.34825,1.71729,-0.89902,-2.37641,2026-09-29,False,,,,,,,,,,,
SNDA,Health Services,37.61,16099200.0,37.00055,0.35998,0.91109,95.05597,,,,,,,NEUTRAL,prior-research-2026-09-30+NEUTRAL,True,0.55846,3.63492,35.67547,0.87323,0.41667,-37.00055,-0.35998,-16.38993,16.59428,-25.24502,-6.78752,48.46414,29.17209,-10.6861,-1.82402,0.0,49.36941,0.42345,0.44997,-0.90661,1.11937,0.79463,1.78952,-0.75228,-0.79326,-0.42227,0.22273,-1.09273,-0.81944,-0.65717,-0.23761,1.38149,2026-09-29,False,,,,,,,,,,,
SNDR,Transportation,31.98,22736925.36392,37.16719,0.96877,0.26564,67.81716,,,,,,,NEUTRAL,prior-research-2026-09-30+NEUTRAL,False,0.51697,2.90749,63.6775,0.82969,0.58333,-37.16719,-0.96877,-22.23735,16.9395,3.67571,1.98975,54.5469,103.75213,3.05884,-0.12947,1.21951,6.24601,0.37035,-0.28559,-0.13921,0.36478,-0.83179,0.30316,-0.32146,-0.88938,-1.15261,-0.17045,0.4527,-1.35953,0.94547,-0.22632,-0.36457,2026-09-29,False,,,,,,,,,,,
SNDX,Health Technology,18.235,27756226.94855,46.11215,0.54978,0.14678,58.11567,,,,,,,NEUTRAL,prior-research-2026-09-30+NEUTRAL,True,0.49842,4.19906,24.61735,0.72505,0.5,-46.11215,-0.54978,-32.56461,17.13897,-255.9253,-13.69669,0.93834,15.65015,-76.97531,-39.03451,0.0,222.65413,-0.40955,-0.2637,-0.49602,0.77874,0.96823,0.53685,0.0375,-1.271,-0.57495,-2.19137,0.28135,-0.67143,-3.0,-0.07667,2.02883,2026-09-29,False,,,,,,,,,,,
SOC,Energy Minerals,3.4,35048174.86629,153.19153,0.15098,-1.66258,0.5597,,,,,,,NEUTRAL,prior-research-2026-09-30+NEUTRAL,True,0.41923,7.57239,-77.26582,0.16949,0.5,-153.19153,-0.15098,-84.64606,17.37223,-103.20725,-63.50785,71.80084,20.2613,-292.81699,-2.45275,0.0,,-2.81716,-2.46787,-0.24958,-2.94594,-0.20023,-2.69051,-0.07641,-1.84487,-2.23203,0.20249,-1.27164,-2.00479,-1.19803,-1.38816,0.0,2026-09-29,False,,,,,,,,,,,
SON,Process Industries,49.61,57207275.6424,39.76186,0.49636,-0.06813,43.28358,,,,,,,NEUTRAL,prior-research-2026-09-30+NEUTRAL,False,0.48049,2.92386,34.15943,0.82688,0.66667,-39.76186,-0.49636,-20.26183,17.86219,18.92519,13.23125,73.26104,152.5846,9.95874,-1.33079,4.31365,12.01449,0.52021,0.40379,1.09141,0.25672,0.62795,0.97954,1.21111,1.12648,1.91371,0.43215,0.56143,0.28296,-0.6302,1.34716,0.72433,2026-09-29,False,,,,,,,,,,,
SONO,Consumer Durables,17.85,26241461.74431,54.69412,0.76656,0.18944,62.12687,,,,,,,NEUTRAL,prior-research-2026-09-30+NEUTRAL,False,0.51031,5.54821,0.0,0.93163,0.66667,-54.69412,-0.76656,-33.71608,17.08285,14.17646,2.65268,18.3239,69.47163,6.27907,-0.14081,0.0,5.64172,0.0101,1.28257,1.42581,-0.53478,0.20727,0.23743,-0.41146,0.50421,-0.10206,-1.59672,-0.62302,-0.08127,0.88998,-0.92827,0.32434,2026-09-29,False,,,,,,,,,,,
SOUN,Technology Services,5.84,176408599.89333,68.94655,2.11826,-1.20067,3.07836,,,,,,,NEUTRAL,prior-research-2026-09-30+NEUTRAL,True,0.4451,4.04722,-55.39523,0.2729,0.33333,-68.94655,-2.11826,-73.36449,18.98831,-32.24201,-5.03984,18.61538,7.47194,-95.74902,-0.01109,0.0,54.58467,-1.39969,-1.77013,-1.01403,-0.24815,-1.70773,-1.10519,2.19263,-1.127,-0.71858,-0.56933,-1.26883,-1.43119,1.32001,-0.21817,1.2853,2026-09-29,False,,,,,,,,,,,
SPCE,Electronic Technology,3.04,18970815.76195,140.76494,1.7582,-0.38492,23.22761,,,,,,,NEUTRAL,prior-research-2026-09-30+NEUTRAL,True,0.46555,7.81759,-14.03509,0.40426,0.41667,-140.76494,-1.7582,-67.81915,16.75841,-75.13234,-52.80257,90.59095,0.22123,-24587.76493,-0.66923,0.0,-38.86926,-1.22759,-0.96661,-0.96327,-1.68973,0.19513,-0.95415,-1.14085,-1.41955,-1.85075,1.63484,-1.28143,-2.78665,-0.51228,-0.18865,-2.24759,2026-09-29,False,,,,,,,,,,,
SPHR,Consumer Services,134.3,88028548.08044,50.86285,1.06028,-0.10159,41.13806,,,,,,,NEUTRAL,prior-research-2026-09-30+NEUTRAL,True,0.48528,5.49888,140.21701,0.76142,0.58333,-50.86285,-1.06028,-24.42454,18.29317,-3.38378,-1.5726,45.5971,27.76979,-1.51985,-0.40995,0.0,17.17384,1.93215,0.00134,0.64584,-0.29723,-0.85709,0.74299,1.35914,-1.22139,-0.65319,0.7006,-1.03162,-1.06602,0.95432,-1.13702,0.85819,2026-09-29,False,,,,,,,,,,,
SPSC,Technology Services,82.15,35177157.3349,45.50149,0.29329,0.02338,49.25373,,,,,,,NEUTRAL,prior-research-2026-09-30+NEUTRAL,False,0.48075,7.05684,-20.12792,0.72673,0.58333,-45.50149,-0.29329,-55.84749,17.37591,8.26188,2.6281,31.44986,26.02706,15.83227,-0.00672,0.0,9.80041,-0.4294,0.10382,0.87986,0.87665,1.31423,-0.21779,-0.0919,0.08389,0.15537,0.04811,-0.45461,0.84862,1.4863,-0.21817,-0.00356,2026-09-29,False,,,,,,,,,,,
SR,Utilities,76.77,38611010.43091,20.54316,0.0186,0.03662,49.81343,,,,,,,NEUTRAL,prior-research-2026-09-30+NEUTRAL,False,0.49669,1.44639,5.63239,0.8232,0.5,-20.54316,-0.0186,-19.39415,17.46905,6.49847,12.07805,78.99666,55.91528,19.70826,-2.02612,4.24645,4.12134,-0.14189,0.06641,-0.44099,0.44938,0.61335,0.04563,0.12737,-0.12709,1.23403,0.17623,0.0595,-0.01472,-0.43093,0.46557,0.12185,2026-09-29,False,,,,,,,,,,,
SRAD,Technology Services,11.56,29027459.64165,66.56777,0.51958,-0.27932,29.29104,,,,,,,NEUTRAL,prior-research-2026-09-30+NEUTRAL,False,0.4725,8.45295,-55.3331,0.39903,0.25,-66.56777,-0.51958,-60.09665,17.18375,1.9823,0.54678,24.84489,44.30483,12.50634,-0.07801,0.0,24.67756,-1.38625,-1.22748,-1.66008,-0.14967,0.65689,-0.40057,-0.32464,-0.39693,-0.20431,-0.25393,0.20298,0.61278,0.71876,-0.21817,0.73496,2026-09-29,False,,,,,,,,,,,
SRCE,Finance,84.91,9116448.06519,18.18959,0.41532,1.05276,97.29478,,,,,,,NEUTRAL,prior-research-2026-09-30+NEUTRAL,False,0.58012,1.37809,40.83784,0.93493,0.75,-18.18959,-0.41532,-8.37447,16.02559,13.55054,8.28795,63.88867,29.61455,49.04173,-0.22457,1.97857,4.23882,0.65596,0.72014,1.72701,1.34125,0.46971,2.05658,-0.9689,0.31237,0.44789,-0.22748,-0.3173,0.71588,0.57989,-0.1387,-0.36076,2026-09-29,False,,,,,,,,,,,
SRPT,Health Technology,18.64,52518982.25956,58.50684,1.65055,-0.24246,31.06343,,,,,,,NEUTRAL,prior-research-2026-09-30+NEUTRAL,True,0.45302,8.81387,13.61656,0.76237,0.5,-58.50684,-1.65055,-39.22291,17.77669,-18.44625,-13.79671,79.21451,102.36395,-3.15239,-0.68455,0.0,-20.43847,-0.7009,-0.03656,-0.49602,0.20204,-0.90921,0.13638,0.97127,0.0934,-0.59184,1.70689,2.2486,-0.08492,-0.59061,-0.07667,-1.5874,2026-09-29,False,,,,,,,,,,,
SRRK,Health Technology,47.75,58614820.66956,46.8294,0.9652,-0.08426,42.44403,,,,,,,NEUTRAL,prior-research-2026-09-30+NEUTRAL,True,0.4841,6.29153,49.16129,0.7953,0.58333,-46.8294,-0.9652,-31.88583,17.8865,-167.77265,-6.86518,4.27057,0.0,,-0.80318,0.0,,0.09118,0.09193,0.17039,0.7389,0.03173,0.57938,1.18238,-1.08368,-0.16392,-1.37605,-1.05211,0.0,-0.70596,-0.07667,0.0,2026-09-29,False,,,,,,,,,,,
SRZN,Health Technology,31.98,3636238.91563,126.12822,1.25691,0.36254,74.90672,,,,,,,NEUTRAL,prior-research-2026-09-30+NEUTRAL,False,0.51837,108.41585,93.94463,0.93701,0.58333,-126.12822,-1.25691,-52.65163,15.10646,,-92.92518,,3.05383,-385.28364,,0.0,-8.79487,0.63896,1.18418,0.17039,-1.95521,-0.48186,-0.55257,-2.00064,0.0,-1.76252,0.0,-0.23414,-1.04998,0.0,-0.07667,-1.35008,2026-09-29,False,,,,,,,,,,,
STBA,Finance,48.76,11796313.08746,17.81023,0.51488,0.84534,93.1903,,,,,,,NEUTRAL,prior-research-2026-09-30+NEUTRAL,False,0.56284,1.38211,34.5031,0.92047,0.58333,-17.81023,-0.51488,-11.39212,16.2833,9.87215,8.19258,81.77418,33.40496,42.31582,-0.19609,2.99426,2.43883,0.51617,0.56633,0.34799,1.44627,0.21842,1.20154,-0.74677,-0.01086,0.42826,0.22127,-0.1915,0.42107,0.62148,0.27667,-0.56467,2026-09-29,False,,,,,,,,,,,
STC,Finance,56.76,14714724.51172,31.56014,0.30134,-0.07664,42.72388,,,,,,,NEUTRAL,prior-research-2026-09-30+NEUTRAL,False,0.49888,2.30678,-3.70477,0.75918,0.5,-31.56014,-0.30134,-24.48229,16.50436,8.68814,7.78574,96.36357,188.86942,6.64673,-0.46349,3.69979,22.48749,-0.45452,-0.4892,-0.31843,-0.28739,0.81858,-0.22539,-0.51486,-0.12008,0.34899,0.5387,1.66538,-1.48712,0.18025,0.5378,0.6967,2026-09-29,False,,,,,,,,,,,
STEP,Finance,43.15,51454780.82733,50.47376,1.1075,-1.14615,3.73134,,,,,,,NEUTRAL,prior-research-2026-09-30+NEUTRAL,False,0.43475,5.08995,-20.84026,0.58382,0.5,-50.47376,-1.1075,-46.8533,17.75621,,-11.76101,,39.35747,-53.38942,,3.36037,51.08593,-0.92724,-1.30615,-0.31843,-1.46872,-1.04703,-1.59076,1.11377,0.0,-1.84265,0.0,0.02666,-2.8206,0.0,0.42308,1.33793,2026-09-29,False,,,,,,,,,,,
STGW,Commercial Services,8.18,9224286.48148,43.95842,0.67273,0.70507,89.83209,,,,,,,NEUTRAL,prior-research-2026-09-30+NEUTRAL,False,0.55135,2.92056,61.55268,0.87487,0.66667,-43.95842,-0.67273,-36.78161,16.03735,2.28104,0.80028,33.09402,149.80907,4.52643,-2.54809,0.0,6.17214,1.20027,0.71205,1.5847,0.2927,-0.27016,0.19284,-1.48632,-0.75418,-0.63075,-0.13697,0.52689,-0.30781,-1.10858,-0.53421,-0.35051,2026-09-29,False,,,,,,,,,,,
STNE,Commercial Services,9.28,41348881.13594,41.45379,1.14386,-0.15256,37.03358,,,,,,,NEUTRAL,prior-research-2026-09-30+NEUTRAL,False,0.46917,7.3499,-37.21268,0.57725,0.33333,-41.45379,-1.14386,-43.27029,17.53756,34.1806,27.84899,80.39051,25.11671,-130.08643,-1.8081,0.0,-29.50285,-1.16937,-0.73365,-0.97608,0.43443,-1.1177,-0.14748,0.23801,1.18243,2.48287,1.09337,-1.33794,-1.6222,-0.85509,-0.53421,-1.88069,2026-09-29,False,,,,,,,,,,,
STNG,Transportation,83.57,60226372.64557,32.59937,0.18941,-0.10644,40.67164,,,,,,,NEUTRAL,prior-research-2026-09-30+NEUTRAL,False,0.48628,2.79615,37.35489,0.95128,0.58333,-32.59937,-0.18941,-23.2641,17.91362,24.61932,18.94129,81.70309,28.20433,46.72316,-0.20026,2.11798,32.68443,-0.08059,0.82325,-0.13921,0.65579,1.15114,0.25505,1.11574,0.52774,1.25034,0.43753,-0.9738,1.13741,0.75717,0.05322,0.90525,2026-09-29,False,,,,,,,,,,,
STOK,Health Technology,25.88,20641895.67947,42.93533,1.02254,0.2571,67.25746,,,,,,,NEUTRAL,prior-research-2026-09-30+NEUTRAL,True,0.51509,4.09983,30.98592,0.67484,0.5,-42.93533,-1.02254,-37.16292,16.84283,-61.10362,-12.28355,21.11087,1.62999,-809.689,-0.00776,0.0,-86.19869,-0.27353,-0.52528,-0.49602,0.99896,-0.04454,0.24597,-0.33582,-0.49348,-0.52609,-0.02781,-0.32204,-1.24459,1.13846,-0.07667,-2.31194,2026-09-29,False,,,,,,,,,,,
STRT,Producer Manufacturing,66.55,6544428.02887,47.40249,1.07669,0.86244,93.75,,,,,,,NEUTRAL,prior-research-2026-09-30+NEUTRAL,False,0.5317,5.62301,12.18419,0.73204,0.5,-47.40249,-1.07669,-31.30569,15.69412,8.95102,7.86379,91.27704,221.19693,4.76758,-0.01038,0.0,2.53528,0.10347,0.34133,-0.17595,0.58931,0.56269,0.70222,-1.89079,0.26599,1.17712,1.28213,1.45992,-0.06852,1.39248,-0.89902,-0.60582,2026-09-29,False,,,,,,,,,,,
STTK,Health Technology,6.54,6281466.8323,78.11123,1.2338,0.4529,78.73134,,,,,,,NEUTRAL,prior-research-2026-09-30+NEUTRAL,True,0.52805,6.38298,208.77193,0.81141,0.5,-78.11123,-1.2338,-50.50761,15.65311,-39.20717,-7.05899,28.24987,0.13428,-5570.6,-0.01266,0.0,-66.6333,1.46071,0.17354,-0.49602,-0.67029,-0.43501,-0.44893,-1.56804,-0.23258,-0.1946,0.33921,-0.54232,-1.70409,1.00558,-0.07667,-2.17411,2026-09-29,False,,,,,,,,,,,
STUB,Technology Services,5.31,41203340.53974,63.24286,1.29623,-0.64003,13.0597,,,,,,,NEUTRAL,prior-research-2026-09-30+NEUTRAL,True,0.44031,5.66344,-61.15065,0.26379,0.5,-63.24286,-1.29623,-73.67114,17.53403,-102.25384,-83.94323,77.5343,91.97666,-64.53985,-0.67198,0.0,7.87161,-1.61147,-1.81972,0.21344,0.01976,-0.91806,-1.12679,0.12715,-1.84638,-2.32617,1.24951,0.92604,-1.28999,-0.30015,-0.21817,-0.16676,2026-09-29,False,,,,,,,,,,,
STWD,Finance,14.36,63289759.20582,17.89532,0.3995,-0.24033,31.25,,,,,,,NEUTRAL,prior-research-2026-09-30+NEUTRAL,False,0.4838,1.86735,-12.21718,0.79732,0.25,-17.89532,-0.3995,-20.4902,17.96323,3.37544,4.25509,126.65215,39.5188,73.33161,-3.64583,13.37047,10.65645,-0.69016,-0.33808,-2.19194,1.39158,0.49776,0.0195,1.46056,-0.51658,-0.29328,1.05061,0.03258,1.36997,-1.35349,2.04067,0.14233,2026-09-29,False,,,,,,,,,,,
SUPN,Health Technology,43.97,28134370.13817,33.28509,0.36227,0.32368,71.08209,,,,,,,NEUTRAL,prior-research-2026-09-30+NEUTRAL,True,0.50296,4.54758,-7.0168,0.7714,0.41667,-33.28509,-0.36227,-27.57895,17.1525,-10.48968,-4.35867,40.94606,32.93967,-7.73014,-0.03895,0.0,24.85443,-1.27312,0.00866,-1.12259,1.60564,1.46154,0.90489,0.05251,0.22455,-0.03049,0.75482,0.98045,-0.23778,0.64283,-0.07667,0.8576,2026-09-29,False,,,,,,,,,,,
SVIA,Technology Services,3.83,1963160.96606,100.14773,1.29864,-0.18513,34.88806,,,,,,,NEUTRAL,prior-research-2026-09-30+NEUTRAL,False,0.47406,14.49631,-78.04154,0.37184,0.41667,-100.14773,-1.29864,-86.21359,14.49007,,,73.98828,,,-0.35508,0.0,,-2.18491,-1.31405,-0.41313,-1.22353,-0.92179,-2.02953,-2.66634,0.0,0.0,1.16542,0.0,0.0,0.11176,-0.21817,0.0,2026-09-29,False,,,,,,,,,,,
SVM,Non-Energy Minerals,10.83,24762608.15849,67.95111,1.82294,0.21488,63.99254,,,,,,,NEUTRAL,prior-research-2026-09-30+NEUTRAL,False,0.49035,8.6762,110.25423,0.6901,0.66667,-67.95111,-1.82294,-43.79826,17.02485,3.62016,1.26691,40.99009,20.04609,56.49569,-0.12003,0.22686,52.59,1.10354,0.22762,0.93633,-0.07826,-0.06612,0.17475,-0.28402,-0.21968,-0.21256,0.31956,0.1258,1.94556,0.3222,0.9478,0.82861,2026-09-29,False,,,,,,,,,,,
SVRA,Health Technology,5.08,8542153.35484,45.95919,1.19897,0.65269,88.0597,,,,,,,NEUTRAL,prior-research-2026-09-30+NEUTRAL,True,0.53973,5.65302,49.43183,0.73199,0.5,-45.95919,-1.19897,-31.98848,15.96052,-105.47959,-13.22994,13.64722,0.0,,-0.21166,0.0,,0.09434,-0.20518,-0.49602,0.80023,-0.39271,0.57085,-1.23091,-0.8817,-0.55838,-0.47453,-1.05211,0.0,0.07,-0.07667,0.0,2026-09-29,False,,,,,,,,,,,
SWX,Utilities,82.24,41853765.86533,17.84423,0.04133,0.39473,76.30597,,,,,,,NEUTRAL,prior-research-2026-09-30+NEUTRAL,False,0.53903,1.30254,17.39004,0.88695,0.58333,-17.84423,-0.04133,-12.2324,17.54969,6.59033,8.70503,69.14951,29.18108,28.68295,-0.85082,3.07636,-63.47356,0.14301,0.47807,0.22543,1.13435,0.51149,1.00552,0.24139,-0.11882,0.78951,-0.06999,-0.72233,0.34863,0.30389,0.10319,-1.6492,2026-09-29,False,,,,,,,,,,,
SXI,Electronic Technology,273.35001,40759570.46814,42.73024,1.22983,0.59127,85.07463,,,,,,,NEUTRAL,prior-research-2026-09-30+NEUTRAL,False,0.53898,3.2875,47.21505,0.76502,0.66667,-42.73024,-1.22983,-28.65576,17.5232,14.28559,3.10968,22.86819,26.49814,17.13151,-0.74985,0.49753,12.8451,0.30183,0.55972,0.99661,1.49823,0.77213,1.1205,-0.15356,0.85474,0.48208,-0.29695,-0.02497,1.28427,-0.58961,1.15459,-0.01922,2026-09-29,False,,,,,,,,,,,
SXT,Consumer Non-Durables,128.72,39904846.89026,45.34387,0.58899,0.56159,83.48881,,,,,,,NEUTRAL,prior-research-2026-09-30+NEUTRAL,False,0.56416,1.3187,43.7317,0.93649,0.5,-45.34387,-0.58899,-18.92896,17.50201,13.07123,2.79013,22.25351,30.0876,14.04896,-0.6063,1.27408,8.11653,0.83617,1.3524,-0.21894,-0.16653,-0.19956,1.05712,-0.29724,0.07927,-0.16366,-0.78707,-1.1455,0.25356,0.08905,0.27515,0.24277,2026-09-29,False,,,,,,,,,,,
SYBT,Finance,77.25,11866764.89639,21.54368,0.64491,0.57313,84.14179,,,,,,,NEUTRAL,prior-research-2026-09-30+NEUTRAL,False,0.54803,1.87096,13.68001,0.88121,0.5,-21.54368,-0.64491,-12.4486,16.28925,13.27714,6.19165,51.61555,24.35135,45.46413,-0.37673,1.65696,9.30301,0.03213,0.15858,-0.31843,0.44944,-0.17696,1.05058,-0.7423,0.29664,0.08741,-0.46819,-0.50602,0.54052,0.31907,-0.24096,0.04171,2026-09-29,False,,,,,,,,,,,
SYNA,Electronic Technology,100.79,68073049.1272,68.77297,1.80861,-0.04527,44.68284,,,,,,,NEUTRAL,prior-research-2026-09-30+NEUTRAL,True,0.4743,8.08815,36.62884,0.683,0.5,-68.77297,-1.80861,-39.52701,18.03609,-42.23025,-12.35026,23.76657,30.12578,-2.93184,-0.9433,0.0,11.44001,0.09,0.12133,-0.3367,0.20989,0.1524,0.41544,0.67412,-1.04668,-0.93616,-0.25126,0.09784,-0.40132,-0.77047,-0.18865,-0.12312,2026-09-29,False,,,,,,,,,,,
TALO,Energy Minerals,16.21,28489770.53499,50.28784,-0.24013,0.37303,75.27985,,,,,,,NEUTRAL,prior-research-2026-09-30+NEUTRAL,True,0.51949,3.79388,62.79297,0.88434,0.5,-50.28784,0.24013,-22.18204,17.16506,-17.79501,-14.91728,74.87103,72.91036,6.27843,-0.66111,0.0,2.44078,0.80436,0.71642,-0.24958,-0.12054,1.56733,0.83927,-0.33146,-0.8845,-1.36752,0.27327,0.11641,-0.30721,-0.13887,-1.38816,-0.44814,2026-09-29,False,,,,,,,,,,,
TARS,Health Technology,76.69,51455967.32178,48.70304,0.64351,-0.06098,43.75,,,,,,,NEUTRAL,prior-research-2026-09-30+NEUTRAL,True,0.46278,11.76232,27.48268,0.84479,0.58333,-48.70304,-0.64351,-31.99612,17.75624,-13.68261,-1.28827,10.39296,16.80686,-8.0047,-0.25569,0.0,105.17357,-0.33951,0.37387,0.17039,0.62259,0.68392,0.56801,0.92089,0.17851,0.24527,-0.69781,0.34055,-0.24866,-0.01169,-0.07667,1.75116,2026-09-29,False,,,,,,,,,,,
TBBB,Retail Trade,52.4,26763237.91695,46.91307,0.35888,0.81466,92.44403,,,,,,,NEUTRAL,prior-research-2026-09-30+NEUTRAL,True,0.56565,2.73832,86.55751,0.97834,0.75,-46.91307,-0.35888,-18.6892,17.10254,-66.67457,-3.31236,5.44236,89.93029,-0.91797,-2.6516,0.0,49.73419,1.81087,2.03772,2.25821,0.09435,1.2736,1.35836,-0.65335,-2.14218,-1.34736,-2.2184,-0.69509,-0.71708,-0.61348,-0.98525,1.7646,2026-09-29,False,,,,,,,,,,,
TBBK,Finance,48.56,23236303.10287,46.88419,1.207,-0.66577,11.9403,,,,,,,NEUTRAL,prior-research-2026-09-30+NEUTRAL,False,0.45738,3.2634,-15.02846,0.60443,0.5,-46.88419,-1.207,-39.55688,16.96123,29.62916,11.73008,35.45006,42.31797,46.64462,-1.35849,0.0,2.6466,-0.79255,-1.21223,-0.31843,-1.2695,-1.26856,-1.23479,0.00499,1.13512,0.95,-0.97225,0.13025,0.59801,-0.63485,-2.03038,-0.52305,2026-09-29,False,,,,,,,,,,,
TCBI,Finance,93.31,46068813.69095,21.32352,0.86281,0.02895,49.72015,,,,,,,NEUTRAL,prior-research-2026-09-30+NEUTRAL,False,0.49716,1.37352,14.25117,0.86785,0.5,-21.32352,-0.86281,-14.21023,17.64565,10.18766,8.96874,82.35654,50.10211,35.90283,-0.23326,0.21434,3.10824,0.04222,0.07596,-0.31843,0.52074,-0.65007,0.78575,0.95449,0.01466,0.57744,0.24173,0.32707,0.12313,0.5623,-0.79717,-0.47643,2026-09-29,False,,,,,,,,,,,
TCBK,Finance,51.54,12744863.85498,25.46787,0.56494,0.3603,74.72015,,,,,,,NEUTRAL,prior-research-2026-09-30+NEUTRAL,False,0.52413,2.14421,22.56836,0.84207,0.5,-25.46787,-0.56494,-15.95688,16.36064,10.38202,8.21913,81.49799,33.30909,42.60034,-0.05735,2.79395,3.49832,0.25186,-0.08019,-0.31843,0.05894,0.04796,0.53517,-0.70297,0.03747,0.43608,0.20914,-0.19453,0.44236,1.05477,0.17337,-0.43354,2026-09-29,False,,,,,,,,,,,
TDC,Technology Services,28.69,66547775.61798,58.56208,0.79269,0.08071,52.33209,,,,,,,NEUTRAL,prior-research-2026-09-30+NEUTRAL,False,0.48091,5.49569,29.653,0.75739,0.5,-58.56208,-0.79269,-35.16368,18.01343,119.11573,16.91185,21.80302,62.44092,7.92431,-0.16695,0.0,0.95522,0.9007,0.29047,0.21344,0.2475,-0.05868,0.86966,0.90249,2.48054,2.24649,-0.38018,0.55435,0.19501,0.45344,-0.21817,-0.80624,2026-09-29,False,,,,,,,,,,,
TDOC,Health Services,5.75,26833619.84348,69.58727,1.14878,-0.31035,27.61194,,,,,,,NEUTRAL,prior-research-2026-09-30+NEUTRAL,True,0.4708,5.51948,-20.34314,0.59156,0.33333,-69.58727,-1.14878,-52.74842,17.10517,-12.98528,-16.87801,124.67208,236.85827,-5.85066,-0.79093,0.0,-2.07641,-1.03154,-0.91428,-1.50751,-0.5679,-0.94506,-0.55317,-0.12279,-0.5764,-0.98235,1.80991,1.13757,-0.6745,0.07182,-0.23761,-0.92057,2026-09-29,False,,,,,,,,,,,
TDS,Communications,34.16,42827168.02979,32.58874,0.40204,-0.12324,39.1791,,,,,,,NEUTRAL,prior-research-2026-09-30+NEUTRAL,False,0.466,6.69244,-10.02391,0.71995,0.66667,-32.58874,-0.40204,-30.56604,17.57268,10.55582,10.45856,103.57206,34.02537,-2.69205,-0.24155,0.46838,-73.81424,-0.89293,-0.18722,0.84354,1.03263,0.95995,0.27277,0.62107,0.42591,1.5058,1.55359,-0.91022,-0.52691,1.01385,0.6844,-1.66601,2026-09-29,False,,,,,,,,,,,
TDW,Transportation,81.14,46066835.96039,48.14213,0.55376,-0.31894,27.23881,,,,,,,NEUTRAL,prior-research-2026-09-30+NEUTRAL,False,0.48734,4.68214,60.85446,0.80648,0.58333,-48.14213,-0.55376,-29.10448,17.6456,19.49403,6.06205,34.20954,33.06088,17.7709,-0.46886,0.0,-1.02153,0.33399,-0.41761,-0.13921,-0.34646,0.10994,-0.17517,0.65457,0.30442,-0.41004,-0.79318,-0.81339,-0.02896,0.32227,-1.87968,-1.0628,2026-09-29,False,,,,,,,,,,,
TE,Producer Manufacturing,3.77,131496402.55928,125.26462,2.74658,-1.18185,3.45149,,,,,,,NEUTRAL,prior-research-2026-09-30+NEUTRAL,True,0.42362,10.0,117.72727,0.31312,0.41667,-125.26462,-2.74658,-70.34884,18.69449,-123.15932,-33.92417,18.72484,88.14839,-16.97505,-2.82809,0.0,426.98548,1.76399,-1.41436,-0.80251,-2.02607,-1.12466,-1.34429,1.95838,-1.82746,-1.79521,-0.86324,0.50189,-0.97627,-1.40709,-0.89902,2.15605,2026-09-29,False,,,,,,,,,,,
TEN,Transportation,47.17,9821952.24609,36.92274,0.26018,0.51128,81.62313,,,,,,,NEUTRAL,prior-research-2026-09-30+NEUTRAL,False,0.50255,7.13487,91.00635,0.8932,0.75,-36.92274,-0.26018,-20.46324,16.10013,16.88978,22.6588,144.3448,67.42105,38.29156,-1.02313,4.23998,23.23114,0.67388,0.15136,1.23981,0.37529,0.97266,0.41639,-1.17859,0.1694,1.52567,1.5942,0.01016,0.76022,-0.25791,0.82781,0.58202,2026-09-29,False,,,,,,,,,,,
TENB,Technology Services,34.99,117180561.11012,68.64639,0.51518,-0.3418,26.1194,,,,,,,NEUTRAL,prior-research-2026-09-30+NEUTRAL,False,0.46321,16.50615,27.00606,0.8204,0.41667,-68.64639,-0.51518,-47.34077,18.57923,2.45566,0.17096,5.0172,26.46184,4.20406,-2.12482,0.0,9.93288,0.86135,0.57231,-0.41313,-0.22004,0.67413,0.23328,1.65245,-0.35637,-0.2432,-1.7171,-0.43527,-0.22093,-1.22626,-0.21817,0.00702,2026-09-29,False,,,,,,,,,,,
TFIN,Finance,60.13,14509364.38599,34.3509,0.97698,0.04749,50.37313,,,,,,,NEUTRAL,prior-research-2026-09-30+NEUTRAL,False,0.53367,1.19221,39.85987,0.74161,0.5,-34.3509,-0.97698,-25.83868,16.4903,4.12093,2.69252,63.97508,37.65095,10.99216,-0.11762,0.0,9.20994,0.63587,-0.56958,-0.31843,-0.49233,-0.84431,-0.28312,-0.54411,-0.45474,-0.54969,-0.22431,-0.0297,-1.05195,0.85827,-2.03038,0.02854,2026-09-29,False,,,,,,,,,,,
TFX,Health Technology,126.32,77731825.75378,35.86492,0.48231,0.0145,48.69403,,,,,,,NEUTRAL,prior-research-2026-09-30+NEUTRAL,True,0.48255,4.34996,17.69671,0.88926,0.5,-35.86492,-0.48231,-24.3554,18.16878,-10.50745,-19.1875,54.0198,48.36663,11.01599,-0.98899,1.07663,-14.49173,-0.60513,0.68033,-0.49602,1.41491,1.16537,1.13476,1.60813,0.22106,-0.79636,1.13234,1.49609,1.19006,-0.89545,1.48657,-1.47714,2026-09-29,False,,,,,,,,,,,
TGB,Non-Energy Minerals,8.88,45084432.57332,73.03894,1.93962,0.22913,65.76493,,,,,,,NEUTRAL,prior-research-2026-09-30+NEUTRAL,False,0.50038,7.95847,126.66666,0.91736,0.66667,-73.03894,-1.93962,-35.47297,17.62405,2.21451,0.3296,18.00686,20.50416,28.32761,-1.18484,0.0,61.2903,1.2302,1.62329,0.93633,-0.30781,-0.1472,0.63117,0.52043,-0.33943,-0.35434,-0.64867,0.15406,0.92232,-1.03251,-0.2967,0.90335,2026-09-29,False,,,,,,,,,,,
TH,Consumer Services,19.28,21076847.64404,71.79242,0.86634,0.3027,69.77612,,,,,,,NEUTRAL,prior-research-2026-09-30+NEUTRAL,True,0.50873,10.66098,108.89639,0.89883,0.75,-71.79242,-0.86634,-30.0195,16.86369,-9.77022,-1.92889,18.81979,17.78078,-9.43956,-0.13045,0.0,11.91628,1.62902,0.82863,2.02486,-1.20428,-0.56988,0.33887,-0.75517,-1.39273,-0.6863,-0.3477,-1.43669,-1.35494,1.48852,-1.13702,0.62577,2026-09-29,False,,,,,,,,,,,
THFF,Finance,74.26,7639115.75317,21.37507,0.62845,0.7704,91.69776,,,,,,,NEUTRAL,prior-research-2026-09-30+NEUTRAL,False,0.55079,1.69119,41.88777,0.89697,0.66667,-21.37507,-0.62845,-11.35596,15.84879,13.41767,9.57522,76.33982,41.09846,37.90746,-0.90152,2.9491,8.24504,0.68501,0.32356,1.01488,0.50442,-0.12814,1.21715,-1.12809,0.30292,0.70441,0.08563,0.07994,0.20616,-0.26039,0.22698,-0.05823,2026-09-29,False,,,,,,,,,,,
THO,Consumer Durables,70.16,47139887.27417,35.70364,0.853,-0.25098,30.6903,,,,,,,NEUTRAL,prior-research-2026-09-30+NEUTRAL,False,0.4606,5.51902,-25.84634,0.59105,0.5,-35.70364,-0.853,-42.90847,17.66863,4.15298,4.91038,117.86355,265.77483,2.72619,-0.22781,2.96465,0.30552,-0.67926,-0.65712,0.0925,0.53792,0.04885,-0.26841,0.44142,-0.32752,0.30997,1.08642,0.74511,-0.51827,0.68951,1.35099,-0.19705,2026-09-29,False,,,,,,,,,,,
THRM,Producer Manufacturing,33.92,12568677.78625,48.89696,1.08743,0.70932,90.01866,,,,,,,NEUTRAL,prior-research-2026-09-30+NEUTRAL,False,0.5307,3.89495,12.29414,0.7437,0.41667,-48.89696,-1.08743,-30.3201,16.34672,3.73529,2.55374,69.56751,151.79139,5.00579,-0.44955,0.0,8.68051,0.106,0.41698,-0.80251,0.49135,0.53107,0.77737,-1.27411,-0.12173,0.23383,0.74438,1.02784,-0.03767,-0.00438,-0.89902,-0.08121,2026-09-29,False,,,,,,,,,,,
TLRY,Process Industries,3.95,15538050.40598,53.5341,1.3224,-0.8359,8.86194,,,,,,,NEUTRAL,prior-research-2026-09-30+NEUTRAL,True,0.44778,3.67647,-60.08696,0.1881,0.33333,-53.5341,-1.3224,-81.52381,16.5588,-7.7674,-21.0901,316.15712,159.04028,-6.03646,-0.24679,0.0,11.4628,-2.06066,-2.28357,-1.46938,-0.53431,-1.03626,-2.41812,-0.61305,-0.53197,-1.42748,3.0,0.58764,-0.96397,0.51857,-1.39001,0.67818,2026-09-29,False,,,,,,,,,,,
TMC,Non-Energy Minerals,3.74,17776575.08016,79.96224,2.58274,-0.35441,25.5597,,,,,,,NEUTRAL,prior-research-2026-09-30+NEUTRAL,True,0.47323,9.52381,-24.37107,0.34986,0.5,-79.96224,-2.58274,-67.72685,16.69339,-1123.19056,-17.14997,,0.0,,,0.0,,-1.49805,-1.15671,-0.39697,-0.55776,-0.63123,-0.96714,-0.69651,-3.0,-1.50009,0.0,-1.42997,0.0,0.0,-0.2967,0.0,2026-09-29,False,,,,,,,,,,,
TMDX,Health Technology,84.07,58613607.7034,63.1641,0.83844,-0.84247,8.67537,,,,,,,NEUTRAL,prior-research-2026-09-30+NEUTRAL,False,0.44245,4.47798,-22.34127,0.5589,0.58333,-63.1641,-0.83844,-58.75548,17.88648,36.28494,5.28876,18.08486,23.30515,12.20791,-1.67496,0.0,25.81932,-1.71466,-0.95734,0.17039,-0.01131,0.26655,-0.82798,1.17861,2.62346,1.28698,-0.20339,0.64819,1.27586,-1.33371,-0.07667,0.89144,2026-09-29,False,,,,,,,,,,,
TMP,Finance,96.96,9568618.74771,25.25441,0.66443,0.66931,88.33955,,,,,,,NEUTRAL,prior-research-2026-09-30+NEUTRAL,False,0.55444,2.1036,47.23616,0.95801,0.75,-25.25441,-0.66443,-13.03099,16.074,20.36318,12.48004,68.64214,28.02765,20.98659,-0.75846,2.77434,-13.64925,0.77492,1.07298,1.72701,0.08589,-0.2343,0.98042,-0.92406,0.77504,1.01891,-0.12722,-0.36112,-0.36416,-0.1268,0.15759,-1.48599,2026-09-29,False,,,,,,,,,,,
TNDM,Health Technology,16.57,32842285.80837,73.23425,0.89256,-0.36308,24.90672,,,,,,,NEUTRAL,prior-research-2026-09-30+NEUTRAL,True,0.46829,7.67813,78.58334,0.58634,0.5,-73.23425,-0.89256,-54.63553,17.30723,-48.02576,-5.55881,11.45394,91.39551,-4.17042,-5.66964,0.0,3.92116,0.49339,-0.85115,-0.49602,-0.4673,0.14258,-0.65552,0.28286,-0.36815,-0.11555,-0.60698,2.1027,-0.10429,-2.1806,-0.07667,-0.36373,2026-09-29,False,,,,,,,,,,,
TNGX,Health Technology,24.42,57107820.84274,98.25407,1.0794,-0.33217,26.77239,,,,,,,NEUTRAL,prior-research-2026-09-30+NEUTRAL,True,0.45091,14.3305,173.62252,0.74225,0.5,-98.25407,-1.0794,-33.89058,17.86045,-21.34049,-3.04655,25.26319,1.32507,-253.37942,-0.03123,0.0,121.47179,1.34017,-0.13199,-0.49602,-1.21795,-0.13489,0.44131,1.14525,0.01888,0.07598,0.18084,-0.36219,-0.91786,0.74168,-0.07667,1.80903,2026-09-29,False,,,,,,,,,,,
TNK,Transportation,96.81,31964646.63391,39.89479,0.23364,0.19951,62.96642,,,,,,,NEUTRAL,prior-research-2026-09-30+NEUTRAL,False,0.49533,4.31062,73.27137,0.95927,0.58333,-39.89479,-0.23364,-21.247,17.28014,28.03563,17.22458,69.12726,33.54388,38.75439,-0.0117,1.03295,19.33065,0.49067,0.99521,-0.13921,0.17552,1.04532,0.35672,0.157,0.67753,1.13488,0.11302,-0.79522,0.78988,1.69448,-0.32855,0.41811,2026-09-29,False,,,,,,,,,,,
TNL,Consumer Services,63.98,48085048.57559,36.22566,0.69497,0.26587,67.91045,,,,,,,NEUTRAL,prior-research-2026-09-30+NEUTRAL,False,0.5161,2.11138,20.93114,0.8231,0.5,-36.22566,-0.69497,-21.05664,17.68848,,6.16312,,106.01601,17.58671,,3.62613,4.12004,0.2732,0.28374,-0.02057,0.59405,-0.22285,0.94564,0.39426,0.0,0.56445,0.0,0.43495,0.5831,0.0,1.41796,0.00663,2026-09-29,False,,,,,,,,,,,
TOWN,Finance,35.82,20190251.07079,18.14115,0.4885,0.56611,83.86194,,,,,,,NEUTRAL,prior-research-2026-09-30+NEUTRAL,False,0.5314,2.16557,10.70143,0.93131,0.5,-18.14115,-0.4885,-13.91767,16.82071,12.00904,9.4504,90.18939,42.66831,46.25469,-0.16874,3.04299,34.95333,-0.0438,0.67829,-0.31843,1.36592,0.28892,0.86722,-0.16826,0.18047,0.68949,0.41832,0.1421,0.58121,0.69481,0.31062,1.11761,2026-09-29,False,,,,,,,,,,,
TPB,Consumer Non-Durables,60.08,24245452.40707,60.41678,0.37218,-0.38505,23.13433,,,,,,,NEUTRAL,prior-research-2026-09-30+NEUTRAL,False,0.49103,3.24351,-14.15782,0.42151,0.5,-60.41678,-0.37218,-57.84927,17.00374,13.73695,3.71244,35.83767,42.26464,16.89805,-0.72232,0.51598,20.09594,-0.63984,-1.30669,-0.21894,-0.89428,0.40475,-1.25551,-0.96013,0.13897,-0.00304,-0.24678,-0.7194,0.43736,-0.03298,-0.04815,0.92519,2026-09-29,False,,,,,,,,,,,
TPC,Industrial Services,84.4,37615461.33957,51.88623,1.41914,0.36588,75.09328,,,,,,,NEUTRAL,prior-research-2026-09-30+NEUTRAL,False,0.51541,3.36309,37.85181,0.85242,0.58333,-51.88623,-1.41914,-29.32525,17.44293,10.10904,2.81737,28.79104,135.27333,4.49004,-0.36712,0.31991,24.70144,0.21375,0.8582,0.17667,0.08558,-0.85592,0.5509,-0.2281,0.20799,0.17835,-0.3857,0.9101,-0.42272,0.5379,0.37101,0.5985,2026-09-29,False,,,,,,,,,,,
TREX,Non-Energy Minerals,44.06,73272996.24367,43.38681,1.06934,-0.17363,35.35448,,,,,,,NEUTRAL,prior-research-2026-09-30+NEUTRAL,False,0.46988,4.44038,-10.74493,0.82248,0.5,-43.38681,-1.06934,-43.75583,18.1097,17.74097,3.94882,22.49011,26.89449,20.16698,-0.30034,0.0,6.97497,-1.1129,0.89625,-0.39697,1.12568,0.89933,0.17775,1.331,0.89712,0.24059,-0.38455,0.40393,0.61363,-0.07363,-0.2967,-0.69752,2026-09-29,False,,,,,,,,,,,
TRIN,Miscellaneous,17.76,16653343.96667,20.98454,0.52634,0.12618,55.87687,,,,,,,NEUTRAL,prior-research-2026-09-30+NEUTRAL,False,0.50992,2.32954,34.39806,0.95722,0.5,-20.98454,-0.52634,-14.98971,16.62812,12.90549,8.38789,75.71661,16.3501,85.3269,-1.1896,0.0,8.53513,0.66497,0.51271,-0.14766,0.34659,-0.34263,0.34373,0.53532,0.56053,0.72136,-0.62496,-0.30384,1.02342,-0.04187,-3.0,0.49189,2026-09-29,False,,,,,,,,,,,
TRIP,Consumer Services,8.4,36629333.80833,61.37748,0.97846,-0.54294,15.95149,,,,,,,NEUTRAL,prior-research-2026-09-30+NEUTRAL,False,0.45178,5.97016,-42.4154,0.49008,0.33333,-61.37748,-0.97846,-53.09218,17.41636,0.83753,0.49927,66.20421,178.56781,4.95443,-1.34928,0.0,-4.36898,-1.4494,-1.18169,-1.24805,-0.72438,-0.75544,-0.95594,-0.03882,-1.0837,-0.44983,1.17661,0.92014,-0.51644,0.06611,-1.13702,-0.75569,2026-09-29,False,,,,,,,,,,,
TRLV,Process Industries,12.41,11070810.73198,85.804,0.94446,0.06023,51.1194,,,,,,,NEUTRAL,prior-research-2026-09-30+NEUTRAL,True,0.50033,8.43478,64.92256,0.95462,0.5,-85.804,-0.94446,-54.42287,16.21982,-46.95864,-23.01374,37.35253,55.38468,13.74772,-0.75217,0.0,-3.89713,1.05656,1.59931,-0.2419,-1.79643,-0.41285,-1.04741,-0.90322,-1.14746,-1.44391,-0.48351,-0.41566,0.58556,-0.13593,-1.39001,-0.6262,2026-09-29,False,,,,,,,,,,,
TRMD,Transportation,36.15,16498051.41068,40.29068,0.31114,0.39561,76.39925,,,,,,,NEUTRAL,prior-research-2026-09-30+NEUTRAL,False,0.49771,8.97357,64.94671,0.94559,0.58333,-40.29068,-0.31114,-23.52552,16.61875,26.66396,15.54742,64.45557,43.74092,39.08703,-0.42199,6.56092,20.28713,0.3852,0.73012,-0.13921,0.15264,0.78965,0.23331,-0.71136,0.63227,0.86071,0.01511,-0.42628,0.8142,0.37798,1.38682,0.46553,2026-09-29,False,,,,,,,,,,,
TRN,Producer Manufacturing,26.71,19012350.0,38.08284,0.60973,0.57176,84.04851,,,,,,,NEUTRAL,prior-research-2026-09-30+NEUTRAL,False,0.53874,0.82674,8.59846,0.7016,0.58333,-38.08284,-0.60973,-29.83977,16.7606,32.38547,15.8368,53.31796,95.30079,15.19291,-4.57222,4.60502,-18.94595,0.01696,0.16137,0.49047,1.18705,1.45799,0.81841,-0.79351,1.62223,2.18301,0.40527,0.61777,0.87733,-1.70711,1.86851,-1.66595,2026-09-29,False,,,,,,,,,,,
TRNS,Electronic Technology,87.57,10121831.96411,44.8471,1.16865,0.99085,96.26866,,,,,,,NEUTRAL,prior-research-2026-09-30+NEUTRAL,False,0.54437,4.16288,16.48576,0.89577,0.66667,-44.8471,-1.16865,-34.34229,16.13021,1.15747,0.41615,36.58138,42.07387,4.42884,-0.47293,0.0,20.91359,-0.37236,1.32982,0.99661,1.36084,0.86924,0.71792,-1.74846,-0.21868,0.01181,0.2466,0.51196,0.15402,-0.3038,-0.18865,0.31724,2026-09-29,False,,,,,,,,,,,
TRST,Finance,54.58,6849592.95959,21.13924,0.52317,0.9656,95.70896,,,,,,,NEUTRAL,prior-research-2026-09-30+NEUTRAL,False,0.57216,2.01246,55.40211,0.92336,0.83333,-21.13924,-0.52317,-8.60646,15.7397,9.64892,6.95403,70.10445,30.52077,41.20787,-0.22064,2.7849,6.49601,0.94348,0.59531,2.63301,0.57149,0.19086,1.92611,-1.26021,-0.03343,0.18962,-0.07366,-0.2832,0.38656,0.58873,0.16809,-0.19294,2026-09-29,False,,,,,,,,,,,
TRVI,Health Technology,14.42,28010434.42707,54.13549,0.96576,0.24718,66.79104,,,,,,,NEUTRAL,prior-research-2026-09-30+NEUTRAL,True,0.51596,2.8968,91.44812,0.73949,0.58333,-54.13549,-0.96576,-29.49894,17.14809,-19.65658,-2.45353,15.44077,0.0,,-0.00188,0.0,,0.61392,-0.1471,0.17039,0.36559,0.02568,0.7591,0.05001,0.04683,0.12991,-0.35727,-1.05211,0.0,1.524,-0.07667,0.0,2026-09-29,False,,,,,,,,,,,
TSHA,Health Technology,4.99,14271347.74361,71.97393,1.52937,0.33968,72.38806,,,,,,,NEUTRAL,prior-research-2026-09-30+NEUTRAL,True,0.51078,6.85224,77.53846,0.7149,0.41667,-71.97393,-1.52937,-33.09455,16.47376,-47.05492,-9.24007,23.95332,0.33871,-2854.9134,-0.14688,0.0,-32.26723,0.48038,-0.31766,-1.12259,-0.42296,-0.78462,0.49458,-0.77008,-0.3508,-0.35209,0.11275,-0.43304,-1.39932,0.22121,-0.07667,-1.79747,2026-09-29,False,,,,,,,,,,,
TSLX,Miscellaneous,18.34,7508929.0781,27.46309,0.36624,-0.28085,29.10448,,,,,,,NEUTRAL,prior-research-2026-09-30+NEUTRAL,False,0.5013,2.0123,-11.50896,0.87679,0.75,-27.46309,-0.36624,-24.33398,15.8316,5.6246,5.11458,88.94797,19.90774,55.54623,-1.24307,9.81461,-17.25035,-0.50931,-0.41545,1.89777,-0.3558,0.07822,-0.53437,-0.23803,-0.04093,0.14933,-0.29203,-0.12443,0.12632,-0.07945,-0.00267,-1.04456,2026-09-29,False,,,,,,,,,,,
TSSI,Technology Services,9.82,6613650.31147,95.71382,2.21904,0.06138,51.49254,,,,,,,NEUTRAL,prior-research-2026-09-30+NEUTRAL,False,0.48485,9.80603,-53.85051,0.4809,0.5,-95.71382,-2.21904,-66.11165,15.70465,31.99457,5.13373,28.84657,69.04398,4.86193,-0.48278,0.0,-26.51679,-1.34768,-0.93345,0.21344,-1.08536,-1.78091,-0.68619,-1.9565,1.47721,0.62063,-0.04367,0.64143,-0.12694,-0.09428,-0.21817,-1.80398,2026-09-29,False,,,,,,,,,,,
TTD,Technology Services,12.05,265332189.50844,63.11321,0.33194,-1.47619,1.1194,,,,,,,NEUTRAL,prior-research-2026-09-30+NEUTRAL,False,0.40575,5.58781,-71.21341,0.22261,0.25,-63.11321,-0.33194,-77.73878,19.39649,15.44113,7.14471,45.22715,52.50505,19.60833,-0.16863,0.0,11.61029,-1.93455,-2.0039,-1.66008,0.04094,1.16514,-1.39056,2.4747,0.7109,0.96236,0.48502,0.36812,1.1171,0.44719,-0.21817,0.14075,2026-09-29,False,,,,,,,,,,,
TVTX,Health Technology,59.99,81557515.33737,63.0442,0.96532,-0.23486,31.8097,,,,,,,NEUTRAL,prior-research-2026-09-30+NEUTRAL,True,0.47848,3.58345,159.56522,0.88848,0.66667,-63.0442,-0.96532,-33.49056,18.21682,-236.35475,-1.20277,0.4362,10.50897,-6.84185,-25.15721,0.0,77.11627,1.2067,0.66766,0.83728,-0.00077,0.0287,0.47212,1.69591,-1.24916,0.25706,-2.6006,0.03256,-0.18476,-2.79529,-0.07667,1.57844,2026-09-29,False,,,,,,,,,,,
TYRA,Health Technology,21.98,16253892.46445,72.58493,0.67683,-0.02887,45.70896,,,,,,,NEUTRAL,prior-research-2026-09-30+NEUTRAL,True,0.48392,15.24537,92.2899,0.55491,0.58333,-72.58493,-0.67683,-45.84701,16.60384,-45.30726,-9.77719,26.82222,0.0,,-0.01578,0.0,,0.61887,-0.96808,0.17039,-0.44497,0.57863,-0.17963,-0.62366,-0.3226,-0.37911,0.26617,-1.05211,0.0,0.92222,-0.07667,0.0,2026-09-29,False,,,,,,,,,,,
UA,Consumer Non-Durables,4.22,13209627.17468,52.4763,1.16531,0.19352,62.59328,,,,,,,NEUTRAL,prior-research-2026-09-30+NEUTRAL,True,0.50642,4.79167,1.64609,0.53553,0.5,-52.4763,-1.16531,-46.4467,16.39646,-29.82464,-26.46945,77.24344,266.2318,0.67456,-0.96356,0.0,-3.23451,-0.19601,-0.84149,-0.21894,-0.56916,-1.35246,-0.65852,-1.67053,-1.52759,-2.03974,0.81721,1.20275,-1.01165,-0.27064,-1.39905,-0.74961,2026-09-29,False,,,,,,,,,,,
UAA,Consumer Non-Durables,4.27,44281381.49929,52.95119,1.16914,-0.29625,28.35821,,,,,,,NEUTRAL,prior-research-2026-09-30+NEUTRAL,True,0.47485,4.6748,2.21328,0.52457,0.5,-52.95119,-1.16914,-47.543,17.60607,-29.82464,-26.32445,75.92078,264.77343,0.67456,-0.96356,0.0,-3.23451,-0.1636,-0.91499,-0.21894,-0.6035,-1.36938,-0.74667,-0.14368,-1.52759,-2.00969,0.78754,1.17336,-1.01165,-0.27064,-1.39905,-0.74961,2026-09-29,False,,,,,,,,,,,
UAMY,Non-Energy Minerals,4.18,30644118.87598,104.96027,3.04211,-0.80548,9.23507,,,,,,,NEUTRAL,prior-research-2026-09-30+NEUTRAL,True,0.44233,13.03419,-22.4,0.23927,0.33333,-104.96027,-3.04211,-76.07327,17.23795,-14.8739,-2.4791,27.64886,5.55902,-65.18486,-0.00201,0.0,35.88768,-1.45965,-1.66896,-1.62445,-1.21608,-1.06764,-1.50785,0.01709,-0.80725,-0.63616,-0.14602,-0.52529,-1.83125,1.5209,-0.2967,0.60385,2026-09-29,False,,,,,,,,,,,
UCB,Finance,33.6,28869118.68896,21.90767,0.67859,0.11593,54.75746,,,,,,,NEUTRAL,prior-research-2026-09-30+NEUTRAL,False,0.50062,2.52125,13.13147,0.91261,0.5,-21.90767,-0.67859,-17.94533,17.17828,10.20651,9.23541,92.73402,37.92714,44.86612,-0.31525,2.97619,4.04881,0.02455,0.49131,-0.31843,0.37593,-0.29107,0.24316,0.31317,0.01751,0.65077,0.46193,-0.01782,0.50922,0.4258,0.25994,-0.38296,2026-09-29,False,,,,,,,,,,,
UCTT,Producer Manufacturing,80.46,82781213.25302,97.85515,2.7072,-0.60948,13.99254,,,,,,,NEUTRAL,prior-research-2026-09-30+NEUTRAL,True,0.44852,8.77009,160.4198,0.56428,0.66667,-97.85515,-2.7072,-54.33761,18.23171,-3.4432,-0.64185,17.54051,60.21604,2.84244,-1.21272,0.0,2.53141,2.06252,-0.39021,1.15736,-1.31647,-1.07467,-0.5404,1.36075,-0.48195,-0.24464,-0.98701,0.1431,-0.29893,-0.72786,-0.89902,-0.60879,2026-09-29,False,,,,,,,,,,,
UEC,Non-Energy Minerals,9.29,82568303.37505,77.57566,2.34124,-0.76982,9.79478,,,,,,,NEUTRAL,prior-research-2026-09-30+NEUTRAL,True,0.46822,3.03293,-9.29042,0.46127,0.41667,-77.57566,-2.34124,-55.1142,18.22914,-11.64153,-2.82123,28.21291,0.76535,-357.65101,-0.0,0.0,-44.2674,-1.06888,-0.69232,-1.02354,-0.49458,-0.49853,-0.39065,1.53253,-0.77147,-0.6678,-0.10808,-0.77481,-2.23999,2.09381,-0.2967,-2.47481,2026-09-29,False,,,,,,,,,,,
UFPI,Non-Energy Minerals,78.77,33289975.75989,33.55504,0.67879,0.35276,73.97388,,,,,,,NEUTRAL,prior-research-2026-09-30+NEUTRAL,False,0.50636,3.42594,-5.64372,0.68966,0.5,-33.55504,-0.67879,-31.28531,17.32077,7.74012,5.51328,69.98714,143.62907,5.08501,-0.13445,1.80272,-4.71736,-0.98116,0.22495,-0.39697,1.72564,1.56983,0.90983,0.11845,0.06566,0.56205,1.02822,2.16734,-0.62641,0.25881,1.519,-1.68332,2026-09-29,False,,,,,,,,,,,
UFPT,Process Industries,296.92001,42661456.86951,50.19331,0.9102,-0.02174,46.26866,,,,,,,NEUTRAL,prior-research-2026-09-30+NEUTRAL,False,0.49712,3.86248,55.03255,0.88675,0.58333,-50.19331,-0.9102,-30.68844,17.56881,17.0524,3.16024,20.21405,27.61092,15.22816,-0.29483,0.0,7.31957,0.94952,0.79302,0.42452,-0.36976,-0.362,0.24423,0.67837,1.01898,0.34801,-1.19343,-1.23864,0.69086,0.44468,-1.39001,0.3289,2026-09-29,False,,,,,,,,,,,
ULCC,Transportation,6.095,17973281.36835,78.0374,1.99764,-0.44936,20.05597,,,,,,,NEUTRAL,prior-research-2026-09-30+NEUTRAL,True,0.46628,5.81197,19.18367,0.7562,0.5,-78.0374,-1.99764,-52.45399,16.7044,-120.24922,-27.82885,9.80564,299.48454,-17.18825,-38.54412,0.0,9.95236,-0.50495,-0.617,-0.80563,-1.65862,-2.07304,-1.48867,-0.60834,-2.57976,-2.91114,-2.12426,1.62172,-2.09279,-2.47053,-1.87968,-0.05848,2026-09-29,False,,,,,,,,,,,
UMAC,Electronic Technology,24.94,65330503.72906,134.00319,3.24549,-0.35432,25.65299,,,,,,,NEUTRAL,prior-research-2026-09-30+NEUTRAL,True,0.46657,9.34343,85.74748,0.73224,0.58333,-134.00319,-3.24549,-52.62515,17.99497,-2.94216,-0.51169,30.72141,2.52168,-93.51879,-0.00813,0.0,313.56936,0.81691,0.38869,0.32972,-1.62661,-1.25903,-0.24432,0.60369,-0.35255,-0.08677,0.06811,-1.05848,-1.07546,1.17697,-0.18865,1.74629,2026-09-29,False,,,,,,,,,,,
UNF,Consumer Services,254.53999,51012604.73022,17.73412,0.18755,0.74515,91.04478,,,,,,,NEUTRAL,prior-research-2026-09-30+NEUTRAL,False,0.56448,1.44403,67.83209,0.84624,0.66667,-17.73412,-0.18755,-15.37628,17.74758,5.29588,2.63287,49.98064,56.67597,5.76868,-0.03869,0.56769,1.41103,1.16743,0.43317,1.31273,2.67478,1.25372,1.55278,0.46312,-0.76435,-0.08477,0.81947,-0.19342,-0.41878,1.87225,0.23312,-0.29397,2026-09-29,False,,,,,,,,,,,
UNFI,Distribution Services,45.47,24611376.77345,40.46231,0.47905,0.33183,71.64179,,,,,,,NEUTRAL,prior-research-2026-09-30+NEUTRAL,False,0.4998,5.50983,44.84503,0.81898,0.58333,-40.46231,-0.47905,-26.99814,17.01872,5.29634,3.11135,60.05867,1153.86632,1.12031,-1.8723,0.0,-1.98842,0.64967,-0.09489,0.75347,0.31249,0.89103,0.53424,-0.58078,-0.45506,-0.04431,0.34992,1.55015,-0.39309,-0.50995,-0.43494,-0.91425,2026-09-29,False,,,,,,,,,,,
UNIT,Communications,8.57,19602963.47179,44.38486,1.10153,0.1823,61.84701,,,,,,,NEUTRAL,prior-research-2026-09-30+NEUTRAL,False,0.50137,3.24873,61.874,0.67216,0.75,-44.38486,-1.10153,-32.78432,16.79119,,51.51939,8.15639,173.17232,9.74244,-68.68793,0.0,199.70268,0.74682,-0.42415,1.55567,0.28135,-0.57118,0.13002,-0.39282,0.0,3.0,-1.59526,0.77319,0.59018,-2.93492,-0.64736,2.57987,2026-09-29,False,,,,,,,,,,,
UPST,Finance,23.14,110066933.75244,59.17471,2.22514,-1.7849,0.37313,,,,,,,NEUTRAL,prior-research-2026-09-30+NEUTRAL,False,0.43902,2.84776,-49.29381,0.40349,0.41667,-59.17471,-2.22514,-59.84307,18.5166,7.94131,2.65752,35.12902,54.88744,3.98887,-2.53983,0.0,46.29804,-1.6921,-1.9895,-0.94499,-1.83642,-2.27108,-2.23556,2.25962,-0.18929,-0.56277,-0.99283,0.43052,-1.80643,-1.11959,-2.03038,1.26558,2026-09-29,False,,,,,,,,,,,
UPWK,Commercial Services,8.1,26517570.51888,56.60036,0.57133,-0.51316,17.25746,,,,,,,NEUTRAL,prior-research-2026-09-30+NEUTRAL,False,0.46432,3.68609,-52.89817,0.36635,0.25,-56.60036,-0.57133,-64.54093,17.09332,16.69519,10.016,60.17273,77.43401,16.83831,-0.62069,0.0,1.86026,-1.59616,-1.56265,-1.62212,-0.37064,0.02294,-1.17184,-0.36143,0.41608,1.02488,0.61012,-0.09134,0.77403,0.0299,-0.53421,-0.7535,2026-09-29,False,,,,,,,,,,,
URGN,Health Technology,40.45,31244836.37619,56.95985,0.88108,0.06041,51.21269,,,,,,,NEUTRAL,prior-research-2026-09-30+NEUTRAL,False,0.49952,4.19262,137.84078,0.80433,0.66667,-56.95985,-0.88108,-42.21618,17.25736,,-4.91496,,9.5008,-35.31584,,0.0,100.27377,1.08761,0.13514,0.83728,0.25081,0.15446,-0.00973,0.22846,0.0,-0.07949,0.0,0.00353,-0.51257,0.0,-0.07667,1.71892,2026-09-29,False,,,,,,,,,,,
UROY,Non-Energy Minerals,4.08,10396979.83289,66.94862,1.73801,0.34704,73.60075,,,,,,,NEUTRAL,prior-research-2026-09-30+NEUTRAL,False,0.51574,8.55856,-0.81585,0.74725,0.33333,-66.94862,-1.73801,-52.1978,16.15703,,0.19751,59.51156,2.44503,3.3663,-0.61657,0.0,132.41002,-0.85796,0.55872,-1.62445,-0.05496,0.02496,-0.23135,-1.19894,0.0,-0.36548,0.80646,-0.66763,-0.83364,-0.50483,-0.2967,1.28779,2026-09-29,False,,,,,,,,,,,
USAR,Producer Manufacturing,14.075,185217861.43799,93.98271,3.23822,-1.27393,2.14552,,,,,,,NEUTRAL,prior-research-2026-09-30+NEUTRAL,True,0.42076,9.17372,3.83838,0.36388,0.5,-93.98271,-3.23822,-69.23475,19.03704,-23.6464,-5.14239,70.39857,0.23815,-949.47576,-0.00534,0.0,,-0.10487,-1.18632,-0.17595,-1.21847,-1.70334,-1.26498,2.31337,-0.8828,-0.64207,0.77147,-2.05393,-1.86874,1.59071,-0.89902,0.0,2026-09-29,False,,,,,,,,,,,
USAS,Non-Energy Minerals,4.5,20550904.5959,81.48771,2.61184,-0.17487,35.26119,,,,,,,NEUTRAL,prior-research-2026-09-30+NEUTRAL,True,0.48386,10.48035,54.54546,0.44865,0.66667,-81.48771,-2.61184,-63.50947,16.83842,-27.14827,-3.06521,19.09162,11.61958,19.09749,-0.18826,0.0,78.34892,0.46531,-0.74573,0.93633,-0.58507,-0.6416,-0.77726,-0.52109,-1.04392,-0.69677,-0.5579,-0.28913,0.5319,0.12669,-0.2967,1.02804,2026-09-29,False,,,,,,,,,,,
USLM,Non-Energy Minerals,110.5,16575273.26202,40.71159,0.84188,0.63792,87.31343,,,,,,,NEUTRAL,prior-research-2026-09-30+NEUTRAL,False,0.55437,1.80954,-7.36871,0.79319,0.5,-40.71159,-0.84188,-30.05502,16.62342,21.35356,4.17354,21.60087,11.70237,42.1087,-0.00467,0.21719,6.99909,-1.02297,0.74236,-0.39697,1.27844,1.26974,1.00551,-0.77374,1.11741,0.28871,-0.43533,-0.28455,1.4201,1.30382,0.94027,-0.69487,2026-09-29,False,,,,,,,,,,,
USPH,Health Services,86.15,14537449.47968,44.51116,0.64005,0.53316,82.74254,,,,,,,NEUTRAL,prior-research-2026-09-30+NEUTRAL,False,0.54252,2.28658,-3.28596,0.94862,0.58333,-44.51116,-0.64005,-35.88927,16.49224,0.5395,0.19851,34.77343,62.95455,9.84643,-0.85988,2.1242,11.31985,-0.56311,1.23426,0.38638,0.65033,0.02179,0.31884,-0.84777,-0.22895,0.13498,-0.2112,-0.1885,0.55281,0.00645,1.69991,0.26161,2026-09-29,False,,,,,,,,,,,
UTI,Commercial Services,18.63,38892106.27213,82.93216,0.89885,-0.86262,8.30224,,,,,,,NEUTRAL,prior-research-2026-09-30+NEUTRAL,False,0.46354,3.25048,-33.09262,0.36387,0.58333,-82.93216,-0.89885,-63.92578,17.4763,10.53459,3.35472,33.67992,86.43275,5.13323,-1.04405,0.0,9.14887,-1.05176,-1.57942,0.91781,-1.43357,-0.73302,-1.15453,0.15768,-0.09147,-0.17065,-0.12806,-0.01042,-0.20828,-0.40797,-0.53421,-0.105,2026-09-29,False,,,,,,,,,,,
UUUU,Non-Energy Minerals,10.99,85422486.45668,74.66769,2.44738,-0.86628,8.20896,,,,,,,NEUTRAL,prior-research-2026-09-30+NEUTRAL,True,0.45244,5.12821,-12.20825,0.39646,0.41667,-74.66769,-2.44738,-61.25541,18.26312,-11.41119,-2.69855,27.71859,3.49117,-78.64653,-0.85505,0.0,62.50711,-1.15819,-0.9303,-1.02354,-0.35338,-0.52522,-0.68676,1.59608,-0.76089,-0.65508,-0.13966,-0.60003,-1.89552,-0.73795,-0.2967,0.91054,2026-09-29,False,,,,,,,,,,,
VAC,Consumer Services,104.68,42881343.96973,55.08039,1.19923,-0.0063,47.38806,,,,,,,NEUTRAL,prior-research-2026-09-30+NEUTRAL,True,0.48508,7.46901,63.31765,0.84581,0.66667,-55.08039,-1.19923,-36.70516,17.57395,-14.71042,-9.31832,57.39032,144.0434,10.40093,-2.68546,3.04738,1.67389,1.09932,0.42224,1.31273,-0.46905,-1.15607,-0.12208,0.19863,-1.45987,-1.23125,1.001,0.7082,0.06405,-0.47146,1.20971,-0.26245,2026-09-29,False,,,,,,,,,,,
VAL,Industrial Services,78.45,83538310.71777,47.60329,0.4778,-0.21457,32.64925,,,,,,,NEUTRAL,prior-research-2026-09-30+NEUTRAL,False,0.45528,8.56405,71.21031,0.69168,0.58333,-47.60329,-0.4778,-36.11356,18.24082,33.85702,16.95942,58.24633,38.58467,12.08776,-0.36188,0.0,-13.22156,0.75913,0.00676,0.17667,0.31618,0.98621,0.09343,1.0559,1.51979,2.25082,0.48239,-0.39357,0.34705,0.5515,-0.8999,-1.69697,2026-09-29,False,,,,,,,,,,,
VC,Producer Manufacturing,87.06,42274695.84351,41.43644,0.91672,0.2228,65.29851,,,,,,,NEUTRAL,prior-research-2026-09-30+NEUTRAL,False,0.51237,1.13056,-16.3993,0.70526,0.33333,-41.43644,-0.91672,-31.0165,17.5597,9.95714,6.40009,68.27006,160.17178,7.32998,-0.2694,1.49322,-1.12507,-0.71055,0.17447,-1.40342,0.95284,0.80392,0.71945,0.24333,0.35866,0.92525,0.7044,1.06454,0.22905,0.31201,0.86006,-0.97973,2026-09-29,False,,,,,,,,,,,
VCEL,Health Technology,40.61,21239300.0,38.75003,0.92522,0.51764,81.90299,,,,,,,NEUTRAL,prior-research-2026-09-30+NEUTRAL,False,0.52644,3.28638,35.46147,0.84061,0.41667,-38.75003,-0.92522,-31.02962,16.87136,7.15698,1.17052,17.89522,14.80254,5.95326,-0.25556,0.0,22.95449,-0.20071,0.34679,-1.12259,1.27231,0.09489,0.63656,-0.30222,0.99099,0.53114,-0.21193,0.25296,0.68632,-0.00882,-0.07667,0.75772,2026-09-29,False,,,,,,,,,,,
VCYT,Health Technology,46.08,56658356.87332,69.18588,1.32134,-0.38273,23.41418,,,,,,,NEUTRAL,prior-research-2026-09-30+NEUTRAL,False,0.44151,10.77134,29.60527,0.76178,0.58333,-69.18588,-1.32134,-39.22641,17.85255,8.77446,3.08778,37.45978,15.15527,17.22335,-0.02889,0.0,17.27531,-0.31327,-0.03907,0.17039,-0.31315,-0.54871,0.13355,1.12351,1.13749,0.87634,0.65083,0.26113,1.6302,0.76172,-0.07667,0.51586,2026-09-29,False,,,,,,,,,,,
VECO,Electronic Technology,51.37,36752260.50568,81.08455,1.82283,0.01085,48.50746,,,,,,,NEUTRAL,prior-research-2026-09-30+NEUTRAL,False,0.48981,9.28492,48.30933,0.61862,0.58333,-81.08455,-1.82283,-50.75867,17.41971,2.64278,0.73931,28.71563,21.71572,4.2606,-0.28931,0.0,-2.51509,0.33906,-0.14643,0.32972,-0.24242,0.13041,-0.15132,-0.30166,-0.11371,0.04764,-0.00885,-0.21396,0.13291,-0.00606,-0.18865,-1.35992,2026-09-29,False,,,,,,,,,,,
VELO,Producer Manufacturing,10.8,15024145.35904,153.78974,4.08713,-0.22879,32.08955,,,,,,,NEUTRAL,prior-research-2026-09-30+NEUTRAL,True,0.47783,7.40741,294.35216,0.35283,0.5,-153.78974,-4.08713,-72.42731,16.52517,-62.1512,-14.33907,40.23036,15.80263,-87.63746,-0.21029,0.0,31.52291,2.64888,-1.26633,-0.17595,-2.44314,-2.71181,-1.48034,-1.06228,-1.38569,-1.17487,0.01366,-1.27454,-1.32031,0.41099,-0.89902,0.94663,2026-09-29,False,,,,,,,,,,,
VERA,Health Technology,32.375,62230870.88966,57.64241,1.00202,-0.51254,17.35075,,,,,,,NEUTRAL,prior-research-2026-09-30+NEUTRAL,True,0.45615,7.86906,21.24113,0.58155,0.33333,-57.64241,-1.00202,-48.1049,17.94636,-91.75318,-17.03932,17.31372,0.0,,-0.18449,0.0,,-0.51674,-0.88114,-1.7235,0.22813,-0.01387,-0.33779,1.25245,-0.80563,-0.73354,-0.27788,-1.05211,0.0,0.12417,-0.07667,0.0,2026-09-29,False,,,,,,,,,,,
VERX,Technology Services,11.15,19573465.52134,64.89645,0.30633,-0.1423,38.0597,,,,,,,NEUTRAL,prior-research-2026-09-30+NEUTRAL,False,0.48562,6.76998,-43.03163,0.42984,0.5,-64.89645,-0.30633,-59.21357,16.78969,1.46172,0.19366,13.11318,42.65547,1.08097,-1.45131,0.0,10.82698,-1.05393,-1.10191,0.21344,-0.07066,1.26754,-0.34877,-0.83988,-0.41447,-0.24041,-0.9208,0.13176,-0.50769,-0.93607,-0.21817,0.07349,2026-09-29,False,,,,,,,,,,,
VFC,Consumer Non-Durables,14.5,96755883.27599,49.17128,1.41645,-0.52071,16.97761,,,,,,,NEUTRAL,prior-research-2026-09-30+NEUTRAL,False,0.45978,4.35816,-5.74696,0.68118,0.58333,-49.17128,-1.41645,-40.71371,18.3877,17.93817,4.86678,31.32435,168.79108,7.12517,-2.80723,2.48276,-0.15575,-0.38816,-0.30625,0.44748,-0.41176,-1.69334,-0.38898,1.13633,0.43698,0.20072,-0.38347,0.67038,-0.34131,-1.12551,0.65251,-0.51015,2026-09-29,False,,,,,,,,,,,
VISN,Electronic Technology,5.94,42680487.87785,55.61801,1.20368,0.58725,84.98134,,,,,,,NEUTRAL,prior-research-2026-09-30+NEUTRAL,False,0.5194,4.12541,41.45797,0.80898,0.58333,-55.61801,-1.20368,-21.58385,17.56925,47.40294,19.21436,189.10986,214.47028,12.32457,-0.01572,0.0,-38.21871,0.20041,0.74192,0.32972,0.80794,0.79683,1.59617,-0.08776,2.06912,2.69199,3.0,2.20933,0.94356,0.99073,-0.18865,-2.23386,2026-09-29,False,,,,,,,,,,,
VITL,Process Industries,9.39,16401920.57047,72.22478,0.07299,-1.12366,4.01119,,,,,,,NEUTRAL,prior-research-2026-09-30+NEUTRAL,False,0.41478,16.65005,-74.49173,0.21049,0.25,-72.22478,-0.07299,-81.43914,16.61291,0.05258,0.03872,70.40639,190.03438,0.47579,-0.38162,0.0,16.3729,-2.4433,-2.22893,-2.11542,-1.35175,1.85096,-2.39921,-0.55809,-0.29654,-0.18323,0.37319,0.82309,-0.67467,0.29915,-1.39001,0.93649,2026-09-29,False,,,,,,,,,,,
VKTX,Health Technology,31.81,66446401.55029,69.16795,1.12771,-0.40372,22.48134,,,,,,,NEUTRAL,prior-research-2026-09-30+NEUTRAL,True,0.45746,35.66921,25.77239,0.75504,0.5,-69.16795,-1.12771,-35.53212,18.01191,-88.85293,-13.02426,10.84014,0.0,,-0.01001,0.0,,-0.37856,-0.07421,-0.49602,-0.30907,-0.22131,0.34084,1.34048,-0.77548,-0.55292,-0.65776,-1.05211,0.0,1.06171,-0.07667,0.0,2026-09-29,False,,,,,,,,,,,
VLOS,Finance,10.68,5360.00013,21.58868,0.05283,1.22348,98.50746,,,,,,,NEUTRAL,prior-research-2026-09-30+NEUTRAL,False,0.5844,1.22066,2.08333,0.95879,0.66667,-21.58868,-0.05283,-10.63245,8.58691,1.40778,1.24181,75.78436,0.0,,-0.01238,0.0,,-0.3017,1.11029,1.01488,0.44184,1.55557,1.39936,-2.75157,-0.66052,-0.81338,0.05623,-2.23619,0.0,1.54295,-2.03038,0.0,2026-09-29,False,,,,,,,,,,,
VNDA,Health Technology,5.03,4350950.18148,44.78177,0.84303,0.4349,77.70522,,,,,,,NEUTRAL,prior-research-2026-09-30+NEUTRAL,True,0.5337,2.37624,3.72549,0.52615,0.5,-44.78177,-0.84303,-48.43097,15.28591,-77.80539,-91.55746,73.3565,71.85975,-86.06951,-0.10369,0.0,6.0226,-0.95495,-1.06533,-0.49602,0.88348,0.25773,-0.34764,-1.91924,-0.658,-1.72719,1.55549,1.88244,-0.70503,0.36613,-0.07667,-0.19991,2026-09-29,False,,,,,,,,,,,
VNT,Transportation,31.57,41351452.84271,32.567,0.86021,-0.3826,23.50746,,,,,,,NEUTRAL,prior-research-2026-09-30+NEUTRAL,False,0.47993,2.91106,-22.12348,0.7328,0.58333,-32.567,-0.86021,-35.57679,17.53762,29.06904,8.15191,27.67294,71.87499,19.15067,-1.6191,0.31676,0.88446,-1.63321,-0.74532,-0.13921,0.66385,-0.62594,-0.62281,0.47806,0.71302,-0.05,-1.03455,0.08586,0.05021,-0.63626,-0.61255,-0.88032,2026-09-29,False,,,,,,,,,,,
VOR,Health Technology,18.33,18576525.0,77.37362,1.57807,-0.8519,8.58209,,,,,,,NEUTRAL,prior-research-2026-09-30+NEUTRAL,False,0.43648,9.36396,-32.62939,0.37623,0.5,-77.37362,-1.57807,-85.91954,16.73741,,54.56999,,0.0,,,0.0,,-1.97027,-1.63854,-0.49602,-0.63426,-0.84775,-2.44302,-0.4673,0.0,3.0,0.0,-1.05211,0.0,0.0,-0.07667,0.0,2026-09-29,False,,,,,,,,,,,
VOYG,Technology Services,30.74,46053061.50208,96.90296,2.74242,-0.25858,30.22388,,,,,,,NEUTRAL,prior-research-2026-09-30+NEUTRAL,True,0.487,5.83732,17.43151,0.59378,0.5,-96.90296,-2.74242,-56.30674,17.6453,-31.11366,-7.00903,17.13738,8.91589,-83.77375,-1.50766,0.0,10.62784,0.59349,-0.45538,0.21344,-1.10973,-2.1956,-0.2345,0.30608,-1.11796,-0.81881,-0.69933,-1.2027,-1.37878,-0.98127,-0.21817,0.05481,2026-09-29,False,,,,,,,,,,,
VPG,Electronic Technology,71.7,36209479.39682,99.88748,2.21057,-0.20023,33.86194,,,,,,,NEUTRAL,prior-research-2026-09-30+NEUTRAL,False,0.46529,7.63665,94.31501,0.47829,0.66667,-99.88748,-2.21057,-59.67581,17.40483,1.18922,0.41815,35.24337,34.80266,2.38413,-0.11797,0.0,11.28006,0.90453,-0.70417,0.99661,-0.77633,-0.17013,-0.574,-0.31922,-0.21572,0.01458,0.21144,0.26232,-0.06984,0.38321,-0.18865,-0.13928,2026-09-29,False,,,,,,,,,,,
VRDN,Health Technology,19.995,32769143.60504,76.10592,1.00428,-0.59115,14.45896,,,,,,,NEUTRAL,prior-research-2026-09-30+NEUTRAL,True,0.46129,4.51978,14.31401,0.59192,0.66667,-76.10592,-1.00428,-60.62759,17.305,-62.61915,-15.97596,24.4601,3.08283,-569.68381,-0.36684,0.0,23220.32787,-0.68577,-0.81209,0.83728,-0.57958,-0.01999,-0.93636,0.28038,-0.5071,-0.69422,0.13685,-0.22814,-1.11869,-0.18442,-0.07667,3.0,2026-09-29,False,,,,,,,,,,,
VREX,Health Technology,18.47,8151935.5957,70.95261,1.02497,0.69858,89.45896,,,,,,,NEUTRAL,prior-research-2026-09-30+NEUTRAL,False,0.55679,0.379,53.39966,0.99408,0.5,-70.95261,-1.02497,-35.09749,15.91377,4.64334,2.81856,63.80888,110.31933,8.34682,-0.76379,0.0,5.30801,0.17903,2.05104,-0.49602,-0.36713,-0.05996,0.36593,-1.26287,0.83075,0.83966,1.3224,2.31827,0.90591,-0.66545,-0.07667,-0.25647,2026-09-29,False,,,,,,,,,,,
VRNS,Technology Services,47.11,69948456.33583,52.69934,0.73956,-0.44249,20.52239,,,,,,,NEUTRAL,prior-research-2026-09-30+NEUTRAL,True,0.45833,10.41322,-26.23447,0.74412,0.58333,-52.69934,-0.73956,-68.1093,18.06327,-35.97492,-2.60064,8.17678,12.68431,-24.01477,-1.18871,0.0,15.86023,-0.60209,0.22769,0.87986,0.47076,0.04106,-0.77297,0.99523,-1.17331,-0.51458,-1.33172,-1.04441,-1.10162,-0.7705,-0.21817,0.36812,2026-09-29,False,,,,,,,,,,,
VRRM,Transportation,3.04,17096849.7211,182.73657,0.18017,-1.62583,0.74627,,,,,,,NEUTRAL,prior-research-2026-09-30+NEUTRAL,False,0.43779,2.25353,-82.06699,0.12263,0.25,-182.73657,-0.18017,-87.93869,16.6544,15.38411,9.38427,47.38744,213.381,24.18599,-4.86398,0.0,11.10291,-3.0,-3.0,-2.67914,-3.0,1.18674,-3.0,-0.65572,0.05954,0.20331,-0.38795,1.18192,0.30725,-1.40345,-1.87968,0.01875,2026-09-29,False,,,,,,,,,,,
VRTS,Finance,131.25999,18473069.77844,36.49204,0.73782,-0.33374,26.6791,,,,,,,NEUTRAL,prior-research-2026-09-30+NEUTRAL,False,0.47012,3.88,-6.82326,0.72006,0.5,-36.49204,-0.73782,-33.34011,16.73182,13.01066,13.74754,108.46938,95.54543,14.90983,-0.54243,7.31373,-5.17482,-0.53362,-0.73211,-0.31843,-0.62641,-0.41224,-0.86229,-0.27739,0.26552,1.16974,0.77123,1.00545,-0.78152,0.06946,1.31036,-1.18866,2026-09-29,False,,,,,,,,,,,
VSEC,Industrial Services,171.59,75236699.29504,67.99147,1.76278,-0.21006,32.9291,,,,,,,NEUTRAL,prior-research-2026-09-30+NEUTRAL,False,0.48521,3.7792,31.48086,0.70474,0.58333,-67.99147,-1.76278,-30.31373,18.13615,4.26608,1.57285,61.60657,28.51301,11.75306,-0.34962,0.23311,23.34537,0.09078,0.05686,0.17667,-0.60786,-1.20916,0.48911,0.89232,-0.24455,-0.05277,0.53793,-0.74472,0.32475,0.56242,0.34836,0.51614,2026-09-29,False,,,,,,,,,,,
VSH,Electronic Technology,32.46,129103038.35297,81.79098,2.11687,-0.56996,14.92537,,,,,,,NEUTRAL,prior-research-2026-09-30+NEUTRAL,False,0.44267,6.13614,106.3031,0.50174,0.58333,-81.79098,-2.11687,-54.34515,18.67612,1.13413,0.57145,58.61571,66.79512,3.30137,-0.37664,1.23229,13.384,1.06071,-0.59476,0.32972,-0.27011,-0.10505,-0.31971,1.56208,-0.22462,0.02839,0.87462,1.00953,0.04301,-0.14641,1.47303,0.02271,2026-09-29,False,,,,,,,,,,,
VSTM,Health Technology,7.92,13643519.8288,70.04245,0.92364,-0.21794,32.55597,,,,,,,NEUTRAL,prior-research-2026-09-30+NEUTRAL,True,0.47839,7.39247,-18.78516,0.74436,0.41667,-70.04245,-0.92364,-67.57519,16.42878,-471.1606,-27.52999,6.79508,11.88758,-182.56975,-1.68707,0.0,3995.74169,-1.59227,-0.1169,-1.12259,-0.342,0.10087,-1.2384,-0.81266,-1.60372,-1.07574,-1.09572,0.11146,-0.85421,-1.33745,-0.07667,3.0,2026-09-29,False,,,,,,,,,,,
VTS,Energy Minerals,16.7,7734300.35439,30.90354,-0.05233,0.67853,88.6194,,,,,,,NEUTRAL,prior-research-2026-09-30+NEUTRAL,True,0.55188,2.53431,-23.34409,0.76276,0.25,-30.90354,0.05233,-33.11003,15.86118,-1.73623,-1.59695,87.12935,40.38542,6.98861,-0.25404,11.97605,8.52433,-1.22217,0.06135,-2.1231,1.09266,0.46358,0.06323,-1.74332,-0.54026,-0.50447,0.56729,-0.54321,-0.2293,0.4166,2.5208,0.07895,2026-09-29,False,,,,,,,,,,,
VVV,Consumer Services,29.65,68725488.1813,35.84261,0.67285,-0.19505,34.23507,,,,,,,NEUTRAL,prior-research-2026-09-30+NEUTRAL,False,0.47238,7.70097,-12.43523,0.73628,0.33333,-35.84261,-0.67285,-33.8962,18.04563,28.39929,2.6687,10.95495,51.63867,17.72403,-4.74994,0.0,16.07565,-0.63968,-0.13444,-1.24805,0.61904,-0.16929,0.05369,0.96293,0.72011,-0.0743,-0.85145,-0.29756,0.59369,-0.83678,-1.13702,0.83748,2026-09-29,False,,,,,,,,,,,
VVX,Commercial Services,72.8,39823117.29736,46.01276,0.52617,0.34192,72.76119,,,,,,,NEUTRAL,prior-research-2026-09-30+NEUTRAL,False,0.51471,3.02906,41.77008,0.80167,0.5,-46.01276,-0.52617,-21.78174,17.49996,8.34915,4.05203,50.04792,216.01757,4.18523,-0.93797,0.0,12.9889,0.87264,0.2792,0.25139,0.16296,0.17512,1.21965,0.18339,-0.29118,-0.07516,0.3821,0.95365,-0.35358,-0.27279,-0.53421,0.18523,2026-09-29,False,,,,,,,,,,,
VYX,Technology Services,6.62,18578367.67883,62.20641,0.8769,0.14178,57.55597,,,,,,,NEUTRAL,prior-research-2026-09-30+NEUTRAL,False,0.47814,8.16024,-30.31746,0.51437,0.41667,-62.20641,-0.8769,-52.21445,16.73751,5.09666,7.9315,96.96902,264.34845,6.67193,-1.15799,0.0,-5.3438,-0.69847,-0.78655,-0.41313,0.09315,-0.23229,-0.01319,-0.91106,-0.15069,1.10837,1.69998,2.00015,0.07281,-0.75203,-0.21817,-1.29846,2026-09-29,False,,,,,,,,,,,
VZLA,Non-Energy Minerals,3.84,17735759.66835,60.413,1.78089,0.03818,50.0,,,,,,,NEUTRAL,prior-research-2026-09-30+NEUTRAL,False,0.48488,8.67209,-5.88235,0.55977,0.5,-60.413,-1.78089,-56.85131,16.69109,,-8.94043,31.12785,0.0,,-0.57027,0.0,,-0.98707,-0.29219,-0.39697,0.27085,-0.02236,-0.4732,-0.69965,0.0,-1.08555,0.00585,-1.42997,0.0,-0.46791,-0.2967,0.0,2026-09-29,False,,,,,,,,,,,
WAFD,Finance,30.29,21694590.56854,23.36758,0.56242,0.04369,50.27985,,,,,,,NEUTRAL,prior-research-2026-09-30+NEUTRAL,False,0.50353,1.58281,20.34974,0.77606,0.41667,-23.36758,-0.56242,-22.39368,16.89257,8.49679,11.42715,121.39914,61.86332,41.92724,-1.09698,3.56553,-4.6202,0.19352,-0.40377,-0.94499,0.23066,0.05768,-0.08908,-0.08412,-0.14228,0.90502,1.0132,0.54903,0.39337,-0.47087,0.49856,-1.1501,2026-09-29,False,,,,,,,,,,,
WAY,Technology Services,25.07,53634896.47655,61.60513,0.32329,-0.34604,25.93284,,,,,,,NEUTRAL,prior-research-2026-09-30+NEUTRAL,False,0.45723,7.10844,-30.13845,0.63276,0.41667,-61.60513,-0.32329,-56.30994,17.79771,3.7653,2.78554,82.30592,24.91825,25.36382,-0.37171,0.0,19.22609,-0.67839,-0.32648,-0.41313,0.11374,1.208,-0.23871,0.56673,-0.24271,0.19724,1.37874,-0.48385,1.38505,0.08456,-0.21817,0.48269,2026-09-29,False,,,,,,,,,,,
WBI,Industrial Services,28.46,18671289.76917,45.72341,0.45023,0.57783,84.51493,,,,,,,NEUTRAL,prior-research-2026-09-30+NEUTRAL,False,0.53475,3.7422,29.0626,0.78722,0.41667,-45.72341,-0.45023,-30.69819,16.7425,,0.11608,48.05007,21.32594,16.97874,-2.136,0.52706,102.70332,0.03248,0.4881,-1.11632,0.44184,1.05321,0.44269,-1.13619,0.0,-0.28396,0.23611,-1.02327,0.67979,-0.78977,0.46253,1.48483,2026-09-29,False,,,,,,,,,,,
WDFC,Process Industries,202.99001,24156119.31152,33.34583,0.16429,0.2152,64.08582,,,,,,,NEUTRAL,prior-research-2026-09-30+NEUTRAL,False,0.51522,2.6309,11.18176,0.76932,0.41667,-33.34583,-0.16429,-28.26011,17.00005,33.21532,3.26867,10.2259,24.78359,17.47603,-0.41048,1.97054,10.15159,-0.02164,0.14086,-0.86847,0.67828,1.6113,0.41568,-0.08401,1.73631,0.36641,-1.84538,-1.33842,0.85137,0.24549,0.49713,0.57392,2026-09-29,False,,,,,,,,,,,
WEN,Consumer Services,6.54,49691870.44249,70.85048,0.28545,-0.36384,24.72015,,,,,,,NEUTRAL,prior-research-2026-09-30+NEUTRAL,False,0.47742,2.55376,-5.27133,0.7232,0.33333,-70.85048,-0.28545,-31.84192,17.72135,108.04225,9.97959,9.53826,174.45522,13.09599,-33.80615,8.56269,-0.97577,-0.43692,-0.23101,-1.24805,-1.16174,0.97677,0.2031,0.43284,1.79036,1.23911,-1.02139,0.87904,0.26141,-1.75576,2.37166,-0.52769,2026-09-29,False,,,,,,,,,,,
WERN,Transportation,34.05,34004567.17987,37.97055,0.82611,-0.16013,36.56716,,,,,,,NEUTRAL,prior-research-2026-09-30+NEUTRAL,True,0.48074,4.0,48.85617,0.72003,0.66667,-37.97055,-0.82611,-30.45041,17.34201,-3.33251,-2.2573,66.15851,158.61661,0.69783,-0.69671,1.64464,9.64476,0.14975,-0.85746,0.52768,0.32316,-0.5642,-0.27237,0.22142,-1.23732,-1.66982,0.04729,0.82192,-1.5589,0.06867,-0.09897,-0.09549,2026-09-29,False,,,,,,,,,,,
WEX,Commercial Services,171.46001,94878236.92627,45.509,0.35392,-0.26199,29.94403,,,,,,,NEUTRAL,prior-research-2026-09-30+NEUTRAL,False,0.46888,4.81934,22.89487,0.84359,0.58333,-45.509,-0.35392,-31.40107,18.3681,30.18982,6.0517,23.05477,48.17891,25.95989,-3.98423,0.0,7.45901,0.45552,0.5254,0.91781,0.1937,0.62862,0.55217,1.56374,1.02037,0.30887,-0.57855,-0.57151,1.28566,-1.39415,-0.53421,-0.26289,2026-09-29,False,,,,,,,,,,,
WFRD,Industrial Services,80.41,83339756.51321,39.97042,0.86167,-0.05112,44.40299,,,,,,,NEUTRAL,prior-research-2026-09-30+NEUTRAL,False,0.4795,4.24352,36.34213,0.72396,0.66667,-39.97042,-0.86167,-29.81512,18.23844,22.19527,6.2693,31.00605,81.84354,14.42026,-0.90716,1.3369,-7.16922,0.17488,0.15772,0.84356,0.79183,0.01986,0.53314,1.04891,1.06802,0.796,-0.29669,0.40851,0.49548,-0.07984,0.82493,-1.52349,2026-09-29,False,,,,,,,,,,,
WGO,Consumer Durables,26.66,15579368.13202,40.52513,0.76753,0.14067,57.18284,,,,,,,NEUTRAL,prior-research-2026-09-30+NEUTRAL,False,0.49244,3.85888,-8.56627,0.55383,0.5,-40.52513,-0.76753,-45.09459,16.56146,3.14247,5.09987,163.91331,375.68181,2.42234,-0.38642,5.25131,3.43935,-0.19619,-0.80703,0.0925,0.24218,0.20433,-0.36075,-1.03749,-0.41769,0.35228,1.66292,1.16185,-0.53748,0.41031,2.0571,0.15292,2026-09-29,False,,,,,,,,,,,
WGS,Health Services,75.79,45925834.38034,119.66695,0.8044,-1.23651,2.33209,,,,,,,NEUTRAL,prior-research-2026-09-30+NEUTRAL,True,0.43041,7.72942,-26.34161,0.45244,0.5,-119.66695,-0.8044,-79.39886,17.64254,-40.8003,-4.73396,10.87737,20.22655,-12.48762,-0.68545,0.0,25.42083,-1.20954,-1.49725,-0.28004,-1.88552,-0.34603,-1.94457,0.63499,-1.0167,-0.32746,-1.41677,-1.43275,-0.8367,0.16826,-0.23761,0.92185,2026-09-29,False,,,,,,,,,,,
WH,Consumer Services,72.44,90337545.08972,30.49478,0.52585,-0.07041,43.1903,,,,,,,NEUTRAL,prior-research-2026-09-30+NEUTRAL,False,0.4996,2.27305,-5.15017,0.81515,0.33333,-30.49478,-0.52585,-24.43796,18.31906,39.61905,3.91099,8.99037,26.66245,38.15233,-5.57292,2.31916,-2.2069,-0.43398,0.23447,-1.24805,0.97575,0.28239,0.73607,1.41462,1.08088,0.12038,-1.08675,-1.07295,1.37476,-0.93594,0.85203,-0.62547,2026-09-29,False,,,,,,,,,,,
WHD,Industrial Services,63.72,43024398.56644,44.32962,0.70129,0.49607,81.06343,,,,,,,NEUTRAL,prior-research-2026-09-30+NEUTRAL,False,0.53302,4.19152,69.06347,0.8661,0.58333,-44.32962,-0.70129,-23.3206,17.57728,6.85278,1.63087,28.46545,27.15623,19.16827,-0.04531,0.89454,21.78689,0.73921,0.92893,0.17667,0.53449,0.31664,0.99106,-0.04345,-0.07848,-0.03157,-0.39506,-0.7952,0.83944,1.3027,0.6072,0.45164,2026-09-29,False,,,,,,,,,,,
WHR,Consumer Durables,30.67,84860126.60141,52.92463,1.01864,-1.10746,4.38433,,,,,,,NEUTRAL,prior-research-2026-09-30+NEUTRAL,False,0.43638,2.81863,-45.49765,0.33478,0.33333,-52.92463,-1.01864,-66.5217,18.25651,5.98113,9.11674,192.33214,727.2426,3.07703,-2.04856,8.80339,-3.91626,-1.25159,-1.7209,-1.13498,-0.47197,-0.22631,-1.42621,1.39252,-0.21373,1.06768,2.03327,1.73911,-0.4543,-0.84283,2.59586,-0.50451,2026-09-29,False,,,,,,,,,,,
WINA,Retail Trade,305.94,17027544.06738,37.98846,0.65745,0.29092,69.12313,,,,,,,NEUTRAL,prior-research-2026-09-30+NEUTRAL,False,0.53408,2.70101,-30.60845,0.61077,0.41667,-37.98846,-0.65745,-43.02712,16.65034,,3.67503,,7.80492,62.33208,,1.29437,3.76447,-0.66248,-0.54017,-0.4138,0.6779,0.44489,-0.24164,-1.19979,0.0,-0.39912,0.0,-2.83972,2.60057,0.0,0.70152,0.04286,2026-09-29,False,,,,,,,,,,,
WING,Consumer Services,108.62,150952077.89841,62.77631,0.78405,-1.40331,1.39925,,,,,,,NEUTRAL,prior-research-2026-09-30+NEUTRAL,False,0.42376,6.69941,-53.72879,0.38414,0.41667,-62.77631,-0.78405,-65.39823,18.83247,,4.04339,,25.03372,28.77057,,1.13239,7.61144,-1.74652,-1.57369,-0.64714,-0.7968,-0.40239,-1.52794,1.98429,0.0,0.14704,0.0,-1.12457,1.10555,0.0,0.45056,0.27009,2026-09-29,False,,,,,,,,,,,
WIX,Technology Services,70.9,84174676.84479,88.28856,0.18299,-1.16494,3.63806,,,,,,,NEUTRAL,prior-research-2026-09-30+NEUTRAL,False,0.42518,8.81431,-50.61436,0.39241,0.33333,-88.28856,-0.18299,-77.62342,18.2484,,-5.79616,,70.81232,-3.13869,,0.0,14.18,-1.26622,-1.2482,-1.01403,-0.90974,1.63224,-1.35895,1.29715,0.0,-0.76589,0.0,0.67105,-0.76238,0.0,-0.21817,0.31021,2026-09-29,False,,,,,,,,,,,
WK,Technology Services,65.15,53918594.20967,50.56071,-0.00678,-0.14942,37.31343,,,,,,,NEUTRAL,prior-research-2026-09-30+NEUTRAL,False,0.48826,5.60813,-7.73983,0.69821,0.33333,-50.56071,0.00678,-52.51313,17.80299,,1.30403,,26.77086,3.2563,,0.0,19.66847,-0.07951,-0.04885,-1.01403,0.57613,2.22334,-0.03136,0.57666,0.0,-0.07131,0.0,-0.41925,-0.32216,0.0,-0.21817,0.50143,2026-09-29,False,,,,,,,,,,,
WKC,Distribution Services,35.84,34629216.72821,27.1374,0.26748,0.47926,79.94403,,,,,,,NEUTRAL,prior-research-2026-09-30+NEUTRAL,True,0.53473,1.76036,39.20267,0.89622,0.58333,-27.1374,-0.26748,-19.49394,17.36021,-12.55514,-9.80494,68.70629,2279.46475,0.81446,-0.59264,2.31585,7.55609,0.53872,0.44224,0.75347,1.12672,1.52201,1.03226,-0.11818,-1.13183,-1.31746,0.52233,2.39986,-0.42168,0.4295,1.54465,-0.0588,2026-09-29,False,,,,,,,,,,,
WLY,Consumer Services,47.74,23632580.96892,32.65912,0.09892,0.49402,80.6903,,,,,,,NEUTRAL,prior-research-2026-09-30+NEUTRAL,False,0.52657,2.97683,39.6617,0.85678,0.58333,-32.65912,-0.09892,-27.37022,16.97814,25.90553,8.07908,32.45247,67.91699,17.55981,-1.72497,2.97968,-0.27002,0.70004,0.5026,0.64584,0.84228,1.51533,0.542,-0.59816,0.6003,0.89218,0.27934,-0.02864,0.57783,-0.13328,1.15886,-0.46724,2026-09-29,False,,,,,,,,,,,
WLYB,Consumer Services,47.6,9601.50028,33.52224,0.12268,1.29381,98.8806,,,,,,,NEUTRAL,prior-research-2026-09-30+NEUTRAL,False,0.57353,2.04005,40.2992,0.86972,0.41667,-33.52224,-0.12268,-25.17568,9.16978,25.90553,8.195,33.01494,68.8915,17.55981,-1.72497,2.98845,-0.27002,0.71149,0.56264,-0.64714,0.77533,1.45096,0.69506,-3.0,0.6003,0.91541,0.3062,-0.01234,0.57783,-0.13328,1.16443,-0.46724,2026-09-29,False,,,,,,,,,,,
WOLF,Electronic Technology,28.13,87927001.73149,130.08248,2.95247,-0.95832,6.8097,,,,,,,NEUTRAL,prior-research-2026-09-30+NEUTRAL,True,0.42709,8.28448,,0.38272,0.41667,-130.08248,-2.95247,-72.70748,18.29202,-438.62554,-69.26225,61.70557,43.4793,-67.22297,-1.93098,0.0,-12.20961,0.0,-1.04263,-0.96327,-1.59735,-0.78792,-1.28618,1.08119,-2.30234,-1.96034,0.92102,0.57715,-0.9666,-1.38468,-0.18865,-1.7612,2026-09-29,False,,,,,,,,,,,
WOR,Producer Manufacturing,59.94,13392882.86018,32.15764,0.77587,1.1423,98.04104,,,,,,,NEUTRAL,prior-research-2026-09-30+NEUTRAL,False,0.55003,8.24135,6.47997,0.96268,0.66667,-32.15764,-0.77587,-20.4907,16.41023,16.29956,5.52748,,48.0533,5.90283,-0.33189,1.26793,18.44003,-0.04484,2.13178,1.15736,1.58234,1.06905,1.43831,-1.1948,0.91234,0.78829,0.0,-0.08384,0.07304,0.21385,0.76683,0.49012,2026-09-29,False,,,,,,,,,,,
WRBY,Retail Trade,27.47,65231400.0,70.97402,1.71996,-0.23019,31.99627,,,,,,,NEUTRAL,prior-research-2026-09-30+NEUTRAL,False,0.47893,12.50535,-9.42029,0.90541,0.5,-70.97402,-1.71996,-40.4263,17.99345,2.05512,0.22333,11.32419,26.29693,0.24726,-0.64028,0.0,10.98914,-0.08451,1.06794,0.21277,-1.01095,-1.17052,-0.10551,0.6663,-0.95136,-0.98102,-1.61074,-2.03656,-0.62658,0.5374,-0.98525,0.61175,2026-09-29,False,,,,,,,,,,,
WRLD,Finance,172.50999,15896643.42041,44.21981,0.77687,-0.35157,25.74627,,,,,,,NEUTRAL,prior-research-2026-09-30+NEUTRAL,False,0.47485,5.69021,2.12548,0.77072,0.5,-44.21981,-0.77687,-37.33666,16.58162,10.0703,4.9671,45.2664,73.98346,17.38534,-1.78936,0.0,4.35632,-0.29631,-0.43647,-0.31843,-1.08778,-0.47975,-1.10245,-0.4515,0.00614,-0.13652,-0.65732,0.7353,-0.58802,-0.87221,-2.03038,-0.34971,2026-09-29,False,,,,,,,,,,,
WSBC,Finance,37.73,32993558.13217,24.35096,0.67257,0.14797,58.30224,,,,,,,NEUTRAL,prior-research-2026-09-30+NEUTRAL,False,0.49696,2.48227,29.28368,0.89181,0.66667,-24.35096,-0.67257,-12.90043,17.31182,8.97968,9.8186,107.20579,41.95239,44.14519,-0.42516,4.00212,31.11173,0.41461,0.26445,1.01488,0.15313,-0.25827,1.00304,0.48627,-0.09225,0.73495,0.75114,0.10657,0.50155,0.22533,0.61969,0.99433,2026-09-29,False,,,,,,,,,,,
WSC,Finance,17.45,52299402.76794,50.58054,1.54081,-1.00813,5.41045,,,,,,,NEUTRAL,prior-research-2026-09-30+NEUTRAL,True,0.45408,2.67215,2.63292,0.60242,0.58333,-50.58054,-1.54081,-39.75842,17.7725,-7.08267,-2.18818,28.94809,72.85421,20.55201,-4.16655,1.60458,-2.50746,-0.27485,-1.22168,0.34799,-1.48104,-1.67063,-1.24047,1.1545,-0.96025,-1.19089,-1.18579,0.71508,-0.38723,-1.44437,-0.254,-1.02594,2026-09-29,False,,,,,,,,,,,
WSFS,Finance,75.84,29093804.10538,17.57928,0.55906,0.51901,81.99627,,,,,,,NEUTRAL,prior-research-2026-09-30+NEUTRAL,False,0.53969,2.50358,43.67066,0.92388,0.75,-17.57928,-0.55906,-11.45095,17.18604,11.85495,8.2287,69.50916,35.25498,38.93977,-0.15606,0.97574,-0.33049,0.70856,0.60374,1.72701,1.53866,0.07395,1.1863,0.32061,0.17153,0.44394,-0.0939,-0.12218,0.27109,0.71675,-0.4913,-0.85192,2026-09-29,False,,,,,,,,,,,
WT,Finance,24.27,47931929.19273,43.17309,1.10117,-0.22107,32.46269,,,,,,,NEUTRAL,prior-research-2026-09-30+NEUTRAL,False,0.49322,4.7599,77.05236,0.96925,0.58333,-43.17309,-1.10117,-24.42922,17.68529,18.56362,2.15325,11.22869,16.37757,39.74856,-2.57672,0.49444,37.13988,1.2023,1.27354,0.34799,-1.0159,-1.0342,-0.21848,1.01769,0.6643,-0.65969,-2.17874,-0.86303,0.3082,-1.13474,-0.69097,1.1473,2026-09-29,False,,,,,,,,,,,
WTI,Energy Minerals,3.49,13400497.8157,86.1718,-0.537,-0.01817,46.36194,,,,,,,NEUTRAL,prior-research-2026-09-30+NEUTRAL,False,0.50389,3.92157,75.6358,0.71425,0.58333,-86.1718,0.537,-40.16617,16.4108,,-20.46311,,105.89967,0.98938,,1.14613,13.74934,0.97261,-0.22485,0.41683,-1.55996,2.16992,-0.34046,-1.25487,0.0,-1.5798,0.0,0.48336,-0.86733,0.0,0.21983,0.48864,2026-09-29,False,,,,,,,,,,,
WTM,Finance,2021.51001,40759861.30371,18.637,0.16758,0.11443,54.66418,,,,,,,NEUTRAL,prior-research-2026-09-30+NEUTRAL,False,0.5022,1.2278,24.50222,0.87156,0.66667,-18.637,-0.16758,-14.22215,17.52321,21.89419,22.84969,112.10142,61.97066,24.0474,-0.17306,0.04947,20.88389,0.31581,0.0992,1.01488,1.21011,1.23254,0.7772,0.75162,0.85971,2.03043,0.84919,0.5522,-0.23613,0.6793,-0.83466,0.63729,2026-09-29,False,,,,,,,,,,,
WTTR,Energy Minerals,19.34,29400150.0,47.9199,0.73007,0.45598,79.01119,,,,,,,NEUTRAL,prior-research-2026-09-30+NEUTRAL,False,0.53274,3.68893,77.91854,0.87177,0.83333,-47.9199,-0.73007,-20.4505,17.19651,3.45964,1.23908,41.25821,55.42911,4.402,-0.27822,1.44778,-1.95237,0.99826,0.6326,2.70186,0.00825,-1.86956,0.9528,-0.28435,-0.2585,-0.1838,-0.55516,-0.16256,-0.55069,0.38517,0.36232,-0.85148,2026-09-29,False,,,,,,,,,,,
WU,Finance,5.97,54829945.39595,43.84013,0.41949,-0.946,7.18284,,,,,,,NEUTRAL,prior-research-2026-09-30+NEUTRAL,False,0.44576,3.39944,-1.1641,0.63661,0.33333,-43.84013,-0.41949,-36.3386,17.81975,43.97487,21.1008,48.82596,214.98911,16.76513,-2.94873,15.74539,-1.65031,-0.39223,-1.09981,-1.5459,-1.0691,0.46575,-1.06333,1.25649,1.5455,1.86396,-0.55316,1.82045,-0.66067,-1.26026,2.28792,-0.94152,2026-09-29,False,,,,,,,,,,,
WVE,Health Technology,3.64,14398850.89617,56.37612,1.3749,-0.59824,14.36567,,,,,,,NEUTRAL,prior-research-2026-09-30+NEUTRAL,True,0.46097,3.40426,-25.88236,0.17081,0.33333,-56.37612,-1.3749,-82.91882,16.48266,-67.41684,-27.32794,62.40612,8.82317,-333.35883,-0.09611,0.0,-30.41641,-1.79713,-2.52651,-1.7235,0.27336,-0.61036,-2.10742,-0.75125,-0.57142,-1.06509,1.29094,-0.0162,-0.99926,0.39115,-0.07667,-1.75163,2026-09-29,False,,,,,,,,,,,
WYFI,Technology Services,18.53,46611961.70425,128.35827,3.35643,-0.77092,9.70149,,,,,,,NEUTRAL,prior-research-2026-09-30+NEUTRAL,True,0.44722,8.49221,-22.25142,0.41389,0.5,-128.35827,-3.35643,-72.45081,17.65737,-13.77094,-0.05026,0.37463,0.10678,-37.12828,-0.95195,0.0,-93.80871,-0.49765,-1.18123,0.21344,-1.98057,-2.97453,-1.06382,0.34019,-0.83429,-0.27694,-3.0,-1.76764,-1.20183,-0.57846,-0.21817,-2.53504,2026-09-29,False,,,,,,,,,,,
XENE,Health Technology,37.25,45321572.9187,62.09805,0.7111,-0.45155,19.96269,,,,,,,NEUTRAL,prior-research-2026-09-30+NEUTRAL,True,0.46629,4.10284,57.95156,0.52494,0.66667,-62.09805,-0.7111,-48.47801,17.62929,-43.61551,-11.37098,34.55576,0.0,,-0.00517,0.0,-100.0,0.24777,-1.085,0.83728,0.04785,0.48969,-0.35753,0.71377,-0.27919,-0.45479,0.55137,-1.05211,0.0,1.26235,-0.07667,-2.73723,2026-09-29,False,,,,,,,,,,,
XERS,Health Technology,9.98,14169760.30712,45.4369,0.77892,0.53036,82.46269,,,,,,,NEUTRAL,prior-research-2026-09-30+NEUTRAL,False,0.51578,8.02197,3.66747,1.0,0.66667,-45.4369,-0.77892,-46.56565,16.46662,,-0.96413,,18.8397,10.9098,,0.0,36.3333,-0.95758,2.53125,0.83728,0.83407,0.37213,-0.22289,-0.78154,0.0,0.26293,0.0,0.46054,1.18057,0.0,-0.07667,1.17268,2026-09-29,False,,,,,,,,,,,
XMTR,Technology Services,104.23,59869320.81833,75.25534,1.50829,0.1575,59.60821,,,,,,,NEUTRAL,prior-research-2026-09-30+NEUTRAL,True,0.50571,6.35383,68.47476,0.99144,0.66667,-75.25534,-1.50829,-49.93065,17.90767,-7.12043,-0.51452,9.98627,13.48513,-3.75787,-0.57102,0.0,33.74989,1.58249,2.30302,1.54675,-0.47359,-1.1671,0.08856,0.75079,-0.72638,-0.31682,-1.16206,-1.00969,-0.78169,-0.20499,-0.21817,0.99458,2026-09-29,False,,,,,,,,,,,
XNCR,Health Technology,25.0,25253930.15671,62.8087,1.16639,0.15212,58.95522,,,,,,,NEUTRAL,prior-research-2026-09-30+NEUTRAL,True,0.49487,7.56303,125.23768,0.85324,0.66667,-62.8087,-1.16639,-42.61301,17.04449,-29.07228,-8.4811,26.14008,5.45101,-205.84055,-0.33803,0.0,-28.55529,0.94834,0.43724,0.83728,0.00273,-0.32064,-0.02139,-0.07892,-0.08209,-0.29154,0.22391,-0.15301,-0.88541,-0.13794,-0.07667,-1.709,2026-09-29,False,,,,,,,,,,,
XPRO,Industrial Services,15.97,14706250.30994,48.75416,0.87014,0.7114,90.11194,,,,,,,NEUTRAL,prior-research-2026-09-30+NEUTRAL,False,0.53335,4.71056,39.09953,0.8423,0.58333,-48.75416,-0.87014,-28.82001,16.50378,1.37027,1.15677,84.12006,86.73353,5.10758,-0.11378,0.0,-7.11446,0.24192,0.78683,0.17667,0.24578,-0.01261,0.58972,-1.39545,-0.46445,-0.13833,1.08766,0.46881,-0.32645,1.06658,-0.8999,-1.51241,2026-09-29,False,,,,,,,,,,,
XRAY,Health Technology,8.98,51174355.20782,44.48571,1.05651,-0.30651,28.07836,,,,,,,NEUTRAL,prior-research-2026-09-30+NEUTRAL,True,0.45788,5.40255,-9.75306,0.61172,0.58333,-44.48571,-1.05651,-38.82834,17.75075,-32.98097,-30.23011,74.85795,201.70019,5.07823,-1.71132,3.56347,-0.76273,-1.34679,-0.74603,0.17039,0.89587,-0.09099,0.15897,0.90547,-0.12689,-1.15558,1.59116,2.93803,0.57921,-1.34873,2.44583,-0.85437,2026-09-29,False,,,,,,,,,,,
XRPN,Finance,12.9,421295.9816,28.0483,-0.04264,1.35132,99.16045,,,,,,,NEUTRAL,prior-research-2026-09-30+NEUTRAL,False,0.56115,21.98581,1.44231,1.0,0.75,-28.0483,0.04264,-3.33334,12.95109,1.37018,0.66057,48.54066,0.0,,-0.0,0.0,,-0.32881,2.09617,1.72701,-0.1013,1.91632,2.55981,-2.37835,-0.6664,-0.91652,-0.56189,-2.23619,0.0,2.61274,-2.03038,0.0,2026-09-29,False,,,,,,,,,,,
XXI,Finance,6.53,7575750.31757,69.24011,1.7505,-1.17787,3.54478,,,,,,,NEUTRAL,prior-research-2026-09-30+NEUTRAL,False,0.42815,13.76937,-69.33673,0.26534,0.41667,-69.24011,-1.7505,-82.64933,15.84046,,,59.95725,,,-0.18737,0.0,,-2.37591,-2.58487,-0.94499,-2.31952,-1.85448,-3.0,-1.13521,0.0,0.0,-0.2994,0.0,0.0,0.6517,-2.03038,0.0,2026-09-29,False,,,,,,,,,,,
YELP,Technology Services,18.28,25246173.65265,47.71516,0.34773,0.12684,55.97015,,,,,,,NEUTRAL,prior-research-2026-09-30+NEUTRAL,False,0.48399,3.92269,-26.36594,0.54035,0.5,-47.71516,-0.34773,-48.00473,17.04419,18.19026,12.39416,62.32291,144.31319,12.68612,-0.19131,0.0,1.50073,-0.61594,-0.66116,0.21344,0.72336,1.12366,0.17854,-0.53083,0.87819,1.73064,0.87687,1.36368,0.62239,0.38579,-0.21817,-0.74184,2026-09-29,False,,,,,,,,,,,
YETI,Producer Manufacturing,42.55,66601496.05408,42.30438,1.06267,0.06883,51.77239,,,,,,,NEUTRAL,prior-research-2026-09-30+NEUTRAL,False,0.49281,3.21215,20.8079,0.80771,0.75,-42.30438,-1.06267,-30.07682,18.01424,25.32084,5.81168,19.8135,62.92117,12.18222,-0.41515,0.0,6.24347,0.31542,0.69194,1.86949,0.91465,0.58778,0.79783,0.99148,1.30757,0.82993,-0.80733,0.18746,0.66599,0.04607,-0.89902,-0.27662,2026-09-29,False,,,,,,,,,,,
YOU,Technology Services,41.22,74924768.73779,46.07017,0.47901,-0.08799,42.25746,,,,,,,NEUTRAL,prior-research-2026-09-30+NEUTRAL,False,0.49251,3.04462,20.23272,0.66518,0.66667,-46.07017,-0.47901,-38.51673,18.132,90.28945,2.61012,4.82369,17.66198,25.12941,-0.53222,1.3343,19.76891,0.66665,-0.21431,1.54675,0.83669,0.78065,0.67958,1.10965,2.27378,0.15276,-1.74958,-0.79368,1.37642,-0.17338,1.5024,0.50772,2026-09-29,False,,,,,,,,,,,
ZD,Technology Services,56.33,30591061.33575,33.12991,0.63336,0.86902,94.12313,,,,,,,NEUTRAL,prior-research-2026-09-30+NEUTRAL,True,0.55216,3.24324,51.3968,0.95136,0.66667,-33.12991,-0.63336,-33.79121,17.23622,-2.75267,-1.70243,112.78691,68.09724,10.20017,-0.38778,0.0,-8.46061,1.34479,1.7344,1.54675,1.65831,0.31572,0.95623,-0.25538,-0.57434,-0.41941,2.00939,0.62837,0.42571,0.04138,-0.21817,-1.4531,2026-09-29,False,,,,,,,,,,,
ZIM,Transportation,28.75,28626633.52375,38.31817,0.81797,0.34037,72.48134,,,,,,,NEUTRAL,prior-research-2026-09-30+NEUTRAL,False,0.50168,5.24843,103.48558,0.94231,0.75,-38.31817,-0.81797,-17.72329,17.16985,3.56362,3.91429,109.6115,181.85091,5.67315,-1.3688,6.92174,-24.90933,0.83501,0.67155,1.23981,0.28896,-0.54367,0.65717,0.00367,-0.90627,-0.82683,1.01908,1.00494,-1.05828,-0.50682,1.41096,-1.85513,2026-09-29,False,,,,,,,,,,,
ZURA,Health Technology,4.0,5853317.16952,71.93788,1.50535,0.33614,71.82836,,,,,,,NEUTRAL,prior-research-2026-09-30+NEUTRAL,True,0.51969,5.95238,137.34438,0.56818,0.5,-71.93788,-1.50535,-51.70454,15.58252,-72.1044,-30.04033,51.06032,0.0,,-0.0,0.0,,1.07859,-0.92216,-0.49602,-0.4099,-0.76711,-0.4946,-1.61017,-0.59407,-1.14355,1.06423,-1.05211,0.0,2.08216,-0.07667,0.0,2026-09-29,False,,,,,,,,,,,
