Date,usdtry,gold_try,xu100
2009-01-02,1.0,28.25405461742147,39.59458923339844
2009-01-05,1.0,27.559599794461434,39.73649978637695
2009-01-06,1.0,27.82323611214373,40.40665817260742
2009-01-07,1.0,27.041971983408217,39.21614456176758
2009-01-08,1.0,27.453502802387593,39.40538787841797
2009-01-09,1.0,27.466361914027964,37.946781158447266
2009-01-12,1.0,26.373237346053298,36.81934356689453
2009-01-13,1.0,26.366806809070923,37.308162689208984
2009-01-14,1.0,25.984214387674417,35.66824722290039
2009-01-15,1.0,25.93598830379318,36.24378204345703
2009-01-16,1.0,26.98410107521561,36.64588165283203
2009-01-20,1.0,27.476006738339333,34.162353515625
2009-01-21,1.0,27.315253125401885,35.86534118652344
2009-01-22,1.0,27.591750517048926,34.82463455200195
2009-01-23,1.0,28.784541540115058,34.99807357788086
2009-01-26,1.0,29.208931470734804,35.39229965209961
2009-01-27,1.0,28.90993014313602,35.778629302978516
2009-01-28,1.0,28.553055945020255,37.25296401977539
2009-01-29,1.0,29.099618229007586,35.79439926147461
2009-01-30,1.0,29.813364662914744,35.06905746459961
2009-02-02,1.0,29.1510605625422,35.35285568237305
2009-02-03,1.0,28.678444548041217,35.60516357421875
2009-02-04,1.0,28.98709069995137,35.344993591308594
2009-02-05,1.0,29.372899371001253,35.75495910644531
2009-02-06,1.0,29.382546157637,37.024330139160156
2009-02-09,1.0,28.691305622005963,36.8587532043457
2009-02-10,1.0,29.376115620654627,35.15578842163086
2009-02-11,1.0,30.34385158560833,35.28980255126953
2009-02-12,1.0,30.49496037423441,35.589385986328125
2009-02-13,1.0,30.269905316121978,35.218833923339844
2009-02-17,1.0,31.08974874210298,33.82332992553711
2009-02-18,1.0,31.433761866254,33.3423957824707
2009-02-19,1.0,31.38231953271939,32.877235412597656
2009-02-20,1.0,32.20859349568276,32.43571090698242
2009-02-23,1.0,31.977107900587956,31.189992904663086
2009-02-24,1.0,31.157264474606958,32.34109878540039
2009-02-25,1.0,31.047953195204116,31.67094612121582
2009-02-26,1.0,30.27955014043335,31.079627990722656
2009-02-27,1.0,30.269905316121978,30.866756439208984
2009-03-02,1.0,30.189528509653254,29.124326705932617
2009-03-03,1.0,29.350395435049514,28.572444915771484
2009-03-04,1.0,29.12855466426608,29.16376304626465
2009-03-05,1.0,29.80371983860337,27.610567092895508
2009-03-06,1.0,30.289194964744723,27.752471923828125
2009-03-09,1.0,29.50471851100459,27.11385726928711
2009-03-10,1.0,28.79418636442643,28.879920959472656
2009-03-11,1.0,29.270018628580786,28.919340133666992
2009-03-12,1.0,29.69762284652953,30.71693992614746
2009-03-13,1.0,29.89374146938347,31.040191650390625
2009-03-16,1.0,29.630105151701176,30.48042106628418
2009-03-17,1.0,29.462922964105726,31.89171028137207
2009-03-18,1.0,28.572347555967376,32.99546432495117
2009-03-19,1.0,30.810037063126938,32.648590087890625
2009-03-20,1.0,30.729660256658214,31.52114486694336
2009-03-23,1.0,30.610702190619623,34.201786041259766
2009-03-24,1.0,29.684761772564784,32.873695373535156
2009-03-25,1.0,30.07378669326804,33.79916000366211
2009-03-26,1.0,30.208818158275996,35.104312896728516
2009-03-27,1.0,29.67511694825341,33.92572784423828
2009-03-30,1.0,29.433986528847235,32.95280838012695
2009-03-31,1.0,29.662255874288665,33.261287689208984
2009-04-01,1.0,29.77478340334488,33.83870315551758
2009-04-02,1.0,29.173566460818314,35.531436920166016
2009-04-03,1.0,28.79418636442643,36.09304428100586
2009-04-06,1.0,28.01935473499767,35.476070404052734
2009-04-07,1.0,28.36336785914869,34.21839141845703
2009-04-08,1.0,28.446958952946414,34.851173400878906
2009-04-09,1.0,28.36336785914869,36.89194869995117
2009-04-13,1.0,28.765251891492316,36.90776824951172
2009-04-14,1.0,28.643079538124727,35.839908599853516
2009-04-15,1.0,28.704164733646333,36.385711669921875
2009-04-16,1.0,28.270129978715218,37.437721252441406
2009-04-17,1.0,27.88753755731871,37.769962310791016
2009-04-20,1.0,28.517690935103765,35.8320198059082
2009-04-21,1.0,28.360151609495315,37.0738639831543
2009-04-22,1.0,28.672014011058845,37.06596755981445
2009-04-23,1.0,29.125340376937082,36.97894287109375
2009-04-24,1.0,29.372899371001253,37.66712951660156
2009-04-27,1.0,29.173566460818314,37.263710021972656
2009-04-28,1.0,28.704164733646333,37.319087982177734
2009-04-29,1.0,28.929219791758765,38.734962463378906
2009-04-30,1.0,28.636649001142356,38.37900161743164
2009-05-01,1.0,28.53698058372651,38.61631393432617
2009-05-04,1.0,28.98709069995137,40.02427673339844
2009-05-05,1.0,29.054608394779727,39.826534271240234
2009-05-06,1.0,29.273232915909784,39.937259674072266
2009-05-07,1.0,29.41791116755349,38.995994567871094
2009-05-08,1.0,29.398621518930746,40.348602294921875
2009-05-11,1.0,29.35360972237851,39.75532531738281
2009-05-12,1.0,29.691192309547155,39.193729400634766
2009-05-13,1.0,29.75549375472214,37.398193359375
2009-05-14,1.0,29.835870561190863,37.92023468017578
2009-05-15,1.0,29.929108441624333,37.777854919433594
2009-05-18,1.0,29.620460327389804,39.04344940185547
2009-05-19,1.0,29.781213940327255,39.05928421020508
2009-05-20,1.0,30.125227064478274,38.69540786743164
2009-05-21,1.0,30.568906643720762,38.19708251953125
2009-05-22,1.0,30.816467600109313,37.80158233642578
2009-05-26,1.0,30.642852913207115,39.60505676269531
2009-05-27,1.0,30.64606916286049,38.83777618408203
2009-05-28,1.0,30.91291976787178,38.885250091552734
2009-05-29,1.0,31.46912687617049,39.68415832519531
2009-06-01,1.0,31.462696339188113,41.23450469970703
2009-06-02,1.0,31.610590840485195,41.7486457824707
2009-06-03,1.0,31.009371935634253,41.471797943115234
2009-06-04,1.0,31.546289395310215,42.06505584716797
2009-06-05,1.0,30.919350304854156,42.08086395263672
2009-06-08,1.0,30.597843078979256,41.58252716064453
2009-06-09,1.0,30.671789348465605,41.77237319946289
2009-06-10,1.0,30.671789348465605,41.606266021728516
2009-06-11,1.0,30.90648923088941,41.62207794189453
2009-06-12,1.0,30.224893519569743,41.7486457824707
2009-06-15,1.0,29.800505551274373,40.62543869018555
2009-06-16,1.0,29.951612377576076,39.94517517089844
2009-06-17,1.0,30.07378669326804,40.158748626708984
2009-06-18,1.0,30.028774896715802,40.34067153930664
2009-06-19,1.0,30.080215267926036,40.58588790893555
2009-06-22,1.0,29.597954429113685,39.146278381347656
2009-06-23,1.0,29.704053383511905,38.829891204833984
2009-06-24,1.0,30.0319891840448,39.249107360839844
2009-06-25,1.0,30.19274279698225,40.38023376464844
2009-06-26,1.0,30.24418513051686,40.522613525390625
2009-06-29,1.0,30.234540306205492,40.522613525390625
2009-06-30,1.0,29.806934125932372,40.403968811035156
2009-07-01,1.0,30.253829954828234,41.02884292602539
2009-07-02,1.0,29.92267790464196,39.61674118041992
2009-07-06,1.0,29.707267670840903,39.267478942871094
2009-07-07,1.0,29.86159074679598,38.41816711425781
2009-07-08,1.0,29.225006832028548,38.156211853027344
2009-07-09,1.0,29.44684760281198,37.99746322631836
2009-07-10,1.0,29.327889536773394,38.180030822753906
2009-07-13,1.0,29.649396762648294,39.10078430175781
2009-07-14,1.0,29.659041586959667,39.33098602294922
2009-07-15,1.0,30.19274279698225,40.847068786621094
2009-07-16,1.0,30.064139906632292,41.355079650878906
2009-07-17,1.0,30.131657601460645,41.196319580078125
2009-07-20,1.0,30.49496037423441,41.7043342590332
2009-07-21,1.0,30.433873216388427,41.632904052734375
2009-07-22,1.0,30.639638625878117,41.95833206176758
2009-07-23,1.0,30.687864709759353,43.28392791748047
2009-07-24,1.0,30.633208088895742,43.506168365478516
2009-07-27,1.0,30.649283450189486,43.72843933105469
2009-07-28,1.0,30.189528509653254,43.75226974487305
2009-07-29,1.0,29.810150375585746,43.529991149902344
2009-07-30,1.0,30.057711331974296,44.29201126098633
2009-07-31,1.0,30.662144524154236,44.10942840576172
2009-08-03,1.0,30.75538044226333,44.87938690185547
2009-08-04,1.0,31.105824103396724,45.33183288574219
2009-08-05,1.0,30.99972711132288,44.87938690185547
2009-08-06,1.0,30.887199582266664,44.2523078918457
2009-08-07,1.0,30.77788634053945,45.31595993041992
2009-08-10,1.0,30.382432845178194,45.39533996582031
2009-08-11,1.0,30.40815303078331,44.665077209472656
2009-08-12,1.0,30.565692356391764,45.33976745605469
2009-08-13,1.0,30.694295246741724,45.71283721923828
2009-08-14,1.0,30.446734290353174,44.77620315551758
2009-08-17,1.0,30.038419721027175,43.514122009277344
2009-08-18,1.0,30.147732962754393,44.09356689453125
2009-08-19,1.0,30.327776224314587,44.63332748413086
2009-08-20,1.0,30.231324056552115,45.117523193359375
2009-08-21,1.0,30.64606916286049,46.15735626220703
2009-08-24,1.0,30.295625501727095,46.14148712158203
2009-08-25,1.0,30.36635748388445,46.33991241455078
2009-08-26,1.0,30.35992694690208,46.443119049072266
2009-08-27,1.0,30.39850820647194,46.371673583984375
2009-08-28,1.0,30.768241516228077,46.077972412109375
2009-08-31,1.0,30.597843078979256,45.40327072143555
2009-09-01,1.0,30.694295246741724,44.38724899291992
2009-09-02,1.0,31.398394894013133,44.16498947143555
2009-09-03,1.0,32.01568916015782,44.65712356567383
2009-09-04,1.0,31.986754687223705,45.284217834472656
2009-09-08,1.0,32.08320685498617,45.784278869628906
2009-09-09,1.0,31.999613798864075,46.57009506225586
2009-09-10,1.0,32.00283004851745,47.14955139160156
2009-09-11,1.0,32.308261913098605,47.16543197631836
2009-09-14,1.0,32.14750830016116,47.66550064086914
2009-09-15,1.0,32.311476200427606,48.05445098876953
2009-09-16,1.0,32.75837202932347,49.04664611816406
2009-09-17,1.0,32.54617608285141,48.943443298339844
2009-09-18,1.0,32.44650962775994,49.141902923583984
2009-09-21,1.0,32.269680653528745,49.006954193115234
2009-09-22,1.0,32.60726324069739,49.345096588134766
2009-09-23,1.0,32.568681981127526,48.875675201416016
2009-09-24,1.0,32.07034578102143,47.897056579589844
2009-09-25,1.0,31.835645898597626,47.6026725769043
2009-09-28,1.0,31.90959216808398,48.74042510986328
2009-09-29,1.0,31.92888181670672,48.52561950683594
2009-09-30,1.0,32.40792836819008,47.92887878417969
2009-10-01,1.0,32.13464722619641,46.496734619140625
2009-10-02,1.0,32.253605292234994,46.14665603637695
2009-10-05,1.0,32.68764004716611,46.97413635253906
2009-10-06,1.0,33.391739694437526,47.84932327270508
2009-10-07,1.0,33.54285044538798,47.86522674560547
2009-10-08,1.0,33.93187340376686,48.302818298339844
2009-10-09,1.0,33.68752869703168,48.86772918701172
2009-10-12,1.0,33.97366698834134,48.875675201416016
2009-10-13,1.0,34.21479740774752,48.6688232421875
2009-10-14,1.0,34.20515454576052,49.599693298339844
2009-10-15,1.0,33.751830142206664,49.56788635253906
2009-10-16,1.0,33.780762652816406,49.0745849609375
2009-10-19,1.0,33.99296056161284,49.4803581237793
2009-10-20,1.0,34.009035922906584,48.79612731933594
2009-10-21,1.0,34.198722046453774,48.13575744628906
2009-10-22,1.0,34.009035922906584,48.8040771484375
2009-10-23,1.0,33.93830197842485,47.78566360473633
2009-10-26,1.0,33.50426722349374,47.35601806640625
2009-10-27,1.0,33.26635109141656,46.77520751953125
2009-10-28,1.0,33.11202997778586,45.21577072143555
2009-10-29,1.0,33.64251690047945,46.075042724609375
2009-10-30,1.0,33.42710470435401,44.81795120239258
2009-11-02,1.0,33.86757195859188,44.73043441772461
2009-11-03,1.0,34.86103007147508,45.406734466552734
2009-11-04,1.0,34.938188665966045,44.754310607910156
2009-11-05,1.0,35.00249011114103,46.178497314453125
2009-11-06,1.0,35.208255520630715,46.21031188964844
2009-11-09,1.0,35.39151699416866,47.11733627319336
2009-11-10,1.0,35.42688200408515,46.82295227050781
2009-11-11,1.0,35.81590496246403,47.14916229248047
2009-11-12,1.0,35.55869918176411,46.281917572021484
2009-11-13,1.0,35.88342069496801,46.72746658325195
2009-11-16,1.0,36.606811953186536,47.960693359375
2009-11-17,1.0,36.61324445249329,47.960693359375
2009-11-18,1.0,36.674327685690514,47.86522674560547
2009-11-19,1.0,36.69683554629101,46.67177963256836
2009-11-20,1.0,36.85758915922846,46.61608123779297
2009-11-23,1.0,37.43308787847429,47.427635192871094
2009-11-24,1.0,37.47166717571977,47.21281433105469
2009-11-25,1.0,38.15969342402181,47.20484924316406
2009-11-27,1.0,37.75137689237144,45.8124885559082
2009-11-30,1.0,37.97321766315487,46.218257904052734
2009-12-01,1.0,38.55193066972969,46.9343376159668
2009-12-02,1.0,38.966675776038066,47.49127960205078
2009-12-03,1.0,39.140290462940264,46.91047668457031
2009-12-04,1.0,37.57776613011799,48.072105407714844
2009-12-07,1.0,37.404151443215795,48.14369583129883
2009-12-08,1.0,36.74184734284325,47.76975631713867
2009-12-09,1.0,36.02167037195372,47.61858367919922
2009-12-10,1.0,36.19206684687816,47.427635192871094
2009-12-11,1.0,35.98951964936623,47.87318420410156
2009-12-14,1.0,36.11490825238719,48.59720230102539
2009-12-15,1.0,36.0859718171287,48.461952209472656
2009-12-16,1.0,36.50714549809507,48.77225875854492
2009-12-17,1.0,35.584421329693605,48.2312126159668
2009-12-18,1.0,35.713024220043565,48.67676544189453
2009-12-21,1.0,35.21790230726646,49.321231842041016
2009-12-22,1.0,34.915684730014306,49.78269958496094
2009-12-23,1.0,35.150386574762486,50.42420196533203
2009-12-24,1.0,35.49761202391813,50.61591720581055
2009-12-28,1.0,35.597278479009596,50.53602600097656
2009-12-29,1.0,35.2693426784767,50.51205825805664
2009-12-30,1.0,35.092513704245505,50.48011016845703
2009-12-31,1.0,35.211469807959716,49.88097381591797
2010-01-04,1.0,35.93486106617824,51.11119842529297
2010-01-05,1.0,35.94772214014299,50.93546676635742
2010-01-06,1.0,36.52000657205981,50.88753890991211
2010-01-07,1.0,36.429982978955344,51.262996673583984
2010-01-08,1.0,36.593950879221794,51.542579650878906
2010-01-11,1.0,36.99583491156542,51.334896087646484
2010-01-12,1.0,36.29495151394738,50.77568435668945
2010-01-13,1.0,36.536081933353564,51.430747985839844
2010-01-14,1.0,36.735414843536496,51.62247848510742
2010-01-15,1.0,36.33353081119287,50.87154006958008
2010-01-19,1.0,36.642176963103026,51.80622100830078
2010-01-20,1.0,35.7612503039248,51.0552864074707
2010-01-21,1.0,35.45260022736589,50.21648406982422
2010-01-22,1.0,35.01856547243477,49.313758850097656
2010-01-25,1.0,35.211469807959716,49.36968231201172
2010-01-26,1.0,35.29827911373519,48.88237380981445
2010-01-27,1.0,34.86424435880407,49.401649475097656
2010-01-28,1.0,34.83852221087458,48.554847717285156
2010-01-29,1.0,34.819232562251834,48.01962661743164
2010-02-01,1.0,35.50404452322488,48.58681869506836
2010-02-02,1.0,35.925218204191246,49.1220588684082
2010-02-03,1.0,35.73231386866631,48.79450988769531
2010-02-04,1.0,34.15692846187929,47.16482925415039
2010-02-05,1.0,33.82898873669764,47.34857177734375
2010-02-08,1.0,34.26302349162876,46.87724304199219
2010-02-09,1.0,34.61668144009115,47.524314880371094
2010-02-10,1.0,34.58774892948141,47.63615417480469
2010-02-11,1.0,35.17931908537223,48.395076751708984
2010-02-12,1.0,35.02821225907052,48.7465934753418
2010-02-16,1.0,35.98630536203723,49.56940841674805
2010-02-17,1.0,35.992733936695224,49.90492630004883
2010-02-18,1.0,35.94450785281399,50.31233596801758
2010-02-19,1.0,36.05060680721221,50.376258850097656
2010-02-22,1.0,35.770893165911794,50.52804183959961
2010-02-23,1.0,35.45260022736589,49.93688201904297
2010-02-24,1.0,35.25326731718295,50.36029052734375
2010-02-25,1.0,35.61657205228109,50.376258850097656
2010-02-26,1.0,35.95415463944974,50.16854476928711
2010-03-01,1.0,35.938079278155996,51.334896087646484
2010-03-02,1.0,36.55215729464731,51.7263298034668
2010-03-03,1.0,36.7386291308655,52.02193069458008
2010-03-04,1.0,36.4139076176616,52.1577262878418
2010-03-05,1.0,36.48464156214333,53.2202033996582
2010-03-08,1.0,36.124551114374185,53.31605911254883
2010-03-09,1.0,36.07311074316395,53.507789611816406
2010-03-10,1.0,35.61657205228109,53.963165283203125
2010-03-11,1.0,35.62300062693909,54.1229133605957
2010-03-12,1.0,35.4140209301204,54.09895706176758
2010-03-15,1.0,35.52976274650562,53.91522216796875
2010-03-16,1.0,36.07953931782195,54.37856674194336
2010-03-17,1.0,36.137412188338935,54.69809341430664
2010-03-18,1.0,36.24672543006615,54.53034210205078
2010-03-19,1.0,35.60371097831635,53.851318359375
2010-03-22,1.0,35.34329091028743,54.61021041870117
2010-03-23,1.0,35.478322375295384,55.30524826049805
2010-03-24,1.0,34.99927582381203,54.674163818359375
2010-03-25,1.0,35.13109300149099,54.329811096191406
2010-03-26,1.0,35.500826311247124,54.30577087402344
2010-03-29,1.0,35.69694885874982,54.602073669433594
2010-03-30,1.0,35.51047309788287,54.770263671875
2010-03-31,1.0,35.79340102651229,54.29777908325195
2010-04-01,1.0,36.172777198255424,54.80231475830078
2010-04-05,1.0,36.42355440429735,55.827392578125
2010-04-06,1.0,36.49428442413032,56.1557502746582
2010-04-07,1.0,37.0472792074244,55.979557037353516
2010-04-08,1.0,37.04406099544666,55.92350769042969
2010-04-09,1.0,37.33020321140506,56.2598762512207
2010-04-12,1.0,37.346278572698814,56.492095947265625
2010-04-13,1.0,37.06335456871815,56.62023162841797
2010-04-14,1.0,37.262687478901086,57.82952117919922
2010-04-15,1.0,37.28519141485283,58.00572204589844
2010-04-16,1.0,36.53286764602456,57.228885650634766
2010-04-19,1.0,36.49749871145932,56.9486083984375
2010-04-20,1.0,36.606811953186536,57.72540283203125
2010-04-21,1.0,36.91545810509669,58.12581253051758
2010-04-22,1.0,36.72577198154951,58.74249267578125
2010-04-23,1.0,37.07299743070514,59.36714553833008
2010-04-26,1.0,37.08585850466989,59.142913818359375
2010-04-27,1.0,37.34949286002781,57.78948974609375
2010-04-28,1.0,37.65814293658672,57.88558578491211
2010-04-29,1.0,37.56490505615324,59.11086654663086
2010-04-30,1.0,37.94106694056738,57.381046295166016
2010-05-03,1.0,38.0246580343651,58.670406341552734
2010-05-04,1.0,37.571333630811246,56.82846450805664
2010-05-05,1.0,37.76423796633618,55.99555206298828
2010-05-06,1.0,38.481200649896714,53.8973388671875
2010-05-07,1.0,38.90237433086308,52.34370803833008
2010-05-10,1.0,38.59372817895293,55.28282928466797
2010-05-11,1.0,39.22066726940899,55.65120315551758
2010-05-12,1.0,39.953701389614515,57.35702133178711
2010-05-13,1.0,39.506809485367405,56.804443359375
2010-05-14,1.0,39.46179768881517,55.70726776123047
2010-05-17,1.0,39.47144055080216,55.81137466430664
2010-05-18,1.0,39.04062400784879,54.738216400146484
2010-05-19,1.0,38.342950972911005,54.08954620361328
2010-05-20,1.0,38.188629859280304,51.35064697265625
2010-05-21,1.0,37.79960297625267,52.111427307128906
2010-05-24,1.0,38.38153419480525,51.41469955444336
2010-05-25,1.0,38.51013708515521,51.40668869018555
2010-05-26,1.0,39.0084732852613,51.53482437133789
2010-05-27,1.0,38.963461488709065,53.745174407958984
2010-05-28,1.0,38.97310435069606,53.05643081665039
2010-06-01,1.0,39.37820659501744,51.446739196777344
2010-06-02,1.0,39.24317120536073,52.91228103637695
2010-06-03,1.0,38.847719672323855,53.593013763427734
2010-06-04,1.0,39.10170724104602,50.90215301513672
2010-06-07,1.0,39.844392072536046,49.58876419067383
2010-06-08,1.0,39.99549889883775,49.564727783203125
2010-06-09,1.0,39.49716269873166,49.596763610839844
2010-06-10,1.0,39.24960370466748,51.31058120727539
2010-06-11,1.0,39.5100237726964,52.00733947753906
2010-06-14,1.0,39.329980511136206,52.33568572998047
2010-06-15,1.0,39.648269525033356,53.64906692504883
2010-06-16,1.0,39.52288484666115,53.40080642700195
2010-06-17,1.0,40.10802642789397,53.46489715576172
2010-06-18,1.0,40.41988686713312,53.496910095214844
2010-06-21,1.0,39.857249221852044,52.944332122802734
2010-06-22,1.0,39.86368172115879,51.85514831542969
2010-06-23,1.0,39.67720596029185,51.71101379394531
2010-06-24,1.0,40.043724982718985,50.88613510131836
2010-06-25,1.0,40.374878995229636,51.75907897949219
2010-06-28,1.0,39.809023137970804,51.46275329589844
2010-06-29,1.0,39.93119745366277,49.51668930053711
2010-06-30,1.0,40.043724982718985,48.948081970214844
2010-07-01,1.0,38.78341822714887,48.595703125
2010-07-02,1.0,38.81878323706536,48.06459426879883
2010-07-06,1.0,38.413684917392736,47.43788146972656
2010-07-07,1.0,38.53585530843595,49.09305191040039
2010-07-08,1.0,38.445835639980224,49.80011749267578
2010-07-09,1.0,38.88951325689834,50.57148361206055
2010-07-12,1.0,38.53264102110695,50.00100326538086
2010-07-13,1.0,39.0084732852613,51.58386993408203
2010-07-14,1.0,38.799493588442616,51.39906692504883
2010-07-15,1.0,38.8412871730171,50.92500686645508
2010-07-16,1.0,38.1950584339383,49.06894302368164
2010-07-19,1.0,37.992507311777615,49.277870178222656
2010-07-20,1.0,38.307585962994516,50.105445861816406
2010-07-21,1.0,38.31080025032352,49.205543518066406
2010-07-22,1.0,38.436188853344476,50.957149505615234
2010-07-23,1.0,38.18541164730255,52.210594177246094
2010-07-26,1.0,38.03430482100085,53.39974594116211
2010-07-27,1.0,37.2305367563136,53.206912994384766
2010-07-28,1.0,37.307699275453324,52.3471794128418
2010-07-29,1.0,37.56490505615324,52.210594177246094
2010-07-30,1.0,37.992507311777615,52.24273681640625
2010-08-02,1.0,38.0471658949656,53.15066146850586
2010-08-03,1.0,38.10503484083383,52.724830627441406
2010-08-04,1.0,38.378315982827495,53.27923583984375
2010-08-05,1.0,38.49084351188371,52.65250015258789
2010-08-06,1.0,38.6901803467154,52.33915328979492
2010-08-09,1.0,38.603371040939926,52.91765594482422
2010-08-10,1.0,38.45869278929622,51.92134094238281
2010-08-11,1.0,38.50049029851946,49.88047409057617
2010-08-12,1.0,39.05669936914254,49.63139343261719
2010-08-13,1.0,39.05991365647154,49.06894302368164
2010-08-16,1.0,39.36855980838169,49.462669372558594
2010-08-17,1.0,39.436075540885675,50.31435012817383
2010-08-18,1.0,39.53574199597714,50.467018127441406
2010-08-19,1.0,39.66756309830485,49.08503723144531
2010-08-20,1.0,39.45536518950841,49.13325881958008
2010-08-23,1.0,39.44572232752142,48.46632766723633
2010-08-24,1.0,39.60326165312987,47.91193771362305
2010-08-25,1.0,39.85082064719405,48.635066986083984
2010-08-26,1.0,39.71900346951509,48.27350997924805
2010-08-27,1.0,39.73829311813783,49.53498077392578
2010-08-30,1.0,39.773658128054315,48.450260162353516
2010-08-31,1.0,40.13374857582346,48.353851318359375
2010-09-01,1.0,40.06944713064848,50.225975036621094
2010-09-02,1.0,40.23662931824393,50.78038024902344
2010-09-03,1.0,40.162681086433196,51.688323974609375
2010-09-07,1.0,40.42310507911087,50.70806121826172
2010-09-08,1.0,40.36844649592289,51.00535583496094
2010-09-09,1.0,40.153038224446206,51.037506103515625
2010-09-10,1.0,40.011574260131496,51.19820022583008
2010-09-13,1.0,40.03086390875424,52.44358825683594
2010-09-14,1.0,40.821770899476746,52.21860885620117
2010-09-15,1.0,40.725318731714275,52.51591491699219
2010-09-16,1.0,40.89250484395848,52.178466796875
2010-09-17,1.0,41.01146094767269,52.395389556884766
2010-09-20,1.0,41.1207741893999,53.84968566894531
2010-09-21,1.0,40.90858020525222,53.536338806152344
2010-09-22,1.0,41.4808607125203,52.90159225463867
2010-09-23,1.0,41.61268181484801,52.26121139526367
2010-09-24,1.0,41.66733647338724,53.9608154296875
2010-09-27,1.0,41.68984040933898,53.823890686035156
2010-09-28,1.0,42.008133347884886,54.355533599853516
2010-09-29,1.0,42.06922050573087,54.50857162475586
2010-09-30,1.0,42.04671656977912,54.37164306640625
2010-10-01,1.0,42.31356521246604,54.6616096496582
2010-10-04,1.0,42.2910612765143,53.920555114746094
2010-10-05,1.0,43.046603257320314,55.451011657714844
2010-10-06,1.0,43.287733676726496,55.26576614379883
2010-10-07,1.0,42.885849644382866,55.104652404785156
2010-10-08,1.0,43.216999732244766,55.80543518066406
2010-10-11,1.0,43.50957444750993,55.853759765625
2010-10-12,1.0,43.265225816126,55.99876022338867
2010-10-13,1.0,44.03041458356776,56.852622985839844
2010-10-14,1.0,44.261898216338196,56.81232452392578
2010-10-15,1.0,44.081854954777995,56.6190185546875
2010-10-18,1.0,44.085069242107,57.094242095947266
2010-10-19,1.0,42.924428941628356,55.9826545715332
2010-10-20,1.0,43.18806722163502,56.5545654296875
2010-10-21,1.0,42.5900606417887,56.28066635131836
2010-10-22,1.0,42.58041777980171,56.64315414428711
2010-10-25,1.0,43.027313608697575,56.98146438598633
2010-10-26,1.0,43.01766682206183,56.94120788574219
2010-10-27,1.0,42.50968383531998,56.796207427978516
2010-10-28,1.0,43.14948399974078,56.44983673095703
2010-10-29,1.0,43.63174483855314,56.62702560424805
2010-11-01,1.0,43.4099040677697,56.24042510986328
2010-11-02,1.0,43.60924090260139,57.40838623046875
2010-11-03,1.0,42.98873038680333,57.63395309448242
2010-11-04,1.0,44.45480255186313,59.091896057128906
2010-11-05,1.0,44.92420624135949,59.422157287597656
2010-11-08,1.0,45.10103521559069,59.37382888793945
2010-11-09,1.0,45.32609027370312,58.584434509277344
2010-11-10,1.0,44.98207518722772,59.236915588378906
2010-11-11,1.0,45.11067807757768,59.003299713134766
2010-11-12,1.0,43.89859740588881,58.02058410644531
2010-11-15,1.0,43.99504957365128,58.02865219116211
2010-11-16,1.0,43.027313608697575,56.90092086791992
2010-11-17,1.0,42.979087524816336,57.05398178100586
2010-11-18,1.0,43.49671337354518,58.165565490722656
2010-11-19,1.0,43.474205512944685,58.358882904052734
2010-11-22,1.0,43.65103448717588,58.64081954956055
2010-11-23,1.0,44.28762036426769,58.08502960205078
2010-11-24,1.0,44.13972782529498,59.38993453979492
2010-11-26,1.0,43.798930950797335,58.97914123535156
2010-11-29,1.0,43.91788705451155,59.06774139404297
2010-11-30,1.0,44.528750783673864,58.600521087646484
2010-12-01,1.0,44.60269901548459,59.913509368896484
2010-12-02,1.0,44.64127831273008,60.51765060424805
2010-12-03,1.0,45.18462630938841,60.95261001586914
2010-12-06,1.0,45.502919247934315,61.331180572509766
2010-12-07,1.0,45.277864189821884,61.68563461303711
2010-12-08,1.0,44.44837397720514,61.64536666870117
2010-12-09,1.0,44.75702012911529,61.85478973388672
2010-12-10,1.0,44.50624684772212,62.62808609008789
2010-12-13,1.0,44.92420624135949,62.30587387084961
2010-12-14,1.0,45.126753438871425,62.27363967895508
2010-12-15,1.0,44.54482614496761,62.08032989501953
2010-12-16,1.0,44.059351018826256,62.652217864990234
2010-12-17,1.0,44.32298537418418,62.8455696105957
2010-12-20,1.0,44.54482614496761,63.09525680541992
2010-12-21,1.0,44.63163152609433,63.796051025390625
2010-12-22,1.0,44.586623654190845,63.7774543762207
2010-12-23,1.0,44.36799717073641,63.6965217590332
2010-12-27,1.0,44.44515968987614,63.89072799682617
2010-12-28,1.0,45.17819381008166,63.712711334228516
2010-12-29,1.0,45.432185303452584,63.850250244140625
2010-12-30,1.0,45.19105488404641,63.728878021240234
2010-12-31,1.0,45.689391084152504,63.30812072753906
2011-01-03,1.0,45.737617168033744,64.40856170654297
2011-01-04,1.0,44.31977108685518,63.45378112792969
2011-01-05,1.0,44.15580318658873,64.19818878173828
2011-01-06,1.0,44.091501741413744,63.898799896240234
2011-01-07,1.0,43.99826386098027,63.5346794128418
2011-01-10,1.0,44.165446048575724,63.898799896240234
2011-01-11,1.0,44.496600061086376,64.15773010253906
2011-01-12,1.0,44.551254719625604,64.70796966552734
2011-01-13,1.0,44.589837941519846,64.6837387084961
2011-01-14,1.0,43.73784379295135,65.16919708251953
2011-01-18,1.0,43.98540278701553,65.21772766113281
2011-01-19,1.0,44.05291851951951,63.54277801513672
2011-01-20,1.0,43.29094796405549,62.879276275634766
2011-01-21,1.0,43.1141189898243,62.4585075378418
2011-01-24,1.0,43.226646518880514,62.919734954833984
2011-01-25,1.0,42.83440927317263,63.0168571472168
2011-01-26,1.0,42.85691320912437,64.02019500732422
2011-01-27,1.0,42.38751344427677,64.20624542236328
2011-01-28,1.0,43.10447220318855,62.63653564453125
2011-01-31,1.0,42.88263535705387,63.073455810546875
2011-02-01,1.0,43.06910719327206,64.52996826171875
2011-02-02,1.0,42.80868712524314,64.28720092773438
2011-02-03,1.0,43.47742372492244,64.5137939453125
2011-02-04,1.0,43.34882083457248,64.62704467773438
2011-02-07,1.0,43.32631297397198,65.26628875732422
2011-02-08,1.0,43.834295960713824,65.72749328613281
2011-02-09,1.0,43.87930775726606,65.43622589111328
2011-02-10,1.0,43.78606987683259,65.69515228271484
2011-02-11,1.0,43.72176843165761,66.40716552734375
2011-02-14,1.0,43.872875257959315,66.74705505371094
2011-02-15,1.0,44.16223176124672,66.36672973632812
2011-02-16,1.0,44.19759677116321,66.90079498291016
2011-02-17,1.0,44.519103997038115,67.37007141113281
2011-02-18,1.0,44.63163152609433,67.44293975830078
2011-02-22,1.0,45.02708698377996,65.7113037109375
2011-02-23,1.0,45.44183209008833,64.57849884033203
2011-02-24,1.0,45.502919247934315,64.99117279052734
2011-02-25,1.0,45.290721339137875,66.4961929321289
2011-02-28,1.0,45.31001491240937,66.56902313232422
2011-03-01,1.0,45.998037236062665,65.23390197753906
2011-03-02,1.0,46.207016932881345,65.50901794433594
2011-03-03,1.0,45.525423183886055,66.99787902832031
2011-03-04,1.0,45.91766042959394,66.70658874511719
2011-03-07,1.0,46.10735047778988,65.61421203613281
2011-03-08,1.0,45.87586684501945,66.68228912353516
2011-03-09,1.0,45.95302936415918,66.4152603149414
2011-03-10,1.0,45.40324886819409,64.70796966552734
2011-03-11,1.0,45.702252158117254,64.87789154052734
2011-03-14,1.0,45.80191861320872,64.52996826171875
2011-03-15,1.0,44.773095490409034,63.9554557800293
2011-03-16,1.0,44.882408732136255,63.31623840332031
2011-03-17,1.0,45.139614512836175,63.45378112792969
2011-03-18,1.0,45.52220889655706,64.29528045654297
2011-03-21,1.0,45.85335898441895,65.78414916992188
2011-03-22,1.0,45.8951564936422,65.43622589111328
2011-03-23,1.0,46.22952479348184,65.63851928710938
2011-03-24,1.0,46.12985833839037,66.09175109863281
2011-03-25,1.0,45.85014469708996,66.66744995117188
2011-03-28,1.0,45.64759749957802,66.52149963378906
2011-03-29,1.0,45.525423183886055,67.1458511352539
2011-03-30,1.0,45.77620038992798,68.01343536376953
2011-03-31,1.0,46.26167551606933,68.24857330322266
2011-04-01,1.0,45.914446142264936,68.54861450195312
2011-04-04,1.0,46.0462633199439,68.70268249511719
2011-04-05,1.0,46.676420622377705,69.07562255859375
2011-04-06,1.0,46.866106745924895,69.22970581054688
2011-04-07,1.0,46.89182889385439,68.81619262695312
2011-04-08,1.0,47.370875445337745,68.09452056884766
2011-04-11,1.0,47.1779711098128,67.48640441894531
2011-04-12,1.0,46.711785632294195,66.60257720947266
2011-04-13,1.0,46.77608707746918,66.69178771972656
2011-04-14,1.0,47.31621686214976,66.9998779296875
2011-04-15,1.0,47.75346982905862,67.71343231201172
2011-04-18,1.0,47.978524887171055,66.59449005126953
2011-04-19,1.0,48.049254907004034,66.61067962646484
2011-04-20,1.0,48.171429222696,67.97291564941406
2011-04-21,1.0,48.3289646236557,68.47563171386719
2011-04-25,1.0,48.50257931055789,68.38644409179688
2011-04-26,1.0,48.3225360489977,69.06758117675781
2011-04-27,1.0,48.76299937858681,69.48109436035156
2011-04-28,1.0,49.21632770678943,69.79728698730469
2011-04-29,1.0,50.02652434613468,70.04865264892578
2011-05-02,1.0,50.04902828208642,69.22970581054688
2011-05-03,1.0,49.51532707206383,68.35399627685547
2011-05-04,1.0,48.70513043271858,67.47015380859375
2011-05-05,1.0,47.61200586474392,67.16204833984375
2011-05-06,1.0,47.943155952605814,67.51884460449219
2011-05-09,1.0,48.319321761668704,68.30536651611328
2011-05-10,1.0,48.75978509125782,69.35136413574219
2011-05-11,1.0,48.261448891151716,68.0701904296875
2011-05-12,1.0,48.438277865382915,68.67024230957031
2011-05-13,1.0,48.013889897087545,67.71343231201172
2011-05-16,1.0,47.91743772932507,66.72419738769531
2011-05-17,1.0,47.57664085482743,66.51342010498047
2011-05-18,1.0,48.08461991692052,67.53504943847656
2011-05-19,1.0,47.97530667519331,67.68099212646484
2011-05-20,1.0,48.509011809864646,67.1863784790039
2011-05-23,1.0,48.71799150668333,65.97825622558594
2011-05-24,1.0,48.9719790754055,65.66201782226562
2011-05-25,1.0,49.081292317132714,66.48908233642578
2011-05-26,1.0,48.95912192608951,67.36477661132812
2011-05-27,1.0,49.39315668102062,67.82695007324219
2011-05-31,1.0,49.38029560705588,68.79186248779297
2011-06-01,1.0,49.589275303874565,66.57827758789062
2011-06-02,1.0,49.25490700403491,66.55391693115234
2011-06-03,1.0,49.56676744327407,65.58087921142578
2011-06-06,1.0,49.72109248155352,64.50250244140625
2011-06-07,1.0,49.61821173913305,64.65655517578125
2011-06-08,1.0,49.45102562688886,63.93489456176758
2011-06-09,1.0,49.57962851723882,64.27547454833984
2011-06-10,1.0,49.1455937623077,63.24564743041992
2011-06-13,1.0,48.708344720047585,63.067298889160156
2011-06-14,1.0,48.991272648677,64.42141723632812
2011-06-15,1.0,49.049141594545226,63.2700309753418
2011-06-16,1.0,49.168101622908196,63.41600036621094
2011-06-17,1.0,49.4671009881826,63.432228088378906
2011-06-20,1.0,49.56033886861607,64.01597595214844
2011-06-21,1.0,49.705017120259775,65.40254211425781
2011-06-22,1.0,49.92685789104321,64.89982604980469
2011-06-23,1.0,48.872312620314034,65.15116882324219
2011-06-24,1.0,48.24215924252898,64.81877136230469
2011-06-27,1.0,48.097480990885266,65.32146453857422
2011-06-28,1.0,48.216437094599485,66.33501434326172
2011-06-29,1.0,48.544376819781135,66.6512451171875
2011-06-30,1.0,48.30003211304596,67.13774871826172
2011-07-01,1.0,47.65701766129616,68.18373107910156
2011-07-05,1.0,48.62153933892086,68.34803009033203
2011-07-06,1.0,49.1488080496367,68.62452697753906
2011-07-07,1.0,49.19703413351793,69.65737915039062
2011-07-08,1.0,49.55069208198032,69.23448181152344
2011-07-11,1.0,49.79504071336425,67.762451171875
2011-07-12,1.0,50.21621439433062,67.38021087646484
2011-07-13,1.0,50.96532387582989,67.9820327758789
2011-07-14,1.0,51.08749819152185,66.90040588378906
2011-07-15,1.0,51.113220339451345,67.34768676757812
2011-07-18,1.0,51.50867187248822,66.26602172851562
2011-07-19,1.0,51.47009257524274,67.762451171875
2011-07-20,1.0,51.335057185586024,67.64859008789062
2011-07-21,1.0,51.016768171688874,68.26667785644531
2011-07-22,1.0,51.48295364920748,68.35616302490234
2011-07-25,1.0,51.82696481103413,67.55098724365234
2011-07-26,1.0,51.97485735000683,67.03861999511719
2011-07-27,1.0,51.923416978796595,65.03797149658203
2011-07-28,1.0,51.87197660758636,64.93223571777344
2011-07-29,1.0,52.35102315906972,64.85090637207031
2011-08-01,1.0,52.052019869146555,64.42799377441406
2011-08-02,1.0,52.78827220132983,62.4192008972168
2011-08-03,1.0,53.47951273696087,62.83399200439453
2011-08-04,1.0,53.24802517954169,59.04407501220703
2011-08-05,1.0,53.01011297211327,58.01122283935547
2011-08-08,1.0,54.98416419926616,52.960758209228516
2011-08-09,1.0,55.94225730223287,56.490386962890625
2011-08-10,1.0,57.27008371495571,53.725257873535156
2011-08-11,1.0,56.22518523086228,56.4090690612793
2011-08-12,1.0,55.94868587689086,56.75877380371094
2011-08-15,1.0,56.44059350233896,58.3609504699707
2011-08-16,1.0,57.3054487248722,57.28742980957031
2011-08-17,1.0,57.58837272885286,57.303688049316406
2011-08-18,1.0,58.47895009931559,54.042415618896484
2011-08-19,1.0,59.44347177694029,53.090885162353516
2011-08-22,1.0,60.72306818113315,52.903831481933594
2011-08-23,1.0,59.74568935419245,55.4575309753418
2011-08-24,1.0,56.395581705786725,56.278953552246094
2011-08-25,1.0,56.57884317932467,54.8963737487793
2011-08-26,1.0,57.68161060928633,56.20574951171875
2011-08-29,1.0,57.49835306039714,58.865177154541016
2011-08-30,1.0,58.72972338070876,59.20674133300781
2011-08-31,1.0,58.78759625122574,59.08476638793945
2011-09-01,1.0,58.70721944475702,57.8160285949707
2011-09-02,1.0,60.2408073423208,55.6771125793457
2011-09-06,1.0,60.11863695127759,55.52260208129883
2011-09-07,1.0,58.32783934836514,57.62084197998047
2011-09-08,1.0,59.62030075117149,56.5635986328125
2011-09-09,1.0,59.684602196346475,54.8963737487793
2011-09-12,1.0,58.18959359602818,55.36806106567383
2011-09-13,1.0,58.732941592686515,56.26268005371094
2011-09-14,1.0,58.626842638288295,57.27113342285156
2011-09-15,1.0,57.18006012185124,58.076290130615234
2011-09-16,1.0,58.260323615861154,58.165733337402344
2011-09-19,1.0,57.112544389347256,57.12476348876953
2011-09-20,1.0,58.08349464162996,56.23829650878906
2011-09-21,1.0,58.04812963171347,54.15628433227539
2011-09-22,1.0,55.916535154303375,52.643592834472656
2011-09-23,1.0,52.64680823701513,53.18244552612305
2011-09-26,1.0,51.20002572057807,54.1866340637207
2011-09-27,1.0,53.0679819179815,55.354156494140625
2011-09-28,1.0,51.96521448801984,53.231422424316406
2011-09-29,1.0,51.93949234009034,54.15400695800781
2011-09-30,1.0,52.09703166569879,52.49663543701172
2011-10-03,1.0,53.241596604883696,49.79423904418945
2011-10-04,1.0,51.91377019216085,52.89667892456055
2011-10-05,1.0,52.7368318301196,53.62331008911133
2011-10-06,1.0,53.109779427204735,54.81528854370117
2011-10-07,1.0,52.55035606925266,53.47636032104492
2011-10-10,1.0,53.67884564714381,55.81951141357422
2011-10-11,1.0,53.36055270859791,56.20323181152344
2011-10-12,1.0,54.0550114562067,57.00334930419922
2011-10-13,1.0,53.604901339981836,56.95436096191406
2011-10-14,1.0,54.07108681750044,58.0810432434082
2011-10-17,1.0,53.86853569533975,56.317535400390625
2011-10-18,1.0,53.10334692789799,57.81161880493164
2011-10-19,1.0,52.92008937900879,56.68492126464844
2011-10-20,1.0,51.82375052370513,56.84008026123047
2011-10-21,1.0,52.569645717875396,58.072837829589844
2011-10-24,1.0,53.096918353239985,59.942508697509766
2011-10-25,1.0,54.64336732476851,58.260643005371094
2011-10-26,1.0,55.386048231609784,59.264854431152344
2011-10-27,1.0,56.15766557370955,62.39181137084961
2011-10-28,1.0,56.14159021241581,62.07339096069336
2011-10-31,1.0,55.434274315491024,60.424217224121094
2011-11-01,1.0,55.00988634719565,58.285133361816406
2011-11-02,1.0,55.57895256713473,59.7220573425293
2011-11-03,1.0,56.72030321899063,61.20800018310547
2011-11-04,1.0,56.43416492768097,60.90586853027344
2011-11-07,1.0,57.559440218243125,60.7834358215332
2011-11-08,1.0,57.81986028627204,61.673316955566406
2011-11-09,1.0,57.578729866865864,58.734169006347656
2011-11-10,1.0,56.549906744066185,59.16689682006836
2011-11-11,1.0,57.46941662513865,60.72625732421875
2011-11-14,1.0,57.157556185899494,59.85267639160156
2011-11-15,1.0,57.28294086427171,60.61196517944336
2011-11-16,1.0,57.028953295549535,59.63226318359375
2011-11-17,1.0,55.292814275825066,58.78316879272461
2011-11-18,1.0,55.45034967678477,58.76683807373047
2011-11-21,1.0,53.95855928844423,57.36256790161133
2011-11-22,1.0,54.72695841856624,56.88087463378906
2011-11-23,1.0,54.51797872174755,55.09288787841797
2011-11-25,1.0,54.190042921214655,54.39073944091797
2011-11-28,1.0,55.00345777253766,56.97884750366211
2011-11-29,1.0,55.08704886633538,56.87272644042969
2011-11-30,1.0,56.11908627646406,60.195579528808594
2011-12-01,1.0,55.79115047593116,59.762874603271484
2011-12-02,1.0,56.1673123603453,60.007808685302734
2011-12-05,1.0,55.643254012309704,61.036521911621094
2011-12-06,1.0,55.55323434385399,61.09369659423828
2011-12-07,1.0,55.97119373749136,60.97120666503906
2011-12-08,1.0,54.97130704995016,59.07706832885742
2011-12-09,1.0,55.067759217712634,60.85689926147461
2011-12-12,1.0,53.50523096024161,59.98332214355469
2011-12-13,1.0,53.366985207904655,58.734169006347656
2011-12-14,1.0,50.93639136522015,57.9993896484375
2011-12-15,1.0,50.62452700133225,58.538230895996094
2011-12-16,1.0,51.29969217566954,58.995445251464844
2011-12-19,1.0,51.26111287842405,57.97490692138672
2011-12-20,1.0,51.94270662741934,60.30173110961914
2011-12-21,1.0,51.82375052370513,60.5466423034668
2011-12-22,1.0,51.72729835594266,60.9322624206543
2011-12-23,1.0,51.59226296628595,61.16197967529297
2011-12-27,1.0,51.2546803791173,61.342472076416016
2011-12-28,1.0,50.24836511691811,60.2266845703125
2011-12-29,1.0,49.50889849740584,60.83381271362305
2011-12-30,1.0,50.341602997351586,60.505611419677734
2012-01-03,1.0,51.431509353348495,61.506587982177734
2012-01-04,1.0,51.82375052370513,61.170188903808594
2012-01-05,1.0,52.064880943111305,61.51475143432617
2012-01-06,1.0,51.958781988713085,61.35886764526367
2012-01-09,1.0,51.68228655939042,61.670631408691406
2012-01-10,1.0,52.43782854019644,62.57308578491211
2012-01-11,1.0,52.70146289555436,62.81919479370117
2012-01-12,1.0,52.96188688823203,63.00789260864258
2012-01-13,1.0,52.4185388915737,62.6715202331543
2012-01-17,1.0,53.215874456954204,62.64689636230469
2012-01-18,1.0,53.35412413393991,63.762699127197266
2012-01-19,1.0,53.180509447037714,64.15644073486328
2012-01-20,1.0,53.48915559894787,64.19749450683594
2012-01-23,1.0,53.94891250180848,64.11546325683594
2012-01-24,1.0,53.50523096024161,64.48467254638672
2012-01-25,1.0,54.64979982407527,65.03433227539062
2012-01-26,1.0,55.50179397264375,64.96049499511719
2012-01-27,1.0,55.67862294687495,65.40350341796875
2012-01-30,1.0,55.65290079894545,64.89483642578125
2012-01-31,1.0,55.87152728239989,64.8292236328125
2012-02-01,1.0,56.17052664767429,66.22393035888672
2012-02-02,1.0,56.4823910115622,66.601318359375
2012-02-03,1.0,55.87474156972889,68.0534439086914
2012-02-06,1.0,55.38926644358754,67.83195495605469
2012-02-07,1.0,56.148022711722554,67.79090881347656
2012-02-08,1.0,55.598246140406225,67.9385986328125
2012-02-09,1.0,55.91010657964538,67.60222625732422
2012-02-10,1.0,55.40534180488128,66.67511749267578
2012-02-13,1.0,55.39569501824553,67.53661346435547
2012-02-14,1.0,55.16742567280411,67.23303985595703
2012-02-15,1.0,55.50179397264375,66.67511749267578
2012-02-16,1.0,55.5178693339375,67.93038177490234
2012-02-17,1.0,55.44392110212677,67.92218780517578
2012-02-21,1.0,56.4920338735492,67.46278381347656
2012-02-22,1.0,56.90677897985757,66.92950439453125
2012-02-23,1.0,57.38582553134093,67.93038177490234
2012-02-24,1.0,57.07074688012402,67.79911041259766
2012-02-27,1.0,57.02252079624279,67.68428802490234
2012-02-28,1.0,57.453341263844905,67.50377655029297
2012-02-29,1.0,54.974521337279164,66.49466705322266
2012-03-01,1.0,55.33460786039955,66.83924865722656
2012-03-02,1.0,54.939156327362674,65.83834838867188
2012-03-05,1.0,54.752680566495734,65.91215515136719
2012-03-06,1.0,53.73671851766079,64.59951782226562
2012-03-07,1.0,54.119312901381676,65.2066421508789
2012-03-08,1.0,54.59514124088728,66.05164337158203
2012-03-09,1.0,55.00667205986665,66.94590759277344
2012-03-12,1.0,54.63050625080377,66.81462860107422
2012-03-13,1.0,54.45367727657257,68.14370727539062
2012-03-14,1.0,52.80756184995258,67.58583068847656
2012-03-15,1.0,53.34126305997516,68.15189361572266
2012-03-16,1.0,53.22552124358995,68.09449768066406
2012-03-19,1.0,53.59204026601709,68.66876983642578
2012-03-20,1.0,52.94259331496053,68.0534439086914
2012-03-21,1.0,53.04869226935875,68.03705596923828
2012-03-22,1.0,52.80113327529458,67.38072967529297
2012-03-23,1.0,53.44414772704438,68.03988647460938
2012-03-26,1.0,54.190042921214655,69.45531463623047
2012-03-27,1.0,54.167538985262915,68.96981811523438
2012-03-28,1.0,53.30268376272968,68.56653594970703
2012-03-29,1.0,53.11942228919173,68.36907958984375
2012-03-30,1.0,53.66920278515681,68.1468734741211
2012-04-02,1.0,53.932837140514735,68.98625946044922
2012-04-03,1.0,53.69170672110856,68.52542114257812
2012-04-04,1.0,51.83661159766987,67.43093872070312
2012-04-05,1.0,52.357451733727714,67.13465881347656
2012-04-09,1.0,52.80756184995258,66.03192138671875
2012-04-10,1.0,53.35412413393991,64.47660064697266
2012-04-11,1.0,53.33804877264617,65.39002227783203
2012-04-12,1.0,53.99713858568971,66.32817840576172
2012-04-13,1.0,53.34126305997516,65.45587921142578
2012-04-16,1.0,53.006894760135516,65.56285095214844
2012-04-17,1.0,53.0583390559945,66.50923156738281
2012-04-18,1.0,52.688605746238366,66.00725555419922
2012-04-19,1.0,52.746474692106595,65.62870788574219
2012-04-20,1.0,52.79470077598783,66.00725555419922
2012-04-23,1.0,52.46676497545493,65.09378051757812
2012-04-24,1.0,52.82363721124632,65.5875473022461
2012-04-25,1.0,52.77219684003609,66.60798645019531
2012-04-26,1.0,53.357338421268906,67.26634216308594
2012-04-27,1.0,53.498802385583616,67.79299926757812
2012-04-30,1.0,53.47951273696087,67.04413604736328
2012-05-01,1.0,53.424854153772884,67.10997772216797
2012-05-02,1.0,53.15800551108597,67.2909927368164
2012-05-03,1.0,52.54070928261691,66.34466552734375
2012-05-04,1.0,52.878291869785556,65.08556365966797
2012-05-07,1.0,52.68217324693161,65.25836944580078
2012-05-08,1.0,51.569759030334204,65.21722412109375
2012-05-09,1.0,51.23860501782356,64.84690856933594
2012-05-10,1.0,51.28361681437579,65.09378051757812
2012-05-11,1.0,50.913883504619655,64.9291763305664
2012-05-14,1.0,50.174416885107384,64.06512451171875
2012-05-15,1.0,50.05224649406417,63.94990539550781
2012-05-16,1.0,49.389938469042875,63.489078521728516
2012-05-17,1.0,50.621312714003246,62.04895782470703
2012-05-18,1.0,51.171089285319574,61.46467590332031
2012-05-21,1.0,51.06820854289911,62.91303634643555
2012-05-22,1.0,50.67918558452023,62.534461975097656
2012-05-23,1.0,49.77253285276375,62.937744140625
2012-05-24,1.0,50.068321855357915,63.069393157958984
2012-05-25,1.0,50.43805516511405,63.02824020385742
2012-05-29,1.0,49.788608214057504,63.941688537597656
2012-05-30,1.0,50.26444047821186,62.71553039550781
2012-05-31,1.0,50.23871833028236,62.63323974609375
2012-06-01,1.0,52.100245953027795,60.74870681762695
2012-06-04,1.0,51.833393385692126,60.60880661010742
2012-06-05,1.0,51.9298455534546,61.390586853027344
2012-06-06,1.0,52.49570141071342,62.90480041503906
2012-06-07,1.0,51.010335672382126,62.493350982666016
2012-06-08,1.0,51.12286320143834,63.34093475341797
2012-06-11,1.0,51.29647788834054,61.941993713378906
2012-06-12,1.0,51.84946874698587,62.72376251220703
2012-06-13,1.0,52.02308343388807,61.99957275390625
2012-06-14,1.0,52.03273022052382,62.707275390625
2012-06-15,1.0,52.30922564984648,63.546661376953125
2012-06-18,1.0,52.26742814062324,63.62074661254883
2012-06-19,1.0,52.15490061156702,64.7234878540039
2012-06-20,1.0,51.9169884041386,64.62472534179688
2012-06-21,1.0,50.29980548812834,63.05290222167969
2012-06-22,1.0,50.34803157200958,63.76887130737305
2012-06-25,1.0,51.03927210764062,62.77310562133789
2012-06-26,1.0,50.6052373527095,63.01875305175781
2012-06-27,1.0,50.71776488176572,64.04426574707031
2012-06-28,1.0,49.82397322397399,63.93674850463867
2012-06-29,1.0,51.55368366904046,65.79753112792969
2012-07-02,1.0,51.351132546879775,66.55839538574219
2012-07-03,1.0,52.12596810095729,67.4267578125
2012-07-05,1.0,51.72729835594266,67.35234832763672
2012-07-06,1.0,50.74670131702421,66.59973907470703
2012-07-09,1.0,51.07463711755711,66.34334564208984
2012-07-10,1.0,50.7756377522827,65.60731506347656
2012-07-11,1.0,50.643816649954985,65.3840103149414
2012-07-12,1.0,50.31266656209309,65.16069793701172
2012-07-13,1.0,51.171089285319574,65.97118377685547
2012-07-16,1.0,51.15822821135483,65.70654296875
2012-07-17,1.0,51.090712478850854,65.93812561035156
2012-07-18,1.0,50.489495536324284,66.34334564208984
2012-07-19,1.0,50.80135597556344,66.12007904052734
2012-07-20,1.0,50.878518494703165,65.27651977539062
2012-07-23,1.0,50.70490380780097,64.23445892333984
2012-07-24,1.0,50.669538797884485,63.39090347290039
2012-07-25,1.0,51.698361920684164,63.53147888183594
2012-07-26,1.0,51.923416978796595,64.07733154296875
2012-07-27,1.0,52.01665485923007,65.59905242919922
2012-07-30,1.0,52.0745238050983,65.3757553100586
2012-07-31,1.0,51.77873872715289,64.79683685302734
2012-08-01,1.0,51.560112243698455,63.7299919128418
2012-08-02,1.0,51.03605782031162,63.49842071533203
2012-08-03,1.0,51.63406047550919,65.01188659667969
2012-08-06,1.0,51.85590124629262,65.516357421875
2012-08-07,1.0,51.7530165792234,66.11180114746094
2012-08-08,1.0,51.85590124629262,66.01254272460938
2012-08-09,1.0,51.99093271130057,66.32682037353516
2012-08-10,1.0,52.0745238050983,66.09525299072266
2012-08-13,1.0,51.7498022918944,65.98775482177734
2012-08-14,1.0,51.4218664913615,65.83058166503906
2012-08-15,1.0,51.560112243698455,66.40953826904297
2012-08-16,1.0,51.958781988713085,67.10421752929688
2012-08-17,1.0,51.96521448801984,67.57561492919922
2012-08-20,1.0,52.087384879063045,67.4267578125
2012-08-21,1.0,52.723970756154856,67.38542175292969
2012-08-22,1.0,52.64359394968613,67.06285858154297
2012-08-23,1.0,53.67884564714381,66.59146118164062
2012-08-24,1.0,53.68527814645056,66.77339935302734
2012-08-27,1.0,53.768869240248286,66.97189331054688
2012-08-28,1.0,53.579179192052344,67.27791595458984
2012-08-29,1.0,53.36377092057566,67.48466491699219
2012-08-30,1.0,53.16121979841497,66.81474304199219
2012-08-31,1.0,54.16110648595616,67.08769226074219
2012-09-04,1.0,54.42795905329183,67.90643310546875
2012-09-05,1.0,54.36044332078785,67.9229736328125
2012-09-06,1.0,54.739819492530984,69.17176818847656
2012-09-07,1.0,55.86188049576414,69.68449401855469
2012-09-10,1.0,55.57895256713473,69.3702392578125
2012-09-11,1.0,55.67862294687495,69.51908111572266
2012-09-12,1.0,55.64003972498071,69.87471771240234
2012-09-13,1.0,56.877842544599076,70.79270935058594
2012-09-14,1.0,56.900350405199575,71.4543228149414
2012-09-17,1.0,56.832830748046845,71.12353515625
2012-09-18,1.0,56.85533860864734,70.89196014404297
2012-09-19,1.0,56.87462825727008,70.76792907714844
2012-09-20,1.0,56.832830748046845,70.4536361694336
2012-09-21,1.0,57.08360795408877,70.71003723144531
2012-09-24,1.0,56.65278748648665,70.47920227050781
2012-09-25,1.0,56.70744606967463,69.46630096435547
2012-09-26,1.0,56.28305417673051,69.02627563476562
2012-09-27,1.0,57.15112368659275,69.77349853515625
2012-09-28,1.0,56.94214398977406,69.27536010742188
2012-10-01,1.0,57.24436156702622,69.50782012939453
2012-10-02,1.0,56.99358436098429,69.64065551757812
2012-10-03,1.0,57.14148082460575,69.4414291381836
2012-10-04,1.0,57.68161060928633,69.9146728515625
2012-10-05,1.0,57.183274409180235,69.83159637451172
2012-10-08,1.0,57.019306508913786,69.3916015625
2012-10-09,1.0,56.68172392174514,68.57796478271484
2012-10-10,1.0,56.688152496403134,68.47001647949219
2012-10-11,1.0,56.86819968261209,68.7190933227539
2012-10-12,1.0,56.52097030880769,68.16281127929688
2012-10-15,1.0,55.81365441188291,68.61114501953125
2012-10-16,1.0,56.09336412853457,69.11761474609375
2012-10-17,1.0,56.311990611989,69.74030303955078
2012-10-18,1.0,56.04835625663109,69.35841369628906
2012-10-19,1.0,55.38926644358754,67.95529174804688
2012-10-22,1.0,55.46321075074951,67.93869018554688
2012-10-23,1.0,54.92308096606893,67.59825134277344
2012-10-24,1.0,54.672303760027006,67.41559600830078
2012-10-25,1.0,55.04203706978314,67.68960571289062
2012-10-26,1.0,55.00667205986665,67.36580657958984
2012-10-31,1.0,55.21886604401434,67.77261352539062
2012-11-01,1.0,55.10955280228712,68.48664855957031
2012-11-02,1.0,53.82352389878751,67.40734100341797
2012-11-05,1.0,54.083943966816435,67.85565185546875
2012-11-06,1.0,55.10955280228712,68.36207580566406
2012-11-07,1.0,55.08061636702863,66.70159912109375
2012-11-08,1.0,55.47285753738526,65.76344299316406
2012-11-09,1.0,55.63039686299371,65.90454864501953
2012-11-12,1.0,55.63039686299371,65.71363067626953
2012-11-13,1.0,55.434274315491024,65.34002685546875
2012-11-14,1.0,55.60467471506422,64.12782287597656
2012-11-15,1.0,55.08383457900638,63.7957763671875
2012-11-16,1.0,55.115985301593874,64.3271255493164
2012-11-19,1.0,55.749352966707924,65.68870544433594
2012-11-20,1.0,55.40212359290353,65.8049545288086
2012-11-21,1.0,55.55323434385399,66.15364074707031
2012-11-23,1.0,56.30556203733101,66.80952453613281
2012-11-26,1.0,56.24768916681403,67.02540588378906
2012-11-27,1.0,56.01298732206585,66.9423828125
2012-11-28,1.0,55.186715321426846,67.5069580078125
2012-11-29,1.0,55.53072648325349,68.27906799316406
2012-11-30,1.0,55.00667205986665,68.14620971679688
2012-12-03,1.0,55.28638177651832,68.07149505615234
2012-12-04,1.0,54.47618513717307,68.15454864501953
2012-12-05,1.0,54.411883691998085,68.07149505615234
2012-12-06,1.0,54.66587518536901,68.17943572998047
2012-12-07,1.0,54.78483128908322,68.22924041748047
2012-12-10,1.0,55.07418779237063,68.52811431884766
2012-12-11,1.0,54.91986275409118,69.25043487548828
2012-12-12,1.0,55.18992960875585,68.86026000976562
2012-12-13,1.0,54.51476443441855,68.42020416259766
2012-12-14,1.0,54.52119693372531,68.37870025634766
2012-12-17,1.0,54.55977623097079,69.3417739868164
2012-12-18,1.0,53.67563135981481,70.28829193115234
2012-12-19,1.0,53.579179192052344,70.44487762451172
2012-12-20,1.0,52.884724369092304,70.79658508300781
2012-12-21,1.0,53.34126305997516,70.50347137451172
2012-12-24,1.0,53.32518769868142,70.16012573242188
2012-12-26,1.0,53.36377092057566,69.65766906738281
2012-12-27,1.0,53.45379058903138,69.60743713378906
2012-12-28,1.0,53.20623159496721,69.11333465576172
2012-12-31,1.0,53.84603175938801,70.61234283447266
2013-01-02,1.0,54.26720544035438,72.6891860961914
2013-01-03,1.0,53.81066282482277,72.5217056274414
2013-01-04,1.0,52.98760511151277,73.05765533447266
2013-01-07,1.0,52.90401401771505,72.78128814697266
2013-01-08,1.0,53.41842557911489,72.73104095458984
2013-01-09,1.0,53.203017307638206,73.08274841308594
2013-01-10,1.0,53.92640856585673,73.25025177001953
2013-01-11,1.0,53.370199495233656,73.1413803100586
2013-01-14,1.0,53.65634171119207,73.18327331542969
2013-01-15,1.0,54.12252718871068,73.50147247314453
2013-01-16,1.0,54.10001932811018,73.28374481201172
2013-01-17,1.0,54.34758224682311,73.9620590209961
2013-01-18,1.0,54.225407931131144,74.17145538330078
2013-01-22,1.0,54.424744765962835,74.70738220214844
2013-01-23,1.0,54.21576506914415,74.53156280517578
2013-01-24,1.0,53.67563135981481,74.77437591552734
2013-01-25,1.0,53.25445767884844,75.31875610351562
2013-01-28,1.0,53.12585478849848,75.36894989013672
2013-01-29,1.0,53.392703431185396,75.41084289550781
2013-01-30,1.0,54.00999965965446,74.50642395019531
2013-01-31,1.0,53.3894891438564,75.0172348022461
2013-02-01,1.0,53.672417072485814,75.67882537841797
2013-02-04,1.0,53.862107120681756,74.76598358154297
2013-02-05,1.0,53.768869240248286,75.43595886230469
2013-02-06,1.0,53.93926571517273,75.75416564941406
2013-02-07,1.0,53.7045677950733,75.50293731689453
2013-02-08,1.0,53.56310383075859,76.03888702392578
2013-02-11,1.0,52.99081939884177,75.95516967773438
2013-02-12,1.0,53.006894760135516,76.29014587402344
2013-02-13,1.0,52.86221650849181,76.60838317871094
2013-02-14,1.0,52.55678464391065,76.80094146728516
2013-02-15,1.0,51.724084068613664,76.82608795166016
2013-02-19,1.0,51.55689795636946,77.50440979003906
2013-02-20,1.0,50.72097916909472,76.06403350830078
2013-02-21,1.0,50.74026881771746,75.32708740234375
2013-02-22,1.0,50.55379698149927,76.23150634765625
2013-02-25,1.0,50.997474598417384,74.54827880859375
2013-02-26,1.0,51.9298455534546,74.84139251708984
2013-02-27,1.0,51.28683110170479,75.62857818603516
2013-02-28,1.0,50.72419345642371,75.77090454101562
2013-03-01,1.0,50.537721620205524,76.11431121826172
2013-03-04,1.0,50.54415019486352,76.31524658203125
2013-03-05,1.0,50.62452700133225,77.20292663574219
2013-03-06,1.0,50.62452700133225,77.4039306640625
2013-03-07,1.0,50.630959500638994,77.77241516113281
2013-03-08,1.0,50.68882844650722,78.49259185791016
2013-03-11,1.0,50.727411668401466,78.46745300292969
2013-03-12,1.0,51.16787499799058,78.308349609375
2013-03-13,1.0,51.06499425557011,78.60144805908203
2013-03-14,1.0,51.138938562732086,79.38866424560547
2013-03-15,1.0,51.20002572057807,79.34675598144531
2013-03-18,1.0,51.58904867895695,78.91131591796875
2013-03-19,1.0,51.804460875082384,78.57633972167969
2013-03-20,1.0,51.68228655939042,79.30489349365234
2013-03-21,1.0,51.88483768155111,78.60982513427734
2013-03-22,1.0,51.64048905016718,78.85269165039062
2013-03-25,1.0,51.58904867895695,78.89804077148438
2013-03-26,1.0,51.30612467497629,79.14997100830078
2013-03-27,1.0,51.64048905016718,79.20038604736328
2013-03-28,1.0,51.2739739523888,79.30109405517578
2013-04-01,1.0,51.441156139984244,78.234619140625
2013-04-02,1.0,50.64060236262599,77.74752807617188
2013-04-03,1.0,49.92364360371421,76.52984619140625
2013-04-04,1.0,49.89149288112672,77.18487548828125
2013-04-05,1.0,50.65024914926174,77.03369140625
2013-04-08,1.0,50.54093590753452,77.67194366455078
2013-04-09,1.0,50.997474598417384,77.44519805908203
2013-04-10,1.0,50.10047257794541,78.84764862060547
2013-04-11,1.0,50.29337691347035,78.95681762695312
2013-04-12,1.0,48.25823460382272,78.63765716552734
2013-04-15,1.0,43.744272367609355,75.6732406616211
2013-04-16,1.0,44.586623654190845,76.9832992553711
2013-04-17,1.0,44.43872719056939,75.6480484008789
2013-04-18,1.0,44.753805841786296,75.22816467285156
2013-04-19,1.0,44.859904796184516,76.09314727783203
2013-04-22,1.0,45.68617679682351,76.31148529052734
2013-04-23,1.0,45.28750705180888,77.520751953125
2013-04-24,1.0,45.763339315963236,77.92389678955078
2013-04-25,1.0,46.99792784825261,78.43612670898438
2013-04-26,1.0,46.734289568245934,78.01624298095703
2013-04-29,1.0,47.1779711098128,78.57894897460938
2013-04-30,1.0,47.3322922234435,79.02399444580078
2013-05-01,1.0,46.49959164814651,77.10929870605469
2013-05-02,1.0,47.1876139717998,78.33537292480469
2013-05-03,1.0,47.078304654721336,79.57825469970703
2013-05-06,1.0,47.20047504576454,80.09052276611328
2013-05-07,1.0,46.58639702927323,80.74556732177734
2013-05-08,1.0,47.38695080663149,80.98068237304688
2013-05-09,1.0,47.22298290636504,80.70356750488281
2013-05-10,1.0,46.194159783565354,81.31664276123047
2013-05-13,1.0,46.12021155175462,81.25784301757812
2013-05-14,1.0,45.80513290053772,82.29916381835938
2013-05-15,1.0,44.89848409343,82.46710968017578
2013-05-16,1.0,44.59626651617784,82.2571792602539
2013-05-17,1.0,43.88252204459506,83.18095397949219
2013-05-20,1.0,44.50624684772212,83.3153076171875
2013-05-21,1.0,44.29726715090344,83.33212280273438
2013-05-22,1.0,43.96932742572179,82.11442565917969
2013-05-23,1.0,44.753805841786296,82.21517181396484
2013-05-24,1.0,44.586623654190845,82.19840240478516
2013-05-28,1.0,44.33906073547792,83.26493835449219
2013-05-29,1.0,44.73130190583455,82.49234008789062
2013-05-30,1.0,45.38074493224235,83.04656982421875
2013-05-31,1.0,44.773095490409034,82.13123321533203
2013-06-03,1.0,45.387173506900346,82.91220092773438
2013-06-04,1.0,44.917773742052745,82.03044128417969
2013-06-05,1.0,44.95957125127598,80.98068237304688
2013-06-06,1.0,45.515776397250306,81.83728790283203
2013-06-07,1.0,44.46444933849888,82.46710968017578
2013-06-10,1.0,44.56733008091935,82.97100830078125
2013-06-11,1.0,44.271545002973944,82.07244873046875
2013-06-12,1.0,44.7473772671283,81.25784301757812
2013-06-13,1.0,44.29083465159668,82.69388580322266
2013-06-14,1.0,44.60269901548459,82.05560302734375
2013-06-17,1.0,44.458020763840885,82.59308624267578
2013-06-18,1.0,43.93717670313429,83.5672607421875
2013-06-19,1.0,44.16223176124672,82.542724609375
2013-06-20,1.0,41.34261496018334,80.3592758178711
2013-06-21,1.0,41.525872509072535,80.59436798095703
2013-06-24,1.0,41.05004416956693,79.5362548828125
2013-06-25,1.0,40.98574272439195,80.30044555664062
2013-06-26,1.0,39.53252770864814,80.67839050292969
2013-06-27,1.0,38.94738612741532,81.92965698242188
2013-06-28,1.0,39.34605587242995,81.45938110351562
2013-07-01,1.0,40.37809328255864,82.7862548828125
2013-07-02,1.0,39.982637824873,82.72721862792969
2013-07-03,1.0,40.25591896686667,82.89590454101562
2013-07-05,1.0,38.99561221129656,84.06832885742188
2013-07-08,1.0,39.70292810822134,84.40569305419922
2013-07-09,1.0,40.056586056683734,85.19013214111328
2013-07-10,1.0,40.10481214056497,85.42633056640625
2013-07-11,1.0,41.15613919931639,86.43004608154297
2013-07-12,1.0,41.08219489215442,86.60713958740234
2013-07-15,1.0,41.27509922767936,87.36627960205078
2013-07-16,1.0,41.500154285791794,86.92768096923828
2013-07-17,1.0,41.08540917948342,87.26506042480469
2013-07-18,1.0,41.3008174509601,87.8470458984375
2013-07-19,1.0,41.580531092260514,87.98199462890625
2013-07-22,1.0,42.96622645085159,88.16757202148438
2013-07-23,1.0,42.924428941628356,88.10853576660156
2013-07-24,1.0,42.429307028851255,87.37471008300781
2013-07-25,1.0,42.72831031877441,88.17598724365234
2013-07-26,1.0,42.49360847402623,87.8217544555664
2013-07-29,1.0,42.70902067015167,87.20602416992188
2013-07-30,1.0,42.567556705836964,87.28194427490234
2013-07-31,1.0,42.19460910875183,87.43374633789062
2013-08-01,1.0,42.14959731219959,88.6230239868164
2013-08-02,1.0,42.136736238234846,88.69892883300781
2013-08-05,1.0,41.879530457534926,89.00261688232422
2013-08-06,1.0,41.255805654407865,88.10853576660156
2013-08-07,1.0,41.349043534841336,87.48434448242188
2013-08-08,1.0,42.13995052556384,87.8470458984375
2013-08-09,1.0,42.21068447004557,87.75426483154297
2013-08-12,1.0,42.91156786766361,88.21814727783203
2013-08-13,1.0,42.47753311273249,88.1000747680664
2013-08-14,1.0,42.88906393171187,87.75426483154297
2013-08-15,1.0,43.77642309019684,86.12637329101562
2013-08-16,1.0,44.10114460340074,85.763671875
2013-08-19,1.0,43.92431562916955,84.89490509033203
2013-08-20,1.0,44.14615639995298,86.11793518066406
2013-08-21,1.0,44.06577959348425,85.59501647949219
2013-08-22,1.0,44.085069242107,86.80113983154297
2013-08-23,1.0,44.87276194550051,87.02044677734375
2013-08-26,1.0,44.785956564373784,87.02888488769531
2013-08-27,1.0,45.67331572285876,84.98768615722656
2013-08-28,1.0,45.62187535164853,85.1563949584961
2013-08-29,1.0,45.42575672879459,86.0082778930664
2013-08-30,1.0,44.88562301946525,84.66718292236328
2013-09-03,1.0,45.396820293536095,85.24073028564453
2013-09-04,1.0,44.68629010928232,85.99140167236328
2013-09-05,1.0,44.14615639995298,86.12637329101562
2013-09-06,1.0,44.58340544221309,86.36254119873047
2013-09-09,1.0,44.586623654190845,87.66991424560547
2013-09-10,1.0,43.85679989666557,88.53025817871094
2013-09-11,1.0,43.85037132200757,88.57241821289062
2013-09-12,1.0,42.77332211532665,87.9229736328125
2013-09-13,1.0,42.06600621840187,88.4037094116211
2013-09-16,1.0,42.371438082983026,88.5977554321289
2013-09-17,1.0,42.10137122831836,89.47493743896484
2013-09-18,1.0,42.04671656977912,90.32684326171875
2013-09-19,1.0,44.02720029623877,90.23404693603516
2013-09-20,1.0,42.84083784783063,89.90508270263672
2013-09-23,1.0,42.660794586270434,89.91351318359375
2013-09-24,1.0,42.310350925137044,90.21208953857422
2013-09-25,1.0,42.95015108955785,90.04295349121094
2013-09-26,1.0,42.554695631872214,90.54188537597656
2013-09-27,1.0,43.03052789602657,90.13595581054688
2013-09-30,1.0,42.64793351230569,90.161376953125
2013-10-01,1.0,41.345829247512334,91.21002197265625
2013-10-02,1.0,42.45824346410975,90.83789825439453
2013-10-03,1.0,42.35536272168928,89.9076156616211
2013-10-04,1.0,42.10779980297635,90.5080795288086
2013-10-07,1.0,42.593278853766456,89.45093536376953
2013-10-08,1.0,42.57398528049496,88.00475311279297
2013-10-09,1.0,42.017780134520635,87.64955139160156
2013-10-10,1.0,41.68662612200998,89.76384735107422
2013-10-11,1.0,40.76711624093751,91.0662612915039
2013-10-14,1.0,41.03718309560218,91.52294921875
2013-10-15,1.0,40.92786985387497,90.62648010253906
2013-10-16,1.0,41.217226357162374,91.75125122070312
2013-10-17,1.0,42.52575919661373,92.55471801757812
2013-10-18,1.0,42.25891055392681,93.61184692382812
2013-10-21,1.0,42.300704138501295,93.4257583618164
2013-10-22,1.0,43.16234507370553,93.67101287841797
2013-10-23,1.0,42.885849644382866,93.3581314086914
2013-10-24,1.0,43.4099040677697,93.85709381103516
2013-10-25,1.0,43.48063801225143,93.94166564941406
2013-10-28,1.0,43.46777693828669,93.8994140625
2013-10-29,1.0,43.249150454832254,94.17001342773438
2013-10-30,1.0,43.37132477052422,92.884521484375
2013-10-31,1.0,42.554695631872214,92.34326934814453
2013-11-01,1.0,42.21711304470357,91.94579315185547
2013-11-04,1.0,42.265339128584806,93.0029296875
2013-11-05,1.0,42.053145144437124,92.68156433105469
2013-11-06,1.0,42.36500558367627,92.28406524658203
2013-11-07,1.0,42.06600621840187,90.72796630859375
2013-11-08,1.0,41.2976031636311,92.37710571289062
2013-11-11,1.0,41.185075634574886,92.50398254394531
2013-11-12,1.0,40.866782696028984,92.58007049560547
2013-11-13,1.0,40.77676302757326,93.46807861328125
2013-11-14,1.0,41.35225782217034,93.37507629394531
2013-11-15,1.0,41.38762675673558,93.73023986816406
2013-11-18,1.0,40.902147705945474,93.0705795288086
2013-11-19,1.0,40.94073092783971,92.49549102783203
2013-11-20,1.0,40.442394727733614,92.46165466308594
2013-11-21,1.0,39.97942353754401,94.12773895263672
2013-11-22,1.0,39.99549889883775,94.59286499023438
2013-11-25,1.0,39.90226101840428,94.71125030517578
2013-11-26,1.0,39.91190780504003,95.41320037841797
2013-11-27,1.0,39.79616598865481,95.94599914550781
2013-11-29,1.0,40.207692882985434,95.99674224853516
2013-12-02,1.0,39.29782978854872,95.03263092041016
2013-12-03,1.0,39.27853621527722,94.57594299316406
2013-12-04,1.0,40.13053036384571,94.322265625
2013-12-05,1.0,39.648269525033356,94.38992309570312
2013-12-06,1.0,39.55503556924864,95.12565612792969
2013-12-09,1.0,39.715789182186086,95.1002426147461
2013-12-10,1.0,40.58707297937732,94.2376937866211
2013-12-11,1.0,40.46168437635636,92.69001007080078
2013-12-12,1.0,39.41678589226293,92.89298248291016
2013-12-13,1.0,39.728646331502084,93.19744110107422
2013-12-16,1.0,40.043724982718985,94.30533599853516
2013-12-17,1.0,39.58396807985837,94.17001342773438
2013-12-18,1.0,39.74150740546683,95.46395874023438
2013-12-19,1.0,38.42011349205073,94.75354766845703
2013-12-20,1.0,38.744835005254636,96.35193634033203
2013-12-23,1.0,38.52942673377795,97.44454956054688
2013-12-24,1.0,38.744835005254636,97.818115234375
2013-12-26,1.0,39.034191508542044,97.82659149169922
2013-12-27,1.0,39.09849295371703,97.76715850830078
2013-12-30,1.0,38.68053356007965,97.70771789550781
2013-12-31,1.0,38.64195426283417,97.93697357177734
2014-01-02,1.0,39.38463516967544,96.87576293945312
2014-01-03,1.0,39.81545563727756,97.36815643310547
2014-01-06,1.0,39.79616598865481,96.57859802246094
2014-01-07,1.0,39.526099133990144,97.3851318359375
2014-01-08,1.0,39.39428195631119,97.5124740600586
2014-01-09,1.0,39.52288484666115,97.5379638671875
2014-01-10,1.0,40.082304279964475,98.07279968261719
2014-01-13,1.0,40.21733966962118,96.7314453125
2014-01-14,1.0,40.034078196083236,97.91999053955078
2014-01-15,1.0,39.80580885064181,98.65008544921875
2014-01-16,1.0,39.86689600848779,98.76897430419922
2014-01-17,1.0,40.24305789290192,98.42086791992188
2014-01-21,1.0,39.94084424029852,99.00665283203125
2014-01-22,1.0,39.8347452859003,99.50756072998047
2014-01-23,1.0,40.59350155403532,98.83688354492188
2014-01-24,1.0,40.654588711881296,96.31543731689453
2014-01-27,1.0,40.62565227662281,94.90616607666016
2014-01-28,1.0,40.220553956950184,95.90791320800781
2014-01-29,1.0,40.58064048007057,94.52409362792969
2014-01-30,1.0,39.937626028320764,95.93341064453125
2014-01-31,1.0,39.87011029581679,95.22027587890625
2014-02-03,1.0,40.52277153420234,92.24037170410156
2014-02-04,1.0,40.24305789290192,92.93653869628906
2014-02-05,1.0,40.42310507911087,92.24037170410156
2014-02-06,1.0,40.432747941097865,92.97051239013672
2014-02-07,1.0,40.61600941463581,94.0232162475586
2014-02-10,1.0,40.98574272439195,94.26943969726562
2014-02-11,1.0,41.477646425191296,95.10992431640625
2014-02-12,1.0,41.6448325374355,95.48344421386719
2014-02-13,1.0,41.80880043770195,96.69744873046875
2014-02-14,1.0,42.406803092899516,96.83331298828125
2014-02-18,1.0,42.5900606417887,97.84356689453125
2014-02-19,1.0,42.45824346410975,96.841796875
2014-02-20,1.0,42.34571593505353,97.88603210449219
2014-02-21,1.0,42.56434241850796,98.1916732788086
2014-02-24,1.0,43.027313608697575,98.91327667236328
2014-02-25,1.0,43.178420434999275,99.01516723632812
2014-02-26,1.0,42.70258817084492,99.62641906738281
2014-02-27,1.0,42.81190141257214,100.16972351074219
2014-02-28,1.0,42.48396561203924,99.77071380615234
2014-03-03,1.0,43.40668978044071,99.23587036132812
2014-03-04,1.0,43.01123824740383,101.73187255859375
2014-03-05,1.0,43.088396841894806,101.67245483398438
2014-03-06,1.0,43.45813015165094,101.65542602539062
2014-03-07,1.0,43.02088110939082,101.62149047851562
2014-03-10,1.0,43.12698006378904,101.28191375732422
2014-03-11,1.0,43.29094796405549,100.22916412353516
2014-03-12,1.0,44.05613673149726,100.53479766845703
2014-03-13,1.0,44.117219964694485,99.3717269897461
2014-03-14,1.0,44.33584644814892,99.78771209716797
2014-03-17,1.0,44.13972782529498,100.22916412353516
2014-03-18,1.0,43.69283199639912,101.68939208984375
2014-03-19,1.0,43.12698006378904,101.02725982666016
2014-03-20,1.0,42.77653640265565,101.1630630493164
2014-03-21,1.0,42.95336537688684,100.69612884521484
2014-03-24,1.0,42.156025886857584,99.55001831054688
2014-03-25,1.0,42.16245838616434,99.52615356445312
2014-03-26,1.0,41.90525260546442,97.61958312988281
2014-03-27,1.0,41.625538964164,97.37272644042969
2014-03-28,1.0,41.59660645355426,97.27909851074219
2014-03-31,1.0,41.26223815371461,99.02399444580078
2014-04-01,1.0,41.14006383802265,100.32624053955078
2014-04-02,1.0,41.490507499156045,100.77737426757812
2014-04-03,1.0,41.2943888763021,99.75598907470703
2014-04-04,1.0,41.898820106157665,97.44935607910156
2014-04-07,1.0,41.73163791856222,96.02790069580078
2014-04-08,1.0,42.075649080388864,96.70030975341797
2014-04-09,1.0,41.9727683379684,98.09623718261719
2014-04-10,1.0,42.442168102816,95.29589080810547
2014-04-11,1.0,42.39715630626377,93.97661590576172
2014-04-14,1.0,42.67043744825743,94.24046325683594
2014-04-15,1.0,41.7959393637372,94.60646057128906
2014-04-16,1.0,41.89560581882867,95.6363525390625
2014-04-17,1.0,41.583745379589516,96.11302947998047
2014-04-21,1.0,41.41013069268732,96.56411743164062
2014-04-22,1.0,41.172214560610136,97.56001281738281
2014-04-23,1.0,41.28795637699535,96.9471206665039
2014-04-24,1.0,41.490507499156045,96.70030975341797
2014-04-25,1.0,41.818443299688944,94.99800109863281
2014-04-28,1.0,41.76057435382071,94.44474792480469
2014-04-29,1.0,41.66733647338724,94.68306732177734
2014-04-30,1.0,41.654475399422495,95.31293487548828
2014-05-01,1.0,41.252591367078864,95.27886962890625
2014-05-02,1.0,41.879530457534926,95.35548400878906
2014-05-05,1.0,42.08529586702461,95.23631286621094
2014-05-06,1.0,42.062791931072866,93.68722534179688
2014-05-07,1.0,41.42942034131006,93.74681091308594
2014-05-08,1.0,41.39084104406457,92.8019790649414
2014-05-09,1.0,41.38762675673558,93.65313720703125
2014-05-12,1.0,41.654475399422495,95.78103637695312
2014-05-13,1.0,41.622324676835,94.84477996826172
2014-05-14,1.0,41.97919691262639,93.30419921875
2014-05-15,1.0,41.58695966691851,92.67434692382812
2014-05-16,1.0,41.580531092260514,93.26162719726562
2014-05-19,1.0,41.59338824157651,94.26600646972656
2014-05-20,1.0,41.619110389506005,92.8275375366211
2014-05-21,1.0,41.41013069268732,93.30419921875
2014-05-22,1.0,41.63197146347075,94.2745132446289
2014-05-23,1.0,41.525872509072535,95.30440521240234
2014-05-27,1.0,40.68352514713979,96.67475128173828
2014-05-28,1.0,40.48740652428585,96.1725845336914
2014-05-29,1.0,40.39095435652338,96.49603271484375
2014-05-30,1.0,40.046939270047986,96.06192779541016
2014-06-02,1.0,39.985852112202004,95.54276275634766
2014-06-03,1.0,40.0051456854735,95.31293487548828
2014-06-04,1.0,39.99549889883775,95.68746185302734
2014-06-05,1.0,40.28485540212516,97.69618225097656
2014-06-06,1.0,40.25591896686667,98.63243865966797
2014-06-09,1.0,40.300930763418904,99.5006332397461
2014-06-10,1.0,40.503481885579596,99.30487060546875
2014-06-11,1.0,40.535632608167084,98.8197021484375
2014-06-12,1.0,40.94715950249771,98.21538543701172
2014-06-13,1.0,40.950373789826706,98.3856201171875
2014-06-16,1.0,40.98895701172095,98.86225891113281
2014-06-17,1.0,40.88607234465173,99.56024169921875
2014-06-18,1.0,40.90858020525222,100.23265838623047
2014-06-19,1.0,42.23640269332631,100.31776428222656
2014-06-20,1.0,42.31677949979504,100.64970397949219
2014-06-23,1.0,42.37465237031202,100.45393371582031
2014-06-24,1.0,42.4678902507455,99.38147735595703
2014-06-25,1.0,42.50968383531998,100.2241439819336
2014-06-26,1.0,42.31356521246604,100.05386352539062
2014-06-27,1.0,42.406803092899516,100.72630310058594
2014-06-30,1.0,42.496826686003985,101.12637329101562
2014-07-01,1.0,42.64471922497669,102.15625
2014-07-02,1.0,42.78296497731365,101.76239013671875
2014-07-03,1.0,42.45181488945175,102.37755584716797
2014-07-07,1.0,42.32642628643079,100.62594604492188
2014-07-08,1.0,42.310350925137044,99.4041519165039
2014-07-09,1.0,42.56112813117897,99.53230285644531
2014-07-10,1.0,43.040170758013566,98.47282409667969
2014-07-11,1.0,42.98551609947434,98.34464263916016
2014-07-14,1.0,41.99849048589789,98.8487548828125
2014-07-15,1.0,41.69627290864573,97.87472534179688
2014-07-16,1.0,41.783078289772455,97.6098403930664
2014-07-17,1.0,42.332854861088784,96.1060562133789
2014-07-18,1.0,42.09172444168261,97.60132598876953
2014-07-21,1.0,42.23640269332631,97.20825958251953
2014-07-22,1.0,41.99205798659114,98.02853393554688
2014-07-23,1.0,41.94061761538091,98.14813995361328
2014-07-24,1.0,41.49372178648504,97.95160675048828
2014-07-25,1.0,41.89560581882867,97.06302642822266
2014-07-28,1.0,41.90203831813542,96.57598114013672
2014-07-29,1.0,41.74128470519797,96.84089660644531
2014-07-30,1.0,41.63197146347075,97.22534942626953
2014-07-31,1.0,41.194722421210635,95.00382995605469
2014-08-01,1.0,41.59017395424751,94.56806945800781
2014-08-04,1.0,41.40048390605157,95.40540313720703
2014-08-05,1.0,41.28152780233736,95.16617584228516
2014-08-06,1.0,42.01134763521388,95.46521759033203
2014-08-07,1.0,42.14316873754159,95.00382995605469
2014-08-08,1.0,42.08208157969561,95.92660522460938
2014-08-11,1.0,42.06922050573087,96.84089660644531
2014-08-12,1.0,42.07886729236662,96.17440795898438
2014-08-13,1.0,42.20747018271658,96.92630004882812
2014-08-14,1.0,42.242835192633066,97.07154846191406
2014-08-15,1.0,41.94061761538091,96.88357543945312
2014-08-18,1.0,41.72199113192647,98.29338836669922
2014-08-19,1.0,41.638400038128744,98.63516998291016
2014-08-20,1.0,41.583745379589516,98.21647644042969
2014-08-21,1.0,40.950373789826706,98.4300765991211
2014-08-22,1.0,41.10791311543516,98.43865203857422
2014-08-25,1.0,41.066119530860675,98.9000244140625
2014-08-26,1.0,41.27509922767936,99.79717254638672
2014-08-27,1.0,41.21401206983338,99.54939270019531
2014-08-28,1.0,41.43263462863906,99.0367660522461
2014-08-29,1.0,41.33940067285434,99.5921401977539
2014-09-02,1.0,40.6288665639518,100.13895416259766
2014-09-03,1.0,40.796052676196005,99.50666046142578
2014-09-04,1.0,40.67387836050404,99.12217712402344
2014-09-05,1.0,40.69638622110454,99.43833923339844
2014-09-08,1.0,40.27520861548941,99.5921401977539
2014-09-09,1.0,40.08552249194222,98.41301727294922
2014-09-10,1.0,39.97942353754401,98.99401092529297
2014-09-11,1.0,39.78330491469006,99.63484954833984
2014-09-12,1.0,39.54217449528389,98.57537078857422
2014-09-15,1.0,39.6611305989981,97.49877166748047
2014-09-16,1.0,39.71257097020833,97.77217864990234
2014-09-17,1.0,39.6868527469276,98.02853393554688
2014-09-18,1.0,39.40713910562718,98.62663269042969
2014-09-19,1.0,39.07277473043629,97.37915802001953
2014-09-22,1.0,39.12100081431752,96.01207733154297
2014-09-23,1.0,39.256032279325474,95.11489868164062
2014-09-24,1.0,39.17886976018575,95.9759750366211
2014-09-25,1.0,39.26246085398348,94.35665893554688
2014-09-26,1.0,39.034191508542044,95.20487976074219
2014-09-29,1.0,39.14350475026926,95.1277847290039
2014-09-30,1.0,38.918449692156834,93.68838500976562
2014-10-01,1.0,39.05026686983579,92.36035919189453
2014-10-02,1.0,39.037405795871045,93.24286651611328
2014-10-03,1.0,38.33008989894626,93.94541931152344
2014-10-06,1.0,38.79627537646487,93.1400375366211
2014-10-07,1.0,38.95702898940232,91.60641479492188
2014-10-08,1.0,38.75126750456138,93.36279296875
2014-10-09,1.0,39.37177409571069,90.8438949584961
2014-10-10,1.0,39.256032279325474,89.7386474609375
2014-10-13,1.0,39.52288484666115,89.37879180908203
2014-10-14,1.0,39.6611305989981,90.42407989501953
2014-10-15,1.0,39.998713186166746,91.33223724365234
2014-10-16,1.0,39.88297136978154,92.36035919189453
2014-10-17,1.0,39.81224134994856,92.08621978759766
2014-10-20,1.0,39.99549889883775,93.1657485961914
2014-10-21,1.0,40.220553956950184,94.69937133789062
2014-10-22,1.0,40.021221046767245,93.3456802368164
2014-10-23,1.0,39.49716269873166,94.99925231933594
2014-10-24,1.0,39.58396807985837,95.16204071044922
2014-10-27,1.0,39.516452347354395,95.11058807373047
2014-10-28,1.0,39.5196666346834,97.81803894042969
2014-10-29,1.0,39.362131233723694,97.5866928100586
2014-10-30,1.0,38.519779947142204,98.41778564453125
2014-10-31,1.0,37.65171043727997,99.86575317382812
2014-11-03,1.0,37.59705577874074,99.69437408447266
2014-11-04,1.0,37.532754333565755,99.2317123413086
2014-11-05,1.0,36.82543843664097,99.41165161132812
2014-11-06,1.0,36.72577198154951,99.84005737304688
2014-11-07,1.0,37.603484353398734,99.99424743652344
2014-11-10,1.0,37.28197712752383,100.49116516113281
2014-11-11,1.0,37.38486179459305,100.5597152709961
2014-11-12,1.0,37.25947319157209,101.0137939453125
2014-11-13,1.0,37.33020321140506,100.15703582763672
2014-11-14,1.0,38.098606266175835,99.97712707519531
2014-11-17,1.0,38.03430482100085,99.14604187011719
2014-11-18,1.0,38.474768150589966,99.72010040283203
2014-11-19,1.0,38.37510169549849,98.65767669677734
2014-11-20,1.0,38.28186381506502,99.76288604736328
2014-11-21,1.0,38.50049029851946,99.88287353515625
2014-11-24,1.0,38.436188853344476,101.07377624511719
2014-11-25,1.0,38.48762922455471,101.15088653564453
2014-11-26,1.0,38.471553863260965,101.48503112792969
2014-11-28,1.0,37.78352761495893,99.97712707519531
2014-12-01,1.0,39.15958011156301,98.41778564453125
2014-12-02,1.0,38.555144957058694,99.60016632080078
2014-12-03,1.0,38.85414824698185,100.5597152709961
2014-12-04,1.0,38.82199752439436,100.07990264892578
2014-12-05,1.0,38.26257416644228,100.83390045166016
2014-12-08,1.0,38.41046670541498,99.57442474365234
2014-12-09,1.0,39.59361486649412,101.2451400756836
2014-12-10,1.0,39.5100237726964,99.0946273803711
2014-12-11,1.0,39.387849457004435,99.4887466430664
2014-12-12,1.0,39.28818300191297,98.28068542480469
2014-12-15,1.0,38.812350737758614,97.28687286376953
2014-12-16,1.0,38.38474848213424,97.1497573852539
2014-12-17,1.0,38.39760955609899,100.14846801757812
2014-12-18,1.0,38.41046670541498,101.63926696777344
2014-12-19,1.0,38.449049927309225,101.87057495117188
2014-12-22,1.0,37.92820586660263,102.56454467773438
2014-12-23,1.0,37.8703369207344,102.69309997558594
2014-12-24,1.0,37.72887295641969,102.98977661132812
2014-12-26,1.0,38.42976027868648,103.6605453491211
2014-12-29,1.0,37.992507311777615,104.09916687011719
2014-12-30,1.0,38.58729567964618,103.48855590820312
2014-12-31,1.0,38.063241256259346,102.86936950683594
2015-01-02,1.0,38.13075698876332,102.27600860595703
2015-01-05,1.0,38.706255708009145,100.90863037109375
2015-01-06,1.0,39.201377620786246,99.1629409790039
2015-01-07,1.0,38.92166397948583,100.38408660888672
2015-01-08,1.0,38.85093395965285,102.08677673339844
2015-01-09,1.0,39.095278666388026,101.10649108886719
2015-01-12,1.0,39.63219416373961,100.77108764648438
2015-01-13,1.0,39.6836384595986,100.84845733642578
2015-01-14,1.0,39.6868527469276,100.44429779052734
2015-01-15,1.0,40.6610172865393,98.75012969970703
2015-01-16,1.0,41.053258456895925,100.35828399658203
2015-01-20,1.0,41.60946360287026,99.93689727783203
2015-01-21,1.0,41.59338824157651,99.61869812011719
2015-01-22,1.0,41.818443299688944,101.64823913574219
2015-01-23,1.0,41.55802323166002,101.57943725585938
2015-01-26,1.0,41.13363526336465,102.55979919433594
2015-01-27,1.0,41.52908679640153,102.06961059570312
2015-01-28,1.0,41.34261496018334,100.34969329833984
2015-01-29,1.0,40.336295773335394,101.73422241210938
2015-01-30,1.0,41.10469882810616,99.49828338623047
2015-02-02,1.0,41.030750596295434,100.40985870361328
2015-02-03,1.0,40.50026367360184,102.20722198486328
2015-02-04,1.0,40.632084775929556,101.82881164550781
2015-02-05,1.0,40.574211905412575,103.14458465576172
2015-02-06,1.0,39.67077738563385,103.03279113769531
2015-02-09,1.0,39.892618156417285,102.21580505371094
2015-02-10,1.0,39.59682915382312,102.86936950683594
2015-02-11,1.0,39.1917308341505,102.7231674194336
2015-02-12,1.0,39.22709584406699,103.89274597167969
2015-02-13,1.0,39.43286125355667,104.51191711425781
2015-02-17,1.0,38.8412871730171,104.83871459960938
2015-02-18,1.0,38.57122031835244,104.95050811767578
2015-02-19,1.0,38.80913645042961,104.95909881591797
2015-02-20,1.0,38.72233106930289,105.24288940429688
2015-02-23,1.0,38.590513891623935,105.3460922241211
2015-02-24,1.0,38.481200649896714,105.48369598388672
2015-02-25,1.0,38.613017827575675,105.60409545898438
2015-02-26,1.0,38.88951325689834,105.99104309082031
2015-02-27,1.0,38.98596542466081,105.41490173339844
2015-03-02,1.0,38.82842609905236,106.18025207519531
2015-03-03,1.0,38.70946999533815,105.552490234375
2015-03-04,1.0,38.600156753610925,105.22570037841797
2015-03-05,1.0,38.449049927309225,105.53527069091797
2015-03-06,1.0,37.426655379167535,104.20233154296875
2015-03-09,1.0,37.50060361097827,104.65814208984375
2015-03-10,1.0,37.298052488817575,103.45416259765625
2015-03-11,1.0,36.99583491156542,104.09056854248047
2015-03-12,1.0,37.040846708117655,105.81908416748047
2015-03-13,1.0,37.0569220694114,105.44068908691406
2015-03-16,1.0,37.0794299300119,106.05988311767578
2015-03-17,1.0,36.91867631707444,106.34367370605469
2015-03-18,1.0,37.018342772165916,107.19500732421875
2015-03-19,1.0,37.58740899210499,107.40142059326172
2015-03-20,1.0,38.09217769151783,108.34734344482422
2015-03-23,1.0,38.1950584339383,108.25275421142578
2015-03-24,1.0,38.31401453765251,108.22698211669922
2015-03-25,1.0,38.49406172386146,105.64178466796875
2015-03-26,1.0,38.744835005254636,105.51241302490234
2015-03-27,1.0,38.574438530330184,106.18521881103516
2015-03-30,1.0,38.09217769151783,107.62574768066406
2015-03-31,1.0,38.03751910832985,107.28072357177734
2015-04-01,1.0,38.8412871730171,107.32380676269531
2015-04-02,1.0,38.60980354024667,107.52225494384766
2015-04-06,1.0,39.17886976018575,107.99667358398438
2015-04-07,1.0,38.92166397948583,107.30658721923828
2015-04-08,1.0,38.68053356007965,108.2295913696289
2015-04-09,1.0,38.37510169549849,107.84141540527344
2015-04-10,1.0,38.728759643960885,108.35897064208984
2015-04-13,1.0,38.55836316903644,108.42796325683594
2015-04-14,1.0,38.34938347221776,108.40209197998047
2015-04-15,1.0,38.62909318886942,109.1611557006836
2015-04-16,1.0,38.5165656598132,109.10079193115234
2015-04-17,1.0,38.67410498542166,107.3324966430664
2015-04-20,1.0,38.3718874081695,108.38484954833984
2015-04-21,1.0,38.67410498542166,108.27272033691406
2015-04-22,1.0,38.15969342402181,108.43661499023438
2015-04-23,1.0,38.40082384342799,108.9282455444336
2015-04-24,1.0,37.78352761495893,108.56597900390625
2015-04-27,1.0,38.6869660593864,107.36697387695312
2015-04-28,1.0,39.03097722121305,107.96215057373047
2015-04-29,1.0,38.89594575620509,106.78905487060547
2015-04-30,1.0,38.01501517237811,104.5290298461914
2015-05-01,1.0,37.76102367900719,105.21049499511719
2015-05-04,1.0,38.156479136692816,105.59003448486328
2015-05-05,1.0,38.36224062153375,104.244384765625
2015-05-06,1.0,38.26900666574903,104.6066665649414
2015-05-07,1.0,38.01501517237811,105.00348663330078
2015-05-08,1.0,38.23042344385479,105.7884292602539
2015-05-11,1.0,38.04073339565885,105.84880065917969
2015-05-12,1.0,38.342950972911005,105.65904235839844
2015-05-13,1.0,39.17244118552775,105.65904235839844
2015-05-14,1.0,39.397496243640184,106.78043365478516
2015-05-15,1.0,39.400710530969185,106.6596450805664
2015-05-18,1.0,39.47465876277991,107.86730194091797
2015-05-19,1.0,38.80270787577162,107.72062683105469
2015-05-20,1.0,38.8670093209466,107.91902160644531
2015-05-21,1.0,38.72233106930289,107.79827880859375
2015-05-22,1.0,38.719116781973895,107.3324966430664
2015-05-26,1.0,38.16933628600881,106.30596923828125
2015-05-27,1.0,38.12754270143432,107.6084976196289
2015-05-28,1.0,38.1982727212673,107.51360321044922
2015-05-29,1.0,38.24007023049054,106.86668395996094
2015-06-01,1.0,38.20470522057405,107.20308685302734
2015-06-02,1.0,38.391177056792245,107.41009521484375
2015-06-03,1.0,38.08895947954009,108.4797134399414
2015-06-04,1.0,37.77388475297193,107.3928451538086
2015-06-05,1.0,37.545615407530505,108.16919708251953
2015-06-08,1.0,37.719226169783944,107.66889190673828
2015-06-09,1.0,37.85104727211166,107.34110260009766
2015-06-10,1.0,38.13397127609232,108.67809295654297
2015-06-11,1.0,37.934638365909386,108.95413970947266
2015-06-12,1.0,37.8992733559929,108.62637329101562
2015-06-15,1.0,38.10825305281158,108.28130340576172
2015-06-16,1.0,37.953928014532124,109.04902648925781
2015-06-17,1.0,37.82211083685317,108.88513946533203
2015-06-18,1.0,38.62909318886942,110.34291076660156
2015-06-19,1.0,38.62909318886942,110.2911605834961
2015-06-22,1.0,38.05680875695259,111.05026245117188
2015-06-23,1.0,37.815678337546416,111.28314208984375
2015-06-24,1.0,37.699936521161206,110.34291076660156
2015-06-25,1.0,37.664571511244716,110.28251647949219
2015-06-26,1.0,37.709583307796954,109.98063659667969
2015-06-29,1.0,37.88962656935715,107.20308685302734
2015-06-30,1.0,37.664571511244716,107.70340728759766
2015-07-01,1.0,37.58419470477599,108.02256774902344
2015-07-02,1.0,37.391290369251045,107.22474670410156
2015-07-06,1.0,37.709583307796954,107.1900863647461
2015-07-07,1.0,37.050493494753404,107.3113784790039
2015-07-08,1.0,37.400937155886794,105.67414855957031
2015-07-09,1.0,37.262687478901086,106.05530548095703
2015-07-10,1.0,37.22088996967785,107.5279312133789
2015-07-13,1.0,37.14051316320912,108.74066162109375
2015-07-14,1.0,37.0794299300119,109.34706115722656
2015-07-15,1.0,36.8833073825092,108.76663970947266
2015-07-16,1.0,36.77399806543074,109.41635131835938
2015-07-17,1.0,36.38818939438086,108.93989562988281
2015-07-20,1.0,35.58120311771585,108.35086059570312
2015-07-21,1.0,35.47510808796638,107.83977508544922
2015-07-22,1.0,35.089299416916504,108.23823547363281
2015-07-23,1.0,35.172890510714225,107.04281616210938
2015-07-24,1.0,34.90282365604956,105.31898498535156
2015-07-27,1.0,35.25326731718295,104.44407653808594
2015-07-28,1.0,35.24683874252496,105.33631896972656
2015-07-29,1.0,35.13109300149099,105.63081359863281
2015-07-30,1.0,34.99284724915403,105.93402862548828
2015-07-31,1.0,35.20182694597272,106.51441192626953
2015-08-03,1.0,35.02499797174153,105.98599243164062
2015-08-04,1.0,35.06679155631601,105.73475646972656
2015-08-05,1.0,34.90603794337856,105.97733306884766
2015-08-06,1.0,35.05071619502226,104.54802703857422
2015-08-07,1.0,35.17610479804323,103.84635162353516
2015-08-10,1.0,35.500826311247124,105.04176330566406
2015-08-11,1.0,35.610139552974346,104.14087677001953
2015-08-12,1.0,36.11169004040944,103.94164276123047
2015-08-13,1.0,35.87055962100326,103.59512329101562
2015-08-14,1.0,35.78053995254754,104.26214599609375
2015-08-17,1.0,35.96379750143674,105.36228942871094
2015-08-18,1.0,35.9155714175555,104.52204132080078
2015-08-19,1.0,36.26922936601789,103.43922424316406
2015-08-20,1.0,37.06978314337615,100.8231201171875
2015-08-21,1.0,37.28197712752383,99.64501953125
2015-08-24,1.0,37.08264421734089,95.75553894042969
2015-08-25,1.0,36.593950879221794,95.01924896240234
2015-08-26,1.0,36.15670183696167,97.43608093261719
2015-08-27,1.0,36.0859718171287,99.17726135253906
2015-08-28,1.0,36.429982978955344,100.15613555908203
2015-08-31,1.0,36.381756895074105,99.79228210449219
2015-09-01,1.0,36.61002624051554,96.93365478515625
2015-09-02,1.0,36.4106933303326,98.67483520507812
2015-09-03,1.0,36.127765401703186,98.51891326904297
2015-09-04,1.0,36.02809894661171,97.77392578125
2015-09-08,1.0,36.02167037195372,100.00885009765625
2015-09-09,1.0,35.43652486607215,98.85672760009766
2015-09-10,1.0,35.67122671082033,99.30718994140625
2015-09-11,1.0,35.478322375295384,99.77494812011719
2015-09-14,1.0,35.61335384030334,99.31584167480469
2015-09-15,1.0,35.455818439343645,100.43331146240234
2015-09-16,1.0,35.983087150059475,101.2995834350586
2015-09-17,1.0,35.92200391686225,101.64606475830078
2015-09-18,1.0,36.59073659189279,100.24274444580078
2015-09-21,1.0,36.429982978955344,100.06083679199219
2015-09-22,1.0,36.16956291092642,98.54489135742188
2015-09-23,1.0,36.381756895074105,98.25035858154297
2015-09-24,1.0,37.09550529130564,98.08574676513672
2015-09-25,1.0,36.84472808526372,96.7948226928711
2015-09-28,1.0,36.394617969038855,94.08436584472656
2015-09-29,1.0,36.2370786434304,93.4154052734375
2015-09-30,1.0,35.864131046345264,94.8662338256836
2015-10-01,1.0,35.82233353712203,94.701171875
2015-10-02,1.0,36.558585869305304,96.10851287841797
2015-10-05,1.0,36.59073659189279,98.40196990966797
2015-10-06,1.0,36.87045023319321,97.72438049316406
2015-10-07,1.0,36.94118025302619,99.45317077636719
2015-10-08,1.0,36.802930576040474,100.34796905517578
2015-10-09,1.0,37.17588209777436,100.54776763916016
2015-10-12,1.0,37.45237752709703,100.40007781982422
2015-10-13,1.0,37.48131396235552,99.0274658203125
2015-10-14,1.0,37.94106694056738,98.05451202392578
2015-10-15,1.0,38.191844146609306,100.40007781982422
2015-10-16,1.0,38.0535944696236,100.26978302001953
2015-10-19,1.0,37.7224443817617,100.46089935302734
2015-10-20,1.0,37.873551208063404,100.32191467285156
2015-10-21,1.0,37.53918290822375,98.7929458618164
2015-10-22,1.0,37.50703218563626,99.66166687011719
2015-10-23,1.0,37.400937155886794,100.64330291748047
2015-10-26,1.0,37.51989325960101,99.95703125
2015-10-27,1.0,37.51346468494301,98.86243438720703
2015-10-28,1.0,37.84461477280491,101.74661254882812
2015-10-29,1.0,36.8833073825092,100.66072845458984
2015-10-30,1.0,36.70004983362001,100.2002944946289
2015-11-02,1.0,36.51679228473082,102.28524780273438
2015-11-03,1.0,35.82233353712203,102.81517028808594
2015-11-04,1.0,35.574774543057856,102.76304626464844
2015-11-05,1.0,35.50725881055388,102.84126281738281
2015-11-06,1.0,34.96712510122454,103.57099151611328
2015-11-09,1.0,34.97677188786029,102.35475158691406
2015-11-10,1.0,34.986414749847285,102.6587905883789
2015-11-11,1.0,34.87388722079107,101.76399230957031
2015-11-12,1.0,34.74850254241886,99.81805419921875
2015-11-13,1.0,34.74850254241886,99.09696197509766
2015-11-16,1.0,34.84173649820358,99.9483413696289
2015-11-17,1.0,34.35947565939122,99.56610870361328
2015-11-18,1.0,34.362693871368975,101.25144958496094
2015-11-19,1.0,34.658478949314386,100.82577514648438
2015-11-20,1.0,34.60703857810415,101.47731018066406
2015-11-23,1.0,34.298392426194,101.98118591308594
2015-11-24,1.0,34.539522845600175,102.72831726074219
2015-11-25,1.0,34.41734852990821,103.52754211425781
2015-11-27,1.0,33.9575916270476,103.91847229003906
2015-11-30,1.0,34.266241703606504,103.46672821044922
2015-12-01,1.0,34.20194025843153,104.15306091308594
2015-12-02,1.0,33.893290181872615,103.03236389160156
2015-12-03,1.0,34.1344206012788,101.29486083984375
2015-12-04,1.0,34.86745864613307,102.31997680664062
2015-12-07,1.0,34.60703857810415,100.78234100341797
2015-12-08,1.0,34.60382429077515,100.22632598876953
2015-12-09,1.0,34.645617875349636,99.10563659667969
2015-12-10,1.0,34.50093962370593,99.435791015625
2015-12-11,1.0,34.623113939397896,97.22051239013672
2015-12-14,1.0,34.23087276904126,96.5255355834961
2015-12-15,1.0,34.17300382317303,97.91548156738281
2015-12-16,1.0,34.658478949314386,99.40973663330078
2015-12-17,1.0,33.78398086479415,98.34986877441406
2015-12-18,1.0,34.2790988529225,96.84696197509766
2015-12-21,1.0,34.783867552335344,97.57671356201172
2015-12-22,1.0,34.55559820689392,98.47147369384766
2015-12-23,1.0,34.38198351999172,99.71379089355469
2015-12-24,1.0,34.63275680138489,99.90225982666016
2015-12-28,1.0,34.41734852990821,99.43983459472656
2015-12-29,1.0,34.64240358802064,100.51300811767578
2015-12-30,1.0,34.082980230068564,99.50090026855469
2015-12-31,1.0,34.08941272937531,98.261962890625
2016-01-04,1.0,34.565241068880916,95.98470306396484
2016-01-05,1.0,34.67134002327913,96.19410705566406
2016-01-06,1.0,35.10537477821025,94.72828674316406
2016-01-07,1.0,35.61335384030334,92.19798278808594
2016-01-08,1.0,35.29506482640619,90.61005401611328
2016-01-11,1.0,35.25326731718295,90.2174072265625
2016-01-12,1.0,34.90282365604956,90.4878921508789
2016-01-13,1.0,34.963910813895545,87.58241271972656
2016-01-14,1.0,34.526661771635425,88.79521942138672
2016-01-15,1.0,35.092513704245505,87.35557556152344
2016-01-19,1.0,35.04107333303527,86.17768096923828
2016-01-20,1.0,35.5940641916806,86.5354232788086
2016-01-21,1.0,35.336858410980675,86.33474731445312
2016-01-22,1.0,35.27577125313469,88.4461898803711
2016-01-25,1.0,35.56512775642211,86.48307800292969
2016-01-26,1.0,36.0634639565282,88.21065521240234
2016-01-27,1.0,35.88342069496801,86.99786376953125
2016-01-28,1.0,35.867345333674265,86.98037719726562
2016-01-29,1.0,35.89306748160376,89.83351135253906
2016-02-01,1.0,36.26280079135989,89.42340850830078
2016-02-02,1.0,36.24351114273715,87.49517059326172
2016-02-03,1.0,36.69362125896201,87.60860443115234
2016-02-04,1.0,37.21767568234885,87.94888305664062
2016-02-05,1.0,37.2241081816556,85.54076385498047
2016-02-08,1.0,38.51335137248421,84.13600158691406
2016-02-09,1.0,38.53906959576494,83.56887817382812
2016-02-10,1.0,38.41046670541498,83.61253356933594
2016-02-11,1.0,40.12088750185871,82.70510864257812
2016-02-12,1.0,39.8379595732293,84.2756118774414
2016-02-16,1.0,38.834858598359105,86.27366638183594
2016-02-17,1.0,38.93773934077957,87.62608337402344
2016-02-18,1.0,39.42000017959192,87.20726776123047
2016-02-19,1.0,39.55824985657764,87.64350128173828
2016-02-22,1.0,38.88629896956934,88.6207046508789
2016-02-23,1.0,39.29782978854872,87.80927276611328
2016-02-24,1.0,39.82509849926455,88.65560150146484
2016-02-25,1.0,39.809023137970804,89.4670639038086
2016-02-26,1.0,39.21745298207999,90.0341796875
2016-02-29,1.0,39.67077738563385,89.6328125
2016-03-01,1.0,39.55503556924864,91.56107330322266
2016-03-02,1.0,39.90226101840428,92.50337982177734
2016-03-03,1.0,40.42631936643987,93.47183990478516
2016-03-04,1.0,40.828203398783494,93.98663330078125
2016-03-07,1.0,40.61279120265806,95.00748443603516
2016-03-08,1.0,40.57742619274157,92.71276092529297
2016-03-09,1.0,40.40059721851038,93.1839370727539
2016-03-10,1.0,40.89571913128748,92.42485046386719
2016-03-11,1.0,40.468112951014355,94.40545654296875
2016-03-14,1.0,40.008359972802495,94.1611328125
2016-03-15,1.0,39.55824985657764,92.69535064697266
2016-03-16,1.0,39.52288484666115,93.34971618652344
2016-03-17,1.0,40.654588711881296,94.78060913085938
2016-03-18,1.0,40.31057755005465,95.63568115234375
2016-03-21,1.0,39.98907032417976,95.40882873535156
2016-03-22,1.0,40.13053036384571,95.29539489746094
2016-03-23,1.0,39.3428376604522,93.53376770019531
2016-03-24,1.0,39.268893353290224,93.81382751464844
2016-03-28,1.0,39.22066726940899,93.92757415771484
2016-03-29,1.0,39.72543204417308,96.53546142578125
2016-03-30,1.0,39.44572232752142,96.54421997070312
2016-03-31,1.0,39.680420247620845,96.81546783447266
2016-04-01,1.0,39.294611576570965,97.24429321289062
2016-04-04,1.0,39.15958011156301,96.43043518066406
2016-04-05,1.0,39.493948411402656,95.3365249633789
2016-04-06,1.0,39.30425836320671,96.41295623779297
2016-04-07,1.0,39.74472169279583,95.10897064208984
2016-04-08,1.0,39.94727281495651,95.48529815673828
2016-04-11,1.0,40.40381150583937,95.18775177001953
2016-04-12,1.0,40.49062081161485,96.2116470336914
2016-04-13,1.0,40.08552249194222,98.28572082519531
2016-04-14,1.0,39.38463516967544,98.16320037841797
2016-04-15,1.0,39.645055237704355,98.4082260131836
2016-04-18,1.0,39.6611305989981,99.152099609375
2016-04-19,1.0,40.28485540212516,99.2308349609375
2016-04-20,1.0,40.291283976783156,99.379638671875
2016-04-21,1.0,40.1562525117752,98.88078308105469
2016-04-22,1.0,39.50359127338965,99.8609619140625
2016-04-25,1.0,39.8315309985713,99.152099609375
2016-04-26,1.0,39.937626028320764,100.12348937988281
2016-04-27,1.0,40.162681086433196,100.4735336303711
2016-04-28,1.0,40.68673943446879,99.32713317871094
2016-04-29,1.0,41.4487099899328,98.43449401855469
2016-05-02,1.0,41.625538964164,99.30961608886719
2016-05-03,1.0,41.49693607381404,97.681884765625
2016-05-04,1.0,40.937516640510715,96.87677001953125
2016-05-05,1.0,40.87642948266473,96.49170684814453
2016-05-06,1.0,41.56767001829577,97.060546875
2016-05-09,1.0,40.689953721797785,97.340576171875
2016-05-10,1.0,40.63529906325856,98.32073211669922
2016-05-11,1.0,40.9793102250852,97.10430908203125
2016-05-12,1.0,40.84106447274824,96.58795166015625
2016-05-13,1.0,40.89250484395848,95.94912719726562
2016-05-16,1.0,40.94073092783971,97.16555786132812
2016-05-17,1.0,41.030750596295434,95.62532806396484
2016-05-18,1.0,40.950373789826706,96.1241683959961
2016-05-19,1.0,40.32343469937065,95.35404205322266
2016-05-20,1.0,40.26556575350242,96.95551300048828
2016-05-23,1.0,40.22376824427918,96.84175872802734
2016-05-24,1.0,39.5100237726964,98.8370590209961
2016-05-25,1.0,39.3364090857942,99.41464233398438
2016-05-26,1.0,39.22709584406699,99.30087280273438
2016-05-27,1.0,39.02454864655505,100.28975677490234
2016-05-31,1.0,39.05669936914254,100.63980102539062
2016-06-01,1.0,38.963461488709065,101.32240295410156
2016-06-02,1.0,38.89594575620509,102.10126495361328
2016-06-03,1.0,39.87011029581679,101.48868560791016
2016-06-06,1.0,40.0147885474605,102.58261108398438
2016-06-07,1.0,40.008359972802495,102.88014221191406
2016-06-08,1.0,40.503481885579596,103.64149475097656
2016-06-09,1.0,40.83784626077049,102.97640228271484
2016-06-10,1.0,40.94073092783971,101.57621002197266
2016-06-13,1.0,41.2943888763021,100.4735336303711
2016-06-14,1.0,41.33296817354759,100.18477630615234
2016-06-15,1.0,41.33940067285434,100.2547607421875
2016-06-16,1.0,41.67055076071624,100.24601745605469
2016-06-17,1.0,41.55480894433102,99.81718444824219
2016-06-20,1.0,41.4744321378623,100.90235137939453
2016-06-21,1.0,40.84749304740624,100.70983123779297
2016-06-22,1.0,40.76711624093751,100.31600952148438
2016-06-23,1.0,40.54848975748308,102.23253631591797
2016-06-24,1.0,42.438953815487004,98.34696197509766
2016-06-27,1.0,42.51933062195573,95.11775970458984
2016-06-28,1.0,42.2878469891853,96.58795166015625
2016-06-29,1.0,42.56434241850796,98.78453826904297
2016-06-30,1.0,42.38751344427677,100.62232971191406
2016-07-01,1.0,42.97586931283859,100.98111724853516
2016-07-05,1.0,43.60924090260139,99.49339294433594
2016-07-06,1.0,43.88252204459506,100.21585083007812
2016-07-07,1.0,43.728197006315604,100.4270248413086
2016-07-08,1.0,43.61566947725939,102.76762390136719
2016-07-11,1.0,43.564229106049154,103.95555114746094
2016-07-12,1.0,42.89227821904086,105.34585571289062
2016-07-13,1.0,43.15913078637653,104.93224334716797
2016-07-14,1.0,42.802258550585144,105.03788757324219
2016-07-15,1.0,42.64793351230569,105.32821655273438
2016-07-18,1.0,42.70902067015167,105.50422668457031
2016-07-19,1.0,42.80868712524314,104.97628021240234
2016-07-20,1.0,42.40037451824151,105.6626205444336
2016-07-21,1.0,42.77653640265565,105.16107940673828
2016-07-22,1.0,42.53862027057847,105.94417572021484
2016-07-25,1.0,42.416449879535264,105.78581237792969
2016-07-26,1.0,42.46145775143874,106.29618835449219
2016-07-27,1.0,42.651147799634685,106.59535217285156
2016-07-28,1.0,42.83440927317263,106.32258605957031
2016-07-29,1.0,43.37132477052422,106.53376770019531
2016-08-01,1.0,43.448487289663944,106.62175750732422
2016-08-02,1.0,43.86644668330132,105.13468170166016
2016-08-03,1.0,43.599594115965644,105.98820495605469
2016-08-04,1.0,43.68640342174112,106.08499145507812
2016-08-05,1.0,42.96622645085159,107.61607360839844
2016-08-08,1.0,42.86977428308912,107.56327819824219
2016-08-09,1.0,43.049817544649315,107.67768096923828
2016-08-10,1.0,43.22021794422251,106.90332794189453
2016-08-11,1.0,43.16234507370553,107.41368103027344
2016-08-12,1.0,42.94693680222885,107.51927185058594
2016-08-15,1.0,43.09161505387255,108.58399963378906
2016-08-16,1.0,43.41955085440545,107.70408630371094
2016-08-17,1.0,43.168773648363526,107.38729095458984
2016-08-18,1.0,43.4420547903572,108.17922973632812
2016-08-19,1.0,43.09482934120155,108.17922973632812
2016-08-22,1.0,43.00802003542608,108.42562866210938
2016-08-23,1.0,43.10125791585955,109.18235778808594
2016-08-24,1.0,42.58041777980171,108.29364013671875
2016-08-25,1.0,42.442168102816,108.50481414794922
2016-08-26,1.0,42.487179899368236,108.2848129272461
2016-08-29,1.0,42.532191695920474,108.84796142578125
2016-08-30,1.0,42.172101248151336,109.05037689208984
2016-08-31,1.0,42.017780134520635,108.43441009521484
2016-09-01,1.0,42.18817660944508,108.51360321044922
2016-09-02,1.0,42.50646954799098,109.56073760986328
2016-09-06,1.0,43.38418584448896,109.66634368896484
2016-09-07,1.0,43.22021794422251,110.35267639160156
2016-09-08,1.0,42.979087524816336,110.13269805908203
2016-09-09,1.0,42.7636753286909,106.69213104248047
2016-09-12,1.0,42.47110453807449,108.17922973632812
2016-09-13,1.0,42.406803092899516,106.10258483886719
2016-09-14,1.0,42.487179899368236,106.12018585205078
2016-09-15,1.0,42.229974118668316,107.38729095458984
2016-09-16,1.0,41.982415124604145,107.22887420654297
2016-09-19,1.0,42.229974118668316,107.9416275024414
2016-09-20,1.0,42.23640269332631,107.48408508300781
2016-09-21,1.0,42.660794586270434,109.04159545898438
2016-09-22,1.0,43.09482934120155,110.60784912109375
2016-09-23,1.0,42.991944674132334,109.8247299194336
2016-09-26,1.0,43.072321480601055,108.7341079711914
2016-09-27,1.0,42.628643863682946,109.1753158569336
2016-09-28,1.0,42.41966416686426,110.01354217529297
2016-09-29,1.0,42.49360847402623,108.40762329101562
2016-09-30,1.0,42.22354554401032,109.59883880615234
2016-10-03,1.0,42.08529586702461,109.25470733642578
2016-10-04,1.0,40.712461582398284,108.71648406982422
2016-10-05,1.0,40.67709264783304,109.36942291259766
2016-10-06,1.0,40.18197465970469,109.25470733642578
2016-10-07,1.0,40.153038224446206,108.38117218017578
2016-10-10,1.0,40.153038224446206,109.6782455444336
2016-10-11,1.0,40.28485540212516,107.67526245117188
2016-10-12,1.0,40.22376824427918,107.5870361328125
2016-10-13,1.0,40.349156847300144,106.69583129882812
2016-10-14,1.0,40.28806968945416,106.26346588134766
2016-10-17,1.0,40.3298671986774,106.13995361328125
2016-10-18,1.0,40.535632608167084,106.74878692626953
2016-10-19,1.0,40.76390195360852,107.19879150390625
2016-10-20,1.0,40.689953721797785,106.88111877441406
2016-10-21,1.0,40.699600508433534,106.82819366455078
2016-10-24,1.0,40.574211905412575,107.50762939453125
2016-10-25,1.0,40.89250484395848,106.70466613769531
2016-10-26,1.0,40.664235498517044,105.64582061767578
2016-10-27,1.0,40.76390195360852,104.43699645996094
2016-10-28,1.0,41.008246660343694,104.14579772949219
2016-10-31,1.0,40.87964376999373,104.56049346923828
2016-11-01,1.0,41.358690321477084,103.28108215332031
2016-11-02,1.0,42.01456584719163,101.96634674072266
2016-11-03,1.0,41.863455096241175,101.47221374511719
2016-11-04,1.0,41.90203831813542,102.12517547607422
2016-11-07,1.0,41.09827025344816,104.62228393554688
2016-11-08,1.0,40.94073092783971,104.89581298828125
2016-11-09,1.0,40.91500877991022,108.12528228759766
2016-11-10,1.0,40.68673943446879,109.85470581054688
2016-11-11,1.0,40.68673943446879,112.3782958984375
2016-11-14,1.0,39.26246085398348,113.9577407836914
2016-11-15,1.0,39.352484447087946,114.3106460571289
2016-11-16,1.0,39.33319479846521,114.30186462402344
2016-11-17,1.0,39.11135402768177,114.97242736816406
2016-11-18,1.0,38.85414824698185,115.58126831054688
2016-11-21,1.0,38.88951325689834,116.11954498291016
2016-11-22,1.0,38.93452505345058,117.1783676147461
2016-11-23,1.0,38.23042344385479,117.9107437133789
2016-11-25,1.0,37.8799797827214,118.29898071289062
2016-11-28,1.0,38.27864952773603,116.76365661621094
2016-11-29,1.0,38.191844146609306,116.70191955566406
2016-11-30,1.0,37.64206757529297,116.12834930419922
2016-12-01,1.0,37.51667897227201,115.56364440917969
2016-12-02,1.0,37.780313327629926,115.50186920166016
2016-12-05,1.0,37.74494831771344,117.4871826171875
2016-12-06,1.0,37.53918290822375,118.7577896118164
2016-12-07,1.0,37.77709904030093,119.91370391845703
2016-12-08,1.0,37.60991685270548,121.802001953125
2016-12-09,1.0,37.275548552865835,122.04019165039062
2016-12-12,1.0,37.4073657305448,120.75198364257812
2016-12-13,1.0,37.18873924709036,120.76078033447266
2016-12-14,1.0,37.33663571071182,119.25194549560547
2016-12-15,1.0,36.2595865040309,120.14310455322266
2016-12-16,1.0,36.500716923437075,119.92257690429688
2016-12-19,1.0,36.66789911103252,120.70780944824219
2016-12-20,1.0,36.37854260774511,121.73139190673828
2016-12-21,1.0,36.36568153378036,120.9372329711914
2016-12-22,1.0,36.29173722661839,119.89446258544922
2016-12-23,1.0,36.39140368170985,120.5323486328125
2016-12-27,1.0,36.56501836861205,121.07280731201172
2016-12-28,1.0,36.63253410111603,119.83242797851562
2016-12-29,1.0,37.179096385103364,119.93872833251953
2016-12-30,1.0,36.97333097561368,119.4780044555664
2017-01-03,1.0,37.307699275453324,120.07161712646484
2017-01-04,1.0,37.417012517180545,122.07401275634766
2017-01-05,1.0,37.92820586660263,120.66524505615234
2017-01-06,1.0,37.67743258520946,120.22225189208984
2017-01-09,1.0,38.050380182294596,119.4337158203125
2017-01-10,1.0,38.072884118246336,120.57664489746094
2017-01-11,1.0,38.43940314067348,120.78932189941406
2017-01-12,1.0,38.5455020950717,119.85895538330078
2017-01-13,1.0,38.42976027868648,120.72723388671875
2017-01-17,1.0,38.966675776038066,119.0881576538086
2017-01-18,1.0,38.94417184008633,119.4780044555664
2017-01-19,1.0,38.60980354024667,118.50337219238281
2017-01-20,1.0,38.719116781973895,119.11475372314453
2017-01-23,1.0,39.06312794380054,118.61856842041016
2017-01-24,1.0,38.91202111749883,120.43486022949219
2017-01-25,1.0,38.49406172386146,121.5689697265625
2017-01-26,1.0,38.24328451781954,121.08164978027344
2017-01-27,1.0,38.1982727212673,120.66524505615234
2017-01-30,1.0,38.36224062153375,118.98184204101562
2017-01-31,1.0,38.85736253431085,119.8146743774414
2017-02-01,1.0,38.76091036654838,119.74378967285156
2017-02-02,1.0,39.117782602339766,119.44255828857422
2017-02-03,1.0,39.175655472856754,121.26771545410156
2017-02-06,1.0,39.54538878261289,120.35511779785156
2017-02-07,1.0,39.680420247620845,119.82352447509766
2017-02-08,1.0,39.789733489348066,119.61089324951172
2017-02-09,1.0,39.70935668287934,121.29427337646484
2017-02-10,1.0,39.6868527469276,122.21572875976562
2017-02-13,1.0,39.365345521052696,122.53469848632812
2017-02-14,1.0,39.34927015975895,122.94232940673828
2017-02-15,1.0,39.600043441152124,123.67769622802734
2017-02-16,1.0,39.86689600848779,123.33211517333984
2017-02-17,1.0,39.789733489348066,123.25238037109375
2017-02-21,1.0,39.786519202019065,124.21810913085938
2017-02-22,1.0,39.609690227787866,123.66881561279297
2017-02-23,1.0,40.19483180902069,122.9334487915039
2017-02-24,1.0,40.410244005146126,122.84480285644531
2017-02-27,1.0,40.42631936643987,124.04093170166016
2017-02-28,1.0,40.27199432816042,122.12715148925781
2017-03-01,1.0,40.153038224446206,124.35985565185547
2017-03-02,1.0,39.60647594045887,122.9334487915039
2017-03-03,1.0,39.400710530969185,122.84480285644531
2017-03-06,1.0,39.36855980838169,122.00312042236328
2017-03-07,1.0,39.06634223112953,121.2056884765625
2017-03-08,1.0,38.85414824698185,120.40830993652344
2017-03-09,1.0,38.65802962412791,119.92987060546875
2017-03-10,1.0,38.603371040939926,120.4614486694336
2017-03-13,1.0,38.65802962412791,120.74496459960938
2017-03-14,1.0,38.64195426283417,120.16910552978516
2017-03-15,1.0,38.58408139231718,122.02969360351562
2017-03-16,1.0,39.43286125355667,122.1891860961914
2017-03-17,1.0,39.538960207954894,122.6764907836914
2017-03-20,1.0,39.6611305989981,122.14485931396484
2017-03-21,1.0,40.06301463134173,118.69831848144531
2017-03-22,1.0,40.16589929841095,118.72489166259766
2017-03-23,1.0,40.08873677927122,119.41596221923828
2017-03-24,1.0,40.13053036384571,119.50215911865234
2017-03-27,1.0,40.362017921264886,119.72429656982422
2017-03-28,1.0,40.35880363393589,120.65727996826172
2017-03-29,1.0,40.29771647608991,121.04821014404297
2017-03-30,1.0,40.02764962142524,121.96351623535156
2017-03-31,1.0,40.10159785323597,122.15896606445312
2017-04-03,1.0,40.21412538229219,120.87049865722656
2017-04-04,1.0,40.349156847300144,120.72835540771484
2017-04-05,1.0,40.04051069538999,119.36000061035156
2017-04-06,1.0,40.19805002099844,120.47069549560547
2017-04-07,1.0,40.326652911348404,120.41741180419922
2017-04-10,1.0,40.22376824427918,120.68394470214844
2017-04-11,1.0,40.86999698335798,121.64362335205078
2017-04-12,1.0,41.00181808568569,119.99085235595703
2017-04-13,1.0,41.34261496018334,118.81796264648438
2017-04-17,1.0,41.455142489239556,120.21302032470703
2017-04-18,1.0,41.52908679640153,120.23970794677734
2017-04-19,1.0,41.197936708539636,120.65727996826172
2017-04-20,1.0,41.21401206983338,122.19449615478516
2017-04-21,1.0,41.39084104406457,121.9190444946289
2017-04-24,1.0,41.017893446979436,123.4384765625
2017-04-25,1.0,40.689953721797785,124.63804626464844
2017-04-26,1.0,40.57742619274157,125.27780151367188
2017-04-27,1.0,40.6288665639518,125.2422866821289
2017-04-28,1.0,40.70602908309153,123.5628890991211
2017-05-01,1.0,40.29450218876091,124.27376556396484
2017-05-02,1.0,40.35237113462914,123.64291381835938
2017-05-03,1.0,40.07266141797748,122.87870025634766
2017-05-04,1.0,39.43286125355667,122.70986938476562
2017-05-05,1.0,39.37820659501744,123.50067901611328
2017-05-08,1.0,39.39428195631119,122.98526000976562
2017-05-09,1.0,39.04062400784879,122.93196105957031
2017-05-10,1.0,39.13707617561126,123.69617462158203
2017-05-11,1.0,39.31068693786471,122.83429718017578
2017-05-12,1.0,39.423214466920925,122.18560028076172
2017-05-15,1.0,39.50037698606065,123.13636016845703
2017-05-16,1.0,39.70614239555034,123.18079376220703
2017-05-17,1.0,40.42953365376887,119.85762023925781
2017-05-18,1.0,40.24305789290192,120.29302215576172
2017-05-19,1.0,40.27520861548941,120.87049865722656
2017-05-22,1.0,40.53241439618934,121.6880111694336
2017-05-23,1.0,40.34272827264215,122.08787536621094
2017-05-24,1.0,40.26556575350242,122.16781616210938
2017-05-25,1.0,40.374878995229636,122.24783325195312
2017-05-26,1.0,40.75425516697277,122.2122573852539
2017-05-30,1.0,40.57742619274157,121.25263214111328
2017-05-31,1.0,40.89571913128748,121.12822723388672
2017-06-01,1.0,40.73496551835002,123.46515655517578
2017-06-02,1.0,41.05004416956693,124.26481628417969
2017-06-05,1.0,41.13042097603565,123.49181365966797
2017-06-06,1.0,41.615896102177004,123.37625885009766
2017-06-07,1.0,41.477646425191296,123.49181365966797
2017-06-08,1.0,41.03396880827319,125.1800537109375
2017-06-09,1.0,40.78319160223126,125.82868957519531
2017-06-12,1.0,40.70602908309153,125.62429809570312
2017-06-13,1.0,40.69638622110454,126.26407623291016
2017-06-14,1.0,40.92144127921697,125.51775360107422
2017-06-15,1.0,40.25913325419567,124.87796020507812
2017-06-16,1.0,40.317006124712655,124.56692504882812
2017-06-19,1.0,40.00192747349575,125.49102783203125
2017-06-20,1.0,39.89904673107528,124.22038269042969
2017-06-21,1.0,39.97620925021501,123.90941619873047
2017-06-22,1.0,40.11124071522296,124.38038635253906
2017-06-23,1.0,40.38773614454563,125.20671081542969
2017-06-26,1.0,40.06944713064848,125.35782623291016
2017-06-27,1.0,40.07266141797748,124.25594329833984
2017-06-28,1.0,40.12410178918771,126.15743255615234
2017-06-29,1.0,40.00192747349575,125.41107177734375
2017-06-30,1.0,39.88939994443953,125.2155990600586
2017-07-03,1.0,39.15636582423401,126.26407623291016
2017-07-05,1.0,39.236742630702736,125.81089782714844
2017-07-06,1.0,39.294611576570965,124.16804504394531
2017-07-07,1.0,38.85736253431085,125.3727798461914
2017-07-10,1.0,38.96989006336707,124.82836151123047
2017-07-11,1.0,39.0181161472483,125.19422149658203
2017-07-12,1.0,39.162794398892004,126.15800476074219
2017-07-13,1.0,39.104925453023775,126.26513671875
2017-07-14,1.0,39.436075540885675,126.4793701171875
2017-07-17,1.0,39.635412375717365,126.77383422851562
2017-07-18,1.0,39.90226101840428,126.44364929199219
2017-07-19,1.0,39.905475305733276,127.7019271850586
2017-07-20,1.0,40.021221046767245,127.79117584228516
2017-07-21,1.0,40.326652911348404,127.21109771728516
2017-07-24,1.0,40.313791837383654,127.38955688476562
2017-07-25,1.0,40.24305789290192,128.5496826171875
2017-07-26,1.0,40.1562525117752,127.83576965332031
2017-07-27,1.0,40.49704938627285,127.02374267578125
2017-07-28,1.0,40.77997731490226,126.68458557128906
2017-07-31,1.0,40.72210444438528,126.282958984375
2017-08-01,1.0,40.91500877991022,126.52396392822266
2017-08-02,1.0,40.889290556629476,125.14073944091797
2017-08-03,1.0,40.760687666279516,124.51606750488281
2017-08-04,1.0,40.455255801698364,125.12285614013672
2017-08-07,1.0,40.45203758972061,125.32813262939453
2017-08-08,1.0,40.39416864385238,124.93549346923828
2017-08-09,1.0,40.92786985387497,123.85562896728516
2017-08-10,1.0,41.27188101570161,121.60686492919922
2017-08-11,1.0,41.40048390605157,121.78533935546875
2017-08-14,1.0,41.28795637699535,123.632568359375
2017-08-15,1.0,40.950373789826706,122.61528015136719
2017-08-16,1.0,41.053258456895925,122.65095520019531
2017-08-17,1.0,41.358690321477084,120.4110336303711
2017-08-18,1.0,41.336182460876586,120.4021224975586
2017-08-21,1.0,41.500154285791794,120.32181549072266
2017-08-22,1.0,41.31689281225385,121.62466430664062
2017-08-23,1.0,41.43906712794581,121.4283218383789
2017-08-24,1.0,41.361904608806086,121.80313110351562
2017-08-25,1.0,41.55480894433102,122.15120697021484
2017-08-28,1.0,42.10779980297635,122.66879272460938
2017-08-29,1.0,42.21711304470357,122.69554138183594
2017-08-30,1.0,42.05635943176612,123.48084259033203
2017-08-31,1.0,42.31677949979504,124.69457244873047
2017-09-01,1.0,42.58363206713071,125.39949798583984
2017-09-05,1.0,43.05624611930731,124.19480895996094
2017-09-06,1.0,42.885849644382866,124.45356750488281
2017-09-07,1.0,43.24593616750325,124.14126586914062
2017-09-08,1.0,43.27487260276175,124.23944091796875
2017-09-11,1.0,42.792611763949395,125.54232788085938
2017-09-12,1.0,42.696159596186924,126.30976104736328
2017-09-13,1.0,42.54826705721422,126.68458557128906
2017-09-14,1.0,42.5900606417887,126.5685806274414
2017-09-15,1.0,42.45181488945175,127.08612060546875
2017-09-18,1.0,41.99849048589789,127.95181274414062
2017-09-19,1.0,41.995272273920136,127.95181274414062
2017-09-20,1.0,42.181748034787084,128.3622589111328
2017-09-21,1.0,41.49372178648504,128.22840881347656
2017-09-22,1.0,41.580531092260514,128.7727508544922
2017-09-25,1.0,42.01456584719163,128.95126342773438
2017-09-26,1.0,41.699487195974726,129.3618621826172
2017-09-27,1.0,41.26223815371461,131.8934326171875
2017-09-28,1.0,41.32975388621859,132.2423553466797
2017-09-29,1.0,41.20115099586863,132.555419921875
2017-10-02,1.0,40.91822306723922,134.1835174560547
2017-10-03,1.0,40.87964376999373,134.47872924804688
2017-10-04,1.0,40.950373789826706,134.04934692382812
2017-10-05,1.0,40.828203398783494,134.4160614013672
2017-10-06,1.0,40.88285805732273,134.22830200195312
2017-10-09,1.0,41.21079778250438,133.6736297607422
2017-10-10,1.0,41.49372178648504,134.0583038330078
2017-10-11,1.0,41.33940067285434,133.95993041992188
2017-10-12,1.0,41.580531092260514,133.8614501953125
2017-10-13,1.0,41.84416544761844,133.6199493408203
2017-10-16,1.0,41.7927250764082,133.50367736816406
2017-10-17,1.0,41.24937707974987,133.11900329589844
2017-10-18,1.0,41.1497106246584,133.7541961669922
2017-10-19,1.0,41.37476568277083,133.54835510253906
2017-10-20,1.0,41.06933381818967,134.1656494140625
2017-10-23,1.0,41.078976680176666,133.1637420654297
2017-10-24,1.0,40.99217129904994,133.44100952148438
2017-10-25,1.0,41.00503237301469,132.79701232910156
2017-10-26,1.0,40.712461582398284,133.0742645263672
2017-10-27,1.0,40.78319160223126,133.9956817626953
2017-10-30,1.0,40.963234863791456,132.5822296142578
2017-10-31,1.0,40.73496551835002,133.52157592773438
2017-11-01,1.0,40.963234863791456,132.6359405517578
2017-11-02,1.0,40.98895701172095,133.02955627441406
2017-11-03,1.0,40.71889015705628,132.94007873535156
2017-11-06,1.0,41.13363526336465,133.0922088623047
2017-11-07,1.0,40.950373789826706,131.4998016357422
2017-11-08,1.0,41.20436528319763,131.67877197265625
2017-11-09,1.0,41.33296817354759,131.21359252929688
2017-11-10,1.0,40.90858020525222,131.11521911621094
2017-11-13,1.0,41.066119530860675,131.15098571777344
2017-11-14,1.0,41.20115099586863,130.79315185546875
2017-11-15,1.0,41.04039738293118,130.27430725097656
2017-11-16,1.0,41.06933381818967,132.188720703125
2017-11-17,1.0,41.66090789872924,132.79701232910156
2017-11-20,1.0,40.9793102250852,133.76307678222656
2017-11-21,1.0,41.18828992190389,135.15858459472656
2017-11-22,1.0,41.525872509072535,134.9796600341797
2017-11-24,1.0,41.36833318346408,135.0333251953125
2017-11-27,1.0,41.59660645355426,134.62188720703125
2017-11-28,1.0,41.625538964164,136.74195861816406
2017-11-29,1.0,41.220440644491376,137.19813537597656
2017-11-30,1.0,40.93429842853296,137.44862365722656
2017-12-01,1.0,41.11434561474191,136.8850860595703
2017-12-04,1.0,40.9696673630982,136.3751983642578
2017-12-05,1.0,40.561350831447825,135.0154571533203
2017-12-06,1.0,40.59993405334207,134.3802947998047
2017-12-07,1.0,40.18197465970469,135.31959533691406
2017-12-08,1.0,40.034078196083236,135.4448699951172
2017-12-11,1.0,39.985852112202004,135.39120483398438
2017-12-12,1.0,39.81866992460655,134.97076416015625
2017-12-13,1.0,40.04051069538999,135.77590942382812
2017-12-14,1.0,40.31057755005465,134.27301025390625
2017-12-15,1.0,40.326652911348404,136.1873779296875
2017-12-18,1.0,40.58064048007057,138.0301055908203
2017-12-19,1.0,40.53241439618934,136.93878173828125
2017-12-20,1.0,40.70602908309153,137.20709228515625
2017-12-21,1.0,40.74461230498577,137.80787658691406
2017-12-22,1.0,41.00503237301469,137.55641174316406
2017-12-26,1.0,41.28474208966635,137.63723754882812
2017-12-27,1.0,41.37797997009983,137.5025634765625
2017-12-28,1.0,41.606249315541255,138.04132080078125
2017-12-29,1.0,41.99849048589789,136.90087890625
2018-01-02,1.0,42.23640269332631,138.1939697265625
2018-01-03,1.0,42.31677949979504,138.337646484375
2018-01-04,1.0,42.41966416686426,138.7058563232422
2018-01-05,1.0,42.44860060212275,138.99313354492188
2018-01-08,1.0,42.393942018934766,139.2086181640625
2018-01-09,1.0,42.172101248151336,139.02005004882812
2018-01-10,1.0,42.35536272168928,139.03802490234375
2018-01-11,1.0,42.45824346410975,141.42654418945312
2018-01-12,1.0,42.86977428308912,142.01918029785156
2018-01-16,1.0,42.934075728264105,140.20538330078125
2018-01-17,1.0,43.01766682206183,141.53433227539062
2018-01-18,1.0,42.63185815101194,140.5645294189453
2018-01-19,1.0,42.82154819920789,142.4143524169922
2018-01-22,1.0,42.789397476620394,143.1775360107422
2018-01-23,1.0,42.943718590251095,143.63555908203125
2018-01-24,1.0,43.59316554130765,142.7465362548828
2018-01-25,1.0,43.802145238126336,142.8004608154297
2018-01-26,1.0,43.45491586432194,143.312255859375
2018-01-29,1.0,43.45491586432194,142.50411987304688
2018-01-30,1.0,42.934075728264105,141.1392059326172
2018-01-31,1.0,43.049817544649315,140.40292358398438
2018-02-01,1.0,43.22021794422251,140.84292602539062
2018-02-02,1.0,42.87941714507612,138.13108825683594
2018-02-05,1.0,42.85691320912437,132.82420349121094
2018-02-06,1.0,42.63507243834094,134.41363525390625
2018-02-07,1.0,42.168886960822334,134.5482940673828
2018-02-08,1.0,42.33928736039553,130.59735107421875
2018-02-09,1.0,42.21711304470357,131.7915802001953
2018-02-12,1.0,42.57398528049496,133.03977966308594
2018-02-13,1.0,42.699373883515925,133.3271484375
2018-02-14,1.0,43.580304467342906,135.72462463378906
2018-02-15,1.0,43.470991225615684,137.2062225341797
2018-02-16,1.0,43.506356235532174,137.69110107421875
2018-02-20,1.0,42.721881744116416,136.5597381591797
2018-02-21,1.0,42.76046104136191,136.7034149169922
2018-02-22,1.0,42.779750689984645,136.48782348632812
2018-02-23,1.0,42.70258817084492,138.2658233642578
2018-02-26,1.0,42.78296497731365,139.17274475097656
2018-02-27,1.0,42.2942755638433,137.17034912109375
2018-02-28,1.0,42.2942755638433,135.00625610351562
2018-03-01,1.0,41.889177244170675,134.64710998535156
2018-03-02,1.0,42.47431882540349,136.80218505859375
2018-03-05,1.0,42.37786665764102,138.02334594726562
2018-03-06,1.0,42.87620285774712,139.51394653320312
2018-03-07,1.0,42.63185815101194,140.74415588378906
2018-03-08,1.0,42.435739528158,140.4568328857422
2018-03-09,1.0,42.51611633462673,142.70166015625
2018-03-12,1.0,42.41966416686426,142.95309448242188
2018-03-13,1.0,42.628643863682946,142.28860473632812
2018-03-14,1.0,42.58041777980171,141.61517333984375
2018-03-15,1.0,42.33607307306654,140.90579223632812
2018-03-16,1.0,42.15924409883534,141.6959686279297
2018-03-19,1.0,42.33607307306654,140.33111572265625
2018-03-20,1.0,42.15281159952859,140.29518127441406
2018-03-21,1.0,42.46145775143874,141.1123046875
2018-03-22,1.0,42.651147799634685,138.01803588867188
2018-03-23,1.0,43.38097155715997,135.04794311523438
2018-03-26,1.0,43.544939457426416,138.0000457763672
2018-03-27,1.0,43.12376577646005,135.3269500732422
2018-03-28,1.0,42.57398528049496,135.28195190429688
2018-03-29,1.0,42.52897740859147,136.65000915527344
2018-04-02,1.0,43.14948399974078,133.3199462890625
2018-04-03,1.0,42.850484634466376,135.22796630859375
2018-04-04,1.0,42.94693680222885,136.94700622558594
2018-04-05,1.0,42.57720349247271,138.08103942871094
2018-04-06,1.0,42.82154819920789,135.3269500732422
2018-04-09,1.0,42.96301216352259,135.48892211914062
2018-04-10,1.0,43.14626971241179,138.04502868652344
2018-04-11,1.0,43.612455189930394,138.34205627441406
2018-04-12,1.0,43.03052789602657,139.28704833984375
2018-04-13,1.0,43.23629330551626,138.55804443359375
2018-04-16,1.0,43.32309868664298,139.83602905273438
2018-04-17,1.0,43.31345190000723,141.35714721679688
2018-04-18,1.0,43.4420547903572,141.73512268066406
2018-04-19,1.0,43.30059475069124,140.7541046142578
2018-04-20,1.0,42.97586931283859,139.99803161621094
2018-04-23,1.0,42.51933062195573,139.79104614257812
2018-04-24,1.0,42.80547283791414,138.99005126953125
2018-04-25,1.0,42.47753311273249,138.78306579589844
2018-04-26,1.0,42.31999771177279,139.42208862304688
2018-04-27,1.0,42.44860060212275,139.22401428222656
2018-04-30,1.0,42.31677949979504,137.9910430908203
2018-05-01,1.0,41.91811367942916,138.6660614013672
2018-05-02,1.0,41.879530457534926,139.1880645751953
2018-05-03,1.0,42.13995052556384,138.43197631835938
2018-05-04,1.0,42.204251970738824,140.16009521484375
2018-05-07,1.0,42.18817660944508,141.34814453125
2018-05-08,1.0,42.181748034787084,142.05007934570312
2018-05-09,1.0,42.15924409883534,142.81515502929688
2018-05-10,1.0,42.4646759634165,143.58016967773438
2018-05-11,1.0,42.406803092899516,143.859130859375
2018-05-14,1.0,42.32642628643079,143.31016540527344
2018-05-15,1.0,41.43906712794581,143.33717346191406
2018-05-16,1.0,41.4808607125203,144.83119201660156
2018-05-17,1.0,41.41655926734531,145.4971923828125
2018-05-18,1.0,41.4808607125203,145.6861572265625
2018-05-21,1.0,41.4808607125203,146.6492156982422
2018-05-22,1.0,41.52908679640153,145.58718872070312
2018-05-23,1.0,41.451928201910555,145.77618408203125
2018-05-24,1.0,41.91489546745141,145.8302001953125
2018-05-25,1.0,41.90203831813542,145.5692138671875
2018-05-29,1.0,41.75414185451396,145.37120056152344
2018-05-30,1.0,41.84416544761844,147.67523193359375
2018-05-31,1.0,41.7991536510662,146.49623107910156
2018-06-01,1.0,41.628757176141754,147.459228515625
2018-06-04,1.0,41.57409859295377,148.24224853515625
2018-06-05,1.0,41.71556255726848,149.1602783203125
2018-06-06,1.0,41.70270148330373,150.24026489257812
2018-06-07,1.0,41.75414185451396,149.42127990722656
2018-06-08,1.0,41.734852205891215,149.87135314941406
2018-06-11,1.0,41.76057435382071,150.0963592529297
2018-06-12,1.0,41.638400038128744,150.78033447265625
2018-06-13,1.0,41.69627290864573,150.18626403808594
2018-06-14,1.0,41.92454225408716,150.98731994628906
2018-06-15,1.0,40.9793102250852,151.03233337402344
2018-06-18,1.0,41.030750596295434,151.74342346191406
2018-06-19,1.0,41.01146094767269,151.75234985351562
2018-06-20,1.0,40.86999698335798,152.9763641357422
2018-06-21,1.0,40.74139409300802,151.5453643798828
2018-06-22,1.0,40.74782659231477,151.04132080078125
2018-06-25,1.0,40.689953721797785,148.57525634765625
2018-06-26,1.0,40.40059721851038,149.43927001953125
2018-06-27,1.0,40.278426827467165,147.04522705078125
2018-06-28,1.0,40.11767321452972,147.49522399902344
2018-06-29,1.0,40.23020074358593,147.39625549316406
2018-07-02,1.0,39.8604674338298,148.41329956054688
2018-07-03,1.0,40.23984360557292,149.00489807128906
2018-07-05,1.0,40.42310507911087,150.70301818847656
2018-07-06,1.0,40.326652911348404,151.97671508789062
2018-07-09,1.0,40.44882330239161,152.9342041015625
2018-07-10,1.0,40.31057755005465,152.23863220214844
2018-07-11,1.0,39.95691960159226,150.9469451904297
2018-07-12,1.0,40.02764962142524,151.67861938476562
2018-07-13,1.0,39.85403493452304,151.22695922851562
2018-07-16,1.0,39.80580885064181,150.6398162841797
2018-07-17,1.0,39.40713910562718,151.30825805664062
2018-07-18,1.0,39.42643267889868,151.73281860351562
2018-07-19,1.0,39.30104407587771,152.8077392578125
2018-07-20,1.0,39.529313421319145,152.18446350097656
2018-07-23,1.0,39.352484447087946,152.37413024902344
2018-07-24,1.0,39.34927015975895,150.74819946289062
2018-07-25,1.0,39.59040057916513,151.2992401123047
2018-07-26,1.0,39.39428195631119,152.11219787597656
2018-07-27,1.0,39.30747265053571,149.27590942382812
2018-07-30,1.0,39.26567906596122,148.3184356689453
2018-07-31,1.0,39.3428376604522,149.82688903808594
2018-08-01,1.0,39.15636582423401,149.72750854492188
2018-08-02,1.0,38.92166397948583,150.82052612304688
2018-08-03,1.0,39.037405795871045,150.2965850830078
2018-08-06,1.0,38.85736253431085,151.13665771484375
2018-08-07,1.0,38.88951325689834,151.49790954589844
2018-08-08,1.0,38.98596542466081,151.3624267578125
2018-08-09,1.0,38.963461488709065,151.7509002685547
2018-08-10,1.0,38.93773934077957,151.32632446289062
2018-08-13,1.0,38.30115738833652,150.4411163330078
2018-08-14,1.0,38.355812046875755,151.93148803710938
2018-08-15,1.0,37.85747584676965,150.0255889892578
2018-08-16,1.0,37.815678337546416,151.4167022705078
2018-08-17,1.0,37.825325124182164,152.0670166015625
2018-08-20,1.0,38.156479136692816,152.49160766601562
2018-08-21,1.0,38.342950972911005,154.24392700195312
2018-08-22,1.0,38.461911001273975,154.62335205078125
2018-08-23,1.0,38.16290771135081,154.1536407470703
2018-08-24,1.0,38.78341822714887,154.99365234375
2018-08-27,1.0,38.870223608275595,155.21951293945312
2018-08-28,1.0,38.81878323706536,155.364013671875
2018-08-29,1.0,38.72554535663189,155.8156280517578
2018-08-30,1.0,38.506918873177455,155.68914794921875
2018-08-31,1.0,38.590513891623935,156.28533935546875
2018-09-04,1.0,38.34616526024001,155.58981323242188
2018-09-05,1.0,38.41689920472174,155.17431640625
2018-09-06,1.0,38.51335137248421,154.12649536132812
2018-09-07,1.0,38.37510169549849,154.045166015625
2018-09-10,1.0,38.355812046875755,154.23489379882812
2018-09-11,1.0,38.43297456601548,154.48779296875
2018-09-12,1.0,38.731973931289886,154.11749267578125
2018-09-13,1.0,38.64516855016316,154.1536407470703
2018-09-14,1.0,38.42011349205073,154.80393981933594
2018-09-17,1.0,38.57122031835244,153.16000366210938
2018-09-18,1.0,38.47798636256772,153.80133056640625
2018-09-19,1.0,38.65159712482116,153.24130249023438
2018-09-20,1.0,38.78020001517112,154.65943908691406
2018-09-21,1.0,38.45869278929622,153.91876220703125
2018-09-24,1.0,38.55836316903644,153.34967041015625
2018-09-25,1.0,38.58086710498819,153.5845489501953
2018-09-26,1.0,38.38796276946324,152.18075561523438
2018-09-27,1.0,38.01180088504911,152.18975830078125
2018-09-28,1.0,38.307585962994516,152.6516876220703
2018-10-01,1.0,38.16612199867981,150.64109802246094
2018-10-02,1.0,38.65802962412791,149.01084899902344
2018-10-03,1.0,38.52621244644895,150.31504821777344
2018-10-04,1.0,38.49084351188371,148.20484924316406
2018-10-05,1.0,38.61944640223367,146.8644256591797
2018-10-08,1.0,38.07931661755309,146.55653381347656
2018-10-09,1.0,38.16933628600881,145.9859161376953
2018-10-10,1.0,38.236855943161544,141.79263305664062
2018-10-11,1.0,39.3364090857942,139.08465576171875
2018-10-12,1.0,39.162794398892004,139.11184692382812
2018-10-15,1.0,39.42964696622767,139.6280517578125
2018-10-16,1.0,39.458583401486166,143.67648315429688
2018-10-17,1.0,39.3428376604522,143.06056213378906
2018-10-18,1.0,39.43286125355667,140.37974548339844
2018-10-19,1.0,39.39428195631119,138.89450073242188
2018-10-22,1.0,39.26246085398348,138.59555053710938
2018-10-23,1.0,39.654702024340104,137.35482788085938
2018-10-24,1.0,39.47465876277991,132.18338012695312
2018-10-25,1.0,39.516452347354395,135.04534912109375
2018-10-26,1.0,39.62576558908162,133.56907653808594
2018-10-29,1.0,39.36855980838169,132.83551025390625
2018-10-30,1.0,39.30747265053571,135.60684204101562
2018-10-31,1.0,38.976322562673815,135.87855529785156
2018-11-01,1.0,39.73829311813783,139.0121612548828
2018-11-02,1.0,39.57432521787138,139.47410583496094
2018-11-05,1.0,39.538960207954894,139.3654022216797
2018-11-06,1.0,39.34605587242995,140.05377197265625
2018-11-07,1.0,39.423214466920925,142.56248474121094
2018-11-08,1.0,39.317119437171456,142.1820526123047
2018-11-09,1.0,38.78663251447787,139.5465545654297
2018-11-12,1.0,38.62266461421142,136.7842559814453
2018-11-13,1.0,38.555144957058694,136.34951782226562
2018-11-14,1.0,38.834858598359105,135.35328674316406
2018-11-15,1.0,38.99239792396756,137.2823944091797
2018-11-16,1.0,39.24960370466748,137.60838317871094
2018-11-19,1.0,39.32354801182946,134.8189239501953
2018-11-20,1.0,39.1917308341505,132.21963500976562
2018-11-21,1.0,39.410357317604934,134.0672149658203
2018-11-23,1.0,39.256032279325474,133.94041442871094
2018-11-26,1.0,39.23031013139598,135.67930603027344
2018-11-27,1.0,38.94095362810857,134.55625915527344
2018-11-28,1.0,39.268893353290224,137.880126953125
2018-11-29,1.0,39.35569873441695,137.50875854492188
2018-11-30,1.0,39.23031013139598,138.2242889404297
2018-12-03,1.0,39.67077738563385,139.5465545654297
2018-12-04,1.0,39.90226101840428,133.60533142089844
2018-12-06,1.0,39.80580885064181,133.31552124023438
2018-12-07,1.0,40.08552249194222,130.43540954589844
2018-12-10,1.0,39.985852112202004,130.05503845214844
2018-12-11,1.0,39.927983166333775,129.91920471191406
2018-12-12,1.0,40.008359972802495,131.15997314453125
2018-12-13,1.0,39.953701389614515,129.3033447265625
2018-12-14,1.0,39.77044384072532,127.34711456298828
2018-12-17,1.0,40.10481214056497,124.51097869873047
2018-12-18,1.0,40.162681086433196,124.35653686523438
2018-12-19,1.0,40.25591896686667,121.76670837402344
2018-12-20,1.0,40.62565227662281,119.75847625732422
2018-12-21,1.0,40.31057755005465,116.65072631835938
2018-12-24,1.0,40.75104087964377,114.38801574707031
2018-12-26,1.0,40.805695538183,119.88570404052734
2018-12-27,1.0,41.066119530860675,120.38551330566406
2018-12-28,1.0,41.1497106246584,120.73081970214844
2018-12-31,1.0,41.09827025344816,121.67584991455078
2019-01-02,1.0,41.185075634574886,122.366455078125
2019-01-03,1.0,41.53230500837928,120.17650604248047
2019-01-04,1.0,41.23973029311412,124.66551971435547
2019-01-07,1.0,41.371551395441834,126.84640502929688
2019-01-08,1.0,41.255805654407865,128.791015625
2019-01-09,1.0,41.451928201910555,129.85418701171875
2019-01-10,1.0,41.3040317382891,130.5266571044922
2019-01-11,1.0,41.381194257428824,130.56300354003906
2019-01-14,1.0,41.44549570260381,129.26356506347656
2019-01-15,1.0,41.35225782217034,130.35398864746094
2019-01-16,1.0,41.525872509072535,131.3263397216797
2019-01-17,1.0,41.50658286044979,132.5167694091797
2019-01-18,1.0,41.194722421210635,133.8797607421875
2019-01-22,1.0,41.23330171845612,131.7625732421875
2019-01-23,1.0,41.252591367078864,131.3990478515625
2019-01-24,1.0,41.123988476728904,132.1896209716797
2019-01-25,1.0,41.712348269939476,133.88888549804688
2019-01-28,1.0,41.873101882876924,133.17098999023438
2019-01-29,1.0,42.05957371909512,132.85296630859375
2019-01-30,1.0,42.1142323022831,134.30685424804688
2019-01-31,1.0,42.429307028851255,135.45181274414062
2019-02-01,1.0,42.33928736039553,135.56088256835938
2019-02-04,1.0,42.25569626659781,137.17843627929688
2019-02-05,1.0,42.252478054620056,137.32379150390625
2019-02-06,1.0,42.10137122831836,137.15113830566406
2019-02-07,1.0,42.098156940989355,136.02432250976562
2019-02-08,1.0,42.23640269332631,136.1697235107422
2019-02-11,1.0,42.02099442184963,137.3056182861328
2019-02-12,1.0,42.09172444168261,139.0230712890625
2019-02-13,1.0,42.14316873754159,139.41383361816406
2019-02-14,1.0,42.111018014954105,139.7318572998047
2019-02-15,1.0,42.37786665764102,141.9581756591797
2019-02-19,1.0,43.085182554565804,142.3489532470703
2019-02-20,1.0,43.18806722163502,143.02139282226562
2019-02-21,1.0,42.55148134454322,142.47616577148438
2019-02-22,1.0,42.73473889343241,143.71200561523438
2019-02-25,1.0,42.628643863682946,143.7483367919922
2019-02-26,1.0,42.60292171575345,142.75787353515625
2019-02-27,1.0,42.36500558367627,142.957763671875
2019-02-28,1.0,42.20747018271658,142.46707153320312
2019-03-01,1.0,41.68019754735199,143.79379272460938
2019-03-04,1.0,41.30724995026685,142.49429321289062
2019-03-05,1.0,41.217226357162374,141.83096313476562
2019-03-06,1.0,41.31046423759585,139.05032348632812
2019-03-07,1.0,41.27509922767936,137.83261108398438
2019-03-08,1.0,41.699487195974726,137.7963409423828
2019-03-11,1.0,41.43585284061681,140.20436096191406
2019-03-12,1.0,41.676983260022986,140.27708435058594
2019-03-13,1.0,42.03706978314337,140.83140563964844
2019-03-14,1.0,41.583745379589516,140.25888061523438
2019-03-15,1.0,41.853812234254185,140.6314697265625
2019-03-18,1.0,41.805586150372946,141.53109741210938
2019-03-19,1.0,41.95669297667465,140.81321716308594
2019-03-20,1.0,41.81201472503094,139.63973999023438
2019-03-21,1.0,41.99205798659114,141.4710693359375
2019-03-22,1.0,42.168886960822334,136.3231658935547
2019-03-25,1.0,42.500040973332986,136.92453002929688
2019-03-26,1.0,42.25569626659781,138.36412048339844
2019-03-27,1.0,42.1142323022831,137.82656860351562
2019-03-28,1.0,41.4680035632043,139.0565948486328
2019-03-29,1.0,41.570884305624766,139.48480224609375
2019-04-01,1.0,41.42299176665207,141.00634765625
2019-04-02,1.0,41.4744321378623,140.6419219970703
2019-04-03,1.0,41.4712178505333,141.370849609375
2019-04-04,1.0,41.442281415274806,142.06326293945312
2019-04-05,1.0,41.487293211827044,143.39356994628906
2019-04-08,1.0,41.70270148330373,143.1566619873047
2019-04-09,1.0,41.90846689279341,141.40728759765625
2019-04-10,1.0,42.08851015435361,143.3297576904297
2019-04-11,1.0,41.42942034131006,143.1475067138672
2019-04-12,1.0,41.49372178648504,143.66690063476562
2019-04-15,1.0,41.371551395441834,143.20220947265625
2019-04-16,1.0,40.91500877991022,143.539306640625
2019-04-17,1.0,40.902147705945474,142.22726440429688
2019-04-18,1.0,40.89250484395848,141.8081512451172
2019-04-22,1.0,40.94394521516871,141.43458557128906
2019-04-23,1.0,40.808913750160755,143.566650390625
2019-04-24,1.0,41.008246660343694,144.0131072998047
2019-04-25,1.0,41.017893446979436,142.81951904296875
2019-04-26,1.0,41.31046423759585,144.2044677734375
2019-04-29,1.0,41.10791311543516,144.89691162109375
2019-04-30,1.0,41.24294850509187,144.22265625
2019-05-01,1.0,41.197936708539636,142.85597229003906
2019-05-02,1.0,40.821770899476746,143.52108764648438
2019-05-03,1.0,41.127202764057905,146.26356506347656
2019-05-06,1.0,41.207579570526626,146.42759704589844
2019-05-07,1.0,41.265452441043614,143.53024291992188
2019-05-08,1.0,41.13363526336465,142.82862854003906
2019-05-09,1.0,41.265452441043614,142.3093719482422
2019-05-10,1.0,41.336182460876586,142.70108032226562
2019-05-13,1.0,41.7991536510662,138.15457153320312
2019-05-14,1.0,41.625538964164,139.89480590820312
2019-05-15,1.0,41.676983260022986,140.35037231445312
2019-05-16,1.0,41.313678524924846,141.2250518798828
2019-05-17,1.0,40.9760959377562,139.25697326660156
2019-05-20,1.0,41.02753630896643,138.29122924804688
2019-05-21,1.0,40.89571913128748,140.14990234375
2019-05-22,1.0,40.94715950249771,138.97457885742188
2019-05-23,1.0,41.30724995026685,136.1135711669922
2019-05-24,1.0,41.24937707974987,137.38917541503906
2019-05-28,1.0,41.04039738293118,136.2958221435547
2019-05-29,1.0,41.172214560610136,135.15692138671875
2019-05-30,1.0,41.381194257428824,134.78335571289062
2019-05-31,1.0,41.982415124604145,132.89730834960938
2019-06-03,1.0,42.52575919661373,133.3619842529297
2019-06-04,1.0,42.54826705721422,136.81521606445312
2019-06-05,1.0,42.70580638282267,136.842529296875
2019-06-06,1.0,43.00480574809708,136.48716735839844
2019-06-07,1.0,43.120547564482294,137.45298767089844
2019-06-10,1.0,42.5900606417887,138.2638397216797
2019-06-11,1.0,42.64471922497669,137.8538818359375
2019-06-12,1.0,42.82154819920789,138.0087890625
2019-06-13,1.0,43.05624611930731,139.46656799316406
2019-06-14,1.0,43.085182554565804,138.2456817626953
2019-06-17,1.0,43.040170758013566,139.19931030273438
2019-06-18,1.0,43.29416225138449,140.81764221191406
2019-06-19,1.0,43.22986080620951,141.32057189941406
2019-06-20,1.0,44.78274227704478,141.98800659179688
2019-06-21,1.0,44.88883730679425,140.7628173828125
2019-06-24,1.0,45.47076852534683,139.05296325683594
2019-06-25,1.0,45.490058173969565,138.20269775390625
2019-06-26,1.0,45.38395921957135,137.88265991210938
2019-06-27,1.0,45.281078477150885,140.4702606201172
2019-06-28,1.0,45.32287206172537,142.18006896972656
2019-07-01,1.0,44.54804043229661,142.7287139892578
2019-07-02,1.0,45.15890416145892,141.86001586914062
2019-07-03,1.0,45.58007784242529,142.87498474121094
2019-07-05,1.0,44.904912668087995,143.25897216796875
2019-07-08,1.0,44.914559454723744,141.89662170410156
2019-07-09,1.0,44.93063481601749,142.08865356445312
2019-07-10,1.0,45.33573313569011,142.33546447753906
2019-07-11,1.0,45.149261299471924,141.64065551757812
2019-07-12,1.0,45.32930456103212,142.73780822753906
2019-07-15,1.0,45.37753064491336,141.98800659179688
2019-07-16,1.0,45.306796700431626,141.94235229492188
2019-07-17,1.0,45.69582358345926,140.9274444580078
2019-07-18,1.0,45.85014469708996,141.45774841308594
2019-07-19,1.0,45.817993974502464,140.6439666748047
2019-07-22,1.0,45.82442647380922,140.51596069335938
2019-07-23,1.0,45.657240361565016,141.44859313964844
2019-07-24,1.0,45.74404966734049,143.789306640625
2019-07-25,1.0,45.45790745138208,142.05206298828125
2019-07-26,1.0,45.60579999035478,143.73448181152344
2019-07-29,1.0,45.64116500027127,142.77439880371094
2019-07-30,1.0,45.96588651347517,144.31961059570312
2019-07-31,1.0,45.85014469708996,143.14926147460938
2019-08-01,1.0,45.68296250949451,141.07374572753906
2019-08-02,1.0,46.477083787546015,139.51019287109375
2019-08-05,1.0,47.087947516708326,135.3225555419922
2019-08-06,1.0,47.33872472275025,136.56602478027344
2019-08-07,1.0,48.460785725983406,136.5294647216797
2019-08-08,1.0,48.1521356494245,139.4735870361328
2019-08-09,1.0,48.11677063950801,137.71810913085938
2019-08-12,1.0,48.39648428080843,135.93507385253906
2019-08-13,1.0,48.296813901068205,137.3980712890625
2019-08-14,1.0,48.73728115530607,133.55783081054688
2019-08-15,1.0,48.85623725902029,133.02752685546875
2019-08-16,1.0,48.62796791357886,135.89854431152344
2019-08-19,1.0,48.238944955199976,137.2700653076172
2019-08-20,1.0,48.37397642020793,136.37400817871094
2019-08-21,1.0,48.37397642020793,137.49862670898438
2019-08-22,1.0,48.13927850010851,137.17864990234375
2019-08-23,1.0,49.081292317132714,132.97265625
2019-08-26,1.0,49.071649455145725,134.4355926513672
2019-08-27,1.0,49.54426350732233,132.44232177734375
2019-08-28,1.0,49.44138276490186,133.98756408691406
2019-08-29,1.0,49.07807802980372,136.3374481201172
2019-08-30,1.0,48.84016189772654,136.090576171875
2019-09-03,1.0,49.70180283293078,134.0972900390625
2019-09-04,1.0,49.843266797245484,135.17620849609375
2019-09-05,1.0,48.72120579401233,137.6906280517578
2019-09-06,1.0,48.425416791418165,137.0597686767578
2019-09-09,1.0,48.296813901068205,138.89761352539062
2019-09-10,1.0,47.91422344199608,140.6714324951172
2019-09-11,1.0,48.04604061967503,143.5515899658203
2019-09-12,1.0,48.18428637201199,143.588134765625
2019-09-13,1.0,47.93351309061882,143.8350372314453
2019-09-16,1.0,48.3257503363267,144.3744659423828
2019-09-17,1.0,48.39005178150168,143.99960327148438
2019-09-18,1.0,48.46721430064141,143.1126708984375
2019-09-19,1.0,48.174643510025,142.41778564453125
2019-09-20,1.0,48.460785725983406,142.11605834960938
2019-09-23,1.0,48.988054436699244,142.00633239746094
2019-09-24,1.0,49.25812129136391,139.8629608154297
2019-09-25,1.0,48.37397642020793,141.39524841308594
2019-09-26,1.0,48.46721430064141,139.8170623779297
2019-09-27,1.0,48.19714744597674,138.69766235351562
2019-09-30,1.0,47.123312526624815,138.86282348632812
2019-10-01,1.0,47.64737087466041,136.13766479492188
2019-10-02,1.0,48.25823460382272,135.1099853515625
2019-10-03,1.0,48.45435322667666,135.5596160888672
2019-10-04,1.0,48.425416791418165,136.8441925048828
2019-10-07,1.0,48.1521356494245,136.60568237304688
2019-10-08,1.0,48.13606028813076,134.3851318359375
2019-10-09,1.0,48.42220250408917,134.9999237060547
2019-10-10,1.0,48.05890169363978,135.54122924804688
2019-10-11,1.0,47.66987481061215,137.83514404296875
2019-10-14,1.0,47.95923131389956,137.33045959472656
2019-10-15,1.0,47.5059069103457,138.90866088867188
2019-10-16,1.0,47.84027521018535,139.05548095703125
2019-10-17,1.0,47.978524887171055,140.69790649414062
2019-10-18,1.0,47.84670378484334,140.0281219482422
2019-10-21,1.0,47.66023194862515,141.34017944335938
2019-10-22,1.0,47.63772408802466,141.49620056152344
2019-10-23,1.0,47.90136236803133,141.67047119140625
2019-10-24,1.0,48.190718871318744,141.4686737060547
2019-10-25,1.0,48.21000851994148,142.2210693359375
2019-10-28,1.0,47.90457665536033,143.45062255859375
2019-10-29,1.0,47.80812448759786,143.91854858398438
2019-10-30,1.0,48.0074573977808,143.44139099121094
2019-10-31,1.0,48.59260290366237,142.6339569091797
2019-11-01,1.0,48.48328966193515,145.0654754638672
2019-11-04,1.0,48.48328966193515,145.84539794921875
2019-11-05,1.0,47.60879157741492,146.02891540527344
2019-11-06,1.0,47.911005230018326,145.18472290039062
2019-11-07,1.0,47.07508644274358,145.57009887695312
2019-11-08,1.0,46.981852486958864,145.9646759033203
2019-11-11,1.0,46.79537672609192,145.68943786621094
2019-11-12,1.0,46.6860634843647,145.73532104492188
2019-11-13,1.0,46.994709636274855,145.11134338378906
2019-11-14,1.0,47.31943507412751,145.0654754638672
2019-11-15,1.0,47.1747568224838,145.81785583496094
2019-11-18,1.0,47.29049863886902,145.4508514404297
2019-11-19,1.0,47.367661158008744,145.9921875
2019-11-20,1.0,47.367661158008744,145.441650390625
2019-11-21,1.0,47.03972143282709,144.72596740722656
2019-11-22,1.0,47.03972143282709,145.17556762695312
2019-11-25,1.0,46.830741736008406,148.25857543945312
2019-11-26,1.0,46.933626403077625,148.3594970703125
2019-11-27,1.0,46.72786099358794,149.40548706054688
2019-11-29,1.0,47.12009823929582,148.4329071044922
2019-12-02,1.0,47.01400320954635,146.983154296875
2019-12-03,1.0,47.525196558968446,146.5151824951172
2019-12-04,1.0,47.39016509396048,147.5245361328125
2019-12-05,1.0,47.48340297439396,147.67137145996094
2019-12-06,1.0,46.91111854247713,149.39634704589844
2019-12-09,1.0,46.91755104178388,149.11187744140625
2019-12-10,1.0,47.02364607153335,149.2036590576172
2019-12-11,1.0,47.242272554987785,149.1577606201172
2019-12-12,1.0,47.1554632492123,150.4423828125
2019-12-13,1.0,47.44160546517072,149.8643035888672
2019-12-16,1.0,47.42231581654798,150.92063903808594
2019-12-17,1.0,47.40945474258323,151.67572021484375
2019-12-18,1.0,47.34515329740825,151.97042846679688
2019-12-19,1.0,47.525196558968446,152.624267578125
2019-12-20,1.0,47.41266902991223,152.84530639648438
2019-12-23,1.0,47.663446235954154,153.14920043945312
2019-12-24,1.0,48.19714744597674,153.49916076660156
2019-12-26,1.0,48.52508717115839,153.49916076660156
2019-12-27,1.0,48.669765422802094,152.7440185546875
2019-12-30,1.0,48.69226935875384,152.3572540283203
2019-12-31,1.0,48.85302297169129,152.5690155029297
2020-01-02,1.0,49.01377658462874,152.67037963867188
2020-01-03,1.0,49.80789786268024,152.07176208496094
2020-01-06,1.0,50.35446014666758,152.2743377685547
2020-01-07,1.0,50.53450733287652,151.7678680419922
2020-01-08,1.0,50.07153614268692,152.2374725341797
2020-01-09,1.0,49.88827466914897,152.42169189453125
2020-01-10,1.0,50.07475043001591,151.85072326660156
2020-01-13,1.0,49.7821796393995,152.83609008789062
2020-01-14,1.0,49.589275303874565,153.3979034423828
2020-01-15,1.0,49.90113574311372,154.13458251953125
2020-01-16,1.0,49.80146928802225,156.12379455566406
2020-01-17,1.0,50.116547939239155,155.7001953125
2020-01-21,1.0,50.03938542009943,154.41087341308594
2020-01-22,1.0,50.00402041018294,154.3096160888672
2020-01-23,1.0,50.303019775457344,154.20826721191406
2020-01-24,1.0,50.51199947227603,152.3112030029297
2020-01-27,1.0,50.69526094581398,150.57981872558594
2020-01-28,1.0,50.45091231443005,151.83233642578125
2020-01-29,1.0,50.470205887701546,150.96664428710938
2020-01-30,1.0,50.91066921729066,150.96664428710938
2020-01-31,1.0,50.891379568667915,147.8354949951172
2020-02-03,1.0,50.70811809512997,149.48394775390625
2020-02-04,1.0,49.846481084574485,151.74021911621094
2020-02-05,1.0,50.08439721665166,154.07931518554688
2020-02-06,1.0,50.31909513675109,153.7293701171875
2020-02-07,1.0,50.4316226658073,151.84152221679688
2020-02-10,1.0,50.62774128866124,152.69796752929688
2020-02-11,1.0,50.33517049804483,153.7570343017578
2020-02-12,1.0,50.39304336856182,154.8161163330078
2020-02-13,1.0,50.64060236262599,155.22128295898438
2020-02-14,1.0,50.88494706936117,154.62266540527344
2020-02-18,1.0,51.441156139984244,154.29119873046875
2020-02-19,1.0,51.68228655939042,155.08314514160156
2020-02-20,1.0,51.97485735000683,155.4607391357422
2020-02-21,1.0,52.875077582456555,153.88595581054688
2020-02-24,1.0,53.768869240248286,149.25369262695312
2020-02-25,1.0,52.94902581426729,143.9491729736328
2020-02-26,1.0,52.72718504348385,142.2823486328125
2020-02-27,1.0,52.72718504348385,137.2725372314453
2020-02-28,1.0,50.2869444141636,134.75843811035156
2020-03-02,1.0,51.19359714592007,139.08676147460938
2020-03-03,1.0,52.79470077598783,136.25030517578125
2020-03-04,1.0,52.76255005340034,140.1273956298828
2020-03-05,1.0,53.57596490472334,135.67015075683594
2020-03-06,1.0,53.71742886903805,132.9810028076172
2020-03-09,1.0,53.83638497275226,120.05130767822266
2020-03-10,1.0,53.34126305997516,123.79942321777344
2020-03-11,1.0,52.77219684003609,115.92556762695312
2020-03-12,1.0,51.0971449781576,103.11556243896484
2020-03-13,1.0,48.730848655999324,110.02246856689453
2020-03-16,1.0,47.77275947768137,95.42587280273438
2020-03-17,1.0,49.026637658593486,99.80024719238281
2020-03-18,1.0,47.496264048358704,92.06449890136719
2020-03-19,1.0,47.53805763293319,95.6561050415039
2020-03-20,1.0,47.71167231983539,93.38143157958984
2020-03-23,1.0,50.38018229459707,92.00003051757812
2020-03-24,1.0,53.37662806989165,100.41724395751953
2020-03-25,1.0,52.47962604941968,101.66532135009766
2020-03-26,1.0,53.051906556687754,107.98876190185547
2020-03-27,1.0,52.20955919475501,104.0597152709961
2020-03-30,1.0,52.14847203690903,106.35243225097656
2020-03-31,1.0,50.90745492996166,105.81623840332031
2020-04-01,1.0,50.74026881771746,98.60527801513672
2020-04-02,1.0,52.26742814062324,99.53898620605469
2020-04-03,1.0,52.524633921323165,96.7193374633789
2020-04-06,1.0,53.916761779220984,104.12442016601562
2020-04-07,1.0,53.52452453351311,104.39254760742188
2020-04-08,1.0,53.543814182135854,109.15361785888672
2020-04-09,1.0,55.8200829865409,114.37694549560547
2020-04-13,1.0,56.09658234051232,111.27992248535156
2020-04-14,1.0,56.479172799584454,113.53564453125
2020-04-15,1.0,55.53072648325349,108.90399169921875
2020-04-16,1.0,55.31210392444781,108.08122253417969
2020-04-17,1.0,54.308999024928866,112.84229278564453
2020-04-20,1.0,54.707668769943496,111.51105499267578
2020-04-21,1.0,53.955341076466475,108.84852600097656
2020-04-22,1.0,55.57895256713473,110.17054748535156
2020-04-23,1.0,55.726849030756185,111.25218200683594
2020-04-24,1.0,55.41177037953928,113.1658706665039
2020-04-27,1.0,55.03882278245415,117.64960479736328
2020-04-28,1.0,54.99381098590191,119.35989379882812
2020-04-29,1.0,54.76554164046048,125.23038482666016
2020-04-30,1.0,54.14824541199142,120.4692611694336
2020-05-01,1.0,54.47939942450206,115.689697265625
2020-05-04,1.0,54.87806916951669,116.18891906738281
2020-05-05,1.0,54.79769236304797,117.0856704711914
2020-05-06,1.0,54.14824541199142,116.22589874267578
2020-05-07,1.0,55.35711572100005,117.81602478027344
2020-05-08,1.0,54.974521337279164,122.36441040039062
2020-05-11,1.0,54.505121572431555,121.75428009033203
2020-05-12,1.0,54.79769236304797,117.38151550292969
2020-05-13,1.0,55.103124227629124,113.45244598388672
2020-05-14,1.0,55.881170144386886,113.8222427368164
2020-05-15,1.0,56.373077769834985,115.6342544555664
2020-05-18,1.0,55.67862294687495,122.66029357910156
2020-05-19,1.0,56.07728876724082,120.23812866210938
2020-05-20,1.0,56.28305417673051,123.88063049316406
2020-05-21,1.0,55.31531821177681,124.10249328613281
2020-05-22,1.0,55.76864261533067,124.70340728759766
2020-05-26,1.0,54.810553437012715,128.29965209960938
2020-05-27,1.0,54.987382411243914,132.28416442871094
2020-05-28,1.0,55.08383457900638,129.15011596679688
2020-05-29,1.0,56.318419186647,128.41055297851562
2020-06-01,1.0,56.27341131474352,129.64013671875
2020-06-02,1.0,55.749352966707924,130.7125701904297
2020-06-03,1.0,54.810553437012715,133.8650360107422
2020-06-04,1.0,55.53715898256024,133.6708984375
2020-06-05,1.0,54.10966611474593,138.83872985839844
2020-06-08,1.0,54.82019629899971,141.5289764404297
2020-06-09,1.0,55.36033000832904,138.9127197265625
2020-06-10,1.0,55.32174678643481,135.1408233642578
2020-06-11,1.0,55.93582872757487,124.83282470703125
2020-06-12,1.0,55.855451921106145,127.82815551757812
2020-06-15,1.0,55.53072648325349,130.7835235595703
2020-06-16,1.0,55.82972977317665,133.92811584472656
2020-06-17,1.0,55.80079333791816,131.5070343017578
2020-06-18,1.0,55.656115086274454,131.46070861816406
2020-06-19,1.0,56.360216695870236,130.7835235595703
2020-06-22,1.0,56.79103716347236,132.0914764404297
2020-06-23,1.0,57.29258765090746,132.64796447753906
2020-06-24,1.0,57.07074688012402,128.3439178466797
2020-06-25,1.0,56.926068628480316,130.28257751464844
2020-06-26,1.0,57.23793299236822,126.77625274658203
2020-06-29,1.0,57.26686550297796,130.92266845703125
2020-06-30,1.0,57.887376018776024,132.81495666503906
2020-07-01,1.0,57.22507191840347,131.55343627929688
2020-07-02,1.0,57.54979343160738,132.0914764404297
2020-07-06,1.0,57.66232096066359,133.04689025878906
2020-07-07,1.0,58.18959359602818,130.69073486328125
2020-07-08,1.0,58.533604757854825,131.66473388671875
2020-07-09,1.0,57.99347497317424,129.0025177001953
2020-07-10,1.0,57.932387815328255,131.080322265625
2020-07-13,1.0,58.32462506103614,129.419921875
2020-07-14,1.0,58.3021211250844,131.5626983642578
2020-07-15,1.0,58.31498219904914,136.38624572753906
2020-07-16,1.0,57.88094744411802,135.5792999267578
2020-07-17,1.0,58.192807883357176,135.97811889648438
2020-07-20,1.0,58.43072401543436,135.3937225341797
2020-07-21,1.0,59.282718164002844,137.3138885498047
2020-07-22,1.0,59.964311912998134,137.3881072998047
2020-07-23,1.0,60.76486569035639,137.5272216796875
2020-07-24,1.0,61.00599610976256,135.5050506591797
2020-07-27,1.0,62.08304531644349,136.91500854492188
2020-07-28,1.0,62.5202943587036,135.5514373779297
2020-07-29,1.0,62.803222287333014,138.538330078125
2020-07-30,1.0,62.44635005154163,137.99102783203125
2020-07-31,1.0,63.10543986458517,136.69236755371094
2020-08-03,1.0,63.20832060700564,138.91860961914062
2020-08-04,1.0,64.9766103493176,139.87411499023438
2020-08-05,1.0,65.88647736840308,142.6569061279297
2020-08-06,1.0,66.53270218283312,142.6012420654297
2020-08-07,1.0,65.20166540743003,144.86460876464844
2020-08-10,1.0,65.57782729184416,146.36737060546875
2020-08-11,1.0,62.57495294189159,145.5232391357422
2020-08-12,1.0,62.66175832301831,146.11683654785156
2020-08-13,1.0,63.34978457132035,145.81080627441406
2020-08-14,1.0,62.687480470947804,145.718017578125
2020-08-17,1.0,64.25964766575707,146.46937561035156
2020-08-18,1.0,64.72261885594668,145.06869506835938
2020-08-19,1.0,63.34657028399135,145.0779571533203
2020-08-20,1.0,62.581381516549584,144.48431396484375
2020-08-21,1.0,62.59745687784333,143.41754150390625
2020-08-24,1.0,62.346679671801404,144.9202423095703
2020-08-25,1.0,61.82905382307256,145.0779571533203
2020-08-26,1.0,62.77428585207453,144.1688995361328
2020-08-27,1.0,62.13448568765372,144.52142333984375
2020-08-28,1.0,63.49446282296405,145.74581909179688
2020-08-31,1.0,63.613418926678264,144.17816162109375
2020-09-01,1.0,63.62306571331401,145.82931518554688
2020-09-02,1.0,62.5235086460326,146.9888458251953
2020-09-03,1.0,62.30167179989792,142.64768981933594
2020-09-04,1.0,62.1891442708417,141.73854064941406
2020-09-08,1.0,62.475282562151364,139.01141357421875
2020-09-09,1.0,62.85144837121425,141.1170654296875
2020-09-10,1.0,63.15366594846641,139.2803955078125
2020-09-11,1.0,62.62639331310182,138.35279846191406
2020-09-14,1.0,63.134372375194914,141.998291015625
2020-09-15,1.0,63.21474918166364,142.2672882080078
2020-09-16,1.0,63.35299885864935,143.61236572265625
2020-09-17,1.0,62.6906947582768,142.5641326904297
2020-09-18,1.0,63.08293200398468,142.193115234375
2020-09-21,1.0,61.42716979072894,137.2118377685547
2020-09-22,1.0,61.33071762296647,138.26934814453125
2020-09-23,1.0,60.070410867396355,134.14996337890625
2020-09-24,1.0,60.34369200939002,134.14996337890625
2020-09-25,1.0,60.00289513489238,136.3287811279297
2020-09-28,1.0,60.517306696292216,139.69021606445312
2020-09-29,1.0,61.18925365865176,139.05709838867188
2020-09-30,1.0,60.94169466458759,139.47605895996094
2020-10-01,1.0,61.610431264266886,141.70152282714844
2020-10-02,1.0,61.33071762296647,142.3253936767578
2020-10-05,1.0,61.73260165531009,146.25479125976562
2020-10-06,1.0,61.3693008448607,145.83578491210938
2020-10-07,1.0,60.79058783828588,149.02032470703125
2020-10-08,1.0,60.92883359062284,150.71498107910156
2020-10-09,1.0,61.92872027816403,151.49716186523438
2020-10-12,1.0,62.01552958393951,152.51205444335938
2020-10-13,1.0,60.91275822932909,151.49716186523438
2020-10-14,1.0,61.32107476097947,149.99798583984375
2020-10-15,1.0,61.372515132189704,151.54367065429688
2020-10-16,1.0,61.29213832572098,151.17129516601562
2020-10-19,1.0,61.46253480064542,149.3648223876953
2020-10-20,1.0,61.58149482900839,149.6907196044922
2020-10-21,1.0,62.03481923256225,148.40577697753906
2020-10-22,1.0,61.234265455203996,150.9663848876953
2020-10-23,1.0,61.25355510382674,151.84165954589844
2020-10-26,1.0,61.269630465120485,148.56402587890625
2020-10-27,1.0,61.468967299952176,147.28839111328125
2020-10-28,1.0,60.41763631655199,142.75369262695312
2020-10-29,1.0,60.057549793431605,144.45767211914062
2020-10-30,1.0,60.44014417715249,142.54884338378906
2020-11-02,1.0,60.845242496825115,145.0908660888672
2020-11-03,1.0,61.42074121607094,149.2065887451172
2020-11-04,1.0,60.964198600539326,149.37417602539062
2020-11-05,1.0,62.59102830318533,153.55496215820312
2020-11-06,1.0,62.748563704145035,152.3538055419922
2020-11-09,1.0,59.62030075117149,157.87550354003906
2020-11-10,1.0,60.327616648096274,160.80856323242188
2020-11-11,1.0,59.85178438394192,160.74337768554688
2020-11-12,1.0,60.22795019300481,158.27584838867188
2020-11-13,1.0,60.64269137466442,161.55349731445312
2020-11-16,1.0,60.694135670523416,165.399169921875
2020-11-17,1.0,60.60732636474794,166.17198181152344
2020-11-18,1.0,60.24723984162755,163.84410095214844
2020-11-19,1.0,59.84857009661292,165.1011505126953
2020-11-20,1.0,60.199013757746314,165.27809143066406
2020-11-23,1.0,59.08659954114891,168.36947631835938
2020-11-24,1.0,58.01919319645498,171.53536987304688
2020-11-25,1.0,58.04812963171347,170.94876098632812
2020-11-27,1.0,57.289373363578456,171.6750030517578
2020-11-30,1.0,57.090036528746765,168.5557403564453
2020-12-01,1.0,58.32462506103614,170.12002563476562
2020-12-02,1.0,58.84225090976498,170.29698181152344
2020-12-03,1.0,59.19269457089837,171.25604248046875
2020-12-04,1.0,59.157329560981886,175.2413330078125
2020-12-07,1.0,59.99324834825663,175.40895080566406
2020-12-08,1.0,60.27939056421504,177.6623077392578
2020-12-09,1.0,59.109103477100646,176.36801147460938
2020-12-10,1.0,59.07373846718416,178.0719757080078
2020-12-11,1.0,59.273071377367096,177.1967315673828
2020-12-14,1.0,58.90333806761096,177.40408325195312
2020-12-15,1.0,59.649237186429986,181.8408203125
2020-12-16,1.0,59.77140757747319,181.1869659423828
2020-12-17,1.0,60.77772676432114,183.34463500976562
2020-12-18,1.0,60.7295006804399,182.457275390625
2020-12-21,1.0,60.53338205758596,182.3638458251953
2020-12-22,1.0,60.13149802524234,184.43748474121094
2020-12-23,1.0,60.38227130663551,186.00669860839844
2020-12-24,1.0,60.54623920690196,185.88525390625
2020-12-28,1.0,60.456219538446234,185.19406127929688
2020-12-29,1.0,60.53659634491496,181.60731506347656
2020-12-30,1.0,60.87417893208361,183.45675659179688
2020-12-31,1.0,60.92883359062284,183.1298065185547
2021-01-04,1.0,62.584595803878585,180.73866271972656
2021-01-05,1.0,62.83537300992051,183.53143310546875
2021-01-06,1.0,61.362868345553956,191.04122924804688
2021-01-07,1.0,61.523621958491404,194.441162109375
2021-01-08,1.0,59.00943702200918,194.02085876464844
2021-01-11,1.0,59.504558934786274,193.85272216796875
2021-01-12,1.0,59.29236102598984,197.3273162841797
2021-01-13,1.0,59.636376112465236,195.91697692871094
2021-01-14,1.0,59.52384858340902,199.8306121826172
2021-01-15,1.0,58.83260804777798,196.8510284423828
2021-01-19,1.0,59.16375813563988,199.3729248046875
2021-01-20,1.0,60.00932370955037,200.25094604492188
2021-01-21,1.0,59.99003406092763,198.5136260986328
2021-01-22,1.0,59.67816969703972,200.82070922851562
2021-01-25,1.0,59.64601897445223,200.6245574951172
2021-01-26,1.0,59.507773222115276,199.2328643798828
2021-01-27,1.0,59.31486888659033,195.58070373535156
2021-01-28,1.0,59.0898138284779,194.95486450195312
2021-01-29,1.0,59.39203140573006,192.00328063964844
2021-02-01,1.0,59.92573261575265,196.72024536132812
2021-02-02,1.0,58.9451355768342,199.52236938476562
2021-02-03,1.0,58.99979023537343,200.1201934814453
2021-02-04,1.0,57.58837272885286,204.20201110839844
2021-02-05,1.0,58.28926005111965,207.03213500976562
2021-02-08,1.0,58.97085380011494,212.31887817382812
2021-02-09,1.0,59.07695275451316,213.318359375
2021-02-10,1.0,59.2441349421086,211.9172821044922
2021-02-11,1.0,58.732941592686515,211.67437744140625
2021-02-12,1.0,58.617195851652546,212.2721710205078
2021-02-16,1.0,57.839149934894785,210.9365234375
2021-02-17,1.0,56.996802572962046,209.28318786621094
2021-02-18,1.0,57.067532592795025,206.04200744628906
2021-02-19,1.0,57.14469511193475,210.3386993408203
2021-02-22,1.0,58.14136751214694,208.9749755859375
2021-02-23,1.0,58.06099070567822,207.13490295410156
2021-02-24,1.0,57.803784924978295,212.0293426513672
2021-02-25,1.0,57.08039366675977,204.19264221191406
2021-02-26,1.0,55.58217077911248,203.91238403320312
2021-03-01,1.0,55.39569501824553,211.16064453125
2021-03-02,1.0,55.73649189274318,207.09751892089844
2021-03-03,1.0,55.164211385475106,204.85581970214844
2021-03-04,1.0,54.678732334685,199.13009643554688
2021-03-05,1.0,54.60800231485202,203.3520050048828
2021-03-08,1.0,53.94891250180848,204.3140869140625
2021-03-09,1.0,55.199576395391595,208.6106719970703
2021-03-10,1.0,55.35711572100005,212.2348175048828
2021-03-11,1.0,55.38283394428079,216.9050750732422
2021-03-12,1.0,55.292814275825066,218.18472290039062
2021-03-15,1.0,55.59502792842847,218.9600067138672
2021-03-16,1.0,55.64968651161646,215.29852294921875
2021-03-17,1.0,55.527512195924494,216.98912048339844
2021-03-18,1.0,55.70112688282669,210.3853759765625
2021-03-19,1.0,55.996911960772096,211.9733123779297
2021-03-22,1.0,55.881170144386886,210.37603759765625
2021-03-23,1.0,55.46321075074951,202.744873046875
2021-03-24,1.0,55.72363081877843,198.055908203125
2021-03-25,1.0,55.46321075074951,202.75177001953125
2021-03-26,1.0,55.6946983081687,206.44825744628906
2021-03-29,1.0,55.04846564444114,200.63685607910156
2021-03-30,1.0,54.13860255000442,204.01510620117188
2021-03-31,1.0,55.09990994030013,206.75706481933594
2021-04-01,1.0,55.56930970514773,209.37728881835938
2021-04-05,1.0,55.58217077911248,210.52838134765625
2021-04-06,1.0,56.03870946999534,209.9107208251953
2021-04-07,1.0,55.9936976734431,206.52308654785156
2021-04-08,1.0,56.527398883465686,208.2730712890625
2021-04-09,1.0,56.09658234051232,208.30111694335938
2021-04-12,1.0,55.70755545748469,207.48696899414062
2021-04-13,1.0,56.186602008968045,206.94422912597656
2021-04-14,1.0,55.82330119851866,208.9842987060547
2021-04-15,1.0,56.8038982374371,209.89198303222656
2021-04-16,1.0,57.23471478039047,210.22889709472656
2021-04-19,1.0,56.926068628480316,207.49635314941406
2021-04-20,1.0,57.17684583452224,203.247802734375
2021-04-21,1.0,57.64945988669884,208.21690368652344
2021-04-22,1.0,57.29258765090746,207.35598754882812
2021-04-23,1.0,57.157556185899494,211.26760864257812
2021-04-26,1.0,57.231500493061475,213.46678161621094
2021-04-27,1.0,57.18970690848699,213.7849884033203
2021-04-28,1.0,57.032167582878536,214.1499481201172
2021-04-29,1.0,56.85212432131834,213.35450744628906
2021-04-30,1.0,56.832830748046845,210.45350646972656
2021-05-03,1.0,57.60766630212436,211.4828643798828
2021-05-04,1.0,57.099683315382514,208.95619201660156
2021-05-05,1.0,57.36653588271818,208.12332153320312
2021-05-06,1.0,58.37606543224637,208.30111694335938
2021-05-07,1.0,58.87761984433022,210.92140197753906
2021-05-10,1.0,59.08016704184215,205.55926513671875
2021-05-11,1.0,59.03194095796092,204.9041748046875
2021-05-12,1.0,58.604338702336555,198.25059509277344
2021-05-13,1.0,58.64291799958204,201.9001922607422
2021-05-14,1.0,59.0962424031359,206.83192443847656
2021-05-17,1.0,60.04468871946686,207.11268615722656
2021-05-18,1.0,60.057549793431605,205.54051208496094
2021-05-19,1.0,60.491584548362724,203.95896911621094
2021-05-20,1.0,60.504445622327474,205.3158721923828
2021-05-21,1.0,60.33725951008327,205.84934997558594
2021-05-24,1.0,60.588036716125195,207.18751525878906
2021-05-25,1.0,61.022071471056314,205.18487548828125
2021-05-26,1.0,61.12495221347678,209.0123291015625
2021-05-27,1.0,60.94812323924558,211.16473388671875
2021-05-28,1.0,61.16674972270002,211.0243377685547
2021-06-01,1.0,61.247126529168746,213.4199676513672
2021-06-02,1.0,61.40466585477719,213.6726531982422
2021-06-03,1.0,60.22795019300481,211.88526916503906
2021-06-04,1.0,60.82916713553137,212.80239868164062
2021-06-07,1.0,61.04779361898581,215.65660095214844
2021-06-08,1.0,60.9063296546711,217.93994140625
2021-06-09,1.0,60.94169466458759,216.4894256591797
2021-06-10,1.0,60.97063109984608,214.8839569091797
2021-06-11,1.0,60.43049739051674,217.1520538330078
2021-06-14,1.0,59.99003406092763,216.51475524902344
2021-06-15,1.0,59.684602196346475,215.89617919921875
2021-06-16,1.0,59.84535580928392,215.4369659423828
2021-06-17,1.0,57.06110401813702,213.01893615722656
2021-06-18,1.0,56.87462825727008,208.1829376220703
2021-06-21,1.0,57.321524086165944,212.63470458984375
2021-06-22,1.0,57.14469511193475,213.60000610351562
2021-06-23,1.0,57.33759944745969,214.30296325683594
2021-06-24,1.0,57.12218725133425,217.3301239013672
2021-06-25,1.0,57.157556185899494,217.69561767578125
2021-06-28,1.0,57.25079014168421,215.97117614746094
2021-06-29,1.0,56.701013570367884,214.94027709960938
2021-06-30,1.0,56.958219351067804,214.9683380126953
2021-07-01,1.0,57.125405463312006,216.86154174804688
2021-07-02,1.0,57.334385160130694,214.7996368408203
2021-07-06,1.0,57.68482489661533,211.67869567871094
2021-07-07,1.0,57.93881638998626,209.71058654785156
2021-07-08,1.0,57.877729232140275,207.77992248535156
2021-07-09,1.0,58.21209753197992,212.1660919189453
2021-07-12,1.0,58.06099070567822,212.34417724609375
2021-07-13,1.0,58.18959359602818,208.34225463867188
2021-07-14,1.0,58.67506872216953,205.1276397705078
2021-07-15,1.0,58.80367161251949,203.9655303955078
2021-07-16,1.0,58.35356149629463,201.45372009277344
2021-07-19,1.0,58.16708573542768,198.43594360351562
2021-07-20,1.0,58.237819679909414,204.59339904785156
2021-07-21,1.0,57.980613899209494,208.11732482910156
2021-07-22,1.0,58.04491534438447,204.8089599609375
2021-07-23,1.0,57.92917352799926,205.76495361328125
2021-07-26,1.0,57.84557850955278,206.36473083496094
2021-07-27,1.0,57.86487208282428,203.95608520507812
2021-07-28,1.0,57.86165387084653,206.9552001953125
2021-07-29,1.0,58.874401632352466,208.54849243164062
2021-07-30,1.0,58.276398977154905,207.17074584960938
2021-08-02,1.0,58.58504512906506,206.1398162841797
2021-08-03,1.0,58.32462506103614,206.99267578125
2021-08-04,1.0,58.33748613500088,204.4153289794922
2021-08-05,1.0,58.15744287344069,208.08920288085938
2021-08-06,1.0,56.68493820907414,209.36383056640625
2021-08-09,1.0,55.50822254730175,208.21104431152344
2021-08-10,1.0,55.6754047348972,208.62344360351562
2021-08-11,1.0,56.369863482505984,209.64500427246094
2021-08-12,1.0,56.32163739862475,209.14825439453125
2021-08-13,1.0,57.17041333521549,207.24575805664062
2021-08-16,1.0,57.54336485694938,205.31504821777344
2021-08-17,1.0,57.4790634117744,202.81272888183594
2021-08-18,1.0,57.36975017004718,201.04139709472656
2021-08-19,1.0,57.32795266082394,198.63272094726562
2021-08-20,1.0,57.35688909608243,201.9879913330078
2021-08-23,1.0,58.073851779642965,205.8305206298828
2021-08-24,1.0,58.144581799475944,207.8548583984375
2021-08-25,1.0,57.581944154194865,208.5859375
2021-08-26,1.0,57.71697561920282,206.3740997314453
2021-08-27,1.0,58.498239747938335,212.1942138671875
2021-08-30,1.0,58.263537903190155,211.32261657714844
2021-08-31,1.0,58.4532279513861,211.73497009277344
2021-09-01,1.0,58.38571221888212,213.15953063964844
2021-09-02,1.0,58.241033967238415,214.6403350830078
2021-09-03,1.0,58.954778438821194,213.64688110351562
2021-09-07,1.0,57.82307457360104,212.17543029785156
2021-09-08,1.0,57.66232096066359,209.86053466796875
2021-09-09,1.0,57.87130065748227,209.75747680664062
2021-09-10,1.0,57.617309164111354,207.70492553710938
2021-09-13,1.0,57.69125739592208,208.88583374023438
2021-09-14,1.0,58.099570002923706,206.22418212890625
2021-09-15,1.0,57.70411846988683,208.08920288085938
2021-09-16,1.0,56.479172799584454,208.2391815185547
2021-09-17,1.0,56.30877632466,208.51095581054688
2021-09-20,1.0,56.70744606967463,203.55308532714844
2021-09-21,1.0,57.17041333521549,203.86239624023438
2021-09-22,1.0,57.18970690848699,207.0301055908203
2021-09-23,1.0,56.25733595344977,210.69468688964844
2021-09-24,1.0,56.318419186647,209.67849731445312
2021-09-27,1.0,56.32806597328275,212.865234375
2021-09-28,1.0,55.86188049576414,208.0239715576172
2021-09-29,1.0,55.39248073091654,207.58216857910156
2021-09-30,1.0,56.4888195862202,205.6362762451172
2021-10-01,1.0,56.53383138277243,208.95462036132812
2021-10-04,1.0,56.829616460717844,207.05569458007812
2021-10-05,1.0,56.61420818924116,207.77017211914062
2021-10-06,1.0,56.643144624499655,206.68910217285156
2021-10-07,1.0,56.559549606053174,209.87586975097656
2021-10-08,1.0,56.501680660184945,208.29661560058594
2021-10-11,1.0,56.44702207699696,207.1027374267578
2021-10-12,1.0,56.56276781803093,208.24020385742188
2021-10-13,1.0,57.700900257909076,209.2272491455078
2021-10-14,1.0,57.803784924978295,212.32940673828125
2021-10-15,1.0,56.85212432131834,211.66195678710938
2021-10-18,1.0,56.76852930287186,211.5397491455078
2021-10-19,1.0,56.922854341151314,212.32940673828125
2021-10-20,1.0,57.38582553134093,213.73948669433594
2021-10-21,1.0,57.289373363578456,214.2847442626953
2021-10-22,1.0,57.75234455376806,213.77713012695312
2021-10-25,1.0,58.08992714093671,215.8076171875
2021-10-26,1.0,57.65910667333459,214.1813201904297
2021-10-27,1.0,57.83272136023679,210.24249267578125
2021-10-28,1.0,57.95489175128,214.43511962890625
2021-10-29,1.0,57.35367480875343,214.3787384033203
2021-11-01,1.0,57.73626919247432,219.93443298339844
2021-11-02,1.0,57.53050378298463,220.39505004882812
2021-11-03,1.0,56.71066035700363,224.3338623046875
2021-11-04,1.0,57.66232096066359,224.24928283691406
2021-11-05,1.0,58.41143436681161,227.31385803222656
2021-11-08,1.0,58.771520889932,228.01885986328125
2021-11-09,1.0,58.861544483036475,226.69338989257812
2021-11-10,1.0,59.424182128317554,223.12124633789062
2021-11-11,1.0,59.92573261575265,224.9167022705078
2021-11-12,1.0,60.07362515472535,225.142333984375
2021-11-15,1.0,60.01253799687937,224.24928283691406
2021-11-16,1.0,59.61065396453574,224.66290283203125
2021-11-17,1.0,60.128279813264584,221.72052001953125
2021-11-18,1.0,59.84535580928392,220.7804718017578
2021-11-19,1.0,59.530277158067015,218.76873779296875
2021-11-22,1.0,58.073851779642965,217.83811950683594
2021-11-23,1.0,57.35046052142444,217.4621124267578
2021-11-24,1.0,57.36653588271818,217.69712829589844
2021-11-26,1.0,57.405115179963666,209.49049377441406
2021-11-29,1.0,57.3022344375432,209.35885620117188
2021-11-30,1.0,57.02252079624279,205.0909881591797
2021-12-01,1.0,57.36653588271818,200.47535705566406
2021-12-02,1.0,56.67207713510939,206.0686798095703
2021-12-03,1.0,57.35367480875343,201.8384552001953
2021-12-06,1.0,57.21221084443873,205.89007568359375
2021-12-07,1.0,57.37939303203417,210.66552734375
2021-12-08,1.0,57.405115179963666,212.10379028320312
2021-12-09,1.0,57.12218725133425,207.30010986328125
2021-12-10,1.0,57.382611244011926,206.72669982910156
2021-12-13,1.0,57.49513877306814,203.7056427001953
2021-12-14,1.0,56.9807272116683,201.95179748535156
2021-12-15,1.0,56.72995000562638,205.15768432617188
2021-12-16,1.0,57.81342778696529,201.0089111328125
2021-12-17,1.0,58.02883998309073,202.85704040527344
2021-12-20,1.0,57.69768597058008,200.0094451904297
2021-12-21,1.0,57.50799592238413,205.72341918945312
2021-12-22,1.0,57.94203067731525,207.70355224609375
2021-12-23,1.0,58.24746254189641,209.3630828857422
2021-12-27,1.0,58.15422858611169,211.3243408203125
2021-12-28,1.0,58.22174431861567,210.0325164794922
2021-12-29,1.0,58.05777641834922,210.2588653564453
2021-12-30,1.0,58.32462506103614,210.20223999023438
2021-12-31,1.0,58.790810538554744,209.7496337890625
2022-01-03,1.0,57.874514944811274,212.45582580566406
2022-01-04,1.0,58.34070042232988,212.13525390625
2022-01-05,1.0,58.67828300949853,204.95028686523438
2022-01-06,1.0,57.524071283677884,206.11947631835938
2022-01-07,1.0,57.78770956368455,203.7339324951172
2022-01-10,1.0,57.83272136023679,203.02676391601562
2022-01-11,1.0,58.46608902535085,205.18600463867188
2022-01-12,1.0,58.74901695398026,203.65850830078125
2022-01-13,1.0,58.55932690578432,201.79153442382812
2022-01-14,1.0,58.40178758017586,202.07440185546875
2022-01-18,1.0,58.2699704024969,195.96435546875
2022-01-19,1.0,59.26021030340235,192.77734375
2022-01-20,1.0,59.24092065477961,189.2886199951172
2022-01-21,1.0,58.89369520562396,185.74325561523438
2022-01-24,1.0,59.21198421952111,190.02406311035156
2022-01-25,1.0,59.55921359332551,187.48764038085938
2022-01-26,1.0,58.826175548471234,184.78150939941406
2022-01-27,1.0,57.64945988669884,180.58554077148438
2022-01-28,1.0,57.38582553134093,184.10260009765625
2022-01-31,1.0,57.710547044544825,189.75064086914062
2022-02-01,1.0,57.91952674136351,191.74957275390625
2022-02-02,1.0,58.202454669992925,189.84490966796875
2022-02-03,1.0,58.003117835161234,186.25242614746094
2022-02-04,1.0,58.122077863524204,187.0539093017578
2022-02-07,1.0,58.57218797974906,187.97792053222656
2022-02-08,1.0,58.768306602603005,191.1837921142578
2022-02-09,1.0,59.048016319254664,194.8140106201172
2022-02-10,1.0,59.07373846718416,191.8250274658203
2022-02-11,1.0,59.22484529348586,189.88262939453125
2022-02-14,1.0,60.10256158998384,189.2225799560547
2022-02-15,1.0,59.67816969703972,194.29539489746094
2022-02-16,1.0,60.17007732248782,194.7008819580078
2022-02-17,1.0,61.150674361406274,189.71290588378906
2022-02-18,1.0,61.079944341573295,188.08164978027344
2022-02-22,1.0,61.32428904830847,185.43209838867188
2022-02-23,1.0,61.42074121607094,181.96217346191406
2022-02-24,1.0,61.93193849014178,186.73330688476562
2022-02-25,1.0,60.68770317121666,190.938720703125
2022-02-28,1.0,61.10887685218303,191.71188354492188
2022-03-01,1.0,62.49457613542286,188.10052490234375
2022-03-02,1.0,61.80333559979182,192.57933044433594
2022-03-03,1.0,62.240584642051935,190.29747009277344
2022-03-04,1.0,63.227610255628385,187.31790161132812
2022-03-07,1.0,64.16962799730135,182.65994262695312
2022-03-08,1.0,65.69357303287813,183.66883850097656
2022-03-09,1.0,63.922065078588425,188.84544372558594
2022-03-10,1.0,64.31430624894506,188.5059814453125
2022-03-11,1.0,63.81918433616796,185.49807739257812
2022-03-14,1.0,63.041138419410196,181.70762634277344
2022-03-15,1.0,62.041247807220245,184.60235595703125
2022-03-16,1.0,61.3821579941767,190.41064453125
2022-03-17,1.0,62.475282562151364,193.39964294433594
2022-03-18,1.0,62.028390657904254,195.4363250732422
2022-03-21,1.0,62.03481923256225,193.7108154296875
2022-03-22,1.0,61.77761345186233,195.65318298339844
2022-03-23,1.0,62.28559643860417,192.2587127685547
2022-03-24,1.0,63.086146291313675,194.46949768066406
2022-03-25,1.0,62.828940510613755,194.7340087890625
2022-03-28,1.0,62.3659732450729,194.8001251220703
2022-03-29,1.0,61.47861016193917,200.0152587890625
2022-03-30,1.0,62.16342212291221,195.99998474121094
2022-03-31,1.0,62.66818689767631,193.93099975585938
2022-04-01,1.0,61.84834347169531,196.10391235351562
2022-04-04,1.0,62.17949748420596,196.42510986328125
2022-04-05,1.0,61.97051778738727,191.7769317626953
2022-04-06,1.0,61.82905382307256,189.05599975585938
2022-04-07,1.0,62.30167179989792,188.44190979003906
2022-04-08,1.0,62.55244508129109,186.93971252441406
2022-04-11,1.0,62.63603617508882,185.6832275390625
2022-04-12,1.0,63.533042120209544,186.2689208984375
2022-04-13,1.0,63.80953754953221,189.81185913085938
2022-04-14,1.0,63.49446282296405,187.96954345703125
2022-04-18,1.0,63.86419613272019,186.70352172851562
2022-04-19,1.0,62.98326554889321,190.42587280273438
2022-04-20,1.0,62.87395230716599,191.1533966064453
2022-04-21,1.0,62.63603617508882,186.87362670898438
2022-04-22,1.0,62.1891442708417,182.03639221191406
2022-04-25,1.0,60.95777002588133,183.14181518554688
2022-04-26,1.0,61.21819009391025,177.36929321289062
2022-04-27,1.0,60.72306818113315,176.63243103027344
2022-04-28,1.0,60.80666319957963,179.9296417236328
2022-04-29,1.0,61.46253480064542,174.73342895507812
2022-05-02,1.0,59.9160858291169,176.5662841796875
2022-05-03,1.0,60.141140887229334,178.07789611816406
2022-05-04,1.0,60.0832719413611,182.8300323486328
2022-05-05,1.0,60.30510878749578,175.4136505126953
2022-05-06,1.0,60.53338205758596,172.49435424804688
2022-05-09,1.0,59.75533221617945,165.23858642578125
2022-05-10,1.0,59.189480283569374,165.2858428955078
2022-05-11,1.0,59.59779289057099,161.1761474609375
2022-05-12,1.0,58.662207648204785,163.065673828125
2022-05-13,1.0,58.134935012840195,168.23350524902344
2022-05-16,1.0,58.321410773707136,167.43045043945312
2022-05-17,1.0,58.47895009931559,172.55104064941406
2022-05-18,1.0,58.38249793155312,166.5045928955078
2022-05-19,1.0,59.19590885822737,166.77854919433594
2022-05-20,1.0,59.22484529348586,166.35340881347656
2022-05-23,1.0,59.40810676702381,168.36573791503906
2022-05-24,1.0,59.97395869963388,165.8716278076172
2022-05-25,1.0,59.35988068314257,168.85704040527344
2022-05-26,1.0,59.401674267717055,172.6266326904297
2022-05-27,1.0,59.520634296080026,177.27487182617188
2022-05-31,1.0,59.2441349421086,175.0735626220703
2022-06-01,1.0,59.437039277633545,174.08151245117188
2022-06-02,1.0,60.166863035158826,178.3329620361328
2022-06-03,1.0,59.48526536151478,176.7268524169922
2022-06-06,1.0,59.2762856646961,177.4921417236328
2022-06-07,1.0,59.54635251936076,180.354736328125
2022-06-08,1.0,59.68781648367547,177.5677032470703
2022-06-09,1.0,59.56886037996126,173.88673400878906
2022-06-10,1.0,60.29868021283778,169.16941833496094
2022-06-13,1.0,58.89369520562396,161.22198486328125
2022-06-14,1.0,58.30533541241339,160.4452362060547
2022-06-15,1.0,58.50145403526733,162.79440307617188
2022-06-16,1.0,59.47562249952779,155.25430297851562
2022-06-17,1.0,59.176619209604624,156.46678161621094
2022-06-21,1.0,59.118750263736395,159.27064514160156
2022-06-22,1.0,59.10588918977165,158.9675750732422
2022-06-23,1.0,58.82939376044899,160.87149047851562
2022-06-24,1.0,58.84546912174273,165.85406494140625
2022-06-27,1.0,58.66864014751153,166.46975708007812
2022-06-28,1.0,58.55289440647756,163.34381103515625
2022-06-29,1.0,58.43393830276335,161.68612670898438
2022-06-30,1.0,58.10600250223045,160.4263153076172
2022-07-01,1.0,57.91952674136351,162.36817932128906
2022-07-05,1.0,56.71066035700363,163.71324157714844
2022-07-06,1.0,55.82972977317665,162.50074768066406
2022-07-07,1.0,55.93261051559712,166.3466033935547
2022-07-08,1.0,56.01620553404359,166.32765197753906
2022-07-11,1.0,55.6754047348972,162.98385620117188
2022-07-12,1.0,55.45356788876252,162.42501831054688
2022-07-13,1.0,55.797579050589164,162.28289794921875
2022-07-14,1.0,54.8427041596002,160.61572265625
2022-07-15,1.0,54.77197021511847,163.9595489501953
2022-07-18,1.0,54.98416419926616,163.49539184570312
2022-07-19,1.0,55.000239560559905,169.26412963867188
2022-07-20,1.0,54.66265697339126,171.91644287109375
2022-07-21,1.0,55.08704886633538,172.79736328125
2022-07-22,1.0,55.53715898256024,170.04086303710938
2022-07-25,1.0,55.270306415224574,170.92181396484375
2022-07-26,1.0,55.225294618672336,169.870361328125
2022-07-27,1.0,55.270306415224574,173.73512268066406
2022-07-28,1.0,56.27341131474352,176.12225341796875
2022-07-29,1.0,56.678509634416145,177.37258911132812
2022-08-01,1.0,57.475845199796645,177.30628967285156
2022-08-02,1.0,57.54014664497163,177.13577270507812
2022-08-03,1.0,57.112544389347256,179.74069213867188
2022-08-04,1.0,58.09314142826571,179.36180114746094
2022-08-05,1.0,57.58837272885286,180.73533630371094
2022-08-08,1.0,58.03848284507772,182.64877319335938
2022-08-09,1.0,58.26675611516791,180.15750122070312
2022-08-10,1.0,58.31176398707139,185.3010711669922
2022-08-11,1.0,58.10278429025271,185.99256896972656
2022-08-12,1.0,58.369636857588375,189.7910614013672
2022-08-15,1.0,57.8102134996363,190.46360778808594
2022-08-16,1.0,57.54014664497163,190.38778686523438
2022-08-17,1.0,57.12218725133425,187.18609619140625
2022-08-18,1.0,56.94535827710306,188.42698669433594
2022-08-19,1.0,56.678509634416145,184.3822021484375
2022-08-22,1.0,56.21232415689754,180.58377075195312
2022-08-23,1.0,56.62385105122816,180.8773956298828
2022-08-24,1.0,56.63349783786391,182.26040649414062
2022-08-25,1.0,56.95179077640981,185.09268188476562
2022-08-26,1.0,56.25733595344977,179.01133728027344
2022-08-29,1.0,56.25411774147202,177.36312866210938
2022-08-30,1.0,55.82330119851866,174.88133239746094
2022-08-31,1.0,55.498575760666,173.8203887939453
2022-09-01,1.0,54.95523168865642,171.92588806152344
2022-09-02,1.0,55.38283394428079,170.59030151367188
2022-09-06,1.0,55.070973505041636,168.90415954589844
2022-09-07,1.0,55.550020056524986,172.5795135498047
2022-09-08,1.0,55.305671425141064,174.01934814453125
2022-09-09,1.0,55.57573827980573,177.51467895507812
2022-09-12,1.0,55.96154695085561,179.66493225097656
2022-09-13,1.0,55.21565175668534,172.6363525390625
2022-09-14,1.0,54.94879918934967,173.3088836669922
2022-09-15,1.0,53.92640856585673,172.04905700683594
2022-09-16,1.0,54.12574147603967,169.54830932617188
2022-09-19,1.0,53.955341076466475,170.99761962890625
2022-09-20,1.0,53.72707173102504,168.66737365722656
2022-09-21,1.0,53.87496426999775,166.09083557128906
2022-09-22,1.0,54.048578956899945,162.34921264648438
2022-09-23,1.0,53.22873553091895,158.4844207763672
2022-09-26,1.0,52.51499105933617,156.31448364257812
2022-09-27,1.0,52.605010727791885,156.8477020263672
2022-09-28,1.0,53.69170672110856,161.8083953857422
2022-09-29,1.0,53.64669492455632,158.1807098388672
2022-09-30,1.0,53.756008166283536,157.02857971191406
2022-10-03,1.0,54.72052984390824,161.18951416015625
2022-10-04,1.0,55.63682543765171,167.57843017578125
2022-10-05,1.0,55.324964998412554,166.34060668945312
2022-10-06,1.0,55.324964998412554,165.40748596191406
2022-10-07,1.0,54.95523168865642,160.54202270507812
2022-10-10,1.0,53.858888908704,159.64695739746094
2022-10-11,1.0,54.2061182825084,159.69461059570312
2022-10-12,1.0,53.932837140514735,159.256591796875
2022-10-13,1.0,53.916761779220984,163.19851684570312
2022-10-14,1.0,53.01332725944226,158.8281707763672
2022-10-17,1.0,53.498802385583616,163.8936309814453
2022-10-18,1.0,53.2351680302257,165.83596801757812
2022-10-19,1.0,52.54070928261691,163.01760864257812
2022-10-20,1.0,52.62430430106338,160.94192504882812
2022-10-21,1.0,53.251243391519445,164.4363250732422
2022-10-24,1.0,53.180509447037714,165.14093017578125
2022-10-25,1.0,53.30589805005867,169.64456176757812
2022-10-26,1.0,53.66598457317906,170.4824981689453
2022-10-27,1.0,53.55024275679385,170.5205535888672
2022-10-28,1.0,52.8815100817633,174.3957977294922
2022-10-31,1.0,52.7496889794356,174.55767822265625
2022-11-01,1.0,53.039045482723004,174.7957000732422
2022-11-02,1.0,53.04869226935875,168.9971160888672
2022-11-03,1.0,52.43461425286744,167.86404418945312
2022-11-04,1.0,53.90390070525624,170.13015747070312
2022-11-07,1.0,54.0292893082772,170.90139770507812
2022-11-08,1.0,55.1706399601331,170.96807861328125
2022-11-09,1.0,55.09669172832238,166.2739715576172
2022-11-10,1.0,56.38272063182198,176.5095977783203
2022-11-11,1.0,56.887489331234825,177.9568328857422
2022-11-14,1.0,57.12861975064101,175.9668731689453
2022-11-15,1.0,57.125405463312006,178.57574462890625
2022-11-16,1.0,57.09325474072452,175.4336395263672
2022-11-17,1.0,56.68172392174514,173.8054656982422
2022-11-18,1.0,56.405228492422474,174.92898559570312
2022-11-21,1.0,55.92939622826812,174.01492309570312
2022-11-22,1.0,55.939043014903866,175.87164306640625
2022-11-23,1.0,56.12230056379306,176.32867431640625
2022-11-25,1.0,56.39236741845773,176.70004272460938
2022-11-28,1.0,55.951904088868616,173.13893127441406
2022-11-29,1.0,56.21232415689754,173.64361572265625
2022-11-30,1.0,56.13516163775781,178.40435791015625
2022-12-01,1.0,58.35999007095263,178.01397705078125
2022-12-02,1.0,58.17994680939243,179.0518035888672
2022-12-05,1.0,57.27008371495571,174.11968994140625
2022-12-06,1.0,57.3054487248722,171.4536590576172
2022-12-07,1.0,57.806999212307296,170.94903564453125
2022-12-08,1.0,57.91952674136351,172.18679809570312
2022-12-09,1.0,58.21531181930892,170.0730438232422
2022-12-12,1.0,57.6237416634181,172.0725555419922
2022-12-13,1.0,58.69114408346328,173.49783325195312
2022-12-14,1.0,58.47251760000884,172.3595428466797
2022-12-15,1.0,57.4790634117744,168.04550170898438
2022-12-16,1.0,57.877729232140275,166.7924346923828
2022-12-19,1.0,57.79735242567155,164.5349884033203
2022-12-20,1.0,58.68792979613428,165.4054412841797
2022-12-21,1.0,58.68792979613428,168.25595092773438
2022-12-22,1.0,57.72019383118057,166.055908203125
2022-12-23,1.0,58.006332122490235,166.81155395507812
2022-12-27,1.0,58.613981564323545,165.69239807128906
2022-12-28,1.0,58.379283644224124,163.11932373046875
2022-12-29,1.0,58.70721944475702,167.25160217285156
2022-12-30,1.0,58.71364801941502,166.78285217285156
2023-01-03,1.0,59.35344818383582,165.86456298828125
2023-01-04,1.0,59.7681932901442,167.9307098388672
2023-01-05,1.0,59.176619209604624,166.13241577148438
2023-01-06,1.0,60.11220445197084,169.86293029785156
2023-01-09,1.0,60.37262844464851,170.14990234375
2023-01-10,1.0,60.330830935425276,172.6656036376953
2023-01-11,1.0,60.407993454565,174.81781005859375
2023-01-12,1.0,61.04779361898581,177.75439453125
2023-01-13,1.0,61.784042026520325,178.9214324951172
2023-01-17,1.0,61.40466585477719,178.70140075683594
2023-01-18,1.0,61.31142797434372,175.81265258789062
2023-01-19,1.0,61.854775971002056,174.12911987304688
2023-01-20,1.0,61.99302172333901,176.99876403808594
2023-01-23,1.0,62.00588279730376,179.18919372558594
2023-01-24,1.0,62.22450928075819,178.80661010742188
2023-01-25,1.0,62.45599291352862,179.3040008544922
2023-01-26,1.0,62.05089459385599,180.36578369140625
2023-01-27,1.0,62.031604945233255,181.3414306640625
2023-01-30,1.0,61.82262524841457,178.81613159179688
2023-01-31,1.0,62.03481923256225,183.15887451171875
2023-02-01,1.0,62.46242541283537,186.03811645507812
2023-02-02,1.0,62.07661674178549,189.70166015625
2023-02-03,1.0,60.33404522275427,188.429443359375
2023-02-06,1.0,60.42728310318774,185.70330810546875
2023-02-07,1.0,60.597683502760944,187.08071899414062
2023-02-08,1.0,60.787369626308134,184.34498596191406
2023-02-09,1.0,60.39513238060025,181.6762237548828
2023-02-10,1.0,60.26652949025029,182.0397491455078
2023-02-13,1.0,59.9128715417879,184.23025512695312
2023-02-14,1.0,59.97395869963388,184.1441192626953
2023-02-15,1.0,59.32772996055508,186.00938415527344
2023-02-16,1.0,59.53670965737377,184.23025512695312
2023-02-17,1.0,59.48526536151478,184.73719787597656
2023-02-21,1.0,59.237706367450606,179.28488159179688
2023-02-22,1.0,59.20555564486312,179.77272033691406
2023-02-23,1.0,58.732941592686515,181.0544891357422
2023-02-24,1.0,58.42107722879861,179.36141967773438
2023-02-27,1.0,58.67185443484053,179.99270629882812
2023-02-28,1.0,59.051230606583665,180.00233459472656
2023-03-01,1.0,59.33094424788408,180.23187255859375
2023-03-02,1.0,59.17340492227563,180.6623077392578
2023-03-03,1.0,59.62672932582949,183.1780242919922
2023-03-06,1.0,59.62672932582949,180.4997100830078
2023-03-07,1.0,58.51431510923208,178.4048614501953
2023-03-08,1.0,58.46930331267984,178.49095153808594
2023-03-09,1.0,58.98371487407969,173.52647399902344
2023-03-10,1.0,60.03182764550211,168.5237579345703
2023-03-13,1.0,61.61685983892488,165.77847290039062
2023-03-14,1.0,61.43681657736469,168.84901428222656
2023-03-15,1.0,62.09269210307924,166.06546020507812
2023-03-16,1.0,61.82583953574356,168.33245849609375
2023-03-17,1.0,63.449451026411815,163.78887939453125
2023-03-20,1.0,63.74845431633498,165.91241455078125
2023-03-21,1.0,62.407766829647386,168.97332763671875
2023-03-22,1.0,62.68104797164105,164.1810760498047
2023-03-23,1.0,64.16962799730135,163.45236206054688
2023-03-24,1.0,63.78060503892247,164.93089294433594
2023-03-27,1.0,62.816083361297764,166.76463317871094
2023-03-28,1.0,63.449451026411815,166.5245819091797
2023-03-29,1.0,63.23725704226413,168.41595458984375
2023-03-30,1.0,63.66807750986625,168.18553161621094
2023-03-31,1.0,63.30477277476811,171.27694702148438
2023-04-03,1.0,64.31430624894506,171.35377502441406
2023-04-04,1.0,65.52960120796293,168.34877014160156
2023-04-05,1.0,65.4460101141652,166.6974334716797
2023-04-06,1.0,65.1502250362198,166.94703674316406
2023-04-10,1.0,64.42361949067227,168.73277282714844
2023-04-11,1.0,64.91230890414262,170.0672607421875
2023-04-12,1.0,65.10199895233856,168.8191680908203
2023-04-13,1.0,66.07938170392801,171.05616760253906
2023-04-14,1.0,64.80942816172215,169.46240234375
2023-04-17,1.0,64.52650023309273,171.64183044433594
2023-04-18,1.0,64.93481284009437,170.91213989257812
2023-04-19,1.0,64.53614701972849,171.13296508789062
2023-04-20,1.0,64.91552319147162,170.24969482421875
2023-04-21,1.0,63.99601331039915,170.47052001953125
2023-04-24,1.0,64.29501660032231,170.35531616210938
2023-04-25,1.0,64.44612342662401,166.150146484375
2023-04-26,1.0,64.17284228463035,164.546875
2023-04-27,1.0,64.26929445239281,166.74542236328125
2023-04-28,1.0,64.27250873972181,168.20474243164062
2023-05-01,1.0,64.05066796893838,168.30075073242188
2023-05-02,1.0,65.05055858112833,164.84446716308594
2023-05-03,1.0,65.49102191071744,165.44932556152344
2023-05-04,1.0,66.09223885324401,163.59637451171875
2023-05-05,1.0,65.09878466500956,167.48468017578125
2023-05-08,1.0,65.36884759502549,167.1006622314453
2023-05-09,1.0,65.68071195891339,166.60140991210938
2023-05-10,1.0,65.49423619804644,167.4462890625
2023-05-11,1.0,64.96053498802385,166.15980529785156
2023-05-12,1.0,64.93803105207212,165.82373046875
2023-05-15,1.0,65.03126500785683,167.84951782226562
2023-05-16,1.0,64.07639011686787,165.40130615234375
2023-05-17,1.0,63.815970048838956,169.08802795410156
2023-05-18,1.0,63.00898769682271,170.11529541015625
2023-05-19,1.0,63.709871094440736,169.07839965820312
2023-05-22,1.0,63.56840713012603,171.1425018310547
2023-05-23,1.0,63.48160174899931,170.3360595703125
2023-05-24,1.0,63.16330881045341,168.5311737060547
2023-05-25,1.0,62.49135792344511,167.21583557128906
2023-05-26,1.0,62.510651496716605,169.11679077148438
2023-05-30,1.0,62.95111482630572,168.49273681640625
2023-05-31,1.0,63.14080487450166,166.8318328857422
2023-06-01,1.0,64.1567669233366,168.63674926757812
2023-06-02,1.0,63.324062423390856,174.75242614746094
2023-06-05,1.0,63.475173174341315,172.40985107421875
2023-06-06,1.0,63.70665680711174,176.9510040283203
2023-06-07,1.0,62.96397590027047,180.26185607910156
2023-06-08,1.0,63.613418926678264,179.5879364013672
2023-06-09,1.0,63.56840713012603,178.1342010498047
2023-06-12,1.0,63.32727671071985,178.87550354003906
2023-06-13,1.0,62.970404474928465,180.92611694335938
2023-06-14,1.0,63.30155848743912,178.9813995361328
2023-06-15,1.0,63.359427433307346,180.45437622070312
2023-06-16,1.0,63.37550279460109,179.01028442382812
2023-06-20,1.0,62.61996081379507,178.23049926757812
2023-06-21,1.0,62.52994114533935,177.8164825439453
2023-06-22,1.0,61.84834347169531,176.49754333496094
2023-06-23,1.0,62.03803351989125,173.8404083251953
2023-06-26,1.0,62.17306890954796,174.0137481689453
2023-06-27,1.0,61.85156168367306,176.5264434814453
2023-06-28,1.0,61.80011738781407,177.39288330078125
2023-06-29,1.0,61.66187163547712,179.43386840820312
2023-06-30,1.0,62.031604945233255,180.29071044921875
2023-07-03,1.0,62.03481923256225,180.65655517578125
2023-07-05,1.0,61.95765671342252,178.85621643066406
2023-07-06,1.0,61.58149482900839,175.9680633544922
2023-07-07,1.0,62.13127140032472,177.82615661621094
2023-07-10,1.0,62.08304531644349,180.86834716796875
2023-07-11,1.0,62.279163939297426,182.72640991210938
2023-07-12,1.0,63.07007093001993,184.71926879882812
2023-07-13,1.0,63.13759058717267,186.21148681640625
2023-07-14,1.0,63.156880235795406,184.39193725585938
2023-07-17,1.0,62.899674455095486,186.3655242919922
2023-07-18,1.0,63.684152871159995,188.66647338867188
2023-07-19,1.0,63.684152871159995,189.465576171875
2023-07-20,1.0,63.36585993261409,187.80966186523438
2023-07-21,1.0,63.227610255628385,187.21275329589844
2023-07-24,1.0,63.086146291313675,187.6748809814453
2023-07-25,1.0,63.134372375194914,187.6555938720703
2023-07-26,1.0,63.3401377846846,189.13821411132812
2023-07-27,1.0,62.55565936862009,186.69290161132812
2023-07-28,1.0,63.028277345445446,189.10934448242188
2023-07-31,1.0,63.35299885864935,191.30435180664062
2023-08-01,1.0,63.61985142598502,190.4282989501953
2023-08-02,1.0,63.497677110293054,187.83851623535156
2023-08-03,1.0,63.298344200110115,187.3090362548828
2023-08-04,1.0,63.533042120209544,186.93353271484375
2023-08-07,1.0,63.3369234973556,187.0587158203125
2023-08-08,1.0,63.0122019841517,185.88417053222656
2023-08-09,1.0,62.713198694228545,184.4304656982422
2023-08-10,1.0,62.65854403568931,183.61215209960938
2023-08-11,1.0,62.584595803878585,183.8720703125
2023-08-14,1.0,62.501004710080856,183.55438232421875
2023-08-15,1.0,62.218076781451444,181.12828063964844
2023-08-16,1.0,61.996239935316765,178.91397094726562
2023-08-17,1.0,61.57506232970164,176.8056182861328
2023-08-18,1.0,61.61685983892488,177.7683563232422
2023-08-21,1.0,61.82583953574356,177.5084228515625
2023-08-22,1.0,61.92229170350603,176.97894287109375
2023-08-23,1.0,62.63282188775982,178.8658905029297
2023-08-24,1.0,62.60067116517233,176.39169311523438
2023-08-25,1.0,62.3691875324019,177.14259338378906
2023-08-28,1.0,62.59102830318533,178.721435546875
2023-08-29,1.0,63.17938417174715,181.2149200439453
2023-08-30,1.0,63.43337566511807,181.8984832763672
2023-08-31,1.0,63.205106319676645,181.58079528808594
2023-09-01,1.0,63.24368561692213,183.73731994628906
2023-09-05,1.0,62.77750013940352,179.8671112060547
2023-09-06,1.0,62.50743328473885,179.19322204589844
2023-09-07,1.0,62.452778626199624,177.4602813720703
2023-09-08,1.0,62.45920720085762,177.06556701660156
2023-09-11,1.0,62.60388545250132,177.48916625976562
2023-09-12,1.0,62.21486249412244,177.3158721923828
2023-09-13,1.0,62.13127140032472,176.15098571777344
2023-09-14,1.0,62.14091818696047,178.6348114013672
2023-09-15,1.0,62.571734729913835,176.76712036132812
2023-09-18,1.0,62.803222287333014,175.5926055908203
2023-09-19,1.0,62.81286514932001,174.90902709960938
2023-09-20,1.0,63.24368561692213,173.1568603515625
2023-09-21,1.0,62.359540745766154,170.47088623046875
2023-09-22,1.0,62.55244508129109,170.08575439453125
2023-09-25,1.0,62.26308857800368,170.84632873535156
2023-09-26,1.0,61.722958793323095,168.64967346191406
2023-09-27,1.0,60.79380212561488,170.22628784179688
2023-09-28,1.0,60.39834666792925,171.7642364501953
2023-09-29,1.0,59.99646263558562,170.95175170898438
2023-10-02,1.0,59.38881319375231,168.3692169189453
2023-10-03,1.0,59.20555564486312,165.53514099121094
2023-10-04,1.0,58.990147373386435,165.6125030517578
2023-10-05,1.0,58.89369520562396,165.73826599121094
2023-10-06,1.0,59.32451174857733,167.33421325683594
2023-10-09,1.0,59.93859368971739,168.30148315429688
2023-10-10,1.0,60.292251638179785,170.20697021484375
2023-10-11,1.0,60.678060309229664,169.91680908203125
2023-10-12,1.0,60.539810632243956,166.07679748535156
2023-10-13,1.0,62.420627903612136,164.6936492919922
2023-10-16,1.0,62.1891442708417,167.3535919189453
2023-10-17,1.0,62.23415214274519,169.22036743164062
2023-10-18,1.0,63.28226883881637,165.73826599121094
2023-10-19,1.0,63.674506084524246,163.09765625
2023-10-20,1.0,64.12140191342012,160.9890594482422
2023-10-23,1.0,63.909207929272426,159.625244140625
2023-10-24,1.0,63.85454934608444,161.01806640625
2023-10-25,1.0,64.13747727471386,158.35818481445312
2023-10-26,1.0,64.21785408118258,158.76441955566406
2023-10-27,1.0,64.25321909109907,156.89761352539062
2023-10-30,1.0,64.4814884365405,157.76812744140625
2023-10-31,1.0,64.11818762609111,159.13194274902344
2023-11-01,1.0,63.89956114263668,160.04116821289062
2023-11-02,1.0,64.09246547816161,164.30674743652344
2023-11-03,1.0,64.27572302705082,168.7754364013672
2023-11-06,1.0,63.93492615255317,166.66685485839844
2023-11-07,1.0,63.449451026411815,166.07679748535156
2023-11-08,1.0,62.944686251647724,164.30674743652344
2023-11-09,1.0,63.3304949226976,161.76287841796875
2023-11-10,1.0,62.29845358792017,163.57164001464844
2023-11-13,1.0,62.700337620263795,163.62965393066406
2023-11-14,1.0,63.22439596829938,172.6154327392578
2023-11-15,1.0,63.15366594846641,172.915283203125
2023-11-16,1.0,63.89313256797868,170.11993408203125
2023-11-17,1.0,63.80953754953221,172.45095825195312
2023-11-20,1.0,63.66807750986625,173.4569549560547
2023-11-21,1.0,64.35288554619054,171.2225799560547
2023-11-22,1.0,64.06996154220988,172.29623413085938
2023-11-23,1.0,64.08603690350363,172.29623413085938
2023-11-24,1.0,64.39789734274278,173.4569549560547
2023-11-27,1.0,64.70011491999493,172.87655639648438
2023-11-28,1.0,65.58747407847991,172.20916748046875
2023-11-29,1.0,65.81574342392135,173.11839294433594
2023-11-30,1.0,65.52638692063393,173.77613830566406
2023-12-01,1.0,67.18536342121867,178.8542022705078
2023-12-04,1.0,65.6582040983129,180.7693328857422
2023-12-05,1.0,65.4685179747657,178.35121154785156
2023-12-06,1.0,65.84146557185083,178.03201293945312
2023-12-07,1.0,65.7932394879696,179.3184814453125
2023-12-08,1.0,64.76763065249891,180.68228149414062
2023-12-11,1.0,64.09889405281962,181.05950927734375
2023-12-12,1.0,64.08281869152587,180.875732421875
2023-12-13,1.0,64.21463979385358,186.99842834472656
2023-12-14,1.0,65.74501340408837,192.20220947265625
2023-12-15,1.0,65.4492244014942,190.5869140625
2023-12-18,1.0,65.60354943977366,190.6546173095703
2023-12-19,1.0,65.97650096150754,194.34950256347656
2023-12-20,1.0,65.83503307254409,190.54788208007812
2023-12-21,1.0,65.95077881357805,193.7903594970703
2023-12-22,1.0,66.52306324549488,195.59600830078125
2023-12-26,1.0,66.54556718144661,198.1395263671875
2023-12-27,1.0,67.29468058759464,198.8385009765625
2023-12-28,1.0,66.98603051103574,198.0812530517578
2023-12-29,1.0,66.6098686266216,194.84849548339844
2024-01-02,1.0,66.66130507318309,193.6932830810547
2024-01-03,1.0,65.67749767158439,188.52862548828125
2024-01-04,1.0,65.90898130435481,188.1597442626953
2024-01-05,1.0,65.90255272969682,187.60638427734375
2024-01-08,1.0,65.37849438166123,190.9847412109375
2024-01-09,1.0,65.36241902036748,189.276123046875
2024-01-10,1.0,65.19523683277204,189.38294982910156
2024-01-11,1.0,64.91873747880062,187.89761352539062
2024-01-12,1.0,65.9604256002138,187.58692932128906
2024-01-16,1.0,65.272395427263,185.26673889160156
2024-01-17,1.0,64.51042487179899,183.9464569091797
2024-01-18,1.0,64.99589999794034,185.0337677001953
2024-01-19,1.0,65.24346291665327,186.81031799316406
2024-01-22,1.0,65.01518964656309,190.80027770996094
2024-01-23,1.0,65.13093538759705,190.24696350097656
2024-01-24,1.0,64.81585673638016,188.6839599609375
2024-01-25,1.0,64.87372960689713,190.24696350097656
2024-01-26,1.0,64.85765424560338,190.2566375732422
2024-01-29,1.0,65.1180743136323,193.5864715576172
2024-01-30,1.0,65.31419293648625,191.93612670898438
2024-01-31,1.0,65.85753700849583,187.24717712402344
2024-02-01,1.0,66.58736469066986,189.73240661621094
2024-02-02,1.0,66.02793740806902,188.73248291015625
2024-02-05,1.0,65.68071195891339,186.33465576171875
2024-02-06,1.0,65.9539891762583,188.01409912109375
2024-02-07,1.0,65.96363596289405,187.57723999023438
2024-02-08,1.0,65.84146557185083,190.42169189453125
2024-02-09,1.0,65.54567656925667,193.51853942871094
2024-02-12,1.0,65.36241902036748,197.0328369140625
2024-02-13,1.0,64.53292880775074,188.92665100097656
2024-02-14,1.0,64.43969485196601,193.3146514892578
2024-02-15,1.0,64.78049172646367,198.4695587158203
2024-02-16,1.0,65.07627680440906,195.77076721191406
2024-02-20,1.0,65.58104550382191,193.07196044921875
2024-02-21,1.0,65.40421652959073,192.15939331054688
2024-02-22,1.0,65.28847078855675,193.6156005859375
2024-02-23,1.0,65.88968773108331,194.05245971679688
2024-02-26,1.0,65.55210906856342,195.27565002441406
2024-02-27,1.0,65.71929125615887,198.0424346923828
2024-02-28,1.0,65.67427945960664,196.41148376464844
2024-02-29,1.0,66.06008813065651,197.7803192138672
2024-03-01,1.0,67.37826775674361,199.87721252441406
2024-03-04,1.0,68.36208300763981,199.69277954101562
2024-03-05,1.0,68.86362957042616,197.7803192138672
2024-03-06,1.0,69.38768791846175,199.25592041015625
2024-03-07,1.0,69.61274297657418,200.91598510742188
2024-03-08,1.0,70.26540421495973,200.78981018066406
2024-03-11,1.0,70.36507459469995,199.1976776123047
2024-03-12,1.0,69.64168333648142,198.9258270263672
2024-03-13,1.0,70.11429738865803,199.70249938964844
2024-03-14,1.0,69.68669120838491,196.1299591064453
2024-03-15,1.0,69.49378687285997,196.49888610839844
2024-03-18,1.0,69.58381046596445,195.37274169921875
2024-03-19,1.0,69.43591400234298,196.19790649414062
2024-03-20,1.0,69.47771151156623,200.08111572265625
2024-03-21,1.0,70.23968206703023,202.37994384765625
2024-03-22,1.0,69.44556078897872,199.58668518066406
2024-03-25,1.0,69.97282949969457,200.0441436767578
2024-03-26,1.0,69.99855164762405,199.68402099609375
2024-03-27,1.0,70.42937603987494,204.0344696044922
2024-03-28,1.0,71.29100912578167,204.67686462402344
2024-04-01,1.0,72.56739909194303,202.74977111816406
2024-04-02,1.0,73.36152036999454,199.022216796875
2024-04-03,1.0,74.4289227900397,200.32638549804688
2024-04-04,1.0,74.21994309322102,198.32147216796875
2024-04-05,1.0,75.4063016169804,198.98324584960938
2024-04-08,1.0,75.58634880318935,200.0733184814453
2024-04-09,1.0,75.95286390096774,200.86166381835938
2024-04-10,1.0,75.50275378474288,195.55735778808594
2024-04-11,1.0,76.28401791347838,196.88101196289062
2024-04-12,1.0,76.32903363467938,193.37728881835938
2024-04-15,1.0,76.61517192598903,190.5450897216797
2024-04-16,1.0,77.41251141601829,189.84432983398438
2024-04-17,1.0,76.78878268824248,187.8394317626953
2024-04-18,1.0,77.09743276480138,187.68368530273438
2024-04-19,1.0,77.60541575154323,187.97567749023438
2024-04-22,1.0,75.43845233956789,190.0779266357422
2024-04-23,1.0,75.3002105118797,193.260498046875
2024-04-24,1.0,75.18124655886797,192.394287109375
2024-04-25,1.0,75.31306766119569,191.2263641357422
2024-04-26,1.0,75.46417448749739,193.05612182617188
2024-04-29,1.0,75.80175707466603,194.6133270263672
2024-04-30,1.0,74.03989590701207,190.66188049316406
2024-05-01,1.0,74.30031989968974,191.0609130859375
2024-05-02,1.0,74.25531202778626,194.5743865966797
2024-05-03,1.0,74.22316130519877,196.50144958496094
2024-05-06,1.0,74.94976292609755,199.04165649414062
2024-05-07,1.0,74.72470786798512,199.48934936523438
2024-05-08,1.0,74.66362463478788,198.33119201660156
2024-05-09,1.0,75.24233764136271,200.3555450439453
2024-05-10,1.0,76.35796614528911,198.84698486328125
2024-05-13,1.0,75.32914302248943,199.26551818847656
2024-05-14,1.0,75.87248709449901,201.3288116455078
2024-05-15,1.0,76.99776238506116,203.83982849121094
2024-05-16,1.0,76.69554873245777,202.37020874023438
2024-05-17,1.0,77.72115364327969,202.51622009277344
2024-05-20,1.0,78.39953702959474,202.96389770507812
2024-05-21,1.0,77.99443478527336,202.7692413330078
2024-05-22,1.0,76.93346093988619,201.05630493164062
2024-05-23,1.0,75.14266726162249,197.7569580078125
2024-05-24,1.0,75.05586188049577,199.94677734375
2024-05-28,1.0,75.76317777742055,199.67430114746094
2024-05-29,1.0,75.27127015197244,196.72531127929688
2024-05-30,1.0,75.32592481051168,198.59396362304688
2024-05-31,1.0,74.68291035876187,200.2679901123047
2024-06-03,1.0,76.17470859639992,199.13900756835938
2024-06-04,1.0,75.47060306215538,196.569580078125
2024-06-05,1.0,76.37404150658286,199.5769500732422
2024-06-06,1.0,76.86915949471121,198.14625549316406
2024-06-07,1.0,74.7504300159146,195.82015991210938
2024-06-10,1.0,74.8147314610896,196.4917449951172
2024-06-11,1.0,74.80187431177359,195.82025146484375
2024-06-12,1.0,75.70852311888132,198.82626342773438
2024-06-13,1.0,74.52537495780217,197.0890350341797
2024-06-14,1.0,75.52526556999213,193.9561309814453
2024-06-17,1.0,74.87903290626457,195.58599853515625
2024-06-18,1.0,75.45452770086163,195.9276123046875
2024-06-20,1.0,76.16506180976417,195.09803771972656
2024-06-21,1.0,74.94976292609755,195.53721618652344
2024-06-24,1.0,75.37415089439291,196.38632202148438
2024-06-25,1.0,74.93690577678156,195.74217224121094
2024-06-26,1.0,74.37104991952272,195.22491455078125
2024-06-27,1.0,75.1233815376485,197.20611572265625
2024-06-28,1.0,75.21983370541096,198.01620483398438
2024-07-01,1.0,75.19732192016171,196.35702514648438
2024-07-02,1.0,75.02049294593053,197.03048706054688
2024-07-03,1.0,76.17791895908017,196.98165893554688
2024-07-05,1.0,77.08778597816564,196.04470825195312
2024-07-08,1.0,75.98823283553298,197.42083740234375
2024-07-09,1.0,76.12969287519893,196.56199645996094
2024-07-10,1.0,76.50907297159081,198.4846649169922
2024-07-11,1.0,77.8658318949234,205.61903381347656
2024-07-12,1.0,77.82725259767791,208.01998901367188
2024-07-15,1.0,78.09088695303583,211.9727020263672
2024-07-16,1.0,79.3415547712677,219.20469665527344
2024-07-17,1.0,79.08755935324803,216.9111328125
2024-07-18,1.0,78.97503182419182,212.71441650390625
2024-07-19,1.0,77.13280169936662,211.63108825683594
2024-07-22,1.0,76.99133381040316,214.99819946289062
2024-07-23,1.0,77.39643605472455,217.28204345703125
2024-07-24,1.0,77.66649898474046,212.61685180664062
2024-07-25,1.0,75.66672560965807,215.27149963378906
2024-07-26,1.0,76.55087048081405,218.8338165283203
2024-07-29,1.0,76.44798973839359,216.40362548828125
2024-07-30,1.0,77.32248782291381,217.22348022460938
2024-07-31,1.0,78.01372835854485,218.4824676513672
2024-08-01,1.0,79.75951416490507,211.3773193359375
2024-08-02,1.0,79.40585621644269,203.90133666992188
2024-08-05,1.0,78.58922315314193,197.34275817871094
2024-08-06,1.0,78.17770018346006,199.48989868164062
2024-08-07,1.0,78.20341448209204,197.12806701660156
2024-08-08,1.0,79.196876519624,201.9201202392578
2024-08-09,1.0,79.52159410817914,201.5004425048828
2024-08-12,1.0,80.50540935907534,199.6851348876953
2024-08-13,1.0,80.62758367476731,202.9741668701172
2024-08-14,1.0,79.72414523033983,201.71514892578125
2024-08-15,1.0,80.13245783734146,206.94638061523438
2024-08-16,1.0,81.59210535239201,207.4929656982422
2024-08-19,1.0,81.70463288144823,210.03048706054688
2024-08-20,1.0,82.00363617137138,207.58078002929688
2024-08-21,1.0,81.90396579163117,210.28427124023438
2024-08-22,1.0,80.91372196607696,208.42987060546875
2024-08-23,1.0,81.86538649438567,215.0860595703125
2024-08-26,1.0,82.15152478569534,215.1543731689453
2024-08-27,1.0,82.07757655388461,213.48545837402344
2024-08-28,1.0,81.59210535239201,212.041015625
2024-08-29,1.0,82.31549661061054,213.5537872314453
2024-08-30,1.0,81.26416955185911,214.7932586669922
2024-09-03,1.0,81.11627308823766,208.22496032714844
2024-09-04,1.0,81.21272525600013,207.8735809326172
2024-09-05,1.0,81.76250575196521,206.83901977539062
2024-09-06,1.0,81.16771738409665,202.90582275390625
2024-09-09,1.0,81.42813352747682,203.47193908691406
2024-09-10,1.0,81.76250575196521,203.3059844970703
2024-09-11,1.0,81.73999396671596,203.90133666992188
2024-09-12,1.0,82.9681578489961,206.52671813964844
2024-09-13,1.0,83.93588988930104,211.62135314941406
2024-09-16,1.0,83.87801701878406,212.38258361816406
2024-09-17,1.0,83.34753009609047,214.13934326171875
2024-09-18,1.0,83.54687085557092,214.1783905029297
2024-09-19,1.0,84.06128241697076,218.58981323242188
2024-09-20,1.0,85.07724054115694,216.24746704101562
2024-09-23,1.0,85.27979166331764,215.4569091796875
2024-09-24,1.0,86.06748436671114,215.81805419921875
2024-09-25,1.0,86.31504336077532,213.1856689453125
2024-09-26,1.0,86.64297916130822,214.3216552734375
2024-09-27,1.0,85.78134607540149,215.7710418701172
2024-09-30,1.0,85.50162850945232,216.3194580078125
2024-10-01,1.0,86.49509054698426,213.3815155029297
2024-10-02,1.0,85.83278252196295,213.08773803710938
2024-10-03,1.0,86.13821438654412,211.657958984375
2024-10-04,1.0,85.77169928876573,214.61544799804688
2024-10-07,1.0,85.71382641824874,212.93104553222656
2024-10-08,1.0,84.73001116735254,213.07794189453125
2024-10-09,1.0,84.42779751474914,213.54800415039062
2024-10-10,1.0,84.85540369502226,212.36305236816406
2024-10-11,1.0,86.0449804307594,216.68179321289062
2024-10-14,1.0,85.70096926893275,218.278076171875
2024-10-15,1.0,86.12856759990837,218.45436096191406
2024-10-16,1.0,86.52724126957175,222.0484161376953
2024-10-17,1.0,87.04808140562959,221.44122314453125
2024-10-18,1.0,87.77147266384812,220.98097229003906
2024-10-21,1.0,88.05761095515778,217.5044403076172
2024-10-22,1.0,88.72956576681483,216.68179321289062
2024-10-23,1.0,87.75217909057662,214.70359802246094
2024-10-24,1.0,88.37911818103268,215.17367553710938
2024-10-25,1.0,88.56238357921939,214.36083984375
2024-10-28,1.0,88.60417323914511,217.85696411132812
2024-10-29,1.0,89.41437772778787,217.15187072753906
2024-10-30,1.0,90.04774539290192,216.85809326171875
2024-10-31,1.0,88.39198317964618,213.2541961669922
2024-11-01,1.0,88.38876496766842,214.44895935058594
2024-11-04,1.0,88.29231279990596,215.5360107421875
2024-11-05,1.0,88.40484032896218,219.59033203125
2024-11-06,1.0,86.0449804307594,232.3115692138672
2024-11-07,1.0,86.99342674709035,231.48895263671875
2024-11-08,1.0,86.63976879862797,233.1929168701172
2024-11-11,1.0,84.16094494741347,236.69886779785156
2024-11-12,1.0,83.7944298496351,232.54661560058594
2024-11-13,1.0,83.15784397254328,230.24522399902344
2024-11-14,1.0,82.72059100563442,227.1408233642578
2024-11-15,1.0,82.63057526182745,223.75238037109375
2024-11-18,1.0,84.06128241697076,224.19305419921875
2024-11-19,1.0,84.5885511276866,225.85792541503906
2024-11-20,1.0,85.25406951538814,226.15170288085938
2024-11-21,1.0,85.99996470955841,229.5890655517578
2024-11-22,1.0,87.19918823193129,233.8295135498047
2024-11-25,1.0,84.18666709534297,237.3843536376953
2024-11-26,1.0,84.27669068844745,235.64122009277344
2024-11-27,1.0,84.87468941899625,235.96438598632812
2024-11-29,1.0,85.42446991496134,236.86532592773438
2024-12-02,1.0,85.47269599884257,236.74781799316406
2024-12-03,1.0,85.77490965144598,235.0634002685547
2024-12-04,1.0,86.04176221878164,235.90562438964844
2024-12-05,1.0,85.14797056098992,233.15377807617188
2024-12-06,1.0,85.50806493340781,233.9861602783203
2024-12-09,1.0,86.35041229534056,232.81100463867188
2024-12-10,1.0,87.39852114211423,231.80233764648438
2024-12-11,1.0,88.62989538707461,232.8501739501953
2024-12-12,1.0,87.10916463882683,229.8240966796875
2024-12-13,1.0,86.02890506946565,228.2474365234375
2024-12-16,1.0,85.84242930859871,229.5890655517578
2024-12-17,1.0,85.58522352789879,226.960693359375
2024-12-18,1.0,85.30551381124712,216.91261291503906
2024-12-19,1.0,83.85230272015207,215.9500274658203
2024-12-20,1.0,85.0418794558892,217.97340393066406
2024-12-23,1.0,84.49852753458212,217.4724578857422
2024-12-24,1.0,84.7332293793303,219.41726684570312
2024-12-26,1.0,85.32479953522112,221.66651916503906
2024-12-27,1.0,84.61748363829633,218.43502807617188
2024-12-30,1.0,84.17380994602698,216.75543212890625
2024-12-31,1.0,84.9100583535615,217.0304718017578
2025-01-02,1.0,85.81027858601122,217.207275390625
2025-01-03,1.0,85.3505216831506,220.43878173828125
2025-01-06,1.0,85.11581983840243,220.5271453857422
2025-01-07,1.0,85.69453284497725,218.75917053222656
2025-01-08,1.0,85.91958790308968,217.76715087890625
2025-01-09,1.0,86.511165908278,217.76715087890625
2025-01-10,1.0,87.28921182503576,212.9739227294922
2025-01-13,1.0,86.11892866257013,213.38645935058594
2025-01-14,1.0,86.23788476628434,215.8125457763672
2025-01-15,1.0,87.37923541814024,220.05569458007812
2025-01-16,1.0,88.44341962620766,220.49769592285156
2025-01-17,1.0,88.37268960637468,221.45045471191406
2025-01-21,1.0,88.71027219354333,225.70343017578125
2025-01-22,1.0,89.08643407795746,224.23011779785156
2025-01-23,1.0,88.89674795441027,225.2516326904297
2025-01-24,1.0,89.34363985865738,224.62298583984375
2025-01-27,1.0,88.04153559386404,222.4719696044922
2025-01-28,1.0,88.977124760879,222.7174835205078
2025-01-29,1.0,89.05107299268973,222.2067413330078
2025-01-30,1.0,90.7614898644847,224.46585083007812
2025-01-31,1.0,90.42390727731606,222.45230102539062
2025-02-03,1.0,91.85783264443712,219.8494110107422
2025-02-04,1.0,92.45904958696369,222.89430236816406
2025-02-05,1.0,93.01204044560902,225.3203582763672
2025-02-06,1.0,92.48798209757342,224.58370971679688
2025-02-07,1.0,92.83842968335557,221.9808349609375
2025-02-10,1.0,94.34307722101211,222.98272705078125
2025-02-11,1.0,94.28521219979262,221.68618774414062
2025-02-12,1.0,94.15981967212291,219.64317321777344
2025-02-13,1.0,94.6967351694745,222.11834716796875
2025-02-14,1.0,93.25959943967318,221.95138549804688
2025-02-18,1.0,94.81248091050847,223.16934204101562
2025-02-19,1.0,94.39773972884885,222.40318298339844
2025-02-20,1.0,95.04075418059864,220.2717742919922
2025-02-21,1.0,94.94751237551642,213.92666625976562
2025-02-24,1.0,95.26901960139132,212.38458251953125
2025-02-25,1.0,93.84153065822576,211.57916259765625
2025-02-26,1.0,94.22091075461765,211.8443603515625
2025-02-27,1.0,93.10527440139373,208.61288452148438
2025-02-28,1.0,91.58133329046571,210.83270263671875
2025-03-03,1.0,93.27246443828669,205.0670623779297
2025-03-04,1.0,93.89940352874274,202.7490692138672
2025-03-05,1.0,94.07301429099618,204.7626190185547
2025-03-06,1.0,94.09230786426768,201.62933349609375
2025-03-07,1.0,93.69042383192406,202.2873992919922
2025-03-10,1.0,93.21780193044995,197.1995086669922
2025-03-11,1.0,93.90904246608099,197.1798858642578
2025-03-12,1.0,94.74175089067549,197.52366638183594
2025-03-13,1.0,96.1724580458188,194.5770263671875
2025-03-14,1.0,96.48753669703571,199.2818145751953
2025-03-17,1.0,96.64829030997315,201.79629516601562
2025-03-18,1.0,97.76391881389956,200.04405212402344
2025-03-19,1.0,97.77677596321556,203.15480041503906
2025-03-20,1.0,97.86037098166203,201.86520385742188
2025-03-21,1.0,97.14019008612375,200.614990234375
2025-03-24,1.0,96.95372217455431,205.6060028076172
2025-03-25,1.0,97.28486833776745,204.46408081054688
2025-03-26,1.0,97.175559020689,202.38693237304688
2025-03-27,1.0,98.41336184030736,201.42222595214844
2025-03-28,1.0,99.23320526628837,197.3270263671875
2025-03-31,1.0,100.40027806607375,196.3820037841797
2025-04-01,1.0,101.14617326024403,196.40167236328125
2025-04-02,1.0,101.79561628665182,199.50259399414062
2025-04-03,1.0,100.36490913150851,186.69528198242188
2025-04-04,1.0,97.59030020234862,178.36708068847656
2025-04-07,1.0,95.60339182587973,176.7526397705078
2025-04-08,1.0,96.13708911125356,172.09634399414062
2025-04-09,1.0,99.00493199619818,186.72483825683594
2025-04-10,1.0,102.15892102174996,178.87899780273438
2025-04-11,1.0,104.31623764708955,181.48770141601562
2025-04-14,1.0,103.72787785387898,183.62388610839844
2025-04-15,1.0,104.18119833278409,183.85031127929688
2025-04-16,1.0,107.58917492705805,182.0882110595703
2025-04-17,1.0,107.01046192048322,183.57467651367188
2025-04-21,1.0,110.12587164878953,179.89295959472656
2025-04-22,1.0,109.93617767594483,184.54925537109375
2025-04-23,1.0,105.90769841517032,187.28594970703125
2025-04-24,1.0,107.65991279618854,191.03660583496094
2025-04-25,1.0,106.04594024285852,191.09567260742188
2025-04-28,1.0,107.63097243628128,191.9028778076172
2025-04-29,1.0,107.17765195737618,193.03494262695312
2025-04-30,1.0,106.71146647985758,191.82412719726562
2025-05-01,1.0,103.59605675155127,193.01528930664062
2025-05-02,1.0,104.27444013786632,197.35658264160156
2025-05-05,1.0,106.81434722227804,195.84056091308594
2025-05-06,1.0,110.04549484232079,193.70436096191406
2025-05-07,1.0,109.05203280478885,194.34423828125
2025-05-08,1.0,106.29028887424245,198.045654296875
2025-05-09,1.0,107.51201633256707,197.68141174316406
2025-05-12,1.0,103.78253251241821,204.6314239501953
2025-05-13,1.0,104.41911838951002,205.37960815429688
2025-05-14,1.0,102.50615039555436,203.55841064453125
2025-05-15,1.0,103.73752464051474,204.88739013671875
2025-05-16,1.0,102.47078146098912,206.58058166503906
2025-05-19,1.0,103.95936148664941,205.71429443359375
2025-05-20,1.0,105.60226655058916,205.8225860595703
2025-05-21,1.0,106.53141929364863,200.04405212402344
2025-05-22,1.0,105.93663092578005,200.0341796875
2025-05-23,1.0,108.21290365483387,199.40415954589844
2025-05-27,1.0,106.1102416880335,204.46408081054688
2025-05-28,1.0,105.9334127138023,202.3081817626953
2025-05-29,1.0,106.64716503468259,202.90869140625
2025-05-30,1.0,105.74050837827737,201.8750762939453
2025-06-02,1.0,109.22243320436205,202.50509643554688
2025-06-03,1.0,108.576208389932,205.7733612060547
2025-06-04,1.0,109.28673464953702,205.19256591796875
2025-06-05,1.0,108.51190694475702,205.28114318847656
2025-06-06,1.0,107.59561135101355,208.59864807128906
2025-06-09,1.0,107.86245606905172,210.03590393066406
2025-06-10,1.0,107.49272275929557,211.16798400878906
2025-06-11,1.0,107.50236954593133,210.30169677734375
2025-06-12,1.0,109.38961539195749,209.46493530273438
2025-06-13,1.0,111.01001651994551,205.6355438232422
2025-06-16,1.0,109.86866586808961,208.05996704101562
2025-06-17,1.0,109.5342936436012,205.86849975585938
2025-06-18,1.0,109.5728807901442,206.95436096191406
2025-06-20,1.0,108.8526998946059,206.52001953125
2025-06-23,1.0,109.15170318452907,209.047119140625
2025-06-24,1.0,107.18729089471442,211.71238708496094
2025-06-25,1.0,107.48308382195734,209.24453735351562
2025-06-26,1.0,107.64061922291704,212.6403045654297
2025-06-27,1.0,105.69871871835163,212.7093963623047
2025-06-30,1.0,106.34494353278168,213.0154266357422
2025-07-01,1.0,107.69849209343401,215.20687866210938
2025-07-02,1.0,108.01678110733117,218.1880340576172
2025-07-03,1.0,107.47664739800183,220.21168518066406
2025-07-04,1.0,107.59239313903579,220.21168518066406
2025-07-07,1.0,107.47343703532158,216.90475463867188
2025-07-08,1.0,106.64072861072708,218.40521240234375
2025-07-09,1.0,106.7725497130548,220.77435302734375
2025-07-10,1.0,106.9236565393565,221.90956115722656
2025-07-11,1.0,108.15503078431688,218.84942626953125
2025-07-14,1.0,107.99749538335718,220.3202667236328
2025-07-15,1.0,107.2773144878189,216.00645446777344
2025-07-16,1.0,107.99749538335718,218.17816162109375
2025-07-17,1.0,107.55381384179032,221.0408935546875
2025-07-18,1.0,107.97177323542769,219.4713134765625
2025-07-21,1.0,109.51821828230746,218.58290100097656
2025-07-22,1.0,110.71744180468033,220.3992462158203
2025-07-23,1.0,109.23529820297554,223.765380859375
2025-07-24,1.0,108.46046264889803,220.67564392089844
2025-07-25,1.0,107.24195340255116,221.4949493408203
2025-07-28,1.0,106.4188917645924,221.23831176757812
2025-07-29,1.0,106.86900188081727,219.8267059326172
2025-07-30,1.0,105.96235307370955,218.71124267578125
2025-07-31,1.0,105.87875805526308,216.56912231445312
2025-08-01,1.0,109.30602822280852,212.15660095214844
2025-08-04,1.0,110.16123273405726,216.90475463867188
2025-08-05,1.0,110.42808530139293,218.01036071777344
2025-08-06,1.0,110.3862877921697,217.7240753173828
2025-08-07,1.0,111.03894903055524,217.01333618164062
2025-08-08,1.0,112.24781933956388,217.4871826171875
2025-08-11,1.0,109.46356362376822,217.43780517578125
2025-08-12,1.0,109.28030607487904,223.8937225341797
2025-08-13,1.0,109.57930936480219,228.2470245361328
2025-08-14,1.0,108.77232308813718,225.3053436279297
2025-08-15,1.0,108.75303736416319,224.20960998535156
2025-08-18,1.0,108.60514090054174,225.02894592285156
2025-08-19,1.0,107.98463038474368,223.3014373779297
2025-08-20,1.0,108.94272348771038,222.51171875
2025-08-21,1.0,108.7208866415757,223.0645294189453
2025-08-22,1.0,109.90724516533508,231.81060791015625
2025-08-25,1.0,109.8750944427476,229.3723602294922
2025-08-26,1.0,110.37343064285369,231.26768493652344
2025-08-27,1.0,110.87498505493754,232.9063262939453
2025-08-28,1.0,111.70125705557655,233.1827392578125
2025-08-29,1.0,113.04515882959313,232.146240234375
2025-09-02,1.0,115.49182410892263,230.89254760742188
2025-09-03,1.0,116.88395196682045,230.66551208496094
2025-09-04,1.0,115.95800958644124,233.54795837402344
2025-09-05,1.0,117.45623639873727,234.7128143310547
2025-09-08,1.0,118.23106410351728,235.18661499023438
2025-09-09,1.0,118.38538914179674,233.8046417236328
2025-09-10,1.0,118.37896056713875,233.39002990722656
2025-09-11,1.0,118.10889763712284,237.703857421875
2025-09-12,1.0,118.5204206068047,235.27548217773438
2025-09-15,1.0,119.56853730287588,236.27249145507812
2025-09-16,1.0,119.76465985037858,235.88343811035156
2025-09-17,1.0,119.52995800563039,236.4873046875
2025-09-18,1.0,118.26000446342454,242.37744140625
2025-09-19,1.0,119.14414933458052,240.53616333007812
2025-09-22,1.0,121.37219597975309,241.93197631835938
2025-09-23,1.0,122.67751060722668,241.38751220703125
2025-09-24,1.0,121.14714092164066,239.1700439453125
2025-09-25,1.0,121.24359308940312,236.88327026367188
2025-09-26,1.0,122.46210233574999,238.9126434326172
2025-09-29,1.0,123.94746414943253,239.18983459472656
2025-09-30,1.0,124.52617715600736,239.52642822265625
2025-10-01,1.0,125.30744128474288,240.0511016845703
2025-10-02,1.0,124.36221318038966,241.56570434570312
2025-10-03,1.0,125.67395638252125,243.3574981689453
2025-10-06,1.0,127.8409197944966,244.32763671875
2025-10-07,1.0,128.74435038962656,241.70428466796875
2025-10-08,1.0,130.86951629237868,244.23854064941406
2025-10-09,1.0,127.72196369078239,242.66455078125
2025-10-10,1.0,128.6157474992766,235.3983612060547
2025-10-13,1.0,132.87893645409682,241.95179748535156
2025-10-14,1.0,133.8563152810375,245.40667724609375
2025-10-15,1.0,135.08447916331764,247.81224060058594
2025-10-16,1.0,138.39600358982912,242.59523010253906
2025-10-17,1.0,135.46063319843427,240.9618377685547
2025-10-20,1.0,140.15785690818558,245.6640625
2025-10-21,1.0,132.1105373239748,244.50582885742188
2025-10-22,1.0,130.70554446746345,240.8925323486328
2025-10-23,1.0,133.2840386984182,243.9415740966797
2025-10-24,1.0,133.03325364307875,246.92127990722656
2025-10-27,1.0,129.23625801507467,247.78253173828125
2025-10-28,1.0,128.05954627795103,246.45603942871094
2025-10-29,1.0,128.62539428591236,244.3573455810547
2025-10-30,1.0,129.11408369938272,242.3873748779297
2025-10-31,1.0,128.4903628209044,243.75347900390625
2025-11-03,1.0,129.05300046618547,242.97142028808594
2025-11-04,1.0,127.33293680775475,238.77406311035156
2025-11-05,1.0,128.37461707987043,242.21905517578125
2025-11-06,1.0,128.3135338466732,237.9326171875
2025-11-07,1.0,128.9179690011775,239.17994689941406
2025-11-10,1.0,132.52527850563442,241.5756072998047
2025-11-11,1.0,132.3420131074477,241.78350830078125
2025-11-12,1.0,135.47028783436753,241.1895294189453
2025-11-13,1.0,134.85620589322744,234.40841674804688
2025-11-14,1.0,131.6314868478427,235.0914764404297
2025-11-17,1.0,130.99811918272863,230.4189453125
2025-11-18,1.0,130.7409134020287,231.121826171875
2025-11-19,1.0,131.2649717500643,231.0821990966797
2025-11-20,1.0,130.53193370521004,226.8056640625
2025-11-21,1.0,131.15887279566607,233.2303924560547
2025-11-24,1.0,131.6314868478427,237.4871368408203
2025-11-25,1.0,133.10399151220923,242.66455078125
2025-11-26,1.0,133.914196000852,244.81271362304688
2025-11-28,1.0,136.79810639779285,246.2481231689453
2025-12-01,1.0,137.4379026375649,243.14959716796875
2025-12-02,1.0,135.70176361784044,242.7041473388672
2025-12-03,1.0,136.07793335155208,247.11927795410156
2025-12-04,1.0,136.41551593872072,249.2872772216797
2025-12-05,1.0,136.41551593872072,248.24783325195312
2025-12-08,1.0,135.60210893669523,248.3468017578125
2025-12-09,1.0,136.1968973045638,248.86158752441406
2025-12-10,1.0,135.82716399480765,252.24717712402344
2025-12-11,1.0,138.66606651984503,255.20709228515625
2025-12-12,1.0,139.15796629599564,251.2968292236328
2025-12-15,1.0,139.3798188407253,249.39614868164062
2025-12-16,1.0,139.2865691863456,248.2161407470703
2025-12-17,1.0,140.62404238570417,245.57406616210938
2025-12-18,1.0,140.32182873310077,247.03419494628906
2025-12-19,1.0,141.05485892865755,249.1001434326172
2025-12-22,1.0,143.69443639280948,251.87135314941406
2025-12-23,1.0,144.8615170418924,250.3814697265625
2025-12-24,1.0,144.76826738751265,251.00721740722656
2025-12-26,1.0,146.37260100350443,249.7259063720703
2025-12-29,1.0,139.64988177074125,248.19630432128906
2025-12-30,1.0,141.02270820607006,246.3587646484375
2025-12-31,1.0,139.5695049642725,244.50135803222656
2026-01-02,1.0,139.19977165451638,247.1037139892578
2026-01-05,1.0,143.11894159821242,251.02706909179688
2026-01-06,1.0,144.5528669653335,254.3544921875
2026-01-07,1.0,143.47259954667481,253.75856018066406
2026-01-08,1.0,143.41473452545534,256.5297546386719
2026-01-09,1.0,144.70718415431543,258.4765625
2026-01-12,1.0,148.3659458039288,259.7380065917969
2026-01-13,1.0,147.86439139184498,259.5889892578125
2026-01-14,1.0,149.04111097826612,261.4165954589844
2026-01-15,1.0,148.65530230721623,263.7209777832031
2026-01-16,1.0,147.74542743883325,263.96929931640625
2026-01-20,1.0,153.22390742802256,260.8106689453125
2026-01-21,1.0,155.52912051698362,265.9856262207031
2026-01-22,1.0,157.96935722165512,267.9721374511719
2026-01-23,1.0,160.1009595483627,263.02569580078125
2026-01-26,1.0,163.40604755091871,262.2012939453125
2026-01-27,1.0,163.40926576289647,262.9462585449219
2026-01-28,1.0,170.51457545473178,261.52587890625
2026-01-29,1.0,170.99039986958863,261.59539794921875
2026-01-30,1.0,152.55839688961854,257.9004211425781
2026-02-02,1.0,149.5844550502757,260.41339111328125
2026-02-03,1.0,158.6638159692639,261.0093688964844
2026-02-04,1.0,159.17179110670824,258.76458740234375
2026-02-05,1.0,157.2009580915331,254.10618591308594
2026-02-06,1.0,160.10416206174546,263.2342529296875
2026-02-09,1.0,163.3063771711785,265.08172607421875
2026-02-10,1.0,161.75028533766297,264.3666076660156
2026-02-11,1.0,163.92045911231855,263.1647644042969
2026-02-12,1.0,159.09463251221726,257.7912292480469
2026-02-13,1.0,162.24218511381355,261.1881408691406
2026-02-17,1.0,157.72822680224894,261.26763916015625
2026-02-18,1.0,161.05904480203193,262.2112121582031
2026-02-19,1.0,160.6700179190043,262.8171081542969
2026-02-20,1.0,163.35460325505971,262.8270263671875
2026-02-23,1.0,168.00681909290756,258.73480224609375
2026-02-24,1.0,166.42177905018727,261.5556335449219
2026-02-25,1.0,168.02611266617905,262.7972106933594
2026-02-26,1.0,166.99728954337937,264.1977233886719
2026-02-27,1.0,168.72377392717058,259.6485900878906
2026-03-02,1.0,170.7717812354317,262.03240966796875
2026-03-03,1.0,164.7306636009613,257.4931945800781
2026-03-04,1.0,165.0843215494237,259.9962463378906
2026-03-05,1.0,163.28388108452424,255.02993774414062
2026-03-06,1.0,165.85593889152346,249.19947814941406
2026-03-09,1.0,164.0876491492115,251.9110870361328
2026-03-10,1.0,168.53730601560113,251.65284729003906
2026-03-11,1.0,166.51181049258926,251.1462860107422
2026-03-12,1.0,164.79816755951902,245.74293518066406
2026-03-13,1.0,162.7373188005369,244.92845153808594
2026-03-16,1.0,160.82435080658126,247.2427520751953
2026-03-17,1.0,161.0172551421062,248.80694580078125
2026-03-18,1.0,157.4163742123073,244.79698181152344
2026-03-19,1.0,148.07658930064142,246.39898681640625
2026-03-20,1.0,147.0863376257897,241.01588439941406
2026-03-23,1.0,141.69787338040734,246.21987915039062
2026-03-24,1.0,141.52748083013165,247.5432586669922
2026-03-25,1.0,146.35972815559342,250.5681610107422
2026-03-26,1.0,140.70120098019515,246.2099151611328
2026-03-27,1.0,144.43712122429952,241.89149475097656
2026-03-30,1.0,145.51417043098044,238.41883850097656
2026-03-31,1.0,149.42370143733825,246.7671356201172
2026-04-01,1.0,154.74464602556787,248.31936645507812
2026-04-02,1.0,150.45574277211568,250.040771484375
2026-04-06,1.0,150.61649638505313,251.10545349121094
2026-04-07,1.0,150.61649638505313,251.65274047851562
2026-04-08,1.0,153.59043822439597,259.1751403808594
2026-04-09,1.0,154.90218142652756,260.65771484375
2026-04-10,1.0,153.91836617563135,260.0010070800781
2026-04-13,1.0,153.27535172388156,263.7522888183594
2026-04-14,1.0,155.934222761305,267.3841247558594
2026-04-15,1.0,155.08222861273651,268.0508117675781
2026-04-16,1.0,154.5903131379909,268.6080322265625
2026-04-17,1.0,156.88266907763597,274.4090576171875
2026-04-20,1.0,155.24940295103445,275.97125244140625
2026-04-21,1.0,151.73855346363754,273.1453552246094
2026-04-22,1.0,152.8123844583407,275.1055603027344
2026-04-23,1.0,151.88001350330347,274.15032958984375
2026-04-24,1.0,152.42335757531308,275.2746887207031
2026-04-27,1.0,150.90585288834055,275.7622985839844
2026-04-28,1.0,148.16338683247062,272.54833984375
2026-04-29,1.0,146.65552108283634,270.7274169921875
2026-04-30,1.0,148.8449884307634,276.5881652832031
2026-05-01,1.0,149.324031057598,277.8916320800781
2026-05-04,1.0,145.7488644264311,276.49859619140625
2026-05-05,1.0,146.88057614094876,281.15533447265625
2026-05-06,1.0,150.92513076301702,285.3742370605469
2026-05-07,1.0,151.45883589768837,280.8568115234375
2026-05-08,1.0,152.09542962407767,282.75732421875
2026-05-11,1.0,152.0311281789027,283.9115295410156
2026-05-12,1.0,150.6807978302281,281.165283203125
2026-05-13,1.0,151.32381228197792,281.2647705078125
2026-05-14,1.0,150.6357742597296,283.03594970703125
2026-05-15,1.0,146.66837823215232,276.2200012207031
2026-05-18,1.0,146.54299355378012,274.59808349609375
2026-05-19,1.0,145.0383460161236,271.6428527832031
2026-05-20,1.0,145.8131658716061,278.47869873046875
2026-05-21,1.0,146.044657353674,281.0856628417969
2026-05-22,1.0,145.42415468717346,283.70257568359375
2026-05-26,1.0,144.75219202621892,289.0658264160156
2026-05-27,1.0,143.0192712184722,288.9264831542969
2026-05-28,1.0,144.65573985845643,290.5782775878906
2026-05-29,1.0,147.66826884434226,288.9862060546875
2026-06-01,1.0,144.88079491656887,287.5434265136719
2026-06-02,1.0,145.31804788347773,290.2100830078125
2026-06-03,1.0,143.61405958634077,286.2399597167969
2026-06-04,1.0,144.83900525664313,290.558349609375
2026-06-05,1.0,140.34754303173276,280.2498474121094
2026-06-08,1.0,140.28645979853553,282.6976318359375
2026-06-09,1.0,137.8108541592988,283.60308837890625
2026-06-10,1.0,132.88857539143504,280.6478271484375
2026-06-11,1.0,132.26807272493448,288.96630859375
2026-06-12,1.0,136.28047662441526,291.4936828613281
2026-06-15,1.0,139.90708755144115,293.87249755859375
2026-06-16,1.0,139.9971032952481,291.3191223144531
2026-06-17,1.0,140.86517280511035,289.1248779296875
2026-06-18,1.0,136.50874989450543,294.82000732421875
2026-06-22,1.0,135.11984809788288,297.40325927734375
2026-06-23,1.0,133.40620516481263,294.55072021484375
2026-06-24,1.0,128.88581827859002,295.9171447753906
2026-06-25,1.0,130.13326788484414,298.13134765625
2026-06-26,1.0,131.69899865569792,299.0489501953125
2026-06-29,1.0,129.85355031889497,298.1911926269531
2026-06-30,1.0,129.840693169579,299.6673583984375
2026-07-01,1.0,131.2521067514508,298.540283203125
2026-07-02,1.0,132.64424245864612,296.8048095703125
2026-07-06,1.0,133.9881363833652,298.1213684082031
2026-07-07,1.0,133.66341094551257,295.4184265136719
2026-07-08,1.0,131.2521067514508,292.71551513671875
2026-07-09,1.0,133.12970581084122,296.4656982421875
2026-07-10,1.0,132.25843378759626,295.21893310546875
2026-07-13,1.0,128.7861478988498,292.71551513671875
2026-07-14,1.0,130.84379414444916,293.7428283691406
2026-07-15,1.0,130.2682993498521,294.99951171875
2026-07-16,1.0,128.34890278123845,294.82000732421875
2026-07-17,1.0,129.20732550446493,293.2740478515625
2026-07-20,1.0,129.11408369938272,291.5485534667969
2026-07-21,1.0,131.05920241592585,295.7675476074219
2026-07-22,1.0,133.48658197128137,293.0246887207031
2026-07-23,1.0,130.21685505399313,291.3291015625
2026-07-24,1.0,130.8791630790144,290.4115295410156
2026-07-27,1.0,131.07849598919736,292.14697265625
2026-07-28,1.0,129.84712174423697,292.60577392578125
2026-07-29,1.0,129.76996314974602,287.81829833984375
2026-07-30,1.0,131.82118082068737,291.82781982421875
2026-07-31,1.0,132.04301766682207,290.4414367675781
2026-08-03,1.0,131.51253074412847,295.4483642578125
2026-08-04,1.0,133.5090937565306,300.9240417480469
2026-08-05,1.0,138.4152971631006,298.9891052246094
2026-08-06,1.0,138.23524997689168,297.47308349609375
2026-08-07,1.0,141.45354044761842,300.7744445800781
2026-08-10,1.0,142.09655489936824,299.1985778808594
2026-08-11,1.0,142.78457722302153,300.2059326171875
2026-08-12,1.0,143.63335315961226,301.92144775390625
2026-08-13,1.0,142.11905098602247,302.7093811035156
2026-08-14,1.0,142.66239505803205,304.2952575683594
2026-08-17,1.0,143.8326939190927,303.2679443359375
2026-08-18,1.0,142.12548740997798,299.44793701171875
2026-08-19,1.0,146.134673097481,300.93402099609375
2026-08-20,1.0,146.97381009673347,296.89459228515625
2026-08-21,1.0,150.48467528272542,299.1786193847656
2026-08-24,1.0,151.03765829207325,297.19378662109375
2026-08-25,1.0,150.93156718697253,298.4505310058594
2026-08-26,1.0,149.60695113692992,298.15130615234375
2026-08-27,1.0,149.95097014805407,299.02899169921875
2026-08-28,1.0,145.63955510935264,294.9795837402344
2026-08-31,1.0,144.08346327583712,293.164306640625
2026-09-01,1.0,141.3474336439227,289.8130798339844
2026-09-02,1.0,141.93258307445302,293.2441101074219
2026-09-03,1.0,145.96106233522755,294.4210510253906
2026-09-04,1.0,143.92592787487743,295.2389221191406
2026-09-08,1.0,142.7170575658688,293.90240478515625
2026-09-09,1.0,143.41473452545534,289.8829040527344
2026-09-10,1.0,141.69787338040734,286.9505615234375
2026-09-11,1.0,141.74931767626634,288.1374816894531
2026-09-14,1.0,139.9167264887794,287.1600036621094
2026-09-15,1.0,139.30264454763932,285.1400146484375
2026-09-16,1.0,141.06129535261306,283.9200134277344
2026-09-17,1.0,141.45354044761842,285.42999267578125
2026-09-18,1.0,142.26372923766618,284.1000061035156
2026-09-21,1.0,140.94554961157908,285.5799865722656
2026-09-22,1.0,140.7044191921729,287.2099914550781
2026-09-23,1.0,138.83967728209848,281.9200134277344
2026-09-24,1.0,138.18380568103268,281.6600036621094
2026-09-25,1.0,138.92970872450044,281.9700012207031
2026-09-28,1.0,134.01706889397497,280.0199890136719
2026-09-29,1.0,134.3803814783706,279.010009765625
2026-09-30,1.0,134.60543653648304,277.8900146484375
2026-10-01,1.0,134.71474585356148,277.8900146484375
