Date,idx,fx
2009-01-02,39.59458541870117,81.83999633789062
2009-01-05,39.73652267456055,82.63999938964844
2009-01-06,40.406673431396484,82.8499984741211
2009-01-07,39.216156005859375,82.27999877929688
2009-01-08,39.40537643432617,81.54000091552734
2009-01-09,37.94679260253906,82.66000366210938
2009-01-12,36.8193473815918,83.0199966430664
2009-01-13,37.30815505981445,84.2699966430664
2009-01-14,35.668243408203125,84.41999816894531
2009-01-15,36.24380111694336,84.44000244140625
2009-01-16,36.64590072631836,84.20999908447266
2009-01-20,34.16237258911133,86.22000122070312
2009-01-21,35.865352630615234,85.81999969482422
2009-01-22,34.82462692260742,85.5199966430664
2009-01-23,34.99808120727539,85.61000061035156
2009-01-26,35.39228820800781,84.7300033569336
2009-01-27,35.778621673583984,84.43000030517578
2009-01-28,37.25297164916992,84.66999816894531
2009-01-29,35.79438781738281,85.27999877929688
2009-01-30,35.06904220581055,86.0
2009-02-02,35.352867126464844,86.06999969482422
2009-02-03,35.605167388916016,85.05000305175781
2009-02-04,35.344974517822266,85.69999694824219
2009-02-05,35.75495147705078,86.05999755859375
2009-02-06,37.02433395385742,85.3499984741211
2009-02-09,36.85877227783203,84.79000091552734
2009-02-10,35.155757904052734,85.80999755859375
2009-02-11,35.28980255126953,85.77999877929688
2009-02-12,35.58938980102539,86.55000305175781
2009-02-13,35.2188606262207,86.04000091552734
2009-02-17,33.82332992553711,87.58000183105469
2009-02-18,33.34238052368164,88.01000213623047
2009-02-19,32.877235412597656,87.44000244140625
2009-02-20,32.43571853637695,86.48999786376953
2009-02-23,31.190011978149414,87.23999786376953
2009-02-24,32.341102600097656,86.88999938964844
2009-02-25,31.670944213867188,87.91000366210938
2009-02-26,31.079622268676758,87.7300033569336
2009-02-27,30.866737365722656,88.01000213623047
2009-03-02,29.124330520629883,88.94000244140625
2009-03-03,28.57244300842285,88.91000366210938
2009-03-04,29.163761138916016,88.58000183105469
2009-03-05,27.610567092895508,89.11000061035156
2009-03-06,27.75247573852539,88.51000213623047
2009-03-09,27.113855361938477,89.01000213623047
2009-03-10,28.879926681518555,88.93000030517578
2009-03-11,28.919342041015625,87.87000274658203
2009-03-12,30.716934204101562,87.66000366210938
2009-03-13,31.040197372436523,87.43000030517578
2009-03-16,30.480422973632812,86.94999694824219
2009-03-17,31.891695022583008,86.93000030517578
2009-03-18,32.995479583740234,84.5999984741211
2009-03-19,32.648582458496094,83.12999725341797
2009-03-20,31.52114486694336,83.83999633789062
2009-03-23,34.201778411865234,83.43000030517578
2009-03-24,32.87370300292969,83.86000061035156
2009-03-25,33.79916000366211,83.80999755859375
2009-03-26,35.10429382324219,84.16999816894531
2009-03-27,33.92570877075195,85.11000061035156
2009-03-30,32.952796936035156,85.87000274658203
2009-03-31,33.26126480102539,85.43000030517578
2009-04-01,33.83871078491211,85.5
2009-04-02,35.531429290771484,84.44999694824219
2009-04-03,36.09303665161133,84.16999816894531
2009-04-06,35.47606658935547,84.56999969482422
2009-04-07,34.218387603759766,85.29000091552734
2009-04-08,34.85118103027344,85.36000061035156
2009-04-09,36.891944885253906,85.79000091552734
2009-04-13,36.90775680541992,84.63999938964844
2009-04-14,35.83992385864258,84.63999938964844
2009-04-15,36.38570785522461,85.08000183105469
2009-04-16,37.43772888183594,85.2300033569336
2009-04-17,37.76993942260742,85.9800033569336
2009-04-20,35.83200454711914,86.63999938964844
2009-04-21,37.07389450073242,86.58000183105469
2009-04-22,37.065975189208984,86.19000244140625
2009-04-23,36.97896957397461,85.5199966430664
2009-04-24,37.6671142578125,84.70999908447266
2009-04-27,37.26372528076172,85.69999694824219
2009-04-28,37.31908416748047,85.16000366210938
2009-04-29,38.734962463378906,84.47000122070312
2009-04-30,38.37900924682617,84.61000061035156
2009-05-01,38.616310119628906,84.55000305175781
2009-05-04,40.02431106567383,83.97000122070312
2009-05-05,39.826534271240234,84.16000366210938
2009-05-06,39.9372673034668,83.80000305175781
2009-05-07,38.99598693847656,83.94000244140625
2009-05-08,40.348602294921875,82.52999877929688
2009-05-11,39.75533676147461,82.68000030517578
2009-05-12,39.193729400634766,82.30999755859375
2009-05-13,37.39817428588867,82.5
2009-05-14,37.92024612426758,82.27999877929688
2009-05-15,37.77785873413086,83.0199966430664
2009-05-18,39.04344940185547,82.66999816894531
2009-05-19,39.05928039550781,81.9800033569336
2009-05-20,38.69542694091797,80.98999786376953
2009-05-21,38.197078704833984,80.55999755859375
2009-05-22,37.801570892333984,79.95999908447266
2009-05-26,39.60506057739258,80.12999725341797
2009-05-27,38.837772369384766,80.33000183105469
2009-05-28,38.88524627685547,80.43000030517578
2009-05-29,39.684146881103516,80.43000030517578
2009-06-01,41.234500885009766,79.16999816894531
2009-06-02,41.74864959716797,78.4000015258789
2009-06-03,41.471805572509766,79.5
2009-06-04,42.06503677368164,79.41000366210938
2009-06-05,42.08086395263672,80.66999816894531
2009-06-08,41.58253860473633,80.91000366210938
2009-06-09,41.772396087646484,79.79000091552734
2009-06-10,41.60628128051758,80.33000183105469
2009-06-11,41.62208557128906,79.41000366210938
2009-06-12,41.74864959716797,80.13999938964844
2009-06-15,40.62544250488281,81.13999938964844
2009-06-16,39.9451904296875,80.70999908447266
2009-06-17,40.15876388549805,80.16999816894531
2009-06-18,40.34068298339844,80.61000061035156
2009-06-19,40.58589553833008,80.26000213623047
2009-06-22,39.14628219604492,80.77999877929688
2009-06-23,38.82988357543945,79.83999633789062
2009-06-24,39.249107360839844,80.55999755859375
2009-06-25,40.38022994995117,80.4000015258789
2009-06-26,40.52261734008789,79.87999725341797
2009-06-29,40.52261734008789,79.83999633789062
2009-06-30,40.40395736694336,80.12999725341797
2009-07-01,41.02885055541992,79.62999725341797
2009-07-02,39.616737365722656,80.1500015258789
2009-07-06,39.26747512817383,80.44999694824219
2009-07-07,38.41816329956055,80.62000274658203
2009-07-08,38.156211853027344,80.7699966430664
2009-07-09,37.99746322631836,79.86000061035156
2009-07-10,38.180023193359375,80.2300033569336
2009-07-13,39.10079574584961,80.12999725341797
2009-07-14,39.33097457885742,80.18000030517578
2009-07-15,40.847068786621094,79.31999969482422
2009-07-16,41.35508728027344,79.22000122070312
2009-07-17,41.19631576538086,79.3499984741211
2009-07-20,41.704349517822266,78.91000366210938
2009-07-21,41.63290023803711,78.93000030517578
2009-07-22,41.958343505859375,78.70999908447266
2009-07-23,43.283931732177734,78.80000305175781
2009-07-24,43.50617599487305,78.75
2009-07-27,43.72844314575195,78.62999725341797
2009-07-28,43.75225067138672,78.8499984741211
2009-07-29,43.530006408691406,79.62999725341797
2009-07-30,44.29201126098633,79.29000091552734
2009-07-31,44.10944366455078,78.3499984741211
2009-08-03,44.87938690185547,77.63999938964844
2009-08-04,45.33183670043945,77.7699966430664
2009-08-05,44.87938690185547,77.5199966430664
2009-08-06,44.25230407714844,78.06999969482422
2009-08-07,45.31597137451172,78.97000122070312
2009-08-10,45.395328521728516,79.26000213623047
2009-08-11,44.665077209472656,79.18000030517578
2009-08-12,45.33976745605469,78.79000091552734
2009-08-13,45.71284484863281,78.48999786376953
2009-08-14,44.77619171142578,78.88999938964844
2009-08-17,43.51410675048828,79.29000091552734
2009-08-18,44.09358215332031,78.94000244140625
2009-08-19,44.63331985473633,78.47000122070312
2009-08-20,45.11752700805664,78.37999725341797
2009-08-21,46.1573371887207,78.04000091552734
2009-08-24,46.14147186279297,78.2699966430664
2009-08-25,46.33992385864258,78.23999786376953
2009-08-26,46.44309616088867,78.66000366210938
2009-08-27,46.371673583984375,78.01000213623047
2009-08-28,46.07797622680664,78.37000274658203
2009-08-31,45.40327072143555,78.16999816894531
2009-09-01,44.38725280761719,78.76000213623047
2009-09-02,44.16499710083008,78.37999725341797
2009-09-03,44.657142639160156,78.45999908447266
2009-09-04,45.28422164916992,78.13999938964844
2009-09-08,45.784271240234375,77.31999969482422
2009-09-09,46.57009506225586,77.08999633789062
2009-09-10,47.14955520629883,76.81999969482422
2009-09-11,47.16542434692383,76.61000061035156
2009-09-14,47.66550064086914,76.69999694824219
2009-09-15,48.054447174072266,76.54000091552734
2009-09-16,49.04663848876953,76.23999786376953
2009-09-17,48.94347381591797,76.19000244140625
2009-09-18,49.14190673828125,76.43000030517578
2009-09-21,49.0069580078125,76.77999877929688
2009-09-22,49.345096588134766,76.12000274658203
2009-09-23,48.87569046020508,76.05000305175781
2009-09-24,47.89704132080078,76.9000015258789
2009-09-25,47.6026725769043,76.80999755859375
2009-09-28,48.740421295166016,77.05000305175781
2009-09-29,48.525604248046875,77.12000274658203
2009-09-30,47.92888641357422,76.6500015258789
2009-10-01,46.49675750732422,77.19000244140625
2009-10-02,46.14665603637695,77.0
2009-10-05,46.974124908447266,76.63999938964844
2009-10-06,47.84931182861328,76.33999633789062
2009-10-07,47.865238189697266,76.48999786376953
2009-10-08,48.302825927734375,75.97000122070312
2009-10-09,48.86771774291992,76.43000030517578
2009-10-12,48.87569046020508,76.12999725341797
2009-10-13,48.66880798339844,75.9800033569336
2009-10-14,49.59971237182617,75.55000305175781
2009-10-15,49.56788635253906,75.4800033569336
2009-10-16,49.0745849609375,75.5999984741211
2009-10-19,49.48038101196289,75.51000213623047
2009-10-20,48.796119689941406,75.56999969482422
2009-10-21,48.1357307434082,74.97000122070312
2009-10-22,48.80406188964844,75.08999633789062
2009-10-23,47.78565216064453,75.47000122070312
2009-10-26,47.35602569580078,76.05999755859375
2009-10-27,46.77519607543945,76.13999938964844
2009-10-28,45.21578598022461,76.43000030517578
2009-10-29,46.075042724609375,75.91999816894531
2009-10-30,44.817962646484375,76.30000305175781
2009-11-02,44.73043441772461,76.29000091552734
2009-11-03,45.4067268371582,76.38999938964844
2009-11-04,44.75429153442383,75.63999938964844
2009-11-05,46.17851257324219,75.73999786376953
2009-11-06,46.210304260253906,75.81999969482422
2009-11-09,47.11732864379883,75.02999877929688
2009-11-10,46.82295608520508,75.0199966430664
2009-11-11,47.14915466308594,75.16000366210938
2009-11-12,46.28193283081055,75.5999984741211
2009-11-13,46.72747039794922,75.33000183105469
2009-11-16,47.960723876953125,74.91000366210938
2009-11-17,47.960723876953125,75.37000274658203
2009-11-18,47.865238189697266,75.18000030517578
2009-11-19,46.671783447265625,75.29000091552734
2009-11-20,46.61606979370117,75.66000366210938
2009-11-23,47.4276237487793,75.08999633789062
2009-11-24,47.212799072265625,75.06999969482422
2009-11-25,47.20484924316406,74.2699966430664
2009-11-27,45.812496185302734,75.0
2009-11-30,46.218284606933594,74.87999725341797
2009-12-01,46.93434143066406,74.36000061035156
2009-12-02,47.49126434326172,74.66999816894531
2009-12-03,46.91047286987305,74.62999725341797
2009-12-04,48.07208251953125,75.91000366210938
2009-12-07,48.1436882019043,75.7699966430664
2009-12-08,47.76975631713867,76.30999755859375
2009-12-09,47.618587493896484,76.04000091552734
2009-12-10,47.4276237487793,76.04000091552734
2009-12-11,47.87320327758789,76.56999969482422
2009-12-14,48.59721755981445,76.3499984741211
2009-12-15,48.46195602416992,76.95999908447266
2009-12-16,48.772254943847656,77.0
2009-12-17,48.23122024536133,77.69000244140625
2009-12-18,48.676780700683594,77.81999969482422
2009-12-21,49.321250915527344,78.04000091552734
2009-12-22,49.78270721435547,78.25
2009-12-23,50.42417526245117,77.9000015258789
2009-12-24,50.61590576171875,77.83999633789062
2009-12-28,50.53602981567383,77.62999725341797
2009-12-29,50.51206588745117,77.83000183105469
2009-12-30,50.48011779785156,77.91000366210938
2009-12-31,49.8809700012207,77.86000061035156
2010-01-04,51.111202239990234,77.52999877929688
2010-01-05,50.935462951660156,77.62000274658203
2010-01-06,50.88753890991211,77.48999786376953
2010-01-07,51.26298904418945,77.91000366210938
2010-01-08,51.542579650878906,77.47000122070312
2010-01-11,51.33489227294922,77.0
2010-01-12,50.77568435668945,76.94999694824219
2010-01-13,51.43075180053711,76.8499984741211
2010-01-14,51.62248611450195,76.7300033569336
2010-01-15,50.871551513671875,77.31999969482422
2010-01-19,51.80621337890625,77.5
2010-01-20,51.0552864074707,78.33999633789062
2010-01-21,50.21647644042969,78.31999969482422
2010-01-22,49.31377029418945,78.27999877929688
2010-01-25,49.36969757080078,78.19000244140625
2010-01-26,48.88238525390625,78.43000030517578
2010-01-27,49.40163803100586,78.68000030517578
2010-01-28,48.55485916137695,78.9000015258789
2010-01-29,48.01960754394531,79.45999908447266
2010-02-01,48.5868034362793,79.23999786376953
2010-02-02,49.122032165527344,79.01000213623047
2010-02-03,48.79450988769531,79.37000274658203
2010-02-04,47.164817810058594,79.91999816894531
2010-02-05,47.34856033325195,80.44000244140625
2010-02-08,46.87724304199219,80.30000305175781
2010-02-09,47.52431869506836,79.86000061035156
2010-02-10,47.636165618896484,80.02999877929688
2010-02-11,48.39507293701172,79.98999786376953
2010-02-12,48.74658966064453,80.31999969482422
2010-02-16,49.56939697265625,79.69999694824219
2010-02-17,49.90492630004883,80.37999725341797
2010-02-18,50.312339782714844,80.4000015258789
2010-02-19,50.37626266479492,80.63999938964844
2010-02-22,50.52802658081055,80.51000213623047
2010-02-23,49.9368782043457,80.8499984741211
2010-02-24,50.36027908325195,80.8499984741211
2010-02-25,50.37626266479492,80.79000091552734
2010-02-26,50.168540954589844,80.36000061035156
2010-03-01,51.33489227294922,80.66000366210938
2010-03-02,51.726318359375,80.5199966430664
2010-03-03,52.021907806396484,79.9800033569336
2010-03-04,52.1577262878418,80.55999755859375
2010-03-05,53.22019577026367,80.43000030517578
2010-03-08,53.316062927246094,80.43000030517578
2010-03-09,53.50779342651367,80.58999633789062
2010-03-10,53.96315002441406,80.44999694824219
2010-03-11,54.12294006347656,80.31999969482422
2010-03-12,54.098960876464844,79.83000183105469
2010-03-15,53.91521453857422,80.25
2010-03-16,54.3785400390625,79.75
2010-03-17,54.69810485839844,79.63999938964844
2010-03-18,54.530330657958984,80.22000122070312
2010-03-19,53.8513069152832,80.72000122070312
2010-03-22,54.610198974609375,80.6500015258789
2010-03-23,55.305233001708984,80.9000015258789
2010-03-24,54.67416000366211,81.83999633789062
2010-03-25,54.32978820800781,82.12000274658203
2010-03-26,54.305782318115234,81.68000030517578
2010-03-29,54.602073669433594,81.36000061035156
2010-03-30,54.77024459838867,81.47000122070312
2010-03-31,54.29776382446289,81.06999969482422
2010-04-01,54.80231857299805,80.77999877929688
2010-04-05,55.8274040222168,81.08999633789062
2010-04-06,56.15576171875,81.38999938964844
2010-04-07,55.97953796386719,81.44000244140625
2010-04-08,55.92349624633789,81.52999877929688
2010-04-09,56.25984573364258,81.08999633789062
2010-04-12,56.49211883544922,80.55999755859375
2010-04-13,56.62024688720703,80.51000213623047
2010-04-14,57.82950210571289,80.19000244140625
2010-04-15,58.00568389892578,80.4800033569336
2010-04-16,57.22889709472656,80.81999969482422
2010-04-19,56.94859313964844,81.0
2010-04-20,57.72541427612305,81.05000305175781
2010-04-21,58.12584686279297,81.16000366210938
2010-04-22,58.74250793457031,81.56999969482422
2010-04-23,59.36713409423828,81.3499984741211
2010-04-26,59.14291763305664,81.4800033569336
2010-04-27,57.78948974609375,82.1500015258789
2010-04-28,57.885581970214844,82.37999725341797
2010-04-29,59.11088180541992,82.0
2010-04-30,57.38103485107422,81.87000274658203
2010-05-03,58.670406341552734,82.2699966430664
2010-05-04,56.82847595214844,83.30000305175781
2010-05-05,55.995567321777344,84.08000183105469
2010-05-06,53.89732360839844,84.88999938964844
2010-05-07,52.34369659423828,84.44999694824219
2010-05-10,55.28281784057617,84.16000366210938
2010-05-11,55.651214599609375,84.47000122070312
2010-05-12,57.357017517089844,84.83000183105469
2010-05-13,56.80442428588867,85.20999908447266
2010-05-14,55.707271575927734,86.0999984741211
2010-05-17,55.811363220214844,86.20999908447266
2010-05-18,54.73823547363281,87.16000366210938
2010-05-19,54.089561462402344,86.38999938964844
2010-05-20,51.35062789916992,85.56999969482422
2010-05-21,52.111427307128906,85.37000274658203
2010-05-24,51.41468811035156,86.20999908447266
2010-05-25,51.40668869018555,86.77999877929688
2010-05-26,51.534828186035156,87.12000274658203
2010-05-27,53.74517822265625,86.18000030517578
2010-05-28,53.05644989013672,86.4800033569336
2010-06-01,51.44672775268555,86.63999938964844
2010-06-02,52.912288665771484,86.79000091552734
2010-06-03,53.5930061340332,87.13999938964844
2010-06-04,50.902156829833984,88.2300033569336
2010-06-07,49.5887565612793,88.4000015258789
2010-06-08,49.56473159790039,88.38999938964844
2010-06-09,49.59675598144531,87.9000015258789
2010-06-10,51.31060028076172,87.16999816894531
2010-06-11,52.007320404052734,87.51000213623047
2010-06-14,52.33568572998047,86.51000213623047
2010-06-15,53.64906692504883,85.9800033569336
2010-06-16,53.40081024169922,86.08000183105469
2010-06-17,53.46488952636719,85.69000244140625
2010-06-18,53.496917724609375,85.69999694824219
2010-06-21,52.9443359375,85.93000030517578
2010-06-22,51.85515594482422,86.11000061035156
2010-06-23,51.71101379394531,85.73999786376953
2010-06-24,50.886138916015625,85.7300033569336
2010-06-25,51.75906753540039,85.30999755859375
2010-06-28,51.4627571105957,85.6500015258789
2010-06-29,49.516685485839844,86.02999877929688
2010-06-30,48.94807052612305,86.0199966430664
2010-07-01,48.595699310302734,84.72000122070312
2010-07-02,48.06460952758789,84.43000030517578
2010-07-06,47.4378776550293,84.08000183105469
2010-07-07,49.093055725097656,83.81999969482422
2010-07-08,49.800140380859375,83.81999969482422
2010-07-09,50.57146453857422,83.94999694824219
2010-07-12,50.001007080078125,84.19999694824219
2010-07-13,51.5838508605957,83.63999938964844
2010-07-14,51.399070739746094,83.43000030517578
2010-07-15,50.924991607666016,82.55999755859375
2010-07-16,49.0689582824707,82.48999786376953
2010-07-19,49.27785110473633,82.51000213623047
2010-07-20,50.1054573059082,82.75
2010-07-21,49.20554733276367,83.38999938964844
2010-07-22,50.95714569091797,82.5999984741211
2010-07-23,52.21059036254883,82.45999908447266
2010-07-26,53.39975357055664,82.08999633789062
2010-07-27,53.206912994384766,82.18000030517578
2010-07-28,52.347190856933594,82.18000030517578
2010-07-29,52.21059036254883,81.63999938964844
2010-07-30,52.24272918701172,81.54000091552734
2010-08-02,53.15068435668945,80.94000244140625
2010-08-03,52.72482681274414,80.5999984741211
2010-08-04,53.27921676635742,80.88999938964844
2010-08-05,52.652496337890625,80.81999969482422
2010-08-06,52.33915710449219,80.41000366210938
2010-08-09,52.91767883300781,80.70999908447266
2010-08-10,51.92133712768555,80.80000305175781
2010-08-11,49.88047409057617,82.29000091552734
2010-08-12,49.63139343261719,82.63999938964844
2010-08-13,49.0689582824707,82.94999694824219
2010-08-16,49.46266555786133,82.52999877929688
2010-08-17,50.314361572265625,82.2300033569336
2010-08-18,50.46703338623047,82.22000122070312
2010-08-19,49.08502960205078,82.44999694824219
2010-08-20,49.133235931396484,83.05999755859375
2010-08-23,48.46634292602539,83.12000274658203
2010-08-24,47.91193389892578,83.1500015258789
2010-08-25,48.63505554199219,83.26000213623047
2010-08-26,48.273502349853516,82.93000030517578
2010-08-27,49.53498077392578,82.91999816894531
2010-08-30,48.450260162353516,83.16000366210938
2010-08-31,48.353858947753906,83.19999694824219
2010-09-01,50.2259635925293,82.5199966430664
2010-09-02,50.7803840637207,82.45999908447266
2010-09-03,51.68832015991211,83.0999984741211
2010-09-07,50.708072662353516,82.81999969482422
2010-09-08,51.00535583496094,82.58999633789062
2010-09-09,51.03750228881836,82.66999816894531
2010-09-10,51.19819641113281,82.69999694824219
2010-09-13,52.443607330322266,81.91000366210938
2010-09-14,52.218624114990234,81.08000183105469
2010-09-15,52.51591491699219,81.48999786376953
2010-09-16,52.1784553527832,81.23999786376953
2010-09-17,52.3953971862793,81.4000015258789
2010-09-20,53.84968185424805,81.33999633789062
2010-09-21,53.53633117675781,80.44000244140625
2010-09-22,52.90158462524414,79.83000183105469
2010-09-23,52.26119613647461,80.01000213623047
2010-09-24,53.960819244384766,79.38999938964844
2010-09-27,53.82389450073242,79.33999633789062
2010-09-28,54.355533599853516,79.01000213623047
2010-09-29,54.50857925415039,78.69000244140625
2010-09-30,54.37162780761719,78.72000122070312
2010-10-01,54.661617279052734,78.08999633789062
2010-10-04,53.9205436706543,78.44999694824219
2010-10-05,55.45100402832031,77.75
2010-10-06,55.265743255615234,77.38999938964844
2010-10-07,55.104644775390625,77.38999938964844
2010-10-08,55.805423736572266,77.31999969482422
2010-10-11,55.85376739501953,77.44000244140625
2010-10-12,55.998756408691406,77.36000061035156
2010-10-13,56.85261535644531,77.06999969482422
2010-10-14,56.812320709228516,76.6500015258789
2010-10-15,56.61899185180664,77.04000091552734
2010-10-18,57.09425354003906,76.93000030517578
2010-10-19,55.9826545715332,78.18000030517578
2010-10-20,56.554542541503906,77.16999816894531
2010-10-21,56.2806510925293,77.41999816894531
2010-10-22,56.64315414428711,77.47000122070312
2010-10-25,56.98147201538086,77.0999984741211
2010-10-26,56.941184997558594,77.70999908447266
2010-10-27,56.796207427978516,78.1500015258789
2010-10-28,56.44984817504883,77.30999755859375
2010-10-29,56.62705612182617,77.2699966430664
2010-11-01,56.240413665771484,77.30000305175781
2010-11-02,57.40838623046875,76.72000122070312
2010-11-03,57.63393783569336,76.4800033569336
2010-11-04,59.09190368652344,75.87999725341797
2010-11-05,59.4221305847168,76.55000305175781
2010-11-08,59.37380599975586,77.02999877929688
2010-11-09,58.58445358276367,77.44000244140625
2010-11-10,59.23690414428711,77.62999725341797
2010-11-11,59.00328826904297,78.22000122070312
2010-11-12,58.020545959472656,78.08000183105469
2010-11-15,58.02863311767578,78.5199966430664
2010-11-16,56.90093231201172,79.20999908447266
2010-11-17,57.05397033691406,79.08000183105469
2010-11-18,58.16556930541992,78.62000274658203
2010-11-19,58.358882904052734,78.5
2010-11-22,58.640830993652344,78.68000030517578
2010-11-23,58.085025787353516,79.68000030517578
2010-11-24,59.389915466308594,79.87000274658203
2010-11-26,58.979122161865234,80.36000061035156
2010-11-29,59.06774139404297,80.83999633789062
2010-11-30,58.60052490234375,81.19999694824219
2010-12-01,59.913536071777344,80.70999908447266
2010-12-02,60.517669677734375,80.30000305175781
2010-12-03,60.95260238647461,79.37999725341797
2010-12-06,61.331214904785156,79.56999969482422
2010-12-07,61.68560791015625,79.86000061035156
2010-12-08,61.645347595214844,80.0
2010-12-09,61.854801177978516,80.06999969482422
2010-12-10,62.628074645996094,80.06999969482422
2010-12-13,62.305843353271484,79.27999877929688
2010-12-14,62.27364730834961,79.37000274658203
2010-12-15,62.08034133911133,80.26000213623047
2010-12-16,62.6522331237793,80.18000030517578
2010-12-17,62.845558166503906,80.37000274658203
2010-12-20,63.09525680541992,80.62999725341797
2010-12-21,63.79602813720703,80.72000122070312
2010-12-22,63.777462005615234,80.7300033569336
2010-12-23,63.696537017822266,80.5
2010-12-27,63.8907356262207,80.37000274658203
2010-12-28,63.71271896362305,80.36000061035156
2010-12-29,63.85026931762695,79.80000305175781
2010-12-30,63.72887420654297,79.5199966430664
2010-12-31,63.30812072753906,79.02999877929688
2011-01-03,64.40859985351562,79.12999725341797
2011-01-04,63.45378494262695,79.44000244140625
2011-01-05,64.19818878173828,80.26000213623047
2011-01-06,63.89885330200195,80.79000091552734
2011-01-07,63.53466796875,81.01000213623047
2011-01-10,63.89885330200195,80.87999725341797
2011-01-11,64.15773010253906,80.8499984741211
2011-01-12,64.70795440673828,80.02999877929688
2011-01-13,64.68370819091797,79.19000244140625
2011-01-14,65.1691665649414,79.16000366210938
2011-01-18,65.21771240234375,78.95999908447266
2011-01-19,63.54277420043945,78.63999938964844
2011-01-20,62.87928009033203,78.81999969482422
2011-01-21,62.45854568481445,78.20999908447266
2011-01-24,62.91973114013672,78.05000305175781
2011-01-25,63.016845703125,78.0
2011-01-26,64.02021026611328,77.9000015258789
2011-01-27,64.206298828125,77.7300033569336
2011-01-28,62.63654327392578,78.12999725341797
2011-01-31,63.073448181152344,77.73999786376953
2011-02-01,64.52992248535156,77.06999969482422
2011-02-02,64.28718566894531,77.16000366210938
2011-02-03,64.51378631591797,77.75
2011-02-04,64.62703704833984,78.04000091552734
2011-02-07,65.26629638671875,78.02999877929688
2011-02-08,65.72749328613281,78.0
2011-02-09,65.43619537353516,77.63999938964844
2011-02-10,65.69512176513672,78.25
2011-02-11,66.40717315673828,78.45999908447266
2011-02-14,66.74703216552734,78.61000061035156
2011-02-15,66.3667221069336,78.56999969482422
2011-02-16,66.90078735351562,78.22000122070312
2011-02-17,67.3700942993164,78.0
2011-02-18,67.44292449951172,77.66000366210938
2011-02-22,65.71133422851562,77.7699966430664
2011-02-23,64.57848358154297,77.41000366210938
2011-02-24,64.99117279052734,77.05999755859375
2011-02-25,66.4962158203125,77.27999877929688
2011-02-28,66.56903076171875,76.88999938964844
2011-03-01,65.23391723632812,77.05000305175781
2011-03-02,65.50904083251953,76.66999816894531
2011-03-03,66.99786376953125,76.4800033569336
2011-03-04,66.70655822753906,76.4000015258789
2011-03-07,65.6142349243164,76.5
2011-03-08,66.68229675292969,76.80000305175781
2011-03-09,66.41525268554688,76.72000122070312
2011-03-10,64.70795440673828,77.27999877929688
2011-03-11,64.87789154052734,76.77999877929688
2011-03-14,64.52992248535156,76.3499984741211
2011-03-15,63.95545196533203,76.33000183105469
2011-03-16,63.31620788574219,76.68000030517578
2011-03-17,63.45378494262695,76.04000091552734
2011-03-18,64.2952880859375,75.72000122070312
2011-03-21,65.78414916992188,75.4000015258789
2011-03-22,65.43619537353516,75.43000030517578
2011-03-23,65.63850402832031,75.79000091552734
2011-03-24,66.0917739868164,75.66000366210938
2011-03-25,66.66741943359375,76.22000122070312
2011-03-28,66.5215072631836,76.12999725341797
2011-03-29,67.1458740234375,76.25
2011-03-30,68.0134506225586,76.12000274658203
2011-03-31,68.24859619140625,75.86000061035156
2011-04-01,68.548583984375,75.83000183105469
2011-04-04,68.70269012451172,75.91000366210938
2011-04-05,69.07565307617188,75.87999725341797
2011-04-06,69.2297134399414,75.51000213623047
2011-04-07,68.81620788574219,75.58999633789062
2011-04-08,68.09451293945312,75.06999969482422
2011-04-11,67.48639678955078,75.05999755859375
2011-04-12,66.60258483886719,74.8499984741211
2011-04-13,66.69178009033203,74.9800033569336
2011-04-14,66.99990844726562,74.68000030517578
2011-04-15,67.71343994140625,74.83000183105469
2011-04-18,66.59449768066406,75.5
2011-04-19,66.61067962646484,75.02999877929688
2011-04-20,67.97290802001953,74.37000274658203
2011-04-21,68.4756088256836,74.0
2011-04-25,68.38642120361328,73.98999786376953
2011-04-26,69.06756591796875,73.83999633789062
2011-04-27,69.4810791015625,73.5199966430664
2011-04-28,69.79730987548828,73.12000274658203
2011-04-29,70.04869842529297,72.93000030517578
2011-05-02,69.2297134399414,72.94999694824219
2011-05-03,68.35400390625,73.13999938964844
2011-05-04,67.47014617919922,73.02999877929688
2011-05-05,67.16206359863281,74.19000244140625
2011-05-06,67.51886749267578,74.83999633789062
2011-05-09,68.30537414550781,74.73999786376953
2011-05-10,69.35132598876953,74.61000061035156
2011-05-11,68.07019805908203,75.33000183105469
2011-05-12,68.67024993896484,75.23999786376953
2011-05-13,67.71343994140625,75.76000213623047
2011-05-16,66.72423553466797,75.47000122070312
2011-05-17,66.51338195800781,75.4000015258789
2011-05-18,67.53507232666016,75.47000122070312
2011-05-19,67.68101501464844,75.12000274658203
2011-05-20,67.1864013671875,75.43000030517578
2011-05-23,65.97824096679688,76.0999984741211
2011-05-24,65.66203308105469,75.87999725341797
2011-05-25,66.48908233642578,75.93000030517578
2011-05-26,67.36477661132812,75.55000305175781
2011-05-27,67.82695007324219,74.94999694824219
2011-05-31,68.79186248779297,74.63999938964844
2011-06-01,66.57826232910156,74.68000030517578
2011-06-02,66.55394744873047,74.33000183105469
2011-06-03,65.5809326171875,73.77999877929688
2011-06-06,64.50251007080078,73.94999694824219
2011-06-07,64.65654754638672,73.5199966430664
2011-06-08,63.93490982055664,73.93000030517578
2011-06-09,64.2754898071289,74.19000244140625
2011-06-10,63.2457160949707,74.79000091552734
2011-06-13,63.06736755371094,74.51000213623047
2011-06-14,64.42139434814453,74.33000183105469
2011-06-15,63.2700309753418,75.5999984741211
2011-06-16,63.41595458984375,75.75
2011-06-17,63.43215560913086,74.98999786376953
2011-06-20,64.0159912109375,75.02999877929688
2011-06-21,65.40257263183594,74.54000091552734
2011-06-22,64.8998031616211,74.77999877929688
2011-06-23,65.15116882324219,75.44999694824219
2011-06-24,64.8187255859375,75.66999816894531
2011-06-27,65.32144927978516,75.38999938964844
2011-06-28,66.33502960205078,75.05999755859375
2011-06-29,66.6512451171875,74.69000244140625
2011-06-30,67.13774871826172,74.30000305175781
2011-07-01,68.1837387084961,74.3499984741211
2011-07-05,68.34801483154297,74.69000244140625
2011-07-06,68.6245346069336,75.12000274658203
2011-07-07,69.65740203857422,74.95999908447266
2011-07-08,69.23448181152344,75.18000030517578
2011-07-11,67.76246643066406,75.98999786376953
2011-07-12,67.38021087646484,75.80999755859375
2011-07-13,67.98204803466797,75.20999908447266
2011-07-14,66.90038299560547,75.25
2011-07-15,67.34771728515625,75.12999725341797
2011-07-18,66.26602935791016,75.4800033569336
2011-07-19,67.76246643066406,75.22000122070312
2011-07-20,67.64860534667969,74.79000091552734
2011-07-21,68.26666259765625,74.0199966430664
2011-07-22,68.35614776611328,74.19999694824219
2011-07-25,67.55098724365234,74.05999755859375
2011-07-26,67.03864288330078,73.47000122070312
2011-07-27,65.03795623779297,74.08999633789062
2011-07-28,64.93225860595703,74.22000122070312
2011-07-29,64.85092163085938,73.9000015258789
2011-08-01,64.4280014038086,74.26000213623047
2011-08-02,62.419219970703125,74.51000213623047
2011-08-03,62.83396911621094,74.04000091552734
2011-08-04,59.04409408569336,75.12000274658203
2011-08-05,58.0112190246582,74.5999984741211
2011-08-08,52.96076965332031,74.79000091552734
2011-08-09,56.49037170410156,74.61000061035156
2011-08-10,53.72524642944336,74.63999938964844
2011-08-11,56.40908432006836,74.68000030517578
2011-08-12,56.758792877197266,74.61000061035156
2011-08-15,58.36094665527344,73.83999633789062
2011-08-16,57.28743362426758,74.01000213623047
2011-08-17,57.30370330810547,73.66999816894531
2011-08-18,54.042423248291016,74.23999786376953
2011-08-19,53.09089660644531,73.98999786376953
2011-08-22,52.90384292602539,74.06999969482422
2011-08-23,55.457542419433594,73.87000274658203
2011-08-24,56.27894973754883,74.01000213623047
2011-08-25,54.89637756347656,74.27999877929688
2011-08-26,56.20575714111328,73.80999755859375
2011-08-29,58.86518859863281,73.72000122070312
2011-08-30,59.206764221191406,73.94000244140625
2011-08-31,59.08474349975586,74.12999725341797
2011-09-01,57.816036224365234,74.4800033569336
2011-09-02,55.67710494995117,74.75
2011-09-06,55.52257537841797,75.91999816894531
2011-09-07,57.62086868286133,75.45999908447266
2011-09-08,56.5635871887207,76.23999786376953
2011-09-09,54.89637756347656,77.19000244140625
2011-09-12,55.368072509765625,77.56999969482422
2011-09-13,56.26266098022461,76.91000366210938
2011-09-14,57.27114486694336,76.83000183105469
2011-09-15,58.07630157470703,76.23999786376953
2011-09-16,58.165740966796875,76.58000183105469
2011-09-19,57.124752044677734,77.38999938964844
2011-09-20,56.2382698059082,77.02999877929688
2011-09-21,54.156280517578125,77.33999633789062
2011-09-22,52.643585205078125,78.37999725341797
2011-09-23,53.18244171142578,78.30000305175781
2011-09-26,54.186641693115234,78.36000061035156
2011-09-27,55.3541374206543,77.51000213623047
2011-09-28,53.23143005371094,77.8499984741211
2011-09-29,54.15399169921875,77.91999816894531
2011-09-30,52.49663162231445,78.55000305175781
2011-10-03,49.794219970703125,79.44999694824219
2011-10-04,52.896690368652344,79.5999984741211
2011-10-05,53.62330627441406,78.91000366210938
2011-10-06,54.815284729003906,78.52999877929688
2011-10-07,53.47634506225586,78.72000122070312
2011-10-10,55.81950378417969,77.5999984741211
2011-10-11,56.203224182128906,77.58000183105469
2011-10-12,57.00334930419922,76.98999786376953
2011-10-13,56.95436096191406,76.98999786376953
2011-10-14,58.081024169921875,76.62000274658203
2011-10-17,56.317527770996094,77.13999938964844
2011-10-18,57.811607360839844,77.12999725341797
2011-10-19,56.684898376464844,77.11000061035156
2011-10-20,56.840049743652344,76.97000122070312
2011-10-21,58.072872161865234,76.30000305175781
2011-10-24,59.94247817993164,76.0199966430664
2011-10-25,58.26063919067383,76.25
2011-10-26,59.264862060546875,76.19999694824219
2011-10-27,62.39177322387695,74.87000274658203
2011-10-28,62.073360443115234,75.08999633789062
2011-10-31,60.4242057800293,76.16999816894531
2011-11-01,58.2851448059082,77.26000213623047
2011-11-02,59.72207260131836,77.01000213623047
2011-11-03,61.20798110961914,76.66999816894531
2011-11-04,60.9058952331543,76.91000366210938
2011-11-07,60.78343200683594,76.95999908447266
2011-11-08,61.67335891723633,76.66999816894531
2011-11-09,58.73420333862305,77.93000030517578
2011-11-10,59.16689682006836,77.63999938964844
2011-11-11,60.726261138916016,76.94000244140625
2011-11-14,59.85270309448242,77.55999755859375
2011-11-15,60.61198425292969,77.87999725341797
2011-11-16,59.63225555419922,78.16000366210938
2011-11-17,58.78316116333008,78.29000091552734
2011-11-18,58.7668571472168,78.0199966430664
2011-11-21,57.36259078979492,78.30000305175781
2011-11-22,56.880855560302734,78.2300033569336
2011-11-23,55.09288787841797,79.0
2011-11-25,54.390750885009766,79.61000061035156
2011-11-28,56.97883987426758,79.29000091552734
2011-11-29,56.87271499633789,79.0
2011-11-30,60.19559860229492,78.38999938964844
2011-12-01,59.762882232666016,78.31999969482422
2011-12-02,60.0078125,78.62999725341797
2011-12-05,61.03652572631836,78.61000061035156
2011-12-06,61.09366989135742,78.51000213623047
2011-12-07,60.97119903564453,78.4800033569336
2011-12-08,59.07707595825195,78.80999755859375
2011-12-09,60.856903076171875,78.62999725341797
2011-12-12,59.98331069946289,79.56999969482422
2011-12-13,58.73420333862305,80.25
2011-12-14,57.9993782043457,80.52999877929688
2011-12-15,58.538211822509766,80.23999786376953
2011-12-16,58.99543380737305,80.25
2011-12-19,57.97490692138672,80.25
2011-12-20,60.30172348022461,79.87999725341797
2011-12-21,60.54667282104492,80.0199966430664
2011-12-22,60.932254791259766,79.91999816894531
2011-12-23,61.16196060180664,80.01000213623047
2011-12-27,61.342464447021484,79.79000091552734
2011-12-28,60.226707458496094,80.48999786376953
2011-12-29,60.833805084228516,80.4800033569336
2011-12-30,60.50563049316406,80.16999816894531
2012-01-03,61.50657272338867,79.61000061035156
2012-01-04,61.170162200927734,80.08999633789062
2012-01-05,61.514732360839844,80.94000244140625
2012-01-06,61.358890533447266,81.23999786376953
2012-01-09,61.670616149902344,81.05000305175781
2012-01-10,62.57307434082031,80.80000305175781
2012-01-11,62.819175720214844,81.3499984741211
2012-01-12,63.0079231262207,80.7699966430664
2012-01-13,62.67156982421875,81.43000030517578
2012-01-17,62.646949768066406,81.18000030517578
2012-01-18,63.7626838684082,80.5999984741211
2012-01-19,64.1564712524414,80.20999908447266
2012-01-20,64.19746398925781,80.22000122070312
2012-01-23,64.11546325683594,79.69000244140625
2012-01-24,64.48464965820312,79.86000061035156
2012-01-25,65.03431701660156,79.56999969482422
2012-01-26,64.9604721069336,79.41000366210938
2012-01-27,65.40350341796875,78.9000015258789
2012-01-30,64.89486694335938,79.16000366210938
2012-01-31,64.82923889160156,79.27999877929688
2012-02-01,66.22391510009766,78.91999816894531
2012-02-02,66.6013412475586,78.97000122070312
2012-02-03,68.05345916748047,78.94000244140625
2012-02-06,67.83195495605469,79.08999633789062
2012-02-07,67.79090118408203,78.56999969482422
2012-02-08,67.9386215209961,78.63999938964844
2012-02-09,67.60223388671875,78.55999755859375
2012-02-10,66.67517852783203,79.11000061035156
2012-02-13,67.53660583496094,78.94000244140625
2012-02-14,67.23302459716797,79.58000183105469
2012-02-15,66.67517852783203,79.66999816894531
2012-02-16,67.9303970336914,79.33999633789062
2012-02-17,67.92219543457031,79.33000183105469
2012-02-21,67.4627685546875,79.04000091552734
2012-02-22,66.92951202392578,79.20999908447266
2012-02-23,67.9303970336914,78.80999755859375
2012-02-24,67.79910278320312,78.3499984741211
2012-02-27,67.68428039550781,78.55999755859375
2012-02-28,67.5037612915039,78.2699966430664
2012-02-29,66.49466705322266,78.7300033569336
2012-03-01,66.8392333984375,78.77999877929688
2012-03-02,65.83833312988281,79.4000015258789
2012-03-05,65.91216278076172,79.31999969482422
2012-03-06,64.59947967529297,79.86000061035156
2012-03-07,65.20659637451172,79.70999908447266
2012-03-08,66.05162811279297,79.16000366210938
2012-03-09,66.94589233398438,80.04000091552734
2012-03-12,66.81463623046875,79.87000274658203
2012-03-13,68.14370727539062,80.19000244140625
2012-03-14,67.5858383178711,80.55999755859375
2012-03-15,68.15190124511719,80.1500015258789
2012-03-16,68.09445190429688,79.77999877929688
2012-03-19,68.66873931884766,79.44999694824219
2012-03-20,68.05345916748047,79.58999633789062
2012-03-21,68.03704833984375,79.62999725341797
2012-03-22,67.38069915771484,79.73999786376953
2012-03-23,68.03988647460938,79.33999633789062
2012-03-26,69.455322265625,78.93000030517578
2012-03-27,68.96979522705078,79.04000091552734
2012-03-28,68.56653594970703,79.16000366210938
2012-03-29,68.36907958984375,79.18000030517578
2012-03-30,68.14688110351562,78.93000030517578
2012-04-02,68.9862289428711,78.81999969482422
2012-04-03,68.5254135131836,79.4800033569336
2012-04-04,67.43092346191406,79.76000213623047
2012-04-05,67.13468170166016,80.06999969482422
2012-04-09,66.03192901611328,79.7300033569336
2012-04-10,64.47657012939453,79.88999938964844
2012-04-11,65.3900375366211,79.77999877929688
2012-04-12,66.32818603515625,79.27999877929688
2012-04-13,65.45588684082031,79.87999725341797
2012-04-16,65.56289672851562,79.55000305175781
2012-04-17,66.50926208496094,79.47000122070312
2012-04-18,66.00724792480469,79.52999877929688
2012-04-19,65.62870025634766,79.55999755859375
2012-04-20,66.00724792480469,79.18000030517578
2012-04-23,65.09381103515625,79.41999816894531
2012-04-24,65.5875473022461,79.22000122070312
2012-04-25,66.60796356201172,79.01000213623047
2012-04-26,67.26631164550781,78.91000366210938
2012-04-27,67.79299926757812,78.69999694824219
2012-04-30,67.04414367675781,78.79000091552734
2012-05-01,67.1099624633789,78.86000061035156
2012-05-02,67.29100036621094,79.12999725341797
2012-05-03,66.34463500976562,79.22000122070312
2012-05-04,65.0855712890625,79.47000122070312
2012-05-07,65.25836181640625,79.5999984741211
2012-05-08,65.21720886230469,79.7300033569336
2012-05-09,64.84693145751953,80.08000183105469
2012-05-10,65.09381103515625,80.11000061035156
2012-05-11,64.92918395996094,80.27999877929688
2012-05-14,64.06513977050781,80.5999984741211
2012-05-15,63.94993591308594,81.22000122070312
2012-05-16,63.489078521728516,81.37000274658203
2012-05-17,62.04895782470703,81.37999725341797
2012-05-18,61.464698791503906,81.29000091552734
2012-05-21,62.91303634643555,81.08000183105469
2012-05-22,62.53447341918945,81.66999816894531
2012-05-23,62.93772888183594,82.08999633789062
2012-05-24,63.069374084472656,82.29000091552734
2012-05-25,63.02825164794922,82.4000015258789
2012-05-29,63.941673278808594,82.44000244140625
2012-05-30,62.71550369262695,83.01000213623047
2012-05-31,62.63322067260742,83.04000091552734
2012-06-01,60.74870681762695,82.88999938964844
2012-06-04,60.608829498291016,82.55000305175781
2012-06-05,61.39061737060547,82.80000305175781
2012-06-06,62.90479278564453,82.31999969482422
2012-06-07,62.493343353271484,82.05000305175781
2012-06-08,63.340965270996094,82.51000213623047
2012-06-11,61.941951751708984,82.51000213623047
2012-06-12,62.72373962402344,82.41000366210938
2012-06-13,61.99956130981445,82.05000305175781
2012-06-14,62.70726776123047,81.9000015258789
2012-06-15,63.54668426513672,81.58999633789062
2012-06-18,63.6207389831543,81.94000244140625
2012-06-19,64.72345733642578,81.37000274658203
2012-06-20,64.62471771240234,81.48999786376953
2012-06-21,63.052947998046875,82.31999969482422
2012-06-22,63.768863677978516,82.22000122070312
2012-06-25,62.77314376831055,82.45999908447266
2012-06-26,63.01874542236328,82.37000274658203
2012-06-27,64.04425048828125,82.55999755859375
2012-06-28,63.93672180175781,82.66999816894531
2012-06-29,65.79753875732422,81.6500015258789
2012-07-02,66.55838775634766,81.87000274658203
2012-07-03,67.4267807006836,81.77999877929688
2012-07-05,67.35234069824219,82.80999755859375
2012-07-06,66.5997543334961,83.29000091552734
2012-07-09,66.34336853027344,83.16000366210938
2012-07-10,65.60731506347656,83.36000061035156
2012-07-11,65.38397979736328,83.56999969482422
2012-07-12,65.1607437133789,83.6500015258789
2012-07-13,65.97117614746094,83.30000305175781
2012-07-16,65.70655059814453,83.08999633789062
2012-07-17,65.9381332397461,83.02999877929688
2012-07-18,66.34336853027344,82.94999694824219
2012-07-19,66.12004852294922,82.9000015258789
2012-07-20,65.27650451660156,83.47000122070312
2012-07-23,64.23445892333984,83.70999908447266
2012-07-24,63.39091873168945,84.01000213623047
2012-07-25,63.531494140625,83.5199966430664
2012-07-26,64.07733917236328,82.80999755859375
2012-07-27,65.59904479980469,82.70999908447266
2012-07-30,65.37576293945312,82.79000091552734
2012-07-31,64.79683685302734,82.63999938964844
2012-08-01,63.72999954223633,83.05999755859375
2012-08-02,63.4984245300293,83.33000183105469
2012-08-03,65.01184844970703,82.37999725341797
2012-08-06,65.51632690429688,82.2699966430664
2012-08-07,66.11180114746094,82.20999908447266
2012-08-08,66.01254272460938,82.38999938964844
2012-08-09,66.3268051147461,82.63999938964844
2012-08-10,66.09527587890625,82.55000305175781
2012-08-13,65.98774719238281,82.44000244140625
2012-08-14,65.83060455322266,82.4800033569336
2012-08-15,66.40950775146484,82.6500015258789
2012-08-16,67.10421752929688,82.36000061035156
2012-08-17,67.57561492919922,82.5999984741211
2012-08-20,67.4267807006836,82.45999908447266
2012-08-21,67.38540649414062,81.91000366210938
2012-08-22,67.06288146972656,81.48999786376953
2012-08-23,66.59146881103516,81.36000061035156
2012-08-24,66.77338409423828,81.58999633789062
2012-08-27,66.97188568115234,81.66000366210938
2012-08-28,67.27789306640625,81.37000274658203
2012-08-29,67.48460388183594,81.55000305175781
2012-08-30,66.81477355957031,81.68000030517578
2012-08-31,67.08766174316406,81.25
2012-09-04,67.90641784667969,81.31999969482422
2012-09-05,67.92293548583984,81.23999786376953
2012-09-06,69.1717758178711,81.08000183105469
2012-09-07,69.68450927734375,80.25
2012-09-10,69.37022399902344,80.36000061035156
2012-09-11,69.51911163330078,79.86000061035156
2012-09-12,69.87471771240234,79.73999786376953
2012-09-13,70.79271697998047,79.26000213623047
2012-09-14,71.45433807373047,78.8499984741211
2012-09-17,71.1235122680664,79.01000213623047
2012-09-18,70.89198303222656,79.25
2012-09-19,70.7679443359375,79.05999755859375
2012-09-20,70.45365142822266,79.41000366210938
2012-09-21,70.70999908447266,79.33000183105469
2012-09-24,70.47920227050781,79.5199966430664
2012-09-25,69.46631622314453,79.55000305175781
2012-09-26,69.02628326416016,79.88999938964844
2012-09-27,69.77352142333984,79.55000305175781
2012-09-28,69.27534484863281,79.94000244140625
2012-10-01,69.50782775878906,79.81999969482422
2012-10-02,69.64065551757812,79.73999786376953
2012-10-03,69.44139862060547,79.97000122070312
2012-10-04,69.91465759277344,79.3499984741211
2012-10-05,69.83164978027344,79.33999633789062
2012-10-08,69.39156341552734,79.54000091552734
2012-10-09,68.57795715332031,79.94999694824219
2012-10-10,68.47003173828125,79.91999816894531
2012-10-11,68.71908569335938,79.77999877929688
2012-10-12,68.16282653808594,79.69000244140625
2012-10-15,68.61115264892578,79.73999786376953
2012-10-16,69.11761474609375,79.37000274658203
2012-10-17,69.74030303955078,79.0199966430664
2012-10-18,69.35838317871094,79.37000274658203
2012-10-19,67.95527648925781,79.63999938964844
2012-10-22,67.93865966796875,79.6500015258789
2012-10-23,67.59828186035156,79.9800033569336
2012-10-24,67.4156265258789,79.97000122070312
2012-10-25,67.68962097167969,80.04000091552734
2012-10-26,67.36579132080078,80.06999969482422
2012-10-31,67.77261352539062,79.91999816894531
2012-11-01,68.48661041259766,80.05000305175781
2012-11-02,67.40731048583984,80.58999633789062
2012-11-05,67.85565185546875,80.75
2012-11-06,68.36207580566406,80.61000061035156
2012-11-07,66.70160675048828,80.76000213623047
2012-11-08,65.7634506225586,80.79000091552734
2012-11-09,65.90457153320312,81.02999877929688
2012-11-12,65.713623046875,81.04000091552734
2012-11-13,65.34001159667969,81.08000183105469
2012-11-14,64.12783813476562,81.05999755859375
2012-11-15,63.79574966430664,81.08000183105469
2012-11-16,64.32711791992188,81.26000213623047
2012-11-19,65.6886978149414,80.87000274658203
2012-11-20,65.8049545288086,80.95999908447266
2012-11-21,66.15364837646484,80.93000030517578
2012-11-23,66.80956268310547,80.19000244140625
2012-11-26,67.02542114257812,80.25
2012-11-27,66.94235229492188,80.4000015258789
2012-11-28,67.50695037841797,80.33999633789062
2012-11-29,68.27906799316406,80.19999694824219
2012-11-30,68.1462173461914,80.1500015258789
2012-12-03,68.07148742675781,79.87999725341797
2012-12-04,68.1545181274414,79.63999938964844
2012-12-05,68.07148742675781,79.7699966430664
2012-12-06,68.179443359375,80.26000213623047
2012-12-07,68.229248046875,80.41999816894531
2012-12-10,68.52816009521484,80.33000183105469
2012-12-11,69.25045013427734,80.05999755859375
2012-12-12,68.86026000976562,79.88999938964844
2012-12-13,68.42021942138672,79.93000030517578
2012-12-14,68.37870788574219,79.5999984741211
2012-12-17,69.3417739868164,79.56999969482422
2012-12-18,70.28826904296875,79.36000061035156
2012-12-19,70.44486236572266,79.25
2012-12-20,70.79660034179688,79.26000213623047
2012-12-21,70.50347900390625,79.62000274658203
2012-12-24,70.16016387939453,79.63999938964844
2012-12-26,69.65766906738281,79.62000274658203
2012-12-27,69.60741424560547,79.62000274658203
2012-12-28,69.11332702636719,79.68000030517578
2012-12-31,70.61231994628906,79.7699966430664
2013-01-02,72.6891860961914,79.8499984741211
2013-01-03,72.52166748046875,80.43000030517578
2013-01-04,73.05762481689453,80.5
2013-01-07,72.78129577636719,80.26000213623047
2013-01-08,72.7310562133789,80.3499984741211
2013-01-09,73.0827407836914,80.55999755859375
2013-01-10,73.25022888183594,79.73999786376953
2013-01-11,73.1413803100586,79.55999755859375
2013-01-14,73.18328094482422,79.48999786376953
2013-01-15,73.50150299072266,79.77999877929688
2013-01-16,73.28378295898438,79.80000305175781
2013-01-17,73.96207427978516,79.6500015258789
2013-01-18,74.17142486572266,80.05000305175781
2013-01-22,74.70735168457031,79.87000274658203
2013-01-23,74.53154754638672,79.91999816894531
2013-01-24,74.77440643310547,79.94999694824219
2013-01-25,75.3187255859375,79.75
2013-01-28,75.36898040771484,79.77999877929688
2013-01-29,75.41082000732422,79.55999755859375
2013-01-30,74.50637817382812,79.27999877929688
2013-01-31,75.0172348022461,79.20999908447266
2013-02-01,75.67881774902344,79.12999725341797
2013-02-04,74.76602172851562,79.55000305175781
2013-02-05,75.43595886230469,79.48999786376953
2013-02-06,75.7541732788086,79.72000122070312
2013-02-07,75.50297546386719,80.19000244140625
2013-02-08,76.03890228271484,80.25
2013-02-11,75.95516204833984,80.30999755859375
2013-02-12,76.29013061523438,80.11000061035156
2013-02-13,76.60836791992188,80.08999633789062
2013-02-14,76.80094909667969,80.45999908447266
2013-02-15,76.82608795166016,80.58000183105469
2013-02-19,77.50439453125,80.47000122070312
2013-02-20,76.06401824951172,81.08999633789062
2013-02-21,75.32709503173828,81.45999908447266
2013-02-22,76.23151397705078,81.4800033569336
2013-02-25,74.54825592041016,81.66999816894531
2013-02-26,74.84136199951172,81.87000274658203
2013-02-27,75.62855529785156,81.5999984741211
2013-02-28,75.77091217041016,81.9800033569336
2013-03-01,76.11426544189453,82.30999755859375
2013-03-04,76.3152847290039,82.22000122070312
2013-03-05,77.20294952392578,82.08999633789062
2013-03-06,77.4039077758789,82.45999908447266
2013-03-07,77.77239990234375,82.08000183105469
2013-03-08,78.4925765991211,82.69999694824219
2013-03-11,78.46747589111328,82.56999969482422
2013-03-12,78.30834197998047,82.58000183105469
2013-03-13,78.60147094726562,82.88999938964844
2013-03-14,79.38864135742188,82.61000061035156
2013-03-15,79.34679412841797,82.26000213623047
2013-03-18,78.91128540039062,82.69000244140625
2013-03-19,78.57635498046875,82.98999786376953
2013-03-20,79.30487060546875,82.77999877929688
2013-03-21,78.6098403930664,82.80000305175781
2013-03-22,78.85270690917969,82.52999877929688
2013-03-25,78.89801025390625,82.87000274658203
2013-03-26,79.14995574951172,82.87999725341797
2013-03-27,79.20036315917969,83.20999908447266
2013-03-28,79.30111694335938,82.98999786376953
2013-04-01,78.2345962524414,82.7300033569336
2013-04-02,77.74752044677734,82.94000244140625
2013-04-03,76.52982330322266,82.72000122070312
2013-04-04,77.18486785888672,82.68000030517578
2013-04-05,77.03374481201172,82.5
2013-04-08,77.67192077636719,82.75
2013-04-09,77.44520568847656,82.30999755859375
2013-04-10,78.84764099121094,82.52999877929688
2013-04-11,78.95679473876953,82.25
2013-04-12,78.63770294189453,82.30999755859375
2013-04-15,75.67324829101562,82.41999816894531
2013-04-16,76.9832992553711,81.75
2013-04-17,75.64807891845703,82.66000366210938
2013-04-18,75.2281723022461,82.55000305175781
2013-04-19,76.09314727783203,82.70999908447266
2013-04-22,76.31149291992188,82.68000030517578
2013-04-23,77.52082061767578,83.02999877929688
2013-04-24,77.92390441894531,82.93000030517578
2013-04-25,78.4361343383789,82.73999786376953
2013-04-26,78.0162353515625,82.4800033569336
2013-04-29,78.57891845703125,82.1500015258789
2013-04-30,79.02401733398438,81.7300033569336
2013-05-01,77.1092758178711,81.63999938964844
2013-05-02,78.33538818359375,82.20999908447266
2013-05-03,79.57826232910156,82.0999984741211
2013-05-06,80.09051513671875,82.31999969482422
2013-05-07,80.74555969238281,82.30000305175781
2013-05-08,80.98068237304688,81.9000015258789
2013-05-09,80.70356750488281,82.79000091552734
2013-05-10,81.31661224365234,83.13999938964844
2013-05-13,81.25785064697266,83.26000213623047
2013-05-14,82.29918670654297,83.56999969482422
2013-05-15,82.4671401977539,83.83000183105469
2013-05-16,82.25716400146484,83.7699966430664
2013-05-17,83.1809310913086,84.27999877929688
2013-05-20,83.31529235839844,83.80999755859375
2013-05-21,83.33212280273438,83.86000061035156
2013-05-22,82.11442565917969,84.25
2013-05-23,82.2151870727539,83.80000305175781
2013-05-24,82.19840240478516,83.69999694824219
2013-05-28,83.26493072509766,84.13999938964844
2013-05-29,82.49234008789062,83.63999938964844
2013-05-30,83.04657745361328,83.01000213623047
2013-05-31,82.13121032714844,83.37999725341797
2013-06-03,82.9122314453125,82.68000030517578
2013-06-04,82.03043365478516,82.7699966430664
2013-06-05,80.98068237304688,82.56999969482422
2013-06-06,81.83729553222656,81.5199966430664
2013-06-07,82.4671401977539,81.69000244140625
2013-06-10,82.97099304199219,81.6500015258789
2013-06-11,82.0724105834961,81.05999755859375
2013-06-12,81.25785064697266,80.95999908447266
2013-06-13,82.69385528564453,80.62000274658203
2013-06-14,82.05561828613281,80.66999816894531
2013-06-17,82.5931167602539,80.56999969482422
2013-06-18,83.5672378540039,80.62000274658203
2013-06-19,82.54270935058594,81.43000030517578
2013-06-20,80.3592758178711,81.83999633789062
2013-06-21,80.59442901611328,82.31999969482422
2013-06-24,79.53627014160156,82.43000030517578
2013-06-25,80.30047607421875,82.58000183105469
2013-06-26,80.67837524414062,82.94999694824219
2013-06-27,81.92964935302734,82.91000366210938
2013-06-28,81.45935821533203,83.16999816894531
2013-07-01,82.78623962402344,82.9800033569336
2013-07-02,82.72718048095703,83.54000091552734
2013-07-03,82.89591979980469,83.2300033569336
2013-07-05,84.06832885742188,84.41999816894531
2013-07-08,84.40572357177734,84.19999694824219
2013-07-09,85.19012451171875,84.58000183105469
2013-07-10,85.42626953125,84.04000091552734
2013-07-11,86.4300308227539,82.75
2013-07-12,86.60713958740234,82.98999786376953
2013-07-15,87.36628723144531,83.04000091552734
2013-07-16,86.92764282226562,82.43000030517578
2013-07-17,87.26506042480469,82.70999908447266
2013-07-18,87.8470458984375,82.81999969482422
2013-07-19,87.98199462890625,82.58000183105469
2013-07-22,88.16754913330078,82.22000122070312
2013-07-23,88.10851287841797,82.01000213623047
2013-07-24,87.37471008300781,82.30000305175781
2013-07-25,88.17598724365234,81.97000122070312
2013-07-26,87.82176971435547,81.62000274658203
2013-07-29,87.20600128173828,81.66000366210938
2013-07-30,87.28192901611328,81.83000183105469
2013-07-31,87.43375396728516,81.44999694824219
2013-08-01,88.62300872802734,82.33999633789062
2013-08-02,88.69892120361328,81.91000366210938
2013-08-05,89.00257873535156,81.87999725341797
2013-08-06,88.10851287841797,81.5999984741211
2013-08-07,87.48433685302734,81.29000091552734
2013-08-08,87.8470458984375,81.01000213623047
2013-08-09,87.7542495727539,81.12999725341797
2013-08-12,88.21818542480469,81.33000183105469
2013-08-13,88.1000747680664,81.7300033569336
2013-08-14,87.7542495727539,81.69999694824219
2013-08-15,86.12641906738281,81.12999725341797
2013-08-16,85.7636947631836,81.26000213623047
2013-08-19,84.89493560791016,81.2300033569336
2013-08-20,86.11792755126953,80.91000366210938
2013-08-21,85.59500885009766,81.31999969482422
2013-08-22,86.8011474609375,81.48999786376953
2013-08-23,87.02044677734375,81.33999633789062
2013-08-26,87.02886199951172,81.37000274658203
2013-08-27,84.98770141601562,81.16999816894531
2013-08-28,85.15638732910156,81.41999816894531
2013-08-29,86.00830841064453,81.94999694824219
2013-08-30,84.66716766357422,82.08999633789062
2013-09-03,85.24073791503906,82.36000061035156
2013-09-04,85.99141693115234,82.16999816894531
2013-09-05,86.12641906738281,82.62999725341797
2013-09-06,86.36251831054688,82.1500015258789
2013-09-09,87.66992950439453,81.79000091552734
2013-09-10,88.53023529052734,81.81999969482422
2013-09-11,88.57242584228516,81.5199966430664
2013-09-12,87.92296600341797,81.48999786376953
2013-09-13,88.40373229980469,81.44999694824219
2013-09-16,88.59773254394531,81.25
2013-09-17,89.4749526977539,81.16999816894531
2013-09-18,90.32685089111328,80.23999786376953
2013-09-19,90.23407745361328,80.36000061035156
2013-09-20,89.90510559082031,80.44000244140625
2013-09-23,89.91352844238281,80.44999694824219
2013-09-24,90.21208190917969,80.55999755859375
2013-09-25,90.04290771484375,80.33000183105469
2013-09-26,90.54192352294922,80.5199966430664
2013-09-27,90.13597106933594,80.2699966430664
2013-09-30,90.16133880615234,80.22000122070312
2013-10-01,91.21000671386719,80.0999984741211
2013-10-02,90.837890625,79.87999725341797
2013-10-03,89.9076156616211,79.7699966430664
2013-10-04,90.5080795288086,80.12000274658203
2013-10-07,89.45091247558594,79.94000244140625
2013-10-08,88.00477600097656,80.05999755859375
2013-10-09,87.64957427978516,80.37000274658203
2013-10-10,89.76385498046875,80.41999816894531
2013-10-11,91.06621551513672,80.36000061035156
2013-10-14,91.52293395996094,80.26000213623047
2013-10-15,90.62644958496094,80.4800033569336
2013-10-16,91.75126647949219,80.5
2013-10-17,92.55469512939453,79.6500015258789
2013-10-18,93.61183166503906,79.63999938964844
2013-10-21,93.42578125,79.68000030517578
2013-10-22,93.6710433959961,79.23999786376953
2013-10-23,93.35810852050781,79.26000213623047
2013-10-24,93.85708618164062,79.19000244140625
2013-10-25,93.94169616699219,79.18000030517578
2013-10-28,93.89937591552734,79.25
2013-10-29,94.17000579833984,79.62999725341797
2013-10-30,92.88455200195312,79.75
2013-10-31,92.34326934814453,80.19999694824219
2013-11-01,91.94579315185547,80.7300033569336
2013-11-04,93.00292205810547,80.55000305175781
2013-11-05,92.68157196044922,80.70999908447266
2013-11-06,92.2840805053711,80.4800033569336
2013-11-07,90.72795104980469,80.81999969482422
2013-11-08,92.37710571289062,81.20999908447266
2013-11-11,92.50396728515625,81.08999633789062
2013-11-12,92.58009338378906,81.19000244140625
2013-11-13,93.46805572509766,80.93000030517578
2013-11-14,93.37503051757812,80.9800033569336
2013-11-15,93.73023986816406,80.83999633789062
2013-11-18,93.07056427001953,80.83000183105469
2013-11-19,92.49551391601562,80.69999694824219
2013-11-20,92.461669921875,81.11000061035156
2013-11-21,94.12772369384766,81.05000305175781
2013-11-22,94.59286499023438,80.70999908447266
2013-11-25,94.71124267578125,80.91999816894531
2013-11-26,95.4132080078125,80.61000061035156
2013-11-27,95.94600677490234,80.73999786376953
2013-11-29,95.9967269897461,80.68000030517578
2013-12-02,95.03263092041016,80.91000366210938
2013-12-03,94.57596588134766,80.62000274658203
2013-12-04,94.32225036621094,80.62999725341797
2013-12-05,94.38990020751953,80.2699966430664
2013-12-06,95.12567138671875,80.2699966430664
2013-12-09,95.10028839111328,80.12999725341797
2013-12-10,94.23766326904297,79.97000122070312
2013-12-11,92.69000244140625,79.88999938964844
2013-12-12,92.89298248291016,80.19999694824219
2013-12-13,93.19742584228516,80.20999908447266
2013-12-16,94.30534362792969,80.06999969482422
2013-12-17,94.17000579833984,80.05999755859375
2013-12-18,95.46394348144531,80.11000061035156
2013-12-19,94.7535629272461,80.62999725341797
2013-12-20,96.35196685791016,80.58000183105469
2013-12-23,97.44456481933594,80.44999694824219
2013-12-24,97.8181381225586,80.52999877929688
2013-12-26,97.82657623291016,80.4800033569336
2013-12-27,97.7671890258789,80.38999938964844
2013-12-30,97.7077407836914,80.0
2013-12-31,97.93697357177734,80.04000091552734
2014-01-02,96.8757553100586,80.62999725341797
2014-01-03,97.36815643310547,80.79000091552734
2014-01-06,96.57859802246094,80.6500015258789
2014-01-07,97.38512420654297,80.83000183105469
2014-01-08,97.51248168945312,81.04000091552734
2014-01-09,97.53799438476562,81.01000213623047
2014-01-10,98.07280731201172,80.66000366210938
2014-01-13,96.7314224243164,80.51000213623047
2014-01-14,97.91998291015625,80.61000061035156
2014-01-15,98.65010070800781,81.0
2014-01-16,98.76893615722656,80.9000015258789
2014-01-17,98.42088317871094,81.26000213623047
2014-01-21,99.00666809082031,81.0999984741211
2014-01-22,99.5075454711914,81.16999816894531
2014-01-23,98.83687591552734,80.44000244140625
2014-01-24,96.3154296875,80.45999908447266
2014-01-27,94.9061279296875,80.5
2014-01-28,95.907958984375,80.56999969482422
2014-01-29,94.52411651611328,80.51000213623047
2014-01-30,95.93341064453125,81.08999633789062
2014-01-31,95.22029113769531,81.2699966430664
2014-02-03,92.24038696289062,81.01000213623047
2014-02-04,92.93653869628906,81.12000274658203
2014-02-05,92.24038696289062,81.02999877929688
2014-02-06,92.97048950195312,80.88999938964844
2014-02-07,94.02323150634766,80.69000244140625
2014-02-10,94.26943969726562,80.66999816894531
2014-02-11,95.10989379882812,80.62999725341797
2014-02-12,95.48342895507812,80.68000030517578
2014-02-13,96.69749450683594,80.29000091552734
2014-02-14,96.83329772949219,80.12999725341797
2014-02-18,97.84358215332031,80.01000213623047
2014-02-19,96.84181213378906,80.16999816894531
2014-02-20,97.88606262207031,80.29000091552734
2014-02-21,98.19165802001953,80.23999786376953
2014-02-24,98.91328430175781,80.20999908447266
2014-02-25,99.0151596069336,80.1500015258789
2014-02-26,99.62642669677734,80.41000366210938
2014-02-27,100.16974639892578,80.29000091552734
2014-02-28,99.77073669433594,79.77999877929688
2014-03-03,99.23590087890625,80.06999969482422
2014-03-04,101.73184204101562,80.16000366210938
2014-03-05,101.67243194580078,80.11000061035156
2014-03-06,101.65543365478516,79.68000030517578
2014-03-07,101.62149810791016,79.72000122070312
2014-03-10,101.28189849853516,79.75
2014-03-11,100.22918701171875,79.7699966430664
2014-03-12,100.53482818603516,79.61000061035156
2014-03-13,99.3717041015625,79.62000274658203
2014-03-14,99.78772735595703,79.44000244140625
2014-03-17,100.22918701171875,79.38999938964844
2014-03-18,101.68940734863281,79.41000366210938
2014-03-19,101.0272216796875,79.98999786376953
2014-03-20,101.16305541992188,80.20999908447266
2014-03-21,100.69612121582031,80.11000061035156
2014-03-24,99.55001831054688,79.93000030517578
2014-03-25,99.5261459350586,79.94000244140625
2014-03-26,97.61957550048828,79.9800033569336
2014-03-27,97.37273406982422,80.11000061035156
2014-03-28,97.27910614013672,80.18000030517578
2014-03-31,99.02397155761719,80.0999984741211
2014-04-01,100.3262710571289,80.08000183105469
2014-04-02,100.77738189697266,80.22000122070312
2014-04-03,99.7559814453125,80.47000122070312
2014-04-04,97.44935607910156,80.41999816894531
2014-04-07,96.02790069580078,80.22000122070312
2014-04-08,96.70030975341797,79.75
2014-04-09,98.0962142944336,79.4800033569336
2014-04-10,95.29590606689453,79.37999725341797
2014-04-11,93.97660827636719,79.44999694824219
2014-04-14,94.24048614501953,79.7300033569336
2014-04-15,94.60643768310547,79.80000305175781
2014-04-16,95.6363754272461,79.81999969482422
2014-04-17,96.1130142211914,79.83000183105469
2014-04-21,96.5641098022461,79.94999694824219
2014-04-22,97.56001281738281,79.91000366210938
2014-04-23,96.94719696044922,79.86000061035156
2014-04-24,96.70030975341797,79.80000305175781
2014-04-25,94.99800109863281,79.7699966430664
2014-04-28,94.44474029541016,79.68000030517578
2014-04-29,94.68307495117188,79.80999755859375
2014-04-30,95.31293487548828,79.48999786376953
2014-05-01,95.2789077758789,79.52999877929688
2014-05-02,95.35548400878906,79.5199966430664
2014-05-05,95.23629760742188,79.48999786376953
2014-05-06,93.68721771240234,79.13999938964844
2014-05-07,93.74679565429688,79.22000122070312
2014-05-08,92.80199432373047,79.43000030517578
2014-05-09,93.65316009521484,79.9000015258789
2014-05-12,95.78105926513672,79.9000015258789
2014-05-13,94.84480285644531,80.13999938964844
2014-05-14,93.30419158935547,80.06999969482422
2014-05-15,92.67433166503906,80.0
2014-05-16,93.26163482666016,80.04000091552734
2014-05-19,94.26600646972656,79.98999786376953
2014-05-20,92.82752227783203,80.04000091552734
2014-05-21,93.30419158935547,80.0999984741211
2014-05-22,94.27449798583984,80.25
2014-05-23,95.30443572998047,80.38999938964844
2014-05-27,96.67475891113281,80.3499984741211
2014-05-28,96.17259216308594,80.56999969482422
2014-05-29,96.49604034423828,80.48999786376953
2014-05-30,96.06192016601562,80.37000274658203
2014-06-02,95.54273223876953,80.63999938964844
2014-06-03,95.31293487548828,80.55000305175781
2014-06-04,95.68745422363281,80.66999816894531
2014-06-05,97.69618225097656,80.37000274658203
2014-06-06,98.6324691772461,80.41000366210938
2014-06-09,99.50065612792969,80.6500015258789
2014-06-10,99.30490112304688,80.81999969482422
2014-06-11,98.8197250366211,80.79000091552734
2014-06-12,98.21536254882812,80.58000183105469
2014-06-13,98.38561248779297,80.58000183105469
2014-06-16,98.8622817993164,80.47000122070312
2014-06-17,99.56021118164062,80.62999725341797
2014-06-18,100.23263549804688,80.58000183105469
2014-06-19,100.3177490234375,80.31999969482422
2014-06-20,100.64968872070312,80.37000274658203
2014-06-23,100.45393371582031,80.26000213623047
2014-06-24,99.3814468383789,80.33000183105469
2014-06-25,100.22412872314453,80.22000122070312
2014-06-26,100.05388641357422,80.2300033569336
2014-06-27,100.72630310058594,80.04000091552734
2014-06-30,101.12635040283203,79.77999877929688
2014-07-01,102.15624237060547,79.81999969482422
2014-07-02,101.76235961914062,79.95999908447266
2014-07-03,102.3775634765625,80.20999908447266
2014-07-07,100.62598419189453,80.22000122070312
2014-07-08,99.40412902832031,80.18000030517578
2014-07-09,99.53228759765625,79.98999786376953
2014-07-10,98.47281646728516,80.12999725341797
2014-07-11,98.34468078613281,80.19000244140625
2014-07-14,98.84876251220703,80.19000244140625
2014-07-15,97.87471008300781,80.38999938964844
2014-07-16,97.60986328125,80.55999755859375
2014-07-17,96.10602569580078,80.5199966430664
2014-07-18,97.601318359375,80.5199966430664
2014-07-21,97.20825958251953,80.55999755859375
2014-07-22,98.02851867675781,80.77999877929688
2014-07-23,98.14815521240234,80.80999755859375
2014-07-24,97.95160675048828,80.87000274658203
2014-07-25,97.06300354003906,81.02999877929688
2014-07-28,96.57598876953125,81.02999877929688
2014-07-29,96.84083557128906,81.20999908447266
2014-07-30,97.22535705566406,81.41999816894531
2014-07-31,95.00386810302734,81.45999908447266
2014-08-01,94.56808471679688,81.30000305175781
2014-08-04,95.40544128417969,81.33000183105469
2014-08-05,95.16617584228516,81.5199966430664
2014-08-06,95.46522521972656,81.44000244140625
2014-08-07,95.00386810302734,81.5199966430664
2014-08-08,95.9266128540039,81.38999938964844
2014-08-11,96.84083557128906,81.47000122070312
2014-08-12,96.17442321777344,81.5
2014-08-13,96.92630004882812,81.5999984741211
2014-08-14,97.07156372070312,81.58999633789062
2014-08-15,96.88358306884766,81.41999816894531
2014-08-18,98.29340362548828,81.58000183105469
2014-08-19,98.63517761230469,81.87999725341797
2014-08-20,98.21648406982422,82.25
2014-08-21,98.43010711669922,82.1500015258789
2014-08-22,98.43862915039062,82.33999633789062
2014-08-25,98.90001678466797,82.55000305175781
2014-08-26,99.79718017578125,82.6500015258789
2014-08-27,99.54939270019531,82.43000030517578
2014-08-28,99.03677368164062,82.4800033569336
2014-08-29,99.59210205078125,82.75
2014-09-02,100.1389389038086,82.98999786376953
2014-09-03,99.50666809082031,82.87000274658203
2014-09-04,99.12220764160156,83.81999969482422
2014-09-05,99.43829345703125,83.76000213623047
2014-09-08,99.59210205078125,84.2300033569336
2014-09-09,98.41302490234375,84.27999877929688
2014-09-10,98.9939956665039,84.25
2014-09-11,99.63484954833984,84.30000305175781
2014-09-12,98.57533264160156,84.23999786376953
2014-09-15,97.4987564086914,84.26000213623047
2014-09-16,97.77218627929688,84.06999969482422
2014-09-17,98.02851867675781,84.69999694824219
2014-09-18,98.62662506103516,84.31999969482422
2014-09-19,97.379150390625,84.80000305175781
2014-09-22,96.01206970214844,84.66999816894531
2014-09-23,95.11491394042969,84.66000366210938
2014-09-24,95.9759521484375,85.05000305175781
2014-09-25,94.3566665649414,85.19999694824219
2014-09-26,95.20489501953125,85.63999938964844
2014-09-29,95.12776947021484,85.58999633789062
2014-09-30,93.68836212158203,85.94000244140625
2014-10-01,92.36038970947266,85.97000122070312
2014-10-02,93.24288177490234,85.5999984741211
2014-10-03,93.94540405273438,86.69000244140625
2014-10-06,93.14005279541016,85.70999908447266
2014-10-07,91.60639953613281,85.66999816894531
2014-10-08,93.36280059814453,85.30000305175781
2014-10-09,90.84387969970703,85.5199966430664
2014-10-10,89.7386474609375,85.91000366210938
2014-10-13,89.3787841796875,85.43000030517578
2014-10-14,90.42408752441406,85.81999969482422
2014-10-15,91.33222961425781,85.1500015258789
2014-10-16,92.36038970947266,85.0
2014-10-17,92.08621215820312,85.19000244140625
2014-10-20,93.16573333740234,84.94999694824219
2014-10-21,94.69935607910156,85.30999755859375
2014-10-22,93.3456802368164,85.73999786376953
2014-10-23,94.99927520751953,85.83999633789062
2014-10-24,95.16203308105469,85.7300033569336
2014-10-27,95.11062622070312,85.5
2014-10-28,97.81808471679688,85.41000366210938
2014-10-29,97.58672332763672,85.94999694824219
2014-10-30,98.41778564453125,86.1500015258789
2014-10-31,99.86573028564453,86.87999725341797
2014-11-03,99.69438171386719,87.30999755859375
2014-11-04,99.23171997070312,86.9800033569336
2014-11-05,99.41163635253906,87.44000244140625
2014-11-06,99.84002685546875,88.01000213623047
2014-11-07,99.99424743652344,87.63999938964844
2014-11-10,100.4911880493164,87.80999755859375
2014-11-11,100.55974578857422,87.52999877929688
2014-11-12,101.0138168334961,87.81999969482422
2014-11-13,100.15703582763672,87.66999816894531
2014-11-14,99.97708892822266,87.52999877929688
2014-11-17,99.14604187011719,87.93000030517578
2014-11-18,99.7200927734375,87.58000183105469
2014-11-19,98.65767669677734,87.6500015258789
2014-11-20,99.76290893554688,87.58999633789062
2014-11-21,99.88287353515625,88.30999755859375
2014-11-24,101.07378387451172,88.1500015258789
2014-11-25,101.15088653564453,87.91999816894531
2014-11-26,101.48504638671875,87.61000061035156
2014-11-28,99.97708892822266,88.36000061035156
2014-12-01,98.41778564453125,87.94999694824219
2014-12-02,99.60012817382812,88.6500015258789
2014-12-03,100.55974578857422,88.95999908447266
2014-12-04,100.07992553710938,88.69999694824219
2014-12-05,100.83390808105469,89.33000183105469
2014-12-08,99.57444763183594,89.04000091552734
2014-12-09,101.2451400756836,88.69000244140625
2014-12-10,99.09465789794922,88.2699966430664
2014-12-11,99.4887466430664,88.66000366210938
2014-12-12,98.28067779541016,88.36000061035156
2014-12-15,97.28687286376953,88.45999908447266
2014-12-16,97.14974212646484,88.12999725341797
2014-12-17,100.14847564697266,89.12999725341797
2014-12-18,101.63923645019531,89.23999786376953
2014-12-19,101.87060546875,89.5999984741211
2014-12-22,102.5645751953125,89.7699966430664
2014-12-23,102.69308471679688,90.05999755859375
2014-12-24,102.9897689819336,89.97000122070312
2014-12-26,103.66055297851562,90.02999877929688
2014-12-29,104.09910583496094,90.19000244140625
2014-12-30,103.48855590820312,89.98999786376953
2014-12-31,102.86937713623047,90.2699966430664
2015-01-02,102.27600860595703,91.08000183105469
2015-01-05,100.90864562988281,91.37999725341797
2015-01-06,99.16291809082031,91.5
2015-01-07,100.38407897949219,91.88999938964844
2015-01-08,102.08682250976562,92.37000274658203
2015-01-09,101.10646057128906,91.94000244140625
2015-01-12,100.77106475830078,91.9800033569336
2015-01-13,100.84845733642578,92.30999755859375
2015-01-14,100.44426727294922,92.16000366210938
2015-01-15,98.75013732910156,92.3499984741211
2015-01-16,100.35829162597656,92.5199966430664
2015-01-20,99.93692779541016,93.05000305175781
2015-01-21,99.61870574951172,92.9000015258789
2015-01-22,101.64820861816406,94.23999786376953
2015-01-23,101.5794448852539,95.0
2015-01-26,102.5597915649414,94.80000305175781
2015-01-27,102.06961822509766,94.0199966430664
2015-01-28,100.34969329833984,94.47000122070312
2015-01-29,101.73421478271484,94.77999877929688
2015-01-30,99.4983139038086,94.80000305175781
2015-02-02,100.40987396240234,94.5
2015-02-03,102.20719909667969,93.5999984741211
2015-02-04,101.82884216308594,93.98999786376953
2015-02-05,103.14457702636719,94.69999694824219
2015-02-06,103.03276824951172,94.69999694824219
2015-02-09,102.21581268310547,94.44999694824219
2015-02-10,102.86937713623047,94.76000213623047
2015-02-11,102.72318267822266,94.98999786376953
2015-02-12,103.8927230834961,94.08999633789062
2015-02-13,104.5119400024414,94.19999694824219
2015-02-17,104.83871459960938,94.05999755859375
2015-02-18,104.95050048828125,94.19999694824219
2015-02-19,104.95907592773438,94.4000015258789
2015-02-20,105.24290466308594,94.25
2015-02-23,105.34608459472656,94.56999969482422
2015-02-24,105.48368072509766,94.48999786376953
2015-02-25,105.60406494140625,94.20999908447266
2015-02-26,105.9910659790039,95.29000091552734
2015-02-27,105.41488647460938,95.25
2015-03-02,106.18025207519531,95.45999908447266
2015-03-03,105.55249786376953,95.37999725341797
2015-03-04,105.22572326660156,95.97000122070312
2015-03-05,105.53526306152344,96.37999725341797
2015-03-06,104.20232391357422,97.62000274658203
2015-03-09,104.65811920166016,97.58999633789062
2015-03-10,103.45414733886719,98.62000274658203
2015-03-11,104.09053039550781,99.80000305175781
2015-03-12,105.81908416748047,99.1500015258789
2015-03-13,105.4406967163086,100.33000183105469
2015-03-16,106.05986022949219,99.5999984741211
2015-03-17,106.34365844726562,99.58999633789062
2015-03-18,107.1950454711914,98.55000305175781
2015-03-19,107.40140533447266,99.0999984741211
2015-03-20,108.34738159179688,97.91000366210938
2015-03-23,108.25279235839844,97.02999877929688
2015-03-24,108.22699737548828,97.19000244140625
2015-03-25,105.64178466796875,96.9800033569336
2015-03-26,105.51241302490234,97.44000244140625
2015-03-27,106.18523406982422,97.29000091552734
2015-03-30,107.62576293945312,97.9800033569336
2015-03-31,107.28070831298828,98.36000061035156
2015-04-01,107.32386779785156,98.19000244140625
2015-04-02,107.52227020263672,97.44000244140625
2015-04-06,107.99665832519531,97.11000061035156
2015-04-07,107.30659484863281,97.83000183105469
2015-04-08,108.22956848144531,98.06999969482422
2015-04-09,107.84139251708984,99.16000366210938
2015-04-10,108.35897064208984,99.38999938964844
2015-04-13,108.42796325683594,99.48999786376953
2015-04-14,108.40208435058594,98.76000213623047
2015-04-15,109.16120910644531,98.33000183105469
2015-04-16,109.10079193115234,97.41999816894531
2015-04-17,107.33245086669922,97.5199966430664
2015-04-20,108.38484191894531,97.94000244140625
2015-04-21,108.27268981933594,97.9800033569336
2015-04-22,108.43659210205078,98.0199966430664
2015-04-23,108.92826080322266,97.27999877929688
2015-04-24,108.56598663330078,96.91999816894531
2015-04-27,107.36698150634766,96.7699966430664
2015-04-28,107.96216583251953,96.08999633789062
2015-04-29,106.7890396118164,95.12000274658203
2015-04-30,104.52906036376953,94.5999984741211
2015-05-01,105.21046447753906,95.30000305175781
2015-05-04,105.59003448486328,95.4800033569336
2015-05-05,104.24439239501953,95.12999725341797
2015-05-06,104.60667419433594,94.12999725341797
2015-05-07,105.00350189208984,94.62000274658203
2015-05-08,105.7884521484375,94.79000091552734
2015-05-11,105.84883117675781,95.01000213623047
2015-05-12,105.65904998779297,94.52999877929688
2015-05-13,105.65904998779297,93.62000274658203
2015-05-14,106.78042602539062,93.36000061035156
2015-05-15,106.6596450805664,93.13999938964844
2015-05-18,107.86731719970703,94.19000244140625
2015-05-19,107.72062683105469,95.2699966430664
2015-05-20,107.9190444946289,95.44999694824219
2015-05-21,107.79830169677734,95.26000213623047
2015-05-22,107.33245086669922,96.01000213623047
2015-05-26,106.3060073852539,97.30000305175781
2015-05-27,107.60848999023438,97.37000274658203
2015-05-28,107.51362609863281,96.97000122070312
2015-05-29,106.86668395996094,96.91000366210938
2015-06-01,107.20309448242188,97.38999938964844
2015-06-02,107.4101333618164,95.83999633789062
2015-06-03,108.47972106933594,95.47000122070312
2015-06-04,107.3928451538086,95.45999908447266
2015-06-05,108.16920471191406,96.30999755859375
2015-06-08,107.66887664794922,95.30000305175781
2015-06-09,107.34111022949219,95.16999816894531
2015-06-10,108.67810821533203,94.6500015258789
2015-06-11,108.95414733886719,94.9800033569336
2015-06-12,108.62637329101562,94.97000122070312
2015-06-15,108.28134155273438,94.80999755859375
2015-06-16,109.04904174804688,95.0
2015-06-17,108.88514709472656,94.30000305175781
2015-06-18,110.3428955078125,94.04000091552734
2015-06-19,110.29115295410156,94.08999633789062
2015-06-22,111.05022430419922,94.33000183105469
2015-06-23,111.28314971923828,95.43000030517578
2015-06-24,110.3428955078125,95.26000213623047
2015-06-25,110.28256225585938,95.19000244140625
2015-06-26,109.98065185546875,95.47000122070312
2015-06-29,107.20309448242188,94.79000091552734
2015-06-30,107.7033920288086,95.48999786376953
2015-07-01,108.02252960205078,96.30999755859375
2015-07-02,107.22470092773438,96.11000061035156
2015-07-06,107.1900863647461,96.30000305175781
2015-07-07,107.31137084960938,96.87000274658203
2015-07-08,105.67415618896484,96.29000091552734
2015-07-09,106.05529022216797,96.61000061035156
2015-07-10,107.52789306640625,96.02999877929688
2015-07-13,108.74066925048828,96.86000061035156
2015-07-14,109.34703826904297,96.63999938964844
2015-07-15,108.76668548583984,97.12999725341797
2015-07-16,109.41635131835938,97.66000366210938
2015-07-17,108.93990325927734,97.86000061035156
2015-07-20,108.35084533691406,98.02999877929688
2015-07-21,107.83977508544922,97.33000183105469
2015-07-22,108.23822784423828,97.5999984741211
2015-07-23,107.04283142089844,97.12000274658203
2015-07-24,105.31898498535156,97.23999786376953
2015-07-27,104.4440689086914,96.5
2015-07-28,105.3363265991211,96.7699966430664
2015-07-29,105.63082885742188,96.9800033569336
2015-07-30,105.93402099609375,97.55999755859375
2015-07-31,106.51441955566406,97.37000274658203
2015-08-03,105.9859848022461,97.48999786376953
2015-08-04,105.73477935791016,97.93000030517578
2015-08-05,105.97732543945312,97.95999908447266
2015-08-06,104.5479965209961,97.83000183105469
2015-08-07,103.84632873535156,97.55999755859375
2015-08-10,105.0417709350586,97.16000366210938
2015-08-11,104.14088439941406,97.29000091552734
2015-08-12,103.94163513183594,96.26000213623047
2015-08-13,103.59515380859375,96.44999694824219
2015-08-14,104.26216888427734,96.56999969482422
2015-08-17,105.3623046875,96.81999969482422
2015-08-18,104.52201843261719,96.97000122070312
2015-08-19,103.43922424316406,96.45999908447266
2015-08-20,100.82313537597656,95.75
2015-08-21,99.64503479003906,94.83000183105469
2015-08-24,95.75555419921875,93.30999755859375
2015-08-25,95.01924896240234,94.52999877929688
2015-08-26,97.43608856201172,95.0999984741211
2015-08-27,99.1772232055664,95.61000061035156
2015-08-28,100.1561279296875,96.11000061035156
2015-08-31,99.79227447509766,95.94999694824219
2015-09-01,96.93363952636719,95.44999694824219
2015-09-02,98.6748046875,95.83000183105469
2015-09-03,98.51890563964844,96.41000366210938
2015-09-04,97.77391815185547,96.2300033569336
2015-09-08,100.00888061523438,95.87999725341797
2015-09-09,98.85673522949219,96.01000213623047
2015-09-10,99.30720520019531,95.45999908447266
2015-09-11,99.77496337890625,95.19000244140625
2015-09-14,99.31584167480469,95.25
2015-09-15,100.4333267211914,95.61000061035156
2015-09-16,101.299560546875,95.41999816894531
2015-09-17,101.64606475830078,94.55000305175781
2015-09-18,100.24272918701172,94.86000061035156
2015-09-21,100.06082153320312,95.88999938964844
2015-09-22,98.54486083984375,96.27999877929688
2015-09-23,98.25037384033203,96.06999969482422
2015-09-24,98.08577728271484,95.98999786376953
2015-09-25,96.79483795166016,96.2699966430664
2015-09-28,94.08436584472656,96.02999877929688
2015-09-29,93.41543579101562,95.88999938964844
2015-09-30,94.8662338256836,96.3499984741211
2015-10-01,94.70116424560547,96.19000244140625
2015-10-02,96.1084976196289,95.83000183105469
2015-10-05,98.40200805664062,96.11000061035156
2015-10-06,97.7243881225586,95.45999908447266
2015-10-07,99.45315551757812,95.5
2015-10-08,100.34796142578125,95.31999969482422
2015-10-09,100.54774475097656,94.80999755859375
2015-10-12,100.40006256103516,94.83999633789062
2015-10-13,99.02745819091797,94.76000213623047
2015-10-14,98.05449676513672,93.93000030517578
2015-10-15,100.40006256103516,94.37000274658203
2015-10-16,100.2697525024414,94.54000091552734
2015-10-19,100.4609146118164,94.95999908447266
2015-10-20,100.3218994140625,94.8499984741211
2015-10-21,98.79290771484375,95.05000305175781
2015-10-22,99.66165161132812,96.33999633789062
2015-10-23,100.64334869384766,97.06999969482422
2015-10-26,99.9570541381836,96.86000061035156
2015-10-27,98.86241912841797,96.91000366210938
2015-10-28,101.74664306640625,97.77999877929688
2015-10-29,100.66070556640625,97.27999877929688
2015-10-30,100.20027923583984,96.94999694824219
2015-11-02,102.28524017333984,96.93000030517578
2015-11-03,102.815185546875,97.16000366210938
2015-11-04,102.7630615234375,97.94999694824219
2015-11-05,102.84124755859375,97.94000244140625
2015-11-06,103.57099914550781,99.16000366210938
2015-11-09,102.35474395751953,98.9800033569336
2015-11-10,102.6587905883789,99.29000091552734
2015-11-11,101.7640151977539,99.01000213623047
2015-11-12,99.8180160522461,98.6500015258789
2015-11-13,99.09698486328125,98.98999786376953
2015-11-16,99.94835662841797,99.44000244140625
2015-11-17,99.56609344482422,99.62999725341797
2015-11-18,101.25147247314453,99.6500015258789
2015-11-19,100.8257827758789,98.98999786376953
2015-11-20,101.47732543945312,99.56999969482422
2015-11-23,101.981201171875,99.80000305175781
2015-11-24,102.72828674316406,99.52999877929688
2015-11-25,103.52752685546875,99.80000305175781
2015-11-27,103.91849517822266,100.0199966430664
2015-11-30,103.46674346923828,100.16999816894531
2015-12-01,104.15303802490234,99.80000305175781
2015-12-02,103.03235626220703,99.98999786376953
2015-12-03,101.29489135742188,97.62000274658203
2015-12-04,102.31999206542969,98.3499984741211
2015-12-07,100.78230285644531,98.66000366210938
2015-12-08,100.22634887695312,98.47000122070312
2015-12-09,99.10566711425781,97.3499984741211
2015-12-10,99.4358139038086,97.94000244140625
2015-12-11,97.22052001953125,97.56999969482422
2015-12-14,96.52552795410156,97.5999984741211
2015-12-15,97.91547393798828,98.22000122070312
2015-12-16,99.40972900390625,97.87000274658203
2015-12-17,98.34986877441406,99.2699966430664
2015-12-18,96.84693908691406,98.69999694824219
2015-12-21,97.57669067382812,98.45999908447266
2015-12-22,98.47146606445312,98.23999786376953
2015-12-23,99.71378326416016,98.33999633789062
2015-12-24,99.90223693847656,97.9800033569336
2015-12-28,99.4398193359375,97.91999816894531
2015-12-29,100.51300811767578,98.0999984741211
2015-12-30,99.50089263916016,98.2699966430664
2015-12-31,98.2619400024414,98.62999725341797
2016-01-04,95.98466491699219,98.87000274658203
2016-01-05,96.19410705566406,99.4000015258789
2016-01-06,94.72826385498047,99.18000030517578
2016-01-07,92.19800567626953,98.22000122070312
2016-01-08,90.61000061035156,98.54000091552734
2016-01-11,90.2174072265625,98.7300033569336
2016-01-12,90.48786163330078,98.97000122070312
2016-01-13,87.58242797851562,98.93000030517578
2016-01-14,88.79521942138672,99.08999633789062
2016-01-15,87.35557556152344,98.95999908447266
2016-01-19,86.17767333984375,98.98999786376953
2016-01-20,86.535400390625,99.08999633789062
2016-01-21,86.33473205566406,99.05999755859375
2016-01-22,88.44622802734375,99.56999969482422
2016-01-25,86.48309326171875,99.36000061035156
2016-01-26,88.21063995361328,99.36000061035156
2016-01-27,86.99783325195312,98.9000015258789
2016-01-28,86.98038482666016,98.51000213623047
2016-01-29,89.83350372314453,99.61000061035156
2016-02-01,89.42340850830078,99.0
2016-02-02,87.49517059326172,98.87000274658203
2016-02-03,87.60861206054688,97.29000091552734
2016-02-04,87.9488754272461,96.47000122070312
2016-02-05,85.5407485961914,97.02999877929688
2016-02-08,84.13604736328125,96.56999969482422
2016-02-09,83.56889343261719,96.06999969482422
2016-02-10,83.61251068115234,95.88999938964844
2016-02-11,82.70509338378906,95.55999755859375
2016-02-12,84.27564239501953,95.9800033569336
2016-02-16,86.27367401123047,96.87000274658203
2016-02-17,87.62606048583984,96.79000091552734
2016-02-18,87.20724487304688,96.94999694824219
2016-02-19,87.64350891113281,96.5999984741211
2016-02-22,88.62069702148438,97.37999725341797
2016-02-23,87.80928802490234,97.4800033569336
2016-02-24,88.65562438964844,97.45999908447266
2016-02-25,89.46703338623047,97.29000091552734
2016-02-26,90.0341796875,98.1500015258789
2016-02-29,89.6328125,98.20999908447266
2016-03-01,91.56105041503906,98.3499984741211
2016-03-02,92.5033950805664,98.20999908447266
2016-03-03,93.47186279296875,97.56999969482422
2016-03-04,93.98661804199219,97.33999633789062
2016-03-07,95.0074691772461,97.06999969482422
2016-03-08,92.71276092529297,97.20999908447266
2016-03-09,93.18395233154297,97.16999816894531
2016-03-10,92.42483520507812,96.06999969482422
2016-03-11,94.40541076660156,96.16999816894531
2016-03-14,94.16111755371094,96.62000274658203
2016-03-15,92.6953125,96.62999725341797
2016-03-16,93.34969329833984,95.88999938964844
2016-03-17,94.78063201904297,94.76000213623047
2016-03-18,95.63568878173828,94.98999786376953
2016-03-21,95.40884399414062,95.29000091552734
2016-03-22,95.29539489746094,95.6500015258789
2016-03-23,93.53374481201172,96.05000305175781
2016-03-24,93.81380462646484,96.13999938964844
2016-03-28,93.92757415771484,95.94000244140625
2016-03-29,96.53543090820312,95.16000366210938
2016-03-30,96.54419708251953,94.83999633789062
2016-03-31,96.81552124023438,94.58999633789062
2016-04-01,97.24433135986328,94.62000274658203
2016-04-04,96.43045806884766,94.51000213623047
2016-04-05,95.33654022216797,94.62999725341797
2016-04-06,96.41293334960938,94.43000030517578
2016-04-07,95.10899353027344,94.4800033569336
2016-04-08,95.48533630371094,94.23999786376953
2016-04-11,95.187744140625,93.94999694824219
2016-04-12,96.2116928100586,93.95999908447266
2016-04-13,98.28572082519531,94.73999786376953
2016-04-14,98.1632080078125,94.9000015258789
2016-04-15,98.40823364257812,94.69999694824219
2016-04-18,99.152099609375,94.48999786376953
2016-04-19,99.23084259033203,93.9800033569336
2016-04-20,99.3796157836914,94.48999786376953
2016-04-21,98.88079833984375,94.5999984741211
2016-04-22,99.8609390258789,95.12000274658203
2016-04-25,99.152099609375,94.83999633789062
2016-04-26,100.12348937988281,94.56999969482422
2016-04-27,100.4735107421875,94.38999938964844
2016-04-28,99.32711029052734,93.76000213623047
2016-04-29,98.43450164794922,93.08000183105469
2016-05-02,99.30962371826172,92.62999725341797
2016-05-03,97.68186950683594,92.94000244140625
2016-05-04,96.87675476074219,93.18000030517578
2016-05-05,96.49168395996094,93.77999877929688
2016-05-06,97.06053161621094,93.88999938964844
2016-05-09,97.3405990600586,94.1500015258789
2016-05-10,98.32072448730469,94.29000091552734
2016-05-11,97.1042709350586,93.81999969482422
2016-05-12,96.58796691894531,94.13999938964844
2016-05-13,95.9491195678711,94.61000061035156
2016-05-16,97.16555786132812,94.56999969482422
2016-05-17,95.62531280517578,94.55000305175781
2016-05-18,96.12415313720703,95.08000183105469
2016-05-19,95.35404205322266,95.29000091552734
2016-05-20,96.95552825927734,95.30999755859375
2016-05-23,96.84175109863281,95.2300033569336
2016-05-24,98.83705139160156,95.56999969482422
2016-05-25,99.4146499633789,95.3499984741211
2016-05-26,99.30087280273438,95.16999816894531
2016-05-27,100.28976440429688,95.5199966430664
2016-05-31,100.63981628417969,95.88999938964844
2016-06-01,101.32240295410156,95.45999908447266
2016-06-02,102.10128021240234,95.55999755859375
2016-06-03,101.48868560791016,94.02999877929688
2016-06-06,102.58260345458984,93.9000015258789
2016-06-07,102.88014221191406,93.83000183105469
2016-06-08,103.64148712158203,93.58999633789062
2016-06-09,102.9764175415039,94.0999984741211
2016-06-10,101.5761947631836,94.5999984741211
2016-06-13,100.4735107421875,94.37000274658203
2016-06-14,100.18475341796875,94.93000030517578
2016-06-15,100.25476837158203,94.61000061035156
2016-06-16,100.24600982666016,94.56999969482422
2016-06-17,99.81720733642578,94.20999908447266
2016-06-20,100.90234375,93.61000061035156
2016-06-21,100.70982360839844,94.0199966430664
2016-06-22,100.31600952148438,93.72000122070312
2016-06-23,102.23255157470703,93.52999877929688
2016-06-24,98.34695434570312,95.44999694824219
2016-06-27,95.11775207519531,96.54000091552734
2016-06-28,96.58796691894531,96.25
2016-06-29,98.78453063964844,95.7699966430664
2016-06-30,100.62232971191406,96.13999938964844
2016-07-01,100.98110961914062,95.6500015258789
2016-07-05,99.493408203125,96.16999816894531
2016-07-06,100.21581268310547,96.05999755859375
2016-07-07,100.42699432373047,96.33000183105469
2016-07-08,102.76763916015625,96.30000305175781
2016-07-11,103.95555877685547,96.56999969482422
2016-07-12,105.3458480834961,96.44000244140625
2016-07-13,104.93226623535156,96.22000122070312
2016-07-14,105.0378646850586,96.08000183105469
2016-07-15,105.3282699584961,96.58000183105469
2016-07-18,105.50422668457031,96.55999755859375
2016-07-19,104.97627258300781,97.05000305175781
2016-07-20,105.66262817382812,97.19999694824219
2016-07-21,105.16106414794922,97.0
2016-07-22,105.94419860839844,97.47000122070312
2016-07-25,105.78581237792969,97.29000091552734
2016-07-26,106.29617309570312,97.16000366210938
2016-07-27,106.59536743164062,97.05000305175781
2016-07-28,106.32257080078125,96.73999786376953
2016-07-29,106.53376007080078,95.52999877929688
2016-08-01,106.62173461914062,95.70999908447266
2016-08-02,105.1346664428711,95.05999755859375
2016-08-03,105.98818969726562,95.55999755859375
2016-08-04,106.08497619628906,95.76000213623047
2016-08-05,107.61608123779297,96.19000244140625
2016-08-08,107.56328582763672,96.4000015258789
2016-08-09,107.67768859863281,96.18000030517578
2016-08-10,106.9033203125,95.6500015258789
2016-08-11,107.41366577148438,95.86000061035156
2016-08-12,107.51927947998047,95.72000122070312
2016-08-15,108.58403778076172,95.62999725341797
2016-08-16,107.7040786743164,94.79000091552734
2016-08-17,107.38728332519531,94.72000122070312
2016-08-18,108.17923736572266,94.16000366210938
2016-08-19,108.17923736572266,94.51000213623047
2016-08-22,108.42562866210938,94.5199966430664
2016-08-23,109.182373046875,94.54000091552734
2016-08-24,108.29363250732422,94.79000091552734
2016-08-25,108.50483703613281,94.7699966430664
2016-08-26,108.28483581542969,95.56999969482422
2016-08-29,108.84800720214844,95.58000183105469
2016-08-30,109.05036163330078,96.05000305175781
2016-08-31,108.43443298339844,96.0199966430664
2016-09-01,108.51361846923828,95.6500015258789
2016-09-02,109.56073760986328,95.87999725341797
2016-09-06,109.66630554199219,94.81999969482422
2016-09-07,110.35269165039062,94.95999908447266
2016-09-08,110.1327133178711,95.02999877929688
2016-09-09,106.69215393066406,95.33999633789062
2016-09-12,108.17923736572266,95.0999984741211
2016-09-13,106.10259246826172,95.62999725341797
2016-09-14,106.12017822265625,95.33000183105469
2016-09-15,107.38728332519531,95.29000091552734
2016-09-16,107.22889709472656,96.11000061035156
2016-09-19,107.941650390625,95.83999633789062
2016-09-20,107.48407745361328,96.0199966430664
2016-09-21,109.04158020019531,95.66000366210938
2016-09-22,110.60786437988281,95.44999694824219
2016-09-23,109.82471466064453,95.4800033569336
2016-09-26,108.73411560058594,95.30999755859375
2016-09-27,109.17527770996094,95.44000244140625
2016-09-28,110.01354217529297,95.43000030517578
2016-09-29,108.40765380859375,95.54000091552734
2016-09-30,109.59881591796875,95.45999908447266
2016-10-03,109.25469207763672,95.75
2016-10-04,108.71646881103516,96.12000274658203
2016-10-05,109.3694076538086,96.12999725341797
2016-10-06,109.25469207763672,96.66000366210938
2016-10-07,108.38115692138672,96.5199966430664
2016-10-10,109.6782455444336,96.5199966430664
2016-10-11,107.67526245117188,97.69999694824219
2016-10-12,107.58702850341797,97.97000122070312
2016-10-13,106.69583892822266,97.5199966430664
2016-10-14,106.26350402832031,98.0199966430664
2016-10-17,106.13993835449219,97.88999938964844
2016-10-18,106.74878692626953,97.9000015258789
2016-10-19,107.19878387451172,97.87000274658203
2016-10-20,106.8811264038086,98.31999969482422
2016-10-21,106.82820129394531,98.69999694824219
2016-10-24,107.50759887695312,98.66999816894531
2016-10-25,106.70465850830078,98.72000122070312
2016-10-26,105.64582061767578,98.62999725341797
2016-10-27,104.43698120117188,98.88999938964844
2016-10-28,104.14580535888672,98.3499984741211
2016-10-31,104.56053924560547,98.44999694824219
2016-11-01,103.28108978271484,97.69999694824219
2016-11-02,101.96636962890625,97.4000015258789
2016-11-03,101.47222900390625,97.16000366210938
2016-11-04,102.12516784667969,97.06999969482422
2016-11-07,104.6222915649414,97.77999877929688
2016-11-08,104.89579772949219,97.86000061035156
2016-11-09,108.12525939941406,98.5
2016-11-10,109.85472106933594,98.79000091552734
2016-11-11,112.3782730102539,98.79000091552734
2016-11-14,113.95771026611328,100.11000061035156
2016-11-15,114.3106918334961,100.19000244140625
2016-11-16,114.30184173583984,100.41000366210938
2016-11-17,114.97246551513672,100.88999938964844
2016-11-18,115.58128356933594,101.20999908447266
2016-11-21,116.1195297241211,101.05000305175781
2016-11-22,117.17833709716797,101.04000091552734
2016-11-23,117.91072845458984,101.69999694824219
2016-11-25,118.29898834228516,101.48999786376953
2016-11-28,116.76365661621094,101.33000183105469
2016-11-29,116.70187377929688,100.93000030517578
2016-11-30,116.12832641601562,101.5
2016-12-01,115.56363677978516,101.04000091552734
2016-12-02,115.50186157226562,100.7699966430664
2016-12-05,117.48716735839844,100.13999938964844
2016-12-06,118.75778198242188,100.48999786376953
2016-12-07,119.91368865966797,100.2300033569336
2016-12-08,121.80194854736328,101.06999969482422
2016-12-09,122.0401840209961,101.56999969482422
2016-12-12,120.75194549560547,100.95999908447266
2016-12-13,120.76079559326172,101.02999877929688
2016-12-14,119.25192260742188,102.0
2016-12-15,120.14311981201172,103.12999725341797
2016-12-16,119.92254638671875,102.94999694824219
2016-12-19,120.7078628540039,103.13999938964844
2016-12-20,121.73138427734375,103.29000091552734
2016-12-21,120.9372787475586,103.0199966430664
2016-12-22,119.89440155029297,103.08999633789062
2016-12-23,120.53233337402344,103.01000213623047
2016-12-27,121.07282257080078,103.0199966430664
2016-12-28,119.83241271972656,103.26000213623047
2016-12-29,119.93873596191406,102.68000030517578
2016-12-30,119.47801208496094,102.38999938964844
2017-01-03,120.07160949707031,103.20999908447266
2017-01-04,122.0739974975586,102.69999694824219
2017-01-05,120.66525268554688,101.5199966430664
2017-01-06,120.2222900390625,102.22000122070312
2017-01-09,119.4336929321289,101.93000030517578
2017-01-10,120.5766372680664,102.01000213623047
2017-01-11,120.78929138183594,101.77999877929688
2017-01-12,119.8589859008789,101.3499984741211
2017-01-13,120.72727966308594,101.18000030517578
2017-01-17,119.08815002441406,100.33000183105469
2017-01-18,119.47801208496094,100.93000030517578
2017-01-19,118.50338745117188,101.1500015258789
2017-01-20,119.1147232055664,100.73999786376953
2017-01-23,118.61859130859375,100.16000366210938
2017-01-24,120.43484497070312,100.3499984741211
2017-01-25,121.56897735595703,100.02999877929688
2017-01-26,121.08168029785156,100.37999725341797
2017-01-27,120.66525268554688,100.52999877929688
2017-01-30,118.98182678222656,100.43000030517578
2017-01-31,119.8146743774414,99.51000213623047
2017-02-01,119.74378967285156,99.63999938964844
2017-02-02,119.44258880615234,99.8499984741211
2017-02-03,121.26771545410156,99.87000274658203
2017-02-06,120.35513305664062,99.91000366210938
2017-02-07,119.82355499267578,100.26000213623047
2017-02-08,119.61089324951172,100.27999877929688
2017-02-09,121.2943115234375,100.6500015258789
2017-02-10,122.21578979492188,100.80000305175781
2017-02-13,122.53473663330078,100.95999908447266
2017-02-14,122.94226837158203,101.25
2017-02-15,123.67766571044922,101.18000030517578
2017-02-16,123.3321304321289,100.44000244140625
2017-02-17,123.25236511230469,100.94999694824219
2017-02-21,124.21810913085938,101.37000274658203
2017-02-22,123.66883850097656,101.33000183105469
2017-02-23,122.93342590332031,101.05000305175781
2017-02-24,122.84480285644531,101.08999633789062
2017-02-27,124.04095458984375,101.12999725341797
2017-02-28,122.12713623046875,101.12000274658203
2017-03-01,124.35989379882812,101.77999877929688
2017-03-02,122.93342590332031,102.19999694824219
2017-03-03,122.84480285644531,101.54000091552734
2017-03-06,122.0030746459961,101.63999938964844
2017-03-07,121.20574951171875,101.80999755859375
2017-03-08,120.40827178955078,102.06999969482422
2017-03-09,119.92987060546875,101.8499984741211
2017-03-10,120.46145629882812,101.25
2017-03-13,120.7449951171875,101.37999725341797
2017-03-14,120.1690902709961,101.69999694824219
2017-03-15,122.02973175048828,100.73999786376953
2017-03-16,122.18917083740234,100.2699966430664
2017-03-17,122.67649841308594,100.30000305175781
2017-03-20,122.1448745727539,100.41000366210938
2017-03-21,118.69828796386719,99.80999755859375
2017-03-22,118.72486877441406,99.68000030517578
2017-03-23,119.41600036621094,99.76000213623047
2017-03-24,119.50218200683594,99.62999725341797
2017-03-27,119.72429656982422,99.16999816894531
2017-03-28,120.65729522705078,99.70999908447266
2017-03-29,121.04827117919922,100.0
2017-03-30,121.96346282958984,100.41000366210938
2017-03-31,122.15889739990234,100.3499984741211
2017-04-03,120.87055969238281,100.54000091552734
2017-04-04,120.72834777832031,100.54000091552734
2017-04-05,119.36001586914062,100.55999755859375
2017-04-06,120.47067260742188,100.66999816894531
2017-04-07,120.4173583984375,101.18000030517578
2017-04-10,120.68394470214844,101.0199966430664
2017-04-11,121.64360046386719,100.70999908447266
2017-04-12,119.99085235595703,100.77999877929688
2017-04-13,118.81796264648438,100.55999755859375
2017-04-17,120.21299743652344,100.30000305175781
2017-04-18,120.2396469116211,99.5
2017-04-19,120.65729522705078,99.73999786376953
2017-04-20,122.19446563720703,99.77999877929688
2017-04-21,121.9190444946289,99.9800033569336
2017-04-24,123.43846130371094,99.08999633789062
2017-04-25,124.63800811767578,98.81999969482422
2017-04-26,125.27779388427734,98.95999908447266
2017-04-27,125.24220275878906,99.08000183105469
2017-04-28,123.5628662109375,99.05000305175781
2017-05-01,124.27375793457031,99.13999938964844
2017-05-02,123.64286041259766,98.9800033569336
2017-05-03,122.87870025634766,99.20999908447266
2017-05-04,122.70985412597656,98.76000213623047
2017-05-05,123.50066375732422,98.6500015258789
2017-05-08,122.98530578613281,99.1500015258789
2017-05-09,122.93196868896484,99.58999633789062
2017-05-10,123.69615936279297,99.66999816894531
2017-05-11,122.83426666259766,99.62000274658203
2017-05-12,122.18561553955078,99.25
2017-05-15,123.13641357421875,98.91000366210938
2017-05-16,123.18079376220703,98.11000061035156
2017-05-17,119.85758972167969,97.41999816894531
2017-05-18,120.29296875,97.87999725341797
2017-05-19,120.87055969238281,97.1500015258789
2017-05-22,121.68802642822266,96.9800033569336
2017-05-23,122.08784484863281,97.3499984741211
2017-05-24,122.1678466796875,97.23999786376953
2017-05-25,122.24779510498047,97.25
2017-05-26,122.21224975585938,97.4000015258789
2017-05-30,121.25262451171875,97.27999877929688
2017-05-31,121.12825775146484,96.91999816894531
2017-06-01,123.465087890625,97.19999694824219
2017-06-02,124.2648696899414,96.72000122070312
2017-06-05,123.49176788330078,96.80000305175781
2017-06-06,123.37628173828125,96.63999938964844
2017-06-07,123.49176788330078,96.75
2017-06-08,125.1800537109375,96.91999816894531
2017-06-09,125.82868194580078,97.2699966430664
2017-06-12,125.62435913085938,97.13999938964844
2017-06-13,126.26407623291016,96.9800033569336
2017-06-14,125.5176773071289,96.94000244140625
2017-06-15,124.87796020507812,97.43000030517578
2017-06-16,124.56692504882812,97.16000366210938
2017-06-19,125.49102783203125,97.52999877929688
2017-06-20,124.22045135498047,97.75
2017-06-21,123.9094009399414,97.55999755859375
2017-06-22,124.3803482055664,97.54000091552734
2017-06-23,125.20667266845703,97.30000305175781
2017-06-26,125.35779571533203,97.43000030517578
2017-06-27,124.25590515136719,96.47000122070312
2017-06-28,126.15745544433594,96.05000305175781
2017-06-29,125.41104125976562,95.62999725341797
2017-06-30,125.215576171875,95.66000366210938
2017-07-03,126.26407623291016,96.19999694824219
2017-07-05,125.8108901977539,96.29000091552734
2017-07-06,124.16801452636719,95.81999969482422
2017-07-07,125.37274169921875,96.01000213623047
2017-07-10,124.8283920288086,96.05000305175781
2017-07-11,125.19424438476562,95.73999786376953
2017-07-12,126.15808868408203,95.79000091552734
2017-07-13,126.26516723632812,95.7300033569336
2017-07-14,126.47930908203125,95.11000061035156
2017-07-17,126.77381896972656,95.12999725341797
2017-07-18,126.44361114501953,94.66000366210938
2017-07-19,127.70193481445312,94.80000305175781
2017-07-20,127.7911376953125,94.2699966430664
2017-07-21,127.21112823486328,93.94000244140625
2017-07-24,127.38956451416016,93.9800033569336
2017-07-25,128.54971313476562,94.05000305175781
2017-07-26,127.83576965332031,93.66999816894531
2017-07-27,127.023681640625,93.86000061035156
2017-07-28,126.68462371826172,93.26000213623047
2017-07-31,126.28302764892578,92.86000061035156
2017-08-01,126.5239486694336,93.02999877929688
2017-08-02,125.14073181152344,92.83000183105469
2017-08-03,124.51605224609375,92.80999755859375
2017-08-04,125.12290954589844,93.54000091552734
2017-08-07,125.328125,93.43000030517578
2017-08-08,124.93551635742188,93.63999938964844
2017-08-09,123.85566711425781,93.5199966430664
2017-08-10,121.60684967041016,93.4000015258789
2017-08-11,121.78539276123047,93.06999969482422
2017-08-14,123.63258361816406,93.45999908447266
2017-08-15,122.615234375,93.8499984741211
2017-08-16,122.65093994140625,93.48999786376953
2017-08-17,120.4110107421875,93.62000274658203
2017-08-18,120.40213775634766,93.43000030517578
2017-08-21,120.32179260253906,93.0999984741211
2017-08-22,121.62467193603516,93.55000305175781
2017-08-23,121.42839050292969,93.1500015258789
2017-08-24,121.80319213867188,93.27999877929688
2017-08-25,122.15120697021484,92.73999786376953
2017-08-28,122.66878509521484,92.20999908447266
2017-08-29,122.69557189941406,92.3499984741211
2017-08-30,123.48087310791016,92.87999725341797
2017-08-31,124.69453430175781,92.66999816894531
2017-09-01,125.3995361328125,92.80999755859375
2017-09-05,124.19481658935547,92.30999755859375
2017-09-06,124.45360565185547,92.29000091552734
2017-09-07,124.1412353515625,91.52999877929688
2017-09-08,124.23941040039062,91.33000183105469
2017-09-11,125.54228973388672,91.86000061035156
2017-09-12,126.30973052978516,91.91000366210938
2017-09-13,126.68462371826172,92.5199966430664
2017-09-14,126.56856536865234,92.12000274658203
2017-09-15,127.086181640625,91.87000274658203
2017-09-18,127.95181274414062,92.05000305175781
2017-09-19,127.95181274414062,91.79000091552734
2017-09-20,128.3623046875,92.51000213623047
2017-09-21,128.22842407226562,92.26000213623047
2017-09-22,128.77279663085938,92.16999816894531
2017-09-25,128.9512939453125,92.6500015258789
2017-09-26,129.3618927001953,92.97000122070312
2017-09-27,131.8934783935547,93.36000061035156
2017-09-28,132.24234008789062,93.08999633789062
2017-09-29,132.55545043945312,93.08000183105469
2017-10-02,134.1835174560547,93.55999755859375
2017-10-03,134.47869873046875,93.56999969482422
2017-10-04,134.04933166503906,93.45999908447266
2017-10-05,134.4160919189453,93.95999908447266
2017-10-06,134.2282257080078,93.80000305175781
2017-10-09,133.6736297607422,93.73999786376953
2017-10-10,134.0582733154297,93.29000091552734
2017-10-11,133.9599151611328,92.95999908447266
2017-10-12,133.86148071289062,93.12000274658203
2017-10-13,133.61997985839844,93.08999633789062
2017-10-16,133.50367736816406,93.27999877929688
2017-10-17,133.11903381347656,93.48999786376953
2017-10-18,133.754150390625,93.36000061035156
2017-10-19,133.5483856201172,93.2699966430664
2017-10-20,134.16563415527344,93.69999694824219
2017-10-23,133.16375732421875,93.94000244140625
2017-10-24,133.44102478027344,93.95999908447266
2017-10-25,132.79693603515625,93.70999908447266
2017-10-26,133.07424926757812,94.61000061035156
2017-10-27,133.99562072753906,94.91999816894531
2017-10-30,132.58226013183594,94.48999786376953
2017-10-31,133.52154541015625,94.55000305175781
2017-11-01,132.63600158691406,94.81999969482422
2017-11-02,133.02957153320312,94.69000244140625
2017-11-03,132.94009399414062,94.94000244140625
2017-11-06,133.09217834472656,94.72000122070312
2017-11-07,131.49984741210938,94.91000366210938
2017-11-08,131.67877197265625,94.87000274658203
2017-11-09,131.21359252929688,94.44000244140625
2017-11-10,131.11524963378906,94.38999938964844
2017-11-13,131.1509552001953,94.48999786376953
2017-11-14,130.7931671142578,93.83000183105469
2017-11-15,130.27430725097656,93.80999755859375
2017-11-16,132.1886749267578,93.93000030517578
2017-11-17,132.79693603515625,93.66000366210938
2017-11-20,133.76307678222656,94.08000183105469
2017-11-21,135.15863037109375,93.94999694824219
2017-11-22,134.97970581054688,93.22000122070312
2017-11-24,135.0333709716797,92.76000213623047
2017-11-27,134.62188720703125,92.9000015258789
2017-11-28,136.74200439453125,93.26000213623047
2017-11-29,137.19822692871094,93.26000213623047
2017-11-30,137.44866943359375,93.01000213623047
2017-12-01,136.8850555419922,92.9000015258789
2017-12-04,136.3751983642578,93.19000244140625
2017-12-05,135.01548767089844,93.37999725341797
2017-12-06,134.3803253173828,93.61000061035156
2017-12-07,135.3196563720703,93.80000305175781
2017-12-08,135.44482421875,93.9000015258789
2017-12-11,135.39117431640625,93.87000274658203
2017-12-12,134.9707794189453,94.0999984741211
2017-12-13,135.77584838867188,93.43000030517578
2017-12-14,134.2730255126953,93.48999786376953
2017-12-15,136.18736267089844,93.93000030517578
2017-12-18,138.03012084960938,93.69999694824219
2017-12-19,136.93875122070312,93.47000122070312
2017-12-20,137.2071075439453,93.3499984741211
2017-12-21,137.80783081054688,93.27999877929688
2017-12-22,137.55641174316406,93.3499984741211
2017-12-26,137.63729858398438,93.26000213623047
2017-12-27,137.50254821777344,93.02999877929688
2017-12-28,138.04132080078125,92.5999984741211
2017-12-29,136.90097045898438,92.12000274658203
2018-01-02,138.1939697265625,91.8499984741211
2018-01-03,138.337646484375,92.16000366210938
2018-01-04,138.70579528808594,91.8499984741211
2018-01-05,138.99314880371094,91.94999694824219
2018-01-08,139.20867919921875,92.33000183105469
2018-01-09,139.02008056640625,92.52999877929688
2018-01-10,139.03805541992188,92.33000183105469
2018-01-11,141.42657470703125,91.8499984741211
2018-01-12,142.01919555664062,90.97000122070312
2018-01-16,140.20533752441406,90.38999938964844
2018-01-17,141.53436279296875,90.54000091552734
2018-01-18,140.5645751953125,90.5
2018-01-19,142.4143524169922,90.56999969482422
2018-01-22,143.17759704589844,90.4000015258789
2018-01-23,143.63555908203125,90.12000274658203
2018-01-24,142.74655151367188,89.20999908447266
2018-01-25,142.8004608154297,89.38999938964844
2018-01-26,143.31224060058594,89.06999969482422
2018-01-29,142.50408935546875,89.30999755859375
2018-01-30,141.1392364501953,89.19000244140625
2018-01-31,140.4029083251953,89.12999725341797
2018-02-01,140.8429412841797,88.66999816894531
2018-02-02,138.13111877441406,89.19999694824219
2018-02-05,132.8242645263672,89.55000305175781
2018-02-06,134.4136199951172,89.58999633789062
2018-02-07,134.54832458496094,90.26000213623047
2018-02-08,130.5973663330078,90.2300033569336
2018-02-09,131.79165649414062,90.44000244140625
2018-02-12,133.039794921875,90.20999908447266
2018-02-13,133.32708740234375,89.69999694824219
2018-02-14,135.72459411621094,89.12000274658203
2018-02-15,137.2062530517578,88.58999633789062
2018-02-16,137.6911163330078,89.0999984741211
2018-02-20,136.55970764160156,89.72000122070312
2018-02-21,136.7034149169922,90.08000183105469
2018-02-22,136.48782348632812,89.75
2018-02-23,138.26577758789062,89.87999725341797
2018-02-26,139.17271423339844,89.81999969482422
2018-02-27,137.1703338623047,90.36000061035156
2018-02-28,135.00628662109375,90.61000061035156
2018-03-01,134.64707946777344,90.31999969482422
2018-03-02,136.8021697998047,89.94000244140625
2018-03-05,138.02340698242188,90.08000183105469
2018-03-06,139.51397705078125,89.62000274658203
2018-03-07,140.74417114257812,89.63999938964844
2018-03-08,140.45681762695312,90.12000274658203
2018-03-09,142.70169067382812,90.08999633789062
2018-03-12,142.95310974121094,89.9000015258789
2018-03-13,142.28866577148438,89.66000366210938
2018-03-14,141.61520385742188,89.69999694824219
2018-03-15,140.90577697753906,90.13999938964844
2018-03-16,141.69598388671875,90.2300033569336
2018-03-19,140.3311309814453,89.9000015258789
2018-03-20,140.295166015625,90.37000274658203
2018-03-21,141.11231994628906,89.77999877929688
2018-03-22,138.01805114746094,89.86000061035156
2018-03-23,135.0479278564453,89.44000244140625
2018-03-26,138.00003051757812,89.02999877929688
2018-03-27,135.3269500732422,89.37000274658203
2018-03-28,135.28195190429688,90.05999755859375
2018-03-29,136.65000915527344,90.1500015258789
2018-04-02,133.31991577148438,90.05000305175781
2018-04-03,135.22796630859375,90.19999694824219
2018-04-04,136.94700622558594,90.13999938964844
2018-04-05,138.0810089111328,90.45999908447266
2018-04-06,135.3269500732422,90.11000061035156
2018-04-09,135.4889678955078,89.83999633789062
2018-04-10,138.0450439453125,89.58999633789062
2018-04-11,138.3420867919922,89.56999969482422
2018-04-12,139.2870635986328,89.75
2018-04-13,138.5580596923828,89.80000305175781
2018-04-16,139.83609008789062,89.43000030517578
2018-04-17,141.35708618164062,89.5199966430664
2018-04-18,141.73509216308594,89.62000274658203
2018-04-19,140.75405883789062,89.94000244140625
2018-04-20,139.9980926513672,90.31999969482422
2018-04-23,139.79107666015625,90.94000244140625
2018-04-24,138.9900360107422,90.7699966430664
2018-04-25,138.78305053710938,91.16999816894531
2018-04-26,139.4220428466797,91.55999755859375
2018-04-27,139.22406005859375,91.54000091552734
2018-04-30,137.99102783203125,91.83999633789062
2018-05-01,138.66604614257812,92.44999694824219
2018-05-02,139.1881103515625,92.51000213623047
2018-05-03,138.43206787109375,92.41000366210938
2018-05-04,140.16004943847656,92.56999969482422
2018-05-07,141.34812927246094,92.75
2018-05-08,142.05015563964844,93.12000274658203
2018-05-09,142.8151092529297,93.04000091552734
2018-05-10,143.5801544189453,92.6500015258789
2018-05-11,143.85916137695312,92.54000091552734
2018-05-14,143.31011962890625,92.58999633789062
2018-05-15,143.33717346191406,93.22000122070312
2018-05-16,144.83114624023438,93.38999938964844
2018-05-17,145.49720764160156,93.47000122070312
2018-05-18,145.6862030029297,93.63999938964844
2018-05-21,146.64923095703125,93.68000030517578
2018-05-22,145.5872039794922,93.61000061035156
2018-05-23,145.77621459960938,94.01000213623047
2018-05-24,145.8302001953125,93.77999877929688
2018-05-25,145.56918334960938,94.19000244140625
2018-05-29,145.3711700439453,94.83000183105469
2018-05-30,147.6752471923828,94.1500015258789
2018-05-31,146.49620056152344,93.98999786376953
2018-06-01,147.45925903320312,94.19000244140625
2018-06-04,148.24229431152344,94.0199966430664
2018-06-05,149.1602783203125,93.88999938964844
2018-06-06,150.2402801513672,93.66000366210938
2018-06-07,149.42127990722656,93.4000015258789
2018-06-08,149.87130737304688,93.55000305175781
2018-06-11,150.09632873535156,93.58000183105469
2018-06-12,150.78030395507812,93.80000305175781
2018-06-13,150.186279296875,93.70999908447266
2018-06-14,150.9873046875,94.7699966430664
2018-06-15,151.03225708007812,94.79000091552734
2018-06-18,151.74331665039062,94.75
2018-06-19,151.7523651123047,95.08999633789062
2018-06-20,152.97637939453125,95.05999755859375
2018-06-21,151.5453643798828,94.87000274658203
2018-06-22,151.0413360595703,94.5199966430664
2018-06-25,148.57525634765625,94.27999877929688
2018-06-26,149.4392852783203,94.68000030517578
2018-06-27,147.04519653320312,95.29000091552734
2018-06-28,147.4952392578125,95.38999938964844
2018-06-29,147.39620971679688,94.62999725341797
2018-07-02,148.41326904296875,94.87000274658203
2018-07-03,149.0049591064453,94.58999633789062
2018-07-05,150.70309448242188,94.47000122070312
2018-07-06,151.97669982910156,94.04000091552734
2018-07-09,152.93418884277344,94.08000183105469
2018-07-10,152.23863220214844,94.11000061035156
2018-07-11,150.94699096679688,94.72000122070312
2018-07-12,151.67861938476562,94.80999755859375
2018-07-13,151.2269287109375,94.75
2018-07-16,150.6398162841797,94.51000213623047
2018-07-17,151.3083038330078,94.97000122070312
2018-07-18,151.73281860351562,95.08000183105469
2018-07-19,152.8077392578125,95.16999816894531
2018-07-20,152.18446350097656,94.45999908447266
2018-07-23,152.37413024902344,94.66999816894531
2018-07-24,150.7482147216797,94.61000061035156
2018-07-25,151.29922485351562,94.36000061035156
2018-07-26,152.11219787597656,94.75
2018-07-27,149.27590942382812,94.68000030517578
2018-07-30,148.31838989257812,94.36000061035156
2018-07-31,149.826904296875,94.48999786376953
2018-08-01,149.72752380371094,94.62000274658203
2018-08-02,150.82052612304688,95.16999816894531
2018-08-03,150.296630859375,95.13999938964844
2018-08-06,151.1366424560547,95.36000061035156
2018-08-07,151.49795532226562,95.22000122070312
2018-08-08,151.36244201660156,95.0999984741211
2018-08-09,151.7508544921875,95.5
2018-08-10,151.3263397216797,96.36000061035156
2018-08-13,150.4411163330078,96.38999938964844
2018-08-14,151.93148803710938,96.7300033569336
2018-08-15,150.02560424804688,96.69999694824219
2018-08-16,151.4166717529297,96.6500015258789
2018-08-17,152.06704711914062,96.0999984741211
2018-08-20,152.49160766601562,95.9000015258789
2018-08-21,154.24391174316406,95.26000213623047
2018-08-22,154.62332153320312,95.1500015258789
2018-08-23,154.1536102294922,95.62000274658203
2018-08-24,154.99363708496094,95.1500015258789
2018-08-27,155.2195281982422,94.77999877929688
2018-08-28,155.3639678955078,94.72000122070312
2018-08-29,155.8155975341797,94.5999984741211
2018-08-30,155.6891326904297,94.72000122070312
2018-08-31,156.2853240966797,95.13999938964844
2018-09-04,155.5897979736328,95.41999816894531
2018-09-05,155.17430114746094,95.12999725341797
2018-09-06,154.12649536132812,95.0199966430664
2018-09-07,154.0452117919922,95.37000274658203
2018-09-10,154.23492431640625,95.1500015258789
2018-09-11,154.48780822753906,95.05999755859375
2018-09-12,154.117431640625,94.80000305175781
2018-09-13,154.1536102294922,94.54000091552734
2018-09-14,154.803955078125,94.9800033569336
2018-09-17,153.15997314453125,94.51000213623047
2018-09-18,153.8013458251953,94.62000274658203
2018-09-19,153.24130249023438,94.55000305175781
2018-09-20,154.659423828125,93.91000366210938
2018-09-21,153.91873168945312,94.22000122070312
2018-09-24,153.3496856689453,94.26000213623047
2018-09-25,153.5845489501953,94.12999725341797
2018-09-26,152.1807098388672,94.19000244140625
2018-09-27,152.1897735595703,95.0
2018-09-28,152.65171813964844,95.19000244140625
2018-10-01,150.64109802246094,95.30000305175781
2018-10-02,149.01089477539062,95.51000213623047
2018-10-03,150.31504821777344,95.76000213623047
2018-10-04,148.20480346679688,95.75
2018-10-05,146.8644561767578,95.62000274658203
2018-10-08,146.55645751953125,95.7699966430664
2018-10-09,145.98593139648438,95.68000030517578
2018-10-10,141.7926483154297,95.51000213623047
2018-10-11,139.08465576171875,95.0199966430664
2018-10-12,139.11181640625,95.22000122070312
2018-10-15,139.6280517578125,95.06999969482422
2018-10-16,143.67642211914062,95.05000305175781
2018-10-17,143.0605926513672,95.58000183105469
2018-10-18,140.3797607421875,95.9000015258789
2018-10-19,138.8944854736328,95.70999908447266
2018-10-22,138.59559631347656,96.01000213623047
2018-10-23,137.3548126220703,95.95999908447266
2018-10-24,132.1834259033203,96.43000030517578
2018-10-25,135.0453643798828,96.68000030517578
2018-10-26,133.5690460205078,96.36000061035156
2018-10-29,132.83554077148438,96.58000183105469
2018-10-30,135.6068572998047,97.01000213623047
2018-10-31,135.8785858154297,97.12999725341797
2018-11-01,139.01223754882812,96.27999877929688
2018-11-02,139.47410583496094,96.54000091552734
2018-11-05,139.36541748046875,96.3499984741211
2018-11-06,140.05372619628906,96.31999969482422
2018-11-07,142.5624237060547,96.0
2018-11-08,142.1820526123047,96.63999938964844
2018-11-09,139.5465545654297,96.91000366210938
2018-11-12,136.7842254638672,97.54000091552734
2018-11-13,136.34954833984375,97.30000305175781
2018-11-14,135.353271484375,96.80000305175781
2018-11-15,137.2823486328125,96.93000030517578
2018-11-16,137.6084442138672,96.47000122070312
2018-11-19,134.81895446777344,96.19000244140625
2018-11-20,132.2196502685547,96.80999755859375
2018-11-21,134.0671844482422,96.70999908447266
2018-11-23,133.94044494628906,96.91999816894531
2018-11-26,135.67929077148438,97.06999969482422
2018-11-27,134.55633544921875,97.37000274658203
2018-11-28,137.88014221191406,96.79000091552734
2018-11-29,137.5087890625,96.77999877929688
2018-11-30,138.22427368164062,97.2699966430664
2018-12-03,139.5465545654297,97.04000091552734
2018-12-04,133.6053009033203,96.97000122070312
2018-12-06,133.3154754638672,96.80999755859375
2018-12-07,130.4354705810547,96.51000213623047
2018-12-10,130.05506896972656,97.22000122070312
2018-12-11,129.91921997070312,97.38999938964844
2018-12-12,131.15997314453125,97.04000091552734
2018-12-13,129.30337524414062,97.05999755859375
2018-12-14,127.3470687866211,97.44000244140625
2018-12-17,124.51105499267578,97.0999984741211
2018-12-18,124.35652923583984,97.13999938964844
2018-12-19,121.76671600341797,97.04000091552734
2018-12-20,119.75846099853516,96.27999877929688
2018-12-21,116.65070343017578,96.95999908447266
2018-12-24,114.38802337646484,96.55000305175781
2018-12-26,119.88568878173828,97.05000305175781
2018-12-27,120.38548278808594,96.4800033569336
2018-12-28,120.73082733154297,96.38999938964844
2018-12-31,121.67587280273438,96.16999816894531
2019-01-02,122.3664779663086,96.81999969482422
2019-01-03,120.17648315429688,96.30999755859375
2019-01-04,124.6655044555664,96.19000244140625
2019-01-07,126.84636688232422,95.70999908447266
2019-01-08,128.7910614013672,95.9000015258789
2019-01-09,129.85423278808594,95.22000122070312
2019-01-10,130.52664184570312,95.54000091552734
2019-01-11,130.56295776367188,95.66999816894531
2019-01-14,129.26356506347656,95.58999633789062
2019-01-15,130.35400390625,95.97000122070312
2019-01-16,131.32632446289062,96.05999755859375
2019-01-17,132.5167236328125,96.06999969482422
2019-01-18,133.87977600097656,96.33999633789062
2019-01-22,131.76251220703125,96.30000305175781
2019-01-23,131.39903259277344,96.12000274658203
2019-01-24,132.18959045410156,96.5999984741211
2019-01-25,133.88885498046875,95.79000091552734
2019-01-28,133.1710205078125,95.75
2019-01-29,132.8529815673828,95.81999969482422
2019-01-30,134.30691528320312,95.33999633789062
2019-01-31,135.4518585205078,95.58000183105469
2019-02-01,135.5608673095703,95.58000183105469
2019-02-04,137.17843627929688,95.8499984741211
2019-02-05,137.32376098632812,96.0999984741211
2019-02-06,137.151123046875,96.41999816894531
2019-02-07,136.0243377685547,96.51000213623047
2019-02-08,136.16973876953125,96.63999938964844
2019-02-11,137.30563354492188,97.05999755859375
2019-02-12,139.0230712890625,96.70999908447266
2019-02-13,139.41380310058594,97.12999725341797
2019-02-14,139.73184204101562,96.9800033569336
2019-02-15,141.9582061767578,96.91999816894531
2019-02-19,142.3489532470703,96.5199966430664
2019-02-20,143.02142333984375,96.44999694824219
2019-02-21,142.4761505126953,96.61000061035156
2019-02-22,143.7120361328125,96.51000213623047
2019-02-25,143.7483367919922,96.41000366210938
2019-02-26,142.7578582763672,96.0
2019-02-27,142.95782470703125,96.1500015258789
2019-02-28,142.46705627441406,96.16000366210938
2019-03-01,143.79380798339844,96.52999877929688
2019-03-04,142.49435424804688,96.68000030517578
2019-03-05,141.83094787597656,96.8499984741211
2019-03-06,139.0503692626953,96.87000274658203
2019-03-07,137.83267211914062,97.66999816894531
2019-03-08,137.79629516601562,97.37000274658203
2019-03-11,140.20436096191406,97.22000122070312
2019-03-12,140.27711486816406,96.94000244140625
2019-03-13,140.83135986328125,96.55000305175781
2019-03-14,140.2589569091797,96.79000091552734
2019-03-15,140.6314697265625,96.5999984741211
2019-03-18,141.53111267089844,96.5199966430664
2019-03-19,140.81321716308594,96.37999725341797
2019-03-20,139.63963317871094,95.76000213623047
2019-03-21,141.4710693359375,96.5
2019-03-22,136.32318115234375,96.6500015258789
2019-03-25,136.92457580566406,96.56999969482422
2019-03-26,138.36410522460938,96.73999786376953
2019-03-27,137.8265380859375,96.7699966430664
2019-03-28,139.0565185546875,97.19999694824219
2019-03-29,139.4848175048828,97.27999877929688
2019-04-01,141.00634765625,97.25
2019-04-02,140.64195251464844,97.36000061035156
2019-04-03,141.37083435058594,97.08999633789062
2019-04-04,142.06329345703125,97.30999755859375
2019-04-05,143.3935546875,97.4000015258789
2019-04-08,143.15663146972656,97.05000305175781
2019-04-09,141.40728759765625,97.01000213623047
2019-04-10,143.32974243164062,96.94999694824219
2019-04-11,143.1475830078125,97.18000030517578
2019-04-12,143.66688537597656,96.97000122070312
2019-04-15,143.20217895507812,96.94000244140625
2019-04-16,143.53932189941406,97.04000091552734
2019-04-17,142.227294921875,97.01000213623047
2019-04-18,141.80821228027344,97.47000122070312
2019-04-22,141.4345703125,97.27999877929688
2019-04-23,143.566650390625,97.56999969482422
2019-04-24,144.0131072998047,98.0999984741211
2019-04-25,142.8195343017578,98.19999694824219
2019-04-26,144.2044677734375,98.01000213623047
2019-04-29,144.89688110351562,97.86000061035156
2019-04-30,144.22264099121094,97.4800033569336
2019-05-01,142.8560028076172,97.69000244140625
2019-05-02,143.52113342285156,97.83000183105469
2019-05-03,146.2635498046875,97.5199966430664
2019-05-06,146.4276580810547,97.5199966430664
2019-05-07,143.5301971435547,97.62999725341797
2019-05-08,142.82862854003906,97.62000274658203
2019-05-09,142.30929565429688,97.37000274658203
2019-05-10,142.70111083984375,97.33000183105469
2019-05-13,138.1545867919922,97.31999969482422
2019-05-14,139.8948211669922,97.52999877929688
2019-05-15,140.35037231445312,97.56999969482422
2019-05-16,141.22503662109375,97.83999633789062
2019-05-17,139.2570037841797,98.0
2019-05-20,138.29122924804688,97.93000030517578
2019-05-21,140.14990234375,98.05999755859375
2019-05-22,138.97451782226562,98.11000061035156
2019-05-23,136.11358642578125,97.8499984741211
2019-05-24,137.38922119140625,97.61000061035156
2019-05-28,136.29588317871094,97.95999908447266
2019-05-29,135.15695190429688,98.13999938964844
2019-05-30,134.78334045410156,98.13999938964844
2019-05-31,132.89736938476562,97.75
2019-06-03,133.36199951171875,97.13999938964844
2019-06-04,136.81520080566406,97.06999969482422
2019-06-05,136.84254455566406,97.37000274658203
2019-06-06,136.48716735839844,97.02999877929688
2019-06-07,137.45297241210938,96.61000061035156
2019-06-10,138.26388549804688,96.76000213623047
2019-06-11,137.85385131835938,96.69000244140625
2019-06-12,138.00877380371094,97.0
2019-06-13,139.4666290283203,97.01000213623047
2019-06-14,138.24560546875,97.56999969482422
2019-06-17,139.19932556152344,97.55999755859375
2019-06-18,140.8177032470703,97.63999938964844
2019-06-19,141.32058715820312,97.12000274658203
2019-06-20,141.98806762695312,96.62999725341797
2019-06-21,140.76284790039062,96.22000122070312
2019-06-24,139.05300903320312,95.9800033569336
2019-06-25,138.2026824951172,96.16000366210938
2019-06-26,137.88262939453125,96.20999908447266
2019-06-27,140.4702911376953,96.19000244140625
2019-06-28,142.18006896972656,96.12999725341797
2019-07-01,142.7287139892578,96.83999633789062
2019-07-02,141.86001586914062,96.7300033569336
2019-07-03,142.8749542236328,96.7699966430664
2019-07-05,143.25901794433594,97.25
2019-07-08,141.89663696289062,97.37999725341797
2019-07-09,142.08863830566406,97.48999786376953
2019-07-10,142.3354949951172,97.0999984741211
2019-07-11,141.64060974121094,97.05000305175781
2019-07-12,142.73782348632812,96.80999755859375
2019-07-15,141.98806762695312,96.93000030517578
2019-07-16,141.94236755371094,97.4000015258789
2019-07-17,140.92739868164062,97.22000122070312
2019-07-18,141.4577178955078,96.79000091552734
2019-07-19,140.6439666748047,97.1500015258789
2019-07-22,140.51597595214844,97.26000213623047
2019-07-23,141.4486083984375,97.70999908447266
2019-07-24,143.78933715820312,97.7300033569336
2019-07-25,142.0520782470703,97.81999969482422
2019-07-26,143.73443603515625,98.01000213623047
2019-07-29,142.7743682861328,98.04000091552734
2019-07-30,144.31961059570312,98.05000305175781
2019-07-31,143.1492919921875,98.5199966430664
2019-08-01,141.07369995117188,98.38999938964844
2019-08-02,139.5101776123047,98.0999984741211
2019-08-05,135.32254028320312,97.5
2019-08-06,136.56600952148438,97.62999725341797
2019-08-07,136.52938842773438,97.54000091552734
2019-08-08,139.47360229492188,97.62000274658203
2019-08-09,137.7180633544922,97.48999786376953
2019-08-12,135.93516540527344,97.37999725341797
2019-08-13,137.3980712890625,97.80999755859375
2019-08-14,133.55780029296875,97.98999786376953
2019-08-15,133.02749633789062,98.13999938964844
2019-08-16,135.8985595703125,98.13999938964844
2019-08-19,137.27005004882812,98.3499984741211
2019-08-20,136.37403869628906,98.19000244140625
2019-08-21,137.49864196777344,98.30000305175781
2019-08-22,137.17864990234375,98.16999816894531
2019-08-23,132.97264099121094,97.63999938964844
2019-08-26,134.43557739257812,98.08000183105469
2019-08-27,132.4423065185547,98.0
2019-08-28,133.9875946044922,98.20999908447266
2019-08-29,136.33743286132812,98.51000213623047
2019-08-30,136.09056091308594,98.91999816894531
2019-09-03,134.0972900390625,98.94999694824219
2019-09-04,135.17626953125,98.44999694824219
2019-09-05,137.69064331054688,98.41000366210938
2019-09-06,137.05972290039062,98.38999938964844
2019-09-09,138.89756774902344,98.27999877929688
2019-09-10,140.67144775390625,98.33000183105469
2019-09-11,143.55160522460938,98.6500015258789
2019-09-12,143.58811950683594,98.30999755859375
2019-09-13,143.83505249023438,98.26000213623047
2019-09-16,144.37445068359375,98.6500015258789
2019-09-17,143.9996337890625,98.26000213623047
2019-09-18,143.11268615722656,98.5999984741211
2019-09-19,142.4178009033203,98.2699966430664
2019-09-20,142.1160430908203,98.51000213623047
2019-09-23,142.00640869140625,98.5999984741211
2019-09-24,139.86289978027344,98.33999633789062
2019-09-25,141.39527893066406,99.04000091552734
2019-09-26,139.81707763671875,99.20999908447266
2019-09-27,138.6976318359375,99.11000061035156
2019-09-30,138.86280822753906,99.37999725341797
2019-10-01,136.13763427734375,99.12999725341797
2019-10-02,135.11000061035156,99.04000091552734
2019-10-03,135.5596160888672,98.86000061035156
2019-10-04,136.84417724609375,98.80999755859375
2019-10-07,136.60560607910156,98.98999786376953
2019-10-08,134.38514709472656,99.13999938964844
2019-10-09,134.99990844726562,99.12000274658203
2019-10-10,135.54124450683594,98.70999908447266
2019-10-11,137.83511352539062,98.30000305175781
2019-10-14,137.33047485351562,98.44999694824219
2019-10-15,138.9086456298828,98.29000091552734
2019-10-16,139.05552673339844,98.01000213623047
2019-10-17,140.69790649414062,97.61000061035156
2019-10-18,140.02809143066406,97.27999877929688
2019-10-21,141.3401641845703,97.33000183105469
2019-10-22,141.4961700439453,97.52999877929688
2019-10-23,141.67050170898438,97.47000122070312
2019-10-24,141.46865844726562,97.62999725341797
2019-10-25,142.22105407714844,97.83000183105469
2019-10-28,143.45054626464844,97.76000213623047
2019-10-29,143.91854858398438,97.69000244140625
2019-10-30,143.44143676757812,97.6500015258789
2019-10-31,142.63394165039062,97.3499984741211
2019-11-01,145.06544494628906,97.23999786376953
2019-11-04,145.84536743164062,97.51000213623047
2019-11-05,146.02891540527344,97.9800033569336
2019-11-06,145.18470764160156,97.94999694824219
2019-11-07,145.57009887695312,98.13999938964844
2019-11-08,145.96463012695312,98.3499984741211
2019-11-11,145.6894073486328,98.19999694824219
2019-11-12,145.73529052734375,98.30999755859375
2019-11-13,145.11131286621094,98.37000274658203
2019-11-14,145.06544494628906,98.16000366210938
2019-11-15,145.8178253173828,98.0
2019-11-18,145.45083618164062,97.79000091552734
2019-11-19,145.99221801757812,97.86000061035156
2019-11-20,145.44161987304688,97.93000030517578
2019-11-21,144.72596740722656,97.98999786376953
2019-11-22,145.1756134033203,98.2699966430664
2019-11-25,148.2585906982422,98.31999969482422
2019-11-26,148.3594970703125,98.25
2019-11-27,149.40553283691406,98.41000366210938
2019-11-29,148.4329071044922,98.2699966430664
2019-12-02,146.98318481445312,97.86000061035156
2019-12-03,146.5152130126953,97.73999786376953
2019-12-04,147.52450561523438,97.6500015258789
2019-12-05,147.6713409423828,97.41000366210938
2019-12-06,149.39630126953125,97.69999694824219
2019-12-09,149.1118927001953,97.63999938964844
2019-12-10,149.2036895751953,97.41000366210938
2019-12-11,149.15771484375,97.16000366210938
2019-12-12,150.44235229492188,97.4000015258789
2019-12-13,149.8642578125,97.16999816894531
2019-12-16,150.92059326171875,97.06999969482422
2019-12-17,151.67576599121094,97.20999908447266
2019-12-18,151.9704132080078,97.41000366210938
2019-12-19,152.62428283691406,97.41999816894531
2019-12-20,152.8453369140625,97.70999908447266
2019-12-23,153.14926147460938,97.66000366210938
2019-12-24,153.49916076660156,97.6500015258789
2019-12-26,153.49916076660156,97.58999633789062
2019-12-27,152.74400329589844,96.91999816894531
2019-12-30,152.35723876953125,96.73999786376953
2019-12-31,152.5690460205078,96.38999938964844
2020-01-02,152.6703643798828,96.8499984741211
2020-01-03,152.07174682617188,96.83999633789062
2020-01-06,152.2742919921875,96.66999816894531
2020-01-07,151.76785278320312,96.9800033569336
2020-01-08,152.2375030517578,97.30000305175781
2020-01-09,152.42169189453125,97.44999694824219
2020-01-10,151.8507537841797,97.36000061035156
2020-01-13,152.8361053466797,97.3499984741211
2020-01-14,153.39785766601562,97.37000274658203
2020-01-15,154.13458251953125,97.2300033569336
2020-01-16,156.12380981445312,97.31999969482422
2020-01-17,155.70016479492188,97.61000061035156
2020-01-21,154.41087341308594,97.52999877929688
2020-01-22,154.3095245361328,97.52999877929688
2020-01-23,154.20828247070312,97.69000244140625
2020-01-24,152.31118774414062,97.8499984741211
2020-01-27,150.57986450195312,97.95999908447266
2020-01-28,151.83229064941406,98.0199966430664
2020-01-29,150.96661376953125,97.98999786376953
2020-01-30,150.96661376953125,97.87000274658203
2020-01-31,147.8354949951172,97.38999938964844
2020-02-03,149.48394775390625,97.80000305175781
2020-02-04,151.74024963378906,97.95999908447266
2020-02-05,154.07933044433594,98.2699966430664
2020-02-06,153.72940063476562,98.5
2020-02-07,151.84152221679688,98.68000030517578
2020-02-10,152.69796752929688,98.83000183105469
2020-02-11,153.75701904296875,98.72000122070312
2020-02-12,154.81614685058594,99.05000305175781
2020-02-13,155.22128295898438,99.06999969482422
2020-02-14,154.62269592285156,99.12000274658203
2020-02-18,154.2911834716797,99.45999908447266
2020-02-19,155.0831298828125,99.5999984741211
2020-02-20,155.46075439453125,99.87000274658203
2020-02-21,153.88597106933594,99.26000213623047
2020-02-24,149.2537384033203,99.29000091552734
2020-02-25,143.94921875,98.97000122070312
2020-02-26,142.2823486328125,99.0
2020-02-27,137.27252197265625,98.44000244140625
2020-02-28,134.75843811035156,98.12999725341797
2020-03-02,139.08676147460938,97.36000061035156
2020-03-03,136.25030517578125,97.1500015258789
2020-03-04,140.1273956298828,97.33999633789062
2020-03-05,135.6701202392578,96.81999969482422
2020-03-06,132.9810333251953,95.94999694824219
2020-03-09,120.05131530761719,94.9000015258789
2020-03-10,123.79945373535156,96.41000366210938
2020-03-11,115.92558288574219,96.51000213623047
2020-03-12,103.1155776977539,97.47000122070312
2020-03-13,110.02247619628906,98.75
2020-03-16,95.42586517333984,98.08999633789062
2020-03-17,99.80025482177734,99.58000183105469
2020-03-18,92.06450653076172,101.16000366210938
2020-03-19,95.65608215332031,102.76000213623047
2020-03-20,93.38141632080078,102.81999969482422
2020-03-23,92.00005340576172,102.48999786376953
2020-03-24,100.41726684570312,101.73999786376953
2020-03-25,101.66529846191406,101.05000305175781
2020-03-26,107.98876190185547,99.41999816894531
2020-03-27,104.05972290039062,98.37000274658203
2020-03-30,106.35243225097656,99.18000030517578
2020-03-31,105.81624603271484,99.05000305175781
2020-04-01,98.60527038574219,99.66999816894531
2020-04-02,99.53902435302734,100.18000030517578
2020-04-03,96.71932220458984,100.58000183105469
2020-04-06,104.1244125366211,100.69000244140625
2020-04-07,104.39253234863281,99.9800033569336
2020-04-08,109.15362548828125,100.12000274658203
2020-04-09,114.37694549560547,99.5199966430664
2020-04-13,111.2799301147461,99.3499984741211
2020-04-14,113.53565979003906,98.88999938964844
2020-04-15,108.90399169921875,99.45999908447266
2020-04-16,108.08121490478516,100.02999877929688
2020-04-17,112.8423080444336,99.77999877929688
2020-04-20,111.51103973388672,99.95999908447266
2020-04-21,108.8485107421875,100.26000213623047
2020-04-22,110.17054748535156,100.38999938964844
2020-04-23,111.25218963623047,100.43000030517578
2020-04-24,113.16586303710938,100.37999725341797
2020-04-27,117.64959716796875,100.04000091552734
2020-04-28,119.35989379882812,99.87000274658203
2020-04-29,125.23039245605469,99.56999969482422
2020-04-30,120.4692611694336,99.0199966430664
2020-05-01,115.68971252441406,98.80000305175781
2020-05-04,116.1889419555664,99.4800033569336
2020-05-05,117.08567810058594,99.70999908447266
2020-05-06,116.22590637207031,100.08999633789062
2020-05-07,117.81600952148438,99.88999938964844
2020-05-08,122.36447143554688,99.7300033569336
2020-05-11,121.75428771972656,100.23999786376953
2020-05-12,117.3814926147461,99.93000030517578
2020-05-13,113.45244598388672,100.23999786376953
2020-05-14,113.822265625,100.47000122070312
2020-05-15,115.63423919677734,100.4000015258789
2020-05-18,122.6602783203125,99.66999816894531
2020-05-19,120.23814392089844,99.37000274658203
2020-05-20,123.8805923461914,99.12000274658203
2020-05-21,124.10252380371094,99.37000274658203
2020-05-22,124.70340728759766,99.86000061035156
2020-05-26,128.2996368408203,98.91000366210938
2020-05-27,132.28414916992188,99.05999755859375
2020-05-28,129.15013122558594,98.37999725341797
2020-05-29,128.4105682373047,98.33999633789062
2020-06-01,129.64015197753906,97.83000183105469
2020-06-02,130.71250915527344,97.66999816894531
2020-06-03,133.86500549316406,97.27999877929688
2020-06-04,133.67088317871094,96.68000030517578
2020-06-05,138.83868408203125,96.94000244140625
2020-06-08,141.5289764404297,96.62000274658203
2020-06-09,138.91270446777344,96.31999969482422
2020-06-10,135.14080810546875,95.95999908447266
2020-06-11,124.8328628540039,96.7300033569336
2020-06-12,127.82815551757812,97.31999969482422
2020-06-15,130.78353881835938,96.68000030517578
2020-06-16,133.9281005859375,96.95999908447266
2020-06-17,131.507080078125,97.16000366210938
2020-06-18,131.46066284179688,97.41999816894531
2020-06-19,130.78353881835938,97.62000274658203
2020-06-22,132.09144592285156,97.04000091552734
2020-06-23,132.64804077148438,96.69000244140625
2020-06-24,128.3439483642578,97.1500015258789
2020-06-25,130.2825927734375,97.43000030517578
2020-06-26,126.77622985839844,97.5
2020-06-29,130.922607421875,97.54000091552734
2020-06-30,132.81495666503906,97.38999938964844
2020-07-01,131.5534210205078,97.19999694824219
2020-07-02,132.09144592285156,97.31999969482422
2020-07-06,133.04684448242188,96.79000091552734
2020-07-07,130.69073486328125,96.87999725341797
2020-07-08,131.66477966308594,96.43000030517578
2020-07-09,129.00253295898438,96.69999694824219
2020-07-10,131.08033752441406,96.6500015258789
2020-07-13,129.419921875,96.45999908447266
2020-07-14,131.56272888183594,96.26000213623047
2020-07-15,136.3862762451172,96.08000183105469
2020-07-16,135.57923889160156,96.3499984741211
2020-07-17,135.9781036376953,95.94000244140625
2020-07-20,135.3937225341797,95.83000183105469
2020-07-21,137.31387329101562,95.12000274658203
2020-07-22,137.3881378173828,94.97000122070312
2020-07-23,137.52720642089844,94.69000244140625
2020-07-24,135.5050506591797,94.44000244140625
2020-07-27,136.91500854492188,93.66999816894531
2020-07-28,135.5514373779297,93.76000213623047
2020-07-29,138.538330078125,93.26000213623047
2020-07-30,137.9910430908203,93.0199966430664
2020-07-31,136.69241333007812,93.48999786376953
2020-08-03,138.91860961914062,93.5
2020-08-04,139.87405395507812,93.37999725341797
2020-08-05,142.65687561035156,92.83000183105469
2020-08-06,142.6012725830078,92.79000091552734
2020-08-07,144.8645782470703,93.44000244140625
2020-08-10,146.36732482910156,93.58000183105469
2020-08-11,145.52320861816406,93.62999725341797
2020-08-12,146.11688232421875,93.44000244140625
2020-08-13,145.810791015625,93.33999633789062
2020-08-14,145.718017578125,93.0999984741211
2020-08-17,146.46934509277344,92.8499984741211
2020-08-18,145.0686798095703,92.2699966430664
2020-08-19,145.0779571533203,92.88999938964844
2020-08-20,144.4843292236328,92.79000091552734
2020-08-21,143.41754150390625,93.25
2020-08-24,144.9202423095703,93.30000305175781
2020-08-25,145.0779571533203,93.0199966430664
2020-08-26,144.1688995361328,93.01000213623047
2020-08-27,144.52139282226562,93.01000213623047
2020-08-28,145.74581909179688,92.37000274658203
2020-08-31,144.17816162109375,92.13999938964844
2020-09-01,145.8292999267578,92.33999633789062
2020-09-02,146.98886108398438,92.8499984741211
2020-09-03,142.64761352539062,92.73999786376953
2020-09-04,141.73858642578125,92.72000122070312
2020-09-08,139.0113983154297,93.4800033569336
2020-09-09,141.1170654296875,93.26000213623047
2020-09-10,139.2804412841797,93.33999633789062
2020-09-11,138.352783203125,93.33000183105469
2020-09-14,141.9982452392578,93.06999969482422
2020-09-15,142.2673797607422,93.05000305175781
2020-09-16,143.61228942871094,93.20999908447266
2020-09-17,142.56410217285156,92.97000122070312
2020-09-18,142.19309997558594,92.93000030517578
2020-09-21,137.21180725097656,93.54000091552734
2020-09-22,138.26930236816406,93.98999786376953
2020-09-23,134.1499786376953,94.38999938964844
2020-09-24,134.1499786376953,94.3499984741211
2020-09-25,136.32884216308594,94.58000183105469
2020-09-28,139.6903076171875,94.26000213623047
2020-09-29,139.0570526123047,93.88999938964844
2020-09-30,139.47604370117188,93.88999938964844
2020-10-01,141.70150756835938,93.70999908447266
2020-10-02,142.32537841796875,93.83999633789062
2020-10-05,146.25482177734375,93.51000213623047
2020-10-06,145.83575439453125,93.83000183105469
2020-10-07,149.02029418945312,93.62999725341797
2020-10-08,150.71499633789062,93.61000061035156
2020-10-09,151.49713134765625,93.05999755859375
2020-10-12,152.51205444335938,93.06999969482422
2020-10-13,151.49713134765625,93.52999877929688
2020-10-14,149.9980010986328,93.37999725341797
2020-10-15,151.54371643066406,93.86000061035156
2020-10-16,151.17124938964844,93.68000030517578
2020-10-19,149.3648681640625,93.43000030517578
2020-10-20,149.69073486328125,93.06999969482422
2020-10-21,148.40573120117188,92.61000061035156
2020-10-22,150.96641540527344,92.94999694824219
2020-10-23,151.84165954589844,92.7699966430664
2020-10-26,148.56407165527344,93.05000305175781
2020-10-27,147.28839111328125,92.94000244140625
2020-10-28,142.7537384033203,93.41000366210938
2020-10-29,144.45770263671875,93.95999908447266
2020-10-30,142.5488739013672,94.04000091552734
2020-11-02,145.09085083007812,94.05000305175781
2020-11-03,149.20654296875,93.55000305175781
2020-11-04,149.3741455078125,93.41000366210938
2020-11-05,153.55491638183594,92.52999877929688
2020-11-06,152.35382080078125,92.2300033569336
2020-11-09,157.87547302246094,92.7300033569336
2020-11-10,160.80860900878906,92.75
2020-11-11,160.74343872070312,93.04000091552734
2020-11-12,158.27586364746094,92.95999908447266
2020-11-13,161.5535125732422,92.76000213623047
2020-11-16,165.39913940429688,92.56999969482422
2020-11-17,166.1719512939453,92.41999816894531
2020-11-18,163.84413146972656,92.31999969482422
2020-11-19,165.10118103027344,92.29000091552734
2020-11-20,165.27810668945312,92.38999938964844
2020-11-23,168.3695068359375,92.51000213623047
2020-11-24,171.5353546142578,92.2300033569336
2020-11-25,170.94874572753906,91.98999786376953
2020-11-27,171.67503356933594,91.79000091552734
2020-11-30,168.5557098388672,91.87000274658203
2020-12-01,170.12001037597656,91.30999755859375
2020-12-02,170.2969207763672,91.12000274658203
2020-12-03,171.2560272216797,90.70999908447266
2020-12-04,175.24130249023438,90.69999694824219
2020-12-07,175.408935546875,90.79000091552734
2020-12-08,177.6623077392578,90.97000122070312
2020-12-09,176.3679962158203,91.08999633789062
2020-12-10,178.07199096679688,90.79000091552734
2020-12-11,177.19671630859375,90.9800033569336
2020-12-14,177.40408325195312,90.70999908447266
2020-12-15,181.8408203125,90.47000122070312
2020-12-16,181.18701171875,90.44999694824219
2020-12-17,183.3446807861328,89.81999969482422
2020-12-18,182.45730590820312,90.0199966430664
2020-12-21,182.36392211914062,90.04000091552734
2020-12-22,184.4375,90.6500015258789
2020-12-23,186.00669860839844,90.41000366210938
2020-12-24,185.88526916503906,90.33000183105469
2020-12-28,185.1940460205078,90.33999633789062
2020-12-29,181.60728454589844,90.01000213623047
2020-12-30,183.45675659179688,89.62999725341797
2020-12-31,183.12979125976562,89.94000244140625
2021-01-04,180.73861694335938,89.87999725341797
2021-01-05,183.53147888183594,89.44000244140625
2021-01-06,191.0412139892578,89.52999877929688
2021-01-07,194.44114685058594,89.83000183105469
2021-01-08,194.0208282470703,90.0999984741211
2021-01-11,193.8527069091797,90.54000091552734
2021-01-12,197.32736206054688,90.05000305175781
2021-01-13,195.91696166992188,90.31999969482422
2021-01-14,199.83062744140625,90.23999786376953
2021-01-15,196.85098266601562,90.77999877929688
2021-01-19,199.37295532226562,90.5
2021-01-20,200.25096130371094,90.47000122070312
2021-01-21,198.51358032226562,90.12999725341797
2021-01-22,200.8207244873047,90.23999786376953
2021-01-25,200.62457275390625,90.38999938964844
2021-01-26,199.23281860351562,90.16999816894531
2021-01-27,195.58070373535156,90.6500015258789
2021-01-28,194.9549102783203,90.45999908447266
2021-01-29,192.00328063964844,90.58000183105469
2021-02-01,196.72021484375,91.0199966430664
2021-02-02,199.52235412597656,91.19999694824219
2021-02-03,200.12020874023438,91.12000274658203
2021-02-04,204.2019500732422,91.52999877929688
2021-02-05,207.0321502685547,91.04000091552734
2021-02-08,212.31884765625,90.93000030517578
2021-02-09,213.3183135986328,90.44000244140625
2021-02-10,211.91722106933594,90.37000274658203
2021-02-11,211.6743621826172,90.41999816894531
2021-02-12,212.27218627929688,90.4800033569336
2021-02-16,210.93646240234375,90.51000213623047
2021-02-17,209.28321838378906,90.94999694824219
2021-02-18,206.04205322265625,90.58999633789062
2021-02-19,210.3386993408203,90.36000061035156
2021-02-22,208.97499084472656,90.01000213623047
2021-02-23,207.13487243652344,90.16999816894531
2021-02-24,212.029296875,90.18000030517578
2021-02-25,204.19264221191406,90.12999725341797
2021-02-26,203.91238403320312,90.93000030517578
2021-03-01,211.16067504882812,91.04000091552734
2021-03-02,207.09751892089844,90.79000091552734
2021-03-03,204.8557891845703,90.94999694824219
2021-03-04,199.13011169433594,91.62999725341797
2021-03-05,203.35202026367188,91.9800033569336
2021-03-08,204.3140869140625,92.30999755859375
2021-03-09,208.61068725585938,91.95999908447266
2021-03-10,212.23480224609375,91.79000091552734
2021-03-11,216.90505981445312,91.41999816894531
2021-03-12,218.18470764160156,91.68000030517578
2021-03-15,218.95999145507812,91.83000183105469
2021-03-16,215.29852294921875,91.87000274658203
2021-03-17,216.9891357421875,91.4000015258789
2021-03-18,210.38543701171875,91.8499984741211
2021-03-19,211.9732666015625,91.91999816894531
2021-03-22,210.3760528564453,91.80000305175781
2021-03-23,202.744873046875,92.33999633789062
2021-03-24,198.055908203125,92.52999877929688
2021-03-25,202.75180053710938,92.87999725341797
2021-03-26,206.44822692871094,92.7699966430664
2021-03-29,200.63687133789062,92.94000244140625
2021-03-30,204.01513671875,93.30000305175781
2021-03-31,206.7570343017578,93.2300033569336
2021-04-01,209.3773193359375,92.93000030517578
2021-04-05,210.52835083007812,92.5999984741211
2021-04-06,209.91073608398438,92.33999633789062
2021-04-07,206.5231170654297,92.45999908447266
2021-04-08,208.2730712890625,92.05999755859375
2021-04-09,208.30111694335938,92.16000366210938
2021-04-12,207.4869842529297,92.13999938964844
2021-04-13,206.94422912597656,91.8499984741211
2021-04-14,208.98431396484375,91.69000244140625
2021-04-15,209.8920135498047,91.66999816894531
2021-04-16,210.22889709472656,91.55999755859375
2021-04-19,207.49632263183594,91.06999969482422
2021-04-20,203.24774169921875,91.23999786376953
2021-04-21,208.2169189453125,91.16000366210938
2021-04-22,207.35594177246094,91.33000183105469
2021-04-23,211.26763916015625,90.86000061035156
2021-04-26,213.46681213378906,90.80999755859375
2021-04-27,213.78492736816406,90.91000366210938
2021-04-28,214.14993286132812,90.61000061035156
2021-04-29,213.35452270507812,90.61000061035156
2021-04-30,210.4534912109375,91.27999877929688
2021-05-03,211.48289489746094,90.94999694824219
2021-05-04,208.95619201660156,91.29000091552734
2021-05-05,208.1233367919922,91.30999755859375
2021-05-06,208.30111694335938,90.94999694824219
2021-05-07,210.92138671875,90.2300033569336
2021-05-10,205.55921936035156,90.20999908447266
2021-05-11,204.90414428710938,90.13999938964844
2021-05-12,198.25059509277344,90.70999908447266
2021-05-13,201.9002227783203,90.75
2021-05-14,206.83192443847656,90.31999969482422
2021-05-17,207.1126708984375,90.22000122070312
2021-05-18,205.54049682617188,89.75
2021-05-19,203.9589385986328,90.19000244140625
2021-05-20,205.31591796875,89.80999755859375
2021-05-21,205.84930419921875,90.0199966430664
2021-05-24,207.18748474121094,89.83000183105469
2021-05-25,205.18487548828125,89.63999938964844
2021-05-26,209.01239013671875,90.04000091552734
2021-05-27,211.16473388671875,89.97000122070312
2021-05-28,211.0243377685547,90.02999877929688
2021-06-01,213.41998291015625,89.83000183105469
2021-06-02,213.6726837158203,89.9000015258789
2021-06-03,211.88525390625,90.5
2021-06-04,212.8023223876953,90.13999938964844
2021-06-07,215.6565704345703,89.94999694824219
2021-06-08,217.93991088867188,90.08000183105469
2021-06-09,216.48944091796875,90.12000274658203
2021-06-10,214.88401794433594,90.08000183105469
2021-06-11,217.15203857421875,90.55999755859375
2021-06-14,216.5147705078125,90.5199966430664
2021-06-15,215.89617919921875,90.54000091552734
2021-06-16,215.43695068359375,91.12999725341797
2021-06-17,213.0189208984375,91.88999938964844
2021-06-18,208.18292236328125,92.2300033569336
2021-06-21,212.63467407226562,91.86000061035156
2021-06-22,213.60003662109375,91.7300033569336
2021-06-23,214.3029327392578,91.80000305175781
2021-06-24,217.3301239013672,91.81999969482422
2021-06-25,217.6956329345703,91.80999755859375
2021-06-28,215.9711456298828,91.87999725341797
2021-06-29,214.9402313232422,92.05000305175781
2021-06-30,214.9683380126953,92.44000244140625
2021-07-01,216.86151123046875,92.5999984741211
2021-07-02,214.79966735839844,92.2300033569336
2021-07-06,211.67877197265625,92.55000305175781
2021-07-07,209.71055603027344,92.63999938964844
2021-07-08,207.77992248535156,92.36000061035156
2021-07-09,212.16607666015625,92.12999725341797
2021-07-12,212.3441619873047,92.2300033569336
2021-07-13,208.34228515625,92.75
2021-07-14,205.12759399414062,92.41000366210938
2021-07-15,203.96546936035156,92.62000274658203
2021-07-16,201.45375061035156,92.69000244140625
2021-07-19,198.4359130859375,92.88999938964844
2021-07-20,204.59341430664062,92.97000122070312
2021-07-21,208.11732482910156,92.75
2021-07-22,204.80892944335938,92.81999969482422
2021-07-23,205.76490783691406,92.91000366210938
2021-07-26,206.36473083496094,92.6500015258789
2021-07-27,203.95611572265625,92.43000030517578
2021-07-28,206.95521545410156,92.31999969482422
2021-07-29,208.54849243164062,91.86000061035156
2021-07-30,207.17071533203125,92.16999816894531
2021-08-02,206.13980102539062,92.05000305175781
2021-08-03,206.99267578125,92.08000183105469
2021-08-04,204.4153289794922,92.2699966430664
2021-08-05,208.08924865722656,92.23999786376953
2021-08-06,209.36383056640625,92.80000305175781
2021-08-09,208.21107482910156,92.94999694824219
2021-08-10,208.62342834472656,93.05999755859375
2021-08-11,209.64495849609375,92.91000366210938
2021-08-12,209.14825439453125,93.04000091552734
2021-08-13,207.24574279785156,92.5199966430664
2021-08-16,205.31507873535156,92.62999725341797
2021-08-17,202.8126678466797,93.12999725341797
2021-08-18,201.04136657714844,93.13999938964844
2021-08-19,198.6327362060547,93.56999969482422
2021-08-20,201.98794555664062,93.5
2021-08-23,205.83053588867188,92.95999908447266
2021-08-24,207.85488891601562,92.88999938964844
2021-08-25,208.58592224121094,92.83000183105469
2021-08-26,206.3740997314453,93.05999755859375
2021-08-27,212.19419860839844,92.69000244140625
2021-08-30,211.3225860595703,92.6500015258789
2021-08-31,211.7349395751953,92.62999725341797
2021-09-01,213.1595458984375,92.44999694824219
2021-09-02,214.64035034179688,92.2300033569336
2021-09-03,213.6468963623047,92.04000091552734
2021-09-07,212.17544555664062,92.5199966430664
2021-09-08,209.8604736328125,92.6500015258789
2021-09-09,209.75743103027344,92.4800033569336
2021-09-10,207.70497131347656,92.58000183105469
2021-09-13,208.88583374023438,92.62000274658203
2021-09-14,206.2241668701172,92.6500015258789
2021-09-15,208.08924865722656,92.48999786376953
2021-09-16,208.23919677734375,92.86000061035156
2021-09-17,208.51095581054688,93.19999694824219
2021-09-20,203.5530548095703,93.23999786376953
2021-09-21,203.8623504638672,93.19999694824219
2021-09-22,207.03016662597656,93.45999908447266
2021-09-23,210.6946563720703,93.0999984741211
2021-09-24,209.67848205566406,93.33000183105469
2021-09-27,212.86524963378906,93.37999725341797
2021-09-28,208.0240020751953,93.7699966430664
2021-09-29,207.5821533203125,94.33999633789062
2021-09-30,205.63623046875,94.25
2021-10-01,208.95465087890625,94.04000091552734
2021-10-04,207.05569458007812,93.80999755859375
2021-10-05,207.77015686035156,93.9800033569336
2021-10-06,206.68905639648438,94.2699966430664
2021-10-07,209.8758544921875,94.22000122070312
2021-10-08,208.29656982421875,94.06999969482422
2021-10-11,207.10276794433594,94.31999969482422
2021-10-12,208.24017333984375,94.5199966430664
2021-10-13,209.22723388671875,94.08000183105469
2021-10-14,212.3294219970703,93.95999908447266
2021-10-15,211.66200256347656,93.94000244140625
2021-10-18,211.53976440429688,93.94999694824219
2021-10-19,212.3294219970703,93.79000091552734
2021-10-20,213.73947143554688,93.55999755859375
2021-10-21,214.28466796875,93.7699966430664
2021-10-22,213.777099609375,93.61000061035156
2021-10-25,215.80763244628906,93.80999755859375
2021-10-26,214.1813201904297,93.94999694824219
2021-10-27,210.2425079345703,93.86000061035156
2021-10-28,214.4351348876953,93.3499984741211
2021-10-29,214.3787841796875,94.12000274658203
2021-11-01,219.93443298339844,93.87999725341797
2021-11-02,220.39503479003906,94.08999633789062
2021-11-03,224.33384704589844,93.86000061035156
2021-11-04,224.249267578125,94.3499984741211
2021-11-05,227.3138427734375,94.31999969482422
2021-11-08,228.01885986328125,94.05000305175781
2021-11-09,226.6934051513672,93.95999908447266
2021-11-10,223.1211700439453,94.8499984741211
2021-11-11,224.9167022705078,95.18000030517578
2021-11-12,225.14231872558594,95.12999725341797
2021-11-15,224.249267578125,95.41000366210938
2021-11-16,224.66287231445312,95.91999816894531
2021-11-17,221.72055053710938,95.83000183105469
2021-11-18,220.7804718017578,95.54000091552734
2021-11-19,218.7687530517578,96.06999969482422
2021-11-22,217.838134765625,96.5
2021-11-23,217.46209716796875,96.48999786376953
2021-11-24,217.69711303710938,96.83999633789062
2021-11-26,209.49046325683594,96.08999633789062
2021-11-29,209.35888671875,96.33999633789062
2021-11-30,205.0909881591797,95.98999786376953
2021-12-01,200.47537231445312,96.05000305175781
2021-12-02,206.0686492919922,96.12999725341797
2021-12-03,201.83843994140625,96.12000274658203
2021-12-06,205.8900909423828,96.29000091552734
2021-12-07,210.66551208496094,96.37000274658203
2021-12-08,212.1038055419922,95.88999938964844
2021-12-09,207.3001708984375,96.2699966430664
2021-12-10,206.72671508789062,96.05000305175781
2021-12-13,203.7056121826172,96.31999969482422
2021-12-14,201.9518280029297,96.56999969482422
2021-12-15,205.15773010253906,96.51000213623047
2021-12-16,201.00889587402344,96.04000091552734
2021-12-17,202.85699462890625,96.56999969482422
2021-12-20,200.00941467285156,96.55000305175781
2021-12-21,205.7234344482422,96.48999786376953
2021-12-22,207.7035675048828,96.08000183105469
2021-12-23,209.36305236816406,96.0199966430664
2021-12-27,211.32432556152344,96.08999633789062
2021-12-28,210.03250122070312,96.19999694824219
2021-12-29,210.25885009765625,95.93000030517578
2021-12-30,210.20225524902344,95.97000122070312
2021-12-31,209.74966430664062,95.66999816894531
2022-01-03,212.45584106445312,96.23999786376953
2022-01-04,212.1352081298828,96.29000091552734
2022-01-05,204.95030212402344,96.19000244140625
2022-01-06,206.11947631835938,96.25
2022-01-07,203.73391723632812,95.73999786376953
2022-01-10,203.0267333984375,95.98999786376953
2022-01-11,205.1859893798828,95.62000274658203
2022-01-12,203.65847778320312,95.0
2022-01-13,201.79153442382812,94.79000091552734
2022-01-14,202.07443237304688,95.16999816894531
2022-01-18,195.96435546875,95.7300033569336
2022-01-19,192.77734375,95.51000213623047
2022-01-20,189.28858947753906,95.73999786376953
2022-01-21,185.74325561523438,95.63999938964844
2022-01-24,190.02407836914062,95.91999816894531
2022-01-25,187.48765563964844,95.94999694824219
2022-01-26,184.781494140625,96.48999786376953
2022-01-27,180.5855712890625,97.26000213623047
2022-01-28,184.10260009765625,97.2699966430664
2022-01-31,189.75062561035156,96.54000091552734
2022-02-01,191.74954223632812,96.38999938964844
2022-02-02,189.84490966796875,95.94000244140625
2022-02-03,186.25241088867188,95.37999725341797
2022-02-04,187.05389404296875,95.4800033569336
2022-02-07,187.97793579101562,95.4000015258789
2022-02-08,191.18382263183594,95.63999938964844
2022-02-09,194.8140106201172,95.48999786376953
2022-02-10,191.8249969482422,95.55000305175781
2022-02-11,189.88262939453125,96.08000183105469
2022-02-14,189.2225799560547,96.37000274658203
2022-02-15,194.29539489746094,95.98999786376953
2022-02-16,194.7008514404297,95.69999694824219
2022-02-17,189.71287536621094,95.80000305175781
2022-02-18,188.08164978027344,96.04000091552734
2022-02-22,185.43212890625,96.02999877929688
2022-02-23,181.96221923828125,96.19000244140625
2022-02-24,186.73333740234375,97.13999938964844
2022-02-25,190.9386749267578,96.62000274658203
2022-02-28,191.7118377685547,96.70999908447266
2022-03-01,188.10049438476562,97.41000366210938
2022-03-02,192.57933044433594,97.38999938964844
2022-03-03,190.29750061035156,97.79000091552734
2022-03-04,187.31793212890625,98.6500015258789
2022-03-07,182.65994262695312,99.29000091552734
2022-03-08,183.66883850097656,99.05999755859375
2022-03-09,188.8454132080078,97.97000122070312
2022-03-10,188.50601196289062,98.51000213623047
2022-03-11,185.4980926513672,99.12000274658203
2022-03-14,181.7076416015625,99.05999755859375
2022-03-15,184.6023406982422,99.06999969482422
2022-03-16,190.41064453125,98.37999725341797
2022-03-17,193.39964294433594,98.01000213623047
2022-03-18,195.43634033203125,98.2300033569336
2022-03-21,193.7108612060547,98.5
2022-03-22,195.65322875976562,98.48999786376953
2022-03-23,192.25875854492188,98.62000274658203
2022-03-24,194.46949768066406,98.79000091552734
2022-03-25,194.7340087890625,98.80999755859375
2022-03-28,194.80010986328125,99.08999633789062
2022-03-29,200.0152130126953,98.4000015258789
2022-03-30,196.00001525878906,97.79000091552734
2022-03-31,193.93096923828125,98.30999755859375
2022-04-01,196.1039276123047,98.62999725341797
2022-04-04,196.42515563964844,98.98999786376953
2022-04-05,191.7769317626953,99.47000122070312
2022-04-06,189.05599975585938,99.5999984741211
2022-04-07,188.44192504882812,99.75
2022-04-08,186.9397735595703,99.80000305175781
2022-04-11,185.68321228027344,99.93000030517578
2022-04-12,186.26898193359375,100.29000091552734
2022-04-13,189.81182861328125,99.87999725341797
2022-04-14,187.9695281982422,100.31999969482422
2022-04-18,186.7035369873047,100.77999877929688
2022-04-19,190.42591857910156,100.95999908447266
2022-04-20,191.1533660888672,100.38999938964844
2022-04-21,186.8735809326172,100.58000183105469
2022-04-22,182.0364227294922,101.22000122070312
2022-04-25,183.14178466796875,101.75
2022-04-26,177.3693389892578,102.30000305175781
2022-04-27,176.63238525390625,102.94999694824219
2022-04-28,179.92962646484375,103.62000274658203
2022-04-29,174.7334442138672,102.95999908447266
2022-05-02,176.56626892089844,103.73999786376953
2022-05-03,178.077880859375,103.47000122070312
2022-05-04,182.8300323486328,102.58999633789062
2022-05-05,175.4136199951172,103.75
2022-05-06,172.4943389892578,103.66000366210938
2022-05-09,165.23858642578125,103.6500015258789
2022-05-10,165.2858428955078,103.91999816894531
2022-05-11,161.1761474609375,103.8499984741211
2022-05-12,163.06565856933594,104.8499984741211
2022-05-13,168.2334442138672,104.55999755859375
2022-05-16,167.43045043945312,104.19000244140625
2022-05-17,172.5510711669922,103.36000061035156
2022-05-18,166.5045623779297,103.80999755859375
2022-05-19,166.778564453125,102.72000122070312
2022-05-20,166.35342407226562,103.1500015258789
2022-05-23,168.36575317382812,102.08000183105469
2022-05-24,165.87159729003906,101.86000061035156
2022-05-25,168.85702514648438,102.05999755859375
2022-05-26,172.62661743164062,101.83000183105469
2022-05-27,177.2748260498047,101.66999816894531
2022-05-31,175.07357788085938,101.75
2022-06-01,174.08152770996094,102.55000305175781
2022-06-02,178.33299255371094,101.7699966430664
2022-06-03,176.7268524169922,102.13999938964844
2022-06-06,177.49217224121094,102.44000244140625
2022-06-07,180.35479736328125,102.31999969482422
2022-06-08,177.56773376464844,102.54000091552734
2022-06-09,173.88674926757812,103.22000122070312
2022-06-10,169.1693878173828,104.1500015258789
2022-06-13,161.2219696044922,105.08000183105469
2022-06-14,160.44522094726562,105.5199966430664
2022-06-15,162.7943878173828,105.16000366210938
2022-06-16,155.25430297851562,103.62999725341797
2022-06-17,156.46678161621094,104.69999694824219
2022-06-21,159.27061462402344,104.44000244140625
2022-06-22,158.967529296875,104.19999694824219
2022-06-23,160.87152099609375,104.43000030517578
2022-06-24,165.85403442382812,104.19000244140625
2022-06-27,166.46975708007812,103.94000244140625
2022-06-28,163.34378051757812,104.51000213623047
2022-06-29,161.68614196777344,105.11000061035156
2022-06-30,160.42630004882812,104.69000244140625
2022-07-01,162.36817932128906,105.13999938964844
2022-07-05,163.7132568359375,106.5
2022-07-06,162.500732421875,107.0999984741211
2022-07-07,166.3466033935547,107.12999725341797
2022-07-08,166.32762145996094,107.01000213623047
2022-07-11,162.98385620117188,108.0199966430664
2022-07-12,162.4250030517578,108.06999969482422
2022-07-13,162.28286743164062,107.95999908447266
2022-07-14,160.61573791503906,108.54000091552734
2022-07-15,163.9595184326172,108.05999755859375
2022-07-18,163.49539184570312,107.37000274658203
2022-07-19,169.26414489746094,106.68000030517578
2022-07-20,171.9164581298828,107.08000183105469
2022-07-21,172.79737854003906,106.91000366210938
2022-07-22,170.04086303710938,106.7300033569336
2022-07-25,170.9217987060547,106.4800033569336
2022-07-26,169.87037658691406,107.19000244140625
2022-07-27,173.73516845703125,106.44999694824219
2022-07-28,176.1222381591797,106.3499984741211
2022-07-29,177.37258911132812,105.9000015258789
2022-08-01,177.30624389648438,105.44999694824219
2022-08-02,177.1357879638672,106.23999786376953
2022-08-03,179.74070739746094,106.51000213623047
2022-08-04,179.36183166503906,105.69000244140625
2022-08-05,180.73533630371094,106.62000274658203
2022-08-08,182.6487579345703,106.44000244140625
2022-08-09,180.15753173828125,106.37000274658203
2022-08-10,185.30108642578125,105.19999694824219
2022-08-11,185.9925994873047,105.08999633789062
2022-08-12,189.79103088378906,105.62999725341797
2022-08-15,190.4635772705078,106.55000305175781
2022-08-16,190.38780212402344,106.5
2022-08-17,187.18606567382812,106.56999969482422
2022-08-18,188.427001953125,107.4800033569336
2022-08-19,184.38223266601562,108.16999816894531
2022-08-22,180.583740234375,109.05000305175781
2022-08-23,180.87742614746094,108.62000274658203
2022-08-24,182.26039123535156,108.68000030517578
2022-08-25,185.09266662597656,108.47000122070312
2022-08-26,179.01132202148438,108.80000305175781
2022-08-29,177.3631134033203,108.83999633789062
2022-08-30,174.88131713867188,108.7699966430664
2022-08-31,173.82041931152344,108.69999694824219
2022-09-01,171.9259033203125,109.69000244140625
2022-09-02,170.59027099609375,109.52999877929688
2022-09-06,168.9041748046875,110.20999908447266
2022-09-07,172.57949829101562,109.83999633789062
2022-09-08,174.0193328857422,109.70999908447266
2022-09-09,177.51466369628906,109.0
2022-09-12,179.66494750976562,108.33000183105469
2022-09-13,172.63633728027344,109.81999969482422
2022-09-14,173.30889892578125,109.66000366210938
2022-09-15,172.04908752441406,109.73999786376953
2022-09-16,169.54832458496094,109.76000213623047
2022-09-19,170.99757385253906,109.73999786376953
2022-09-20,168.6673583984375,110.22000122070312
2022-09-21,166.0908203125,110.63999938964844
2022-09-22,162.34921264648438,111.3499984741211
2022-09-23,158.4844512939453,113.19000244140625
2022-09-26,156.314453125,114.0999984741211
2022-09-27,156.8477020263672,114.11000061035156
2022-09-28,161.80841064453125,112.5999984741211
2022-09-29,158.18069458007812,112.25
2022-09-30,157.02854919433594,112.12000274658203
2022-10-03,161.189453125,111.75
2022-10-04,167.57843017578125,110.06999969482422
2022-10-05,166.3406219482422,111.06999969482422
2022-10-06,165.4075164794922,112.26000213623047
2022-10-07,160.5420379638672,112.80000305175781
2022-10-10,159.64700317382812,113.13999938964844
2022-10-11,159.69461059570312,113.22000122070312
2022-10-12,159.2566375732422,113.31999969482422
2022-10-13,163.19850158691406,112.36000061035156
2022-10-14,158.82814025878906,113.30999755859375
2022-10-17,163.8936004638672,112.04000091552734
2022-10-18,165.8360137939453,112.12999725341797
2022-10-19,163.01760864257812,112.9800033569336
2022-10-20,160.94192504882812,112.87999725341797
2022-10-21,164.43630981445312,112.01000213623047
2022-10-24,165.14093017578125,111.98999786376953
2022-10-25,169.6445770263672,110.94999694824219
2022-10-26,170.4824676513672,109.69999694824219
2022-10-27,170.52056884765625,110.58999633789062
2022-10-28,174.3957977294922,110.66999816894531
2022-10-31,174.5576629638672,111.52999877929688
2022-11-01,174.7957000732422,111.4800033569336
2022-11-02,168.9971160888672,111.3499984741211
2022-11-03,167.8640594482422,112.93000030517578
2022-11-04,170.13021850585938,110.87999725341797
2022-11-07,170.90145874023438,110.12000274658203
2022-11-08,170.9680633544922,109.62000274658203
2022-11-09,166.2739715576172,110.55000305175781
2022-11-10,176.50961303710938,108.20999908447266
2022-11-11,177.95684814453125,106.29000091552734
2022-11-14,175.96685791015625,106.66000366210938
2022-11-15,178.57574462890625,106.4000015258789
2022-11-16,175.4336700439453,106.27999877929688
2022-11-17,173.80545043945312,106.69000244140625
2022-11-18,174.92901611328125,106.93000030517578
2022-11-21,174.0149383544922,107.83999633789062
2022-11-22,175.8716583251953,107.22000122070312
2022-11-23,176.3286590576172,106.08000183105469
2022-11-25,176.70001220703125,105.95999908447266
2022-11-28,173.1389617919922,106.68000030517578
2022-11-29,173.64358520507812,106.81999969482422
2022-11-30,178.40435791015625,105.94999694824219
2022-12-01,178.01397705078125,104.7300033569336
2022-12-02,179.05184936523438,104.55000305175781
2022-12-05,174.11968994140625,105.29000091552734
2022-12-06,171.45367431640625,105.58000183105469
2022-12-07,170.94900512695312,105.0999984741211
2022-12-08,172.18682861328125,104.7699966430664
2022-12-09,170.07302856445312,104.80999755859375
2022-12-12,172.07254028320312,105.12999725341797
2022-12-13,173.4978485107422,103.9800033569336
2022-12-14,172.35951232910156,103.7699966430664
2022-12-15,168.04550170898438,104.55999755859375
2022-12-16,166.79241943359375,104.69999694824219
2022-12-19,164.53500366210938,104.72000122070312
2022-12-20,165.40542602539062,103.97000122070312
2022-12-21,168.25595092773438,104.16000366210938
2022-12-22,166.05592346191406,104.43000030517578
2022-12-23,166.8115692138672,104.30999755859375
2022-12-27,165.6923828125,104.18000030517578
2022-12-28,163.11932373046875,104.45999908447266
2022-12-29,167.25157165527344,103.83999633789062
2022-12-30,166.78289794921875,103.5199966430664
2023-01-03,165.8645477294922,104.5199966430664
2023-01-04,167.93077087402344,104.25
2023-01-05,166.1324462890625,105.04000091552734
2023-01-06,169.86294555664062,103.87999725341797
2023-01-09,170.14991760253906,103.0
2023-01-10,172.6656036376953,103.23999786376953
2023-01-11,174.81784057617188,103.19000244140625
2023-01-12,177.75445556640625,102.25
2023-01-13,178.92140197753906,102.19999694824219
2023-01-17,178.70138549804688,102.38999938964844
2023-01-18,175.81263732910156,102.36000061035156
2023-01-19,174.1291046142578,102.05999755859375
2023-01-20,176.9987335205078,102.01000213623047
2023-01-23,179.18922424316406,102.13999938964844
2023-01-24,178.8065948486328,101.91999816894531
2023-01-25,179.30401611328125,101.63999938964844
2023-01-26,180.3657989501953,101.83999633789062
2023-01-27,181.34149169921875,101.93000030517578
2023-01-30,178.81619262695312,102.27999877929688
2023-01-31,183.15890502929688,102.0999984741211
2023-02-01,186.03811645507812,101.22000122070312
2023-02-02,189.70164489746094,101.75
2023-02-03,188.42942810058594,102.91999816894531
2023-02-06,185.7033233642578,103.62000274658203
2023-02-07,187.08071899414062,103.43000030517578
2023-02-08,184.34500122070312,103.41000366210938
2023-02-09,181.67625427246094,103.22000122070312
2023-02-10,182.03973388671875,103.62999725341797
2023-02-13,184.230224609375,103.3499984741211
2023-02-14,184.1441192626953,103.2300033569336
2023-02-15,186.0093994140625,103.91999816894531
2023-02-16,184.230224609375,103.86000061035156
2023-02-17,184.7371826171875,103.86000061035156
2023-02-21,179.28489685058594,104.18000030517578
2023-02-22,179.772705078125,104.58999633789062
2023-02-23,181.0544891357422,104.5999984741211
2023-02-24,179.36141967773438,105.20999908447266
2023-02-27,179.9927215576172,104.66999816894531
2023-02-28,180.00230407714844,104.87000274658203
2023-03-01,180.23184204101562,104.4800033569336
2023-03-02,180.6623077392578,105.02999877929688
2023-03-03,183.17800903320312,104.5199966430664
2023-03-06,180.49969482421875,104.3499984741211
2023-03-07,178.40489196777344,105.62000274658203
2023-03-08,178.49098205566406,105.66000366210938
2023-03-09,173.5264892578125,105.30999755859375
2023-03-10,168.52377319335938,104.58000183105469
2023-03-13,165.7784881591797,103.5999984741211
2023-03-14,168.8489990234375,103.5999984741211
2023-03-15,166.06546020507812,104.6500015258789
2023-03-16,168.3324737548828,104.41999816894531
2023-03-17,163.78892517089844,103.70999908447266
2023-03-20,165.9123992919922,103.27999877929688
2023-03-21,168.9733123779297,103.26000213623047
2023-03-22,164.1811065673828,102.3499984741211
2023-03-23,163.45237731933594,102.52999877929688
2023-03-24,164.93087768554688,103.12000274658203
2023-03-27,166.76461791992188,102.86000061035156
2023-03-28,166.5245819091797,102.43000030517578
2023-03-29,168.41595458984375,102.63999938964844
2023-03-30,168.18551635742188,102.13999938964844
2023-03-31,171.2769775390625,102.51000213623047
2023-04-03,171.35377502441406,102.08999633789062
2023-04-04,168.34873962402344,101.58999633789062
2023-04-05,166.69744873046875,101.8499984741211
2023-04-06,166.94705200195312,101.81999969482422
2023-04-10,168.73277282714844,102.58000183105469
2023-04-11,170.06727600097656,102.19999694824219
2023-04-12,168.81918334960938,101.5
2023-04-13,171.05616760253906,101.01000213623047
2023-04-14,169.4624481201172,101.55000305175781
2023-04-17,171.6417999267578,102.0999984741211
2023-04-18,170.91217041015625,101.75
2023-04-19,171.13294982910156,101.97000122070312
2023-04-20,170.2496795654297,101.83999633789062
2023-04-21,170.4705047607422,101.81999969482422
2023-04-24,170.3553009033203,101.3499984741211
2023-04-25,166.1501922607422,101.86000061035156
2023-04-26,164.5468292236328,101.47000122070312
2023-04-27,166.74542236328125,101.5
2023-04-28,168.20472717285156,101.66999816894531
2023-05-01,168.30075073242188,102.1500015258789
2023-05-02,164.84445190429688,101.95999908447266
2023-05-03,165.44931030273438,101.33999633789062
2023-05-04,163.5963897705078,101.4000015258789
2023-05-05,167.4846649169922,101.20999908447266
2023-05-08,167.1006622314453,101.37000274658203
2023-05-09,166.60140991210938,101.63999938964844
2023-05-10,167.4462890625,101.4800033569336
2023-05-11,166.1597900390625,102.05999755859375
2023-05-12,165.82374572753906,102.68000030517578
2023-05-15,167.84951782226562,102.43000030517578
2023-05-16,165.40135192871094,102.55999755859375
2023-05-17,169.0880126953125,102.87999725341797
2023-05-18,170.11524963378906,103.58000183105469
2023-05-19,169.07839965820312,103.19999694824219
2023-05-22,171.14256286621094,103.19999694824219
2023-05-23,170.33607482910156,103.48999786376953
2023-05-24,168.53114318847656,103.88999938964844
2023-05-25,167.2158660888672,104.20999908447266
2023-05-26,169.11676025390625,104.20999908447266
2023-05-30,168.49276733398438,104.16999816894531
2023-05-31,166.83181762695312,104.31999969482422
2023-06-01,168.63673400878906,103.55999755859375
2023-06-02,174.75244140625,104.0199966430664
2023-06-05,172.40988159179688,104.0
2023-06-06,176.95101928710938,104.12999725341797
2023-06-07,180.26185607910156,104.0999984741211
2023-06-08,179.58790588378906,103.33999633789062
2023-06-09,178.13418579101562,103.55999755859375
2023-06-12,178.87550354003906,103.62999725341797
2023-06-13,180.9261016845703,103.33999633789062
2023-06-14,178.98141479492188,103.01000213623047
2023-06-15,180.45437622070312,102.12000274658203
2023-06-16,179.01028442382812,102.30000305175781
2023-06-20,178.23048400878906,102.54000091552734
2023-06-21,177.81649780273438,102.06999969482422
2023-06-22,176.49758911132812,102.38999938964844
2023-06-23,173.84039306640625,102.9000015258789
2023-06-26,174.01373291015625,102.69000244140625
2023-06-27,176.5264434814453,102.48999786376953
2023-06-28,177.39288330078125,102.91000366210938
2023-06-29,179.4338836669922,103.33999633789062
2023-06-30,180.29067993164062,102.91000366210938
2023-07-03,180.65655517578125,102.98999786376953
2023-07-05,178.85626220703125,103.37000274658203
2023-07-06,175.96807861328125,103.16999816894531
2023-07-07,177.82614135742188,102.2699966430664
2023-07-10,180.8683624267578,101.97000122070312
2023-07-11,182.7264404296875,101.7300033569336
2023-07-12,184.7192840576172,100.5199966430664
2023-07-13,186.21151733398438,99.7699966430664
2023-07-14,184.39193725585938,99.91000366210938
2023-07-17,186.36557006835938,99.83999633789062
2023-07-18,188.66648864746094,99.94000244140625
2023-07-19,189.465576171875,100.27999877929688
2023-07-20,187.8096466064453,100.87999725341797
2023-07-21,187.2127685546875,101.06999969482422
2023-07-24,187.6748809814453,101.3499984741211
2023-07-25,187.6555938720703,101.3499984741211
2023-07-26,189.13821411132812,100.88999938964844
2023-07-27,186.69285583496094,101.7699966430664
2023-07-28,189.1093292236328,101.62000274658203
2023-07-31,191.30438232421875,101.86000061035156
2023-08-01,190.4282989501953,102.30000305175781
2023-08-02,187.83853149414062,102.58999633789062
2023-08-03,187.30902099609375,102.54000091552734
2023-08-04,186.93356323242188,102.0199966430664
2023-08-07,187.05873107910156,102.05000305175781
2023-08-08,185.88421630859375,102.52999877929688
2023-08-09,184.43048095703125,102.48999786376953
2023-08-10,183.61215209960938,102.5199966430664
2023-08-11,183.8720703125,102.83999633789062
2023-08-14,183.5543670654297,103.19000244140625
2023-08-15,181.1282958984375,103.20999908447266
2023-08-16,178.9140167236328,103.41999816894531
2023-08-17,176.8056182861328,103.44000244140625
2023-08-18,177.76832580566406,103.37999725341797
2023-08-21,177.5084228515625,103.33000183105469
2023-08-22,176.9789581298828,103.55999755859375
2023-08-23,178.8658905029297,103.36000061035156
2023-08-24,176.39166259765625,103.9800033569336
2023-08-25,177.14260864257812,104.08000183105469
2023-08-28,178.72146606445312,104.05999755859375
2023-08-29,181.2149658203125,103.55000305175781
2023-08-30,181.89846801757812,103.16000366210938
2023-08-31,181.58078002929688,103.62000274658203
2023-09-01,183.7373046875,104.23999786376953
2023-09-05,179.86708068847656,104.80999755859375
2023-09-06,179.19320678710938,104.86000061035156
2023-09-07,177.46029663085938,105.05999755859375
2023-09-08,177.06556701660156,105.08999633789062
2023-09-11,177.48916625976562,104.56999969482422
2023-09-12,177.3158721923828,104.70999908447266
2023-09-13,176.15098571777344,104.7699966430664
2023-09-14,178.6348114013672,105.41000366210938
2023-09-15,176.76715087890625,105.31999969482422
2023-09-18,175.5926055908203,105.19999694824219
2023-09-19,174.90904235839844,105.19999694824219
2023-09-20,173.15689086914062,105.16000366210938
2023-09-21,170.4708709716797,105.36000061035156
2023-09-22,170.0857696533203,105.58000183105469
2023-09-25,170.84634399414062,106.0
2023-09-26,168.64971923828125,106.2300033569336
2023-09-27,170.226318359375,106.66999816894531
2023-09-28,171.7642364501953,106.22000122070312
2023-09-29,170.95175170898438,106.16999816894531
2023-10-02,168.3691864013672,106.9000015258789
2023-10-03,165.53514099121094,107.0
2023-10-04,165.61253356933594,106.80000305175781
2023-10-05,165.73828125,106.33000183105469
2023-10-06,167.33424377441406,106.04000091552734
2023-10-09,168.30149841308594,106.08000183105469
2023-10-10,170.2069854736328,105.83000183105469
2023-10-11,169.9167938232422,105.81999969482422
2023-10-12,166.07676696777344,106.56999969482422
2023-10-13,164.69363403320312,106.6500015258789
2023-10-16,167.3535919189453,106.23999786376953
2023-10-17,169.2203826904297,106.25
2023-10-18,165.73828125,106.56999969482422
2023-10-19,163.09768676757812,106.25
2023-10-20,160.98907470703125,106.16000366210938
2023-10-23,159.625244140625,105.54000091552734
2023-10-24,161.01809692382812,106.2699966430664
2023-10-25,158.35818481445312,106.52999877929688
2023-10-26,158.76441955566406,106.5999984741211
2023-10-27,156.89759826660156,106.55999755859375
2023-10-30,157.76812744140625,106.12000274658203
2023-10-31,159.13197326660156,106.66000366210938
2023-11-01,160.04116821289062,106.87999725341797
2023-11-02,164.3067626953125,106.12000274658203
2023-11-03,168.77545166015625,105.0199966430664
2023-11-06,166.66680908203125,105.22000122070312
2023-11-07,166.07676696777344,105.54000091552734
2023-11-08,164.3067626953125,105.58999633789062
2023-11-09,161.76290893554688,105.91000366210938
2023-11-10,163.57162475585938,105.86000061035156
2023-11-13,163.6296844482422,105.66000366210938
2023-11-14,172.61541748046875,104.11000061035156
2023-11-15,172.91526794433594,104.38999938964844
2023-11-16,170.11993408203125,104.37000274658203
2023-11-17,172.45098876953125,103.81999969482422
2023-11-20,173.45693969726562,103.47000122070312
2023-11-21,171.2225799560547,103.58999633789062
2023-11-22,172.29623413085938,103.91999816894531
2023-11-24,173.45693969726562,103.4000015258789
2023-11-27,172.8765869140625,103.19999694824219
2023-11-28,172.20916748046875,102.75
2023-11-29,173.11839294433594,102.7699966430664
2023-11-30,173.776123046875,103.5
2023-12-01,178.85418701171875,103.2699966430664
2023-12-04,180.7693328857422,103.63999938964844
2023-12-05,178.35121154785156,104.05000305175781
2023-12-06,178.03201293945312,104.1500015258789
2023-12-07,179.31846618652344,103.54000091552734
2023-12-08,180.68228149414062,104.01000213623047
2023-12-11,181.0595245361328,104.0999984741211
2023-12-12,180.87574768066406,103.87000274658203
2023-12-13,186.99842834472656,102.87000274658203
2023-12-14,192.2022247314453,101.95999908447266
2023-12-15,190.58689880371094,102.55000305175781
2023-12-18,190.65460205078125,102.51000213623047
2023-12-19,194.34954833984375,102.16999816894531
2023-12-20,190.5478973388672,102.41000366210938
2023-12-21,193.7903289794922,101.83999633789062
2023-12-22,195.5960235595703,101.69999694824219
2023-12-26,198.1395263671875,101.47000122070312
2023-12-27,198.83848571777344,100.98999786376953
2023-12-28,198.08126831054688,101.2300033569336
2023-12-29,194.8485107421875,101.33000183105469
2024-01-02,193.69326782226562,102.19999694824219
2024-01-03,188.5286407470703,102.45999908447266
2024-01-04,188.1597137451172,102.41999816894531
2024-01-05,187.6063690185547,102.41000366210938
2024-01-08,190.9847412109375,102.20999908447266
2024-01-09,189.276123046875,102.56999969482422
2024-01-10,189.38291931152344,102.36000061035156
2024-01-11,187.89761352539062,102.29000091552734
2024-01-12,187.58697509765625,102.4000015258789
2024-01-16,185.2667236328125,103.36000061035156
2024-01-17,183.9464569091797,103.44999694824219
2024-01-18,185.03379821777344,103.54000091552734
2024-01-19,186.81033325195312,103.29000091552734
2024-01-22,190.80026245117188,103.33000183105469
2024-01-23,190.24691772460938,103.62000274658203
2024-01-24,188.68394470214844,103.23999786376953
2024-01-25,190.24691772460938,103.56999969482422
2024-01-26,190.25662231445312,103.47000122070312
2024-01-29,193.58645629882812,103.61000061035156
2024-01-30,191.93609619140625,103.4000015258789
2024-01-31,187.2471923828125,103.2699966430664
2024-02-01,189.73239135742188,103.05000305175781
2024-02-02,188.7324981689453,103.91999816894531
2024-02-05,186.33462524414062,104.44999694824219
2024-02-06,188.0140838623047,104.18000030517578
2024-02-07,187.5772705078125,104.04000091552734
2024-02-08,190.42169189453125,104.1500015258789
2024-02-09,193.51852416992188,104.08000183105469
2024-02-12,197.03280639648438,104.16999816894531
2024-02-13,188.92665100097656,104.95999908447266
2024-02-14,193.31468200683594,104.72000122070312
2024-02-15,198.46957397460938,104.30000305175781
2024-02-16,195.77076721191406,104.27999877929688
2024-02-20,193.0719451904297,104.08000183105469
2024-02-21,192.15940856933594,104.01000213623047
2024-02-22,193.61561584472656,103.95999908447266
2024-02-23,194.05245971679688,103.94000244140625
2024-02-26,195.27566528320312,103.83000183105469
2024-02-27,198.04246520996094,103.83000183105469
2024-02-28,196.4114990234375,103.9800033569336
2024-02-29,197.7803192138672,104.16000366210938
2024-03-01,199.87721252441406,103.86000061035156
2024-03-04,199.6927947998047,103.83000183105469
2024-03-05,197.7803192138672,103.80000305175781
2024-03-06,199.25592041015625,103.37000274658203
2024-03-07,200.91600036621094,102.81999969482422
2024-03-08,200.78976440429688,102.73999786376953
2024-03-11,199.19766235351562,102.87000274658203
2024-03-12,198.9258575439453,102.95999908447266
2024-03-13,199.7024688720703,102.79000091552734
2024-03-14,196.1299591064453,103.36000061035156
2024-03-15,196.49887084960938,103.43000030517578
2024-03-18,195.3727264404297,103.58000183105469
2024-03-19,196.1979522705078,103.80999755859375
2024-03-20,200.08111572265625,103.41000366210938
2024-03-21,202.3799591064453,104.0
2024-03-22,199.58668518066406,104.43000030517578
2024-03-25,200.04412841796875,104.2300033569336
2024-03-26,199.68402099609375,104.29000091552734
2024-03-27,204.0345001220703,104.3499984741211
2024-03-28,204.67684936523438,104.55000305175781
2024-04-01,202.7498016357422,105.0199966430664
2024-04-02,199.02220153808594,104.81999969482422
2024-04-03,200.3263702392578,104.25
2024-04-04,198.3214569091797,104.12000274658203
2024-04-05,198.9832763671875,104.30000305175781
2024-04-08,200.07334899902344,104.13999938964844
2024-04-09,200.8616485595703,104.1500015258789
2024-04-10,195.55738830566406,105.25
2024-04-11,196.88101196289062,105.27999877929688
2024-04-12,193.37730407714844,106.04000091552734
2024-04-15,190.5450897216797,106.20999908447266
2024-04-16,189.84434509277344,106.26000213623047
2024-04-17,187.83941650390625,105.94999694824219
2024-04-18,187.68370056152344,106.1500015258789
2024-04-19,187.97567749023438,106.1500015258789
2024-04-22,190.0779266357422,106.08000183105469
2024-04-23,193.260498046875,105.69000244140625
2024-04-24,192.394287109375,105.86000061035156
2024-04-25,191.2263641357422,105.5999984741211
2024-04-26,193.0561065673828,105.94000244140625
2024-04-29,194.6133270263672,105.58000183105469
2024-04-30,190.66189575195312,106.22000122070312
2024-05-01,191.0609130859375,105.76000213623047
2024-05-02,194.5743865966797,105.30000305175781
2024-05-03,196.50146484375,105.02999877929688
2024-05-06,199.0416717529297,105.05000305175781
2024-05-07,199.4893798828125,105.41000366210938
2024-05-08,198.33119201660156,105.55000305175781
2024-05-09,200.3555450439453,105.2300033569336
2024-05-10,198.8470001220703,105.30999755859375
2024-05-13,199.26551818847656,105.22000122070312
2024-05-14,201.32882690429688,105.01000213623047
2024-05-15,203.83982849121094,104.3499984741211
2024-05-16,202.37017822265625,104.45999908447266
2024-05-17,202.5162353515625,104.44999694824219
2024-05-20,202.96389770507812,104.56999969482422
2024-05-21,202.7692413330078,104.66000366210938
2024-05-22,201.0563201904297,104.94000244140625
2024-05-23,197.75694274902344,105.11000061035156
2024-05-24,199.94679260253906,104.72000122070312
2024-05-28,199.67428588867188,104.61000061035156
2024-05-29,196.72531127929688,105.0999984741211
2024-05-30,198.59397888183594,104.72000122070312
2024-05-31,200.26797485351562,104.66999816894531
2024-06-03,199.1389923095703,104.13999938964844
2024-06-04,196.56959533691406,104.11000061035156
2024-06-05,199.57696533203125,104.2699966430664
2024-06-06,198.14625549316406,104.0999984741211
2024-06-07,195.82017517089844,104.88999938964844
2024-06-10,196.49172973632812,105.1500015258789
2024-06-11,195.8202362060547,105.2300033569336
2024-06-12,198.82626342773438,104.6500015258789
2024-06-13,197.08901977539062,105.19999694824219
2024-06-14,193.95611572265625,105.55000305175781
2024-06-17,195.58602905273438,105.31999969482422
2024-06-18,195.9276123046875,105.26000213623047
2024-06-20,195.0980224609375,105.58999633789062
2024-06-21,195.5372314453125,105.80000305175781
2024-06-24,196.3863525390625,105.47000122070312
2024-06-25,195.74215698242188,105.61000061035156
2024-06-26,195.22491455078125,106.05000305175781
2024-06-27,197.20614624023438,105.91000366210938
2024-06-28,198.0161895751953,105.87000274658203
2024-07-01,196.35704040527344,105.9000015258789
2024-07-02,197.0304718017578,105.72000122070312
2024-07-03,196.9816436767578,105.4000015258789
2024-07-05,196.04473876953125,104.87999725341797
2024-07-08,197.4208221435547,105.01000213623047
2024-07-09,196.56198120117188,105.12000274658203
2024-07-10,198.4846649169922,105.05000305175781
2024-07-11,205.6190643310547,104.44000244140625
2024-07-12,208.01998901367188,104.08999633789062
2024-07-15,211.97267150878906,104.19000244140625
2024-07-16,219.2046661376953,104.2699966430664
2024-07-17,216.91114807128906,103.75
2024-07-18,212.71441650390625,104.16999816894531
2024-07-19,211.63108825683594,104.4000015258789
2024-07-22,214.99822998046875,104.30999755859375
2024-07-23,217.28201293945312,104.44999694824219
2024-07-24,212.6168670654297,104.38999938964844
2024-07-25,215.271484375,104.36000061035156
2024-07-26,218.83380126953125,104.31999969482422
2024-07-29,216.4036102294922,104.55999755859375
2024-07-30,217.22344970703125,104.55000305175781
2024-07-31,218.48243713378906,104.0999984741211
2024-08-01,211.37734985351562,104.41999816894531
2024-08-02,203.9013671875,103.20999908447266
2024-08-05,197.34278869628906,102.69000244140625
2024-08-06,199.48992919921875,102.97000122070312
2024-08-07,197.12803649902344,103.19999694824219
2024-08-08,201.92013549804688,103.20999908447266
2024-08-09,201.5004425048828,103.13999938964844
2024-08-12,199.68511962890625,103.13999938964844
2024-08-13,202.9741668701172,102.55999755859375
2024-08-14,201.7151641845703,102.56999969482422
2024-08-15,206.94638061523438,102.9800033569336
2024-08-16,207.49298095703125,102.45999908447266
2024-08-19,210.03048706054688,101.88999938964844
2024-08-20,207.58079528808594,101.44000244140625
2024-08-21,210.28427124023438,101.04000091552734
2024-08-22,208.42987060546875,101.51000213623047
2024-08-23,215.08604431152344,100.72000122070312
2024-08-26,215.1543731689453,100.8499984741211
2024-08-27,213.48545837402344,100.55000305175781
2024-08-28,212.04100036621094,101.08999633789062
2024-08-29,213.5537872314453,101.33999633789062
2024-08-30,214.7932586669922,101.69999694824219
2024-09-03,208.2249298095703,101.83000183105469
2024-09-04,207.8735809326172,101.36000061035156
2024-09-05,206.83905029296875,101.11000061035156
2024-09-06,202.90582275390625,101.18000030517578
2024-09-09,203.471923828125,101.55000305175781
2024-09-10,203.30599975585938,101.62999725341797
2024-09-11,203.9013671875,101.68000030517578
2024-09-12,206.5267333984375,101.37000274658203
2024-09-13,211.62136840820312,101.11000061035156
2024-09-16,212.38259887695312,100.76000213623047
2024-09-17,214.1393585205078,100.88999938964844
2024-09-18,214.17840576171875,100.5999984741211
2024-09-19,218.58981323242188,100.61000061035156
2024-09-20,216.24749755859375,100.72000122070312
2024-09-23,215.45689392089844,100.91999816894531
2024-09-24,215.8180389404297,100.37000274658203
2024-09-25,213.18565368652344,100.91999816894531
2024-09-26,214.32168579101562,100.55999755859375
2024-09-27,215.7710418701172,100.41999816894531
2024-09-30,216.31944274902344,100.77999877929688
2024-10-01,213.3815155029297,101.19000244140625
2024-10-02,213.08773803710938,101.68000030517578
2024-10-03,211.65794372558594,101.98999786376953
2024-10-04,214.6154327392578,102.5199966430664
2024-10-07,212.9310302734375,102.54000091552734
2024-10-08,213.07794189453125,102.55000305175781
2024-10-09,213.54800415039062,102.93000030517578
2024-10-10,212.36306762695312,102.98999786376953
2024-10-11,216.6818084716797,102.88999938964844
2024-10-14,218.27806091308594,103.30000305175781
2024-10-15,218.45436096191406,103.26000213623047
2024-10-16,222.04840087890625,103.58999633789062
2024-10-17,221.44122314453125,103.83000183105469
2024-10-18,220.98097229003906,103.48999786376953
2024-10-21,217.50442504882812,104.01000213623047
2024-10-22,216.6818084716797,104.08000183105469
2024-10-23,214.70359802246094,104.43000030517578
2024-10-24,215.1736602783203,104.05999755859375
2024-10-25,214.36082458496094,104.26000213623047
2024-10-28,217.85696411132812,104.31999969482422
2024-10-29,217.15188598632812,104.27999877929688
2024-10-30,216.8580780029297,103.98999786376953
2024-10-31,213.2541961669922,103.9800033569336
2024-11-01,214.448974609375,104.27999877929688
2024-11-04,215.53602600097656,103.88999938964844
2024-11-05,219.59033203125,103.41999816894531
2024-11-06,232.31155395507812,105.08999633789062
2024-11-07,231.4889678955078,104.51000213623047
2024-11-08,233.1929473876953,105.0
2024-11-11,236.6988525390625,105.54000091552734
2024-11-12,232.54660034179688,106.0199966430664
2024-11-13,230.24522399902344,106.4800033569336
2024-11-14,227.14080810546875,106.66999816894531
2024-11-15,223.75242614746094,106.69000244140625
2024-11-18,224.19308471679688,106.27999877929688
2024-11-19,225.85792541503906,106.20999908447266
2024-11-20,226.15170288085938,106.68000030517578
2024-11-21,229.58909606933594,106.97000122070312
2024-11-22,233.82949829101562,107.48999786376953
2024-11-25,237.38436889648438,106.81999969482422
2024-11-26,235.64120483398438,107.01000213623047
2024-11-27,235.96437072753906,106.08000183105469
2024-11-29,236.8653106689453,105.73999786376953
2024-12-02,236.74783325195312,106.44999694824219
2024-12-03,235.06341552734375,106.37000274658203
2024-12-04,235.90560913085938,106.33999633789062
2024-12-05,233.1537628173828,105.70999908447266
2024-12-06,233.9861602783203,105.97000122070312
2024-12-09,232.8109893798828,106.1500015258789
2024-12-10,231.80233764648438,106.4000015258789
2024-12-11,232.85018920898438,106.70999908447266
2024-12-12,229.82412719726562,106.95999908447266
2024-12-13,228.24742126464844,107.0
2024-12-16,229.58909606933594,106.86000061035156
2024-12-17,226.96066284179688,106.95999908447266
2024-12-18,216.91262817382812,108.02999877929688
2024-12-19,215.95004272460938,108.41000366210938
2024-12-20,217.97340393066406,107.62000274658203
2024-12-23,217.4724578857422,108.04000091552734
2024-12-24,219.41725158691406,108.26000213623047
2024-12-26,221.66653442382812,108.12999725341797
2024-12-27,218.43504333496094,108.0
2024-12-30,216.75543212890625,108.12999725341797
2024-12-31,217.03050231933594,108.48999786376953
2025-01-02,217.20729064941406,109.38999938964844
2025-01-03,220.4387664794922,108.94999694824219
2025-01-06,220.52716064453125,108.26000213623047
2025-01-07,218.75918579101562,108.54000091552734
2025-01-08,217.76712036132812,109.08999633789062
2025-01-10,212.9739227294922,109.6500015258789
2025-01-13,213.38645935058594,109.95999908447266
2025-01-14,215.81253051757812,109.2699966430664
2025-01-15,220.05567932128906,109.08999633789062
2025-01-16,220.49769592285156,108.95999908447266
2025-01-17,221.45045471191406,109.3499984741211
2025-01-21,225.70343017578125,108.05999755859375
2025-01-22,224.2301025390625,108.16999816894531
2025-01-23,225.25161743164062,108.05000305175781
2025-01-24,224.6230010986328,107.44000244140625
2025-01-27,222.4719696044922,107.33999633789062
2025-01-28,222.71749877929688,107.87000274658203
2025-01-29,222.2067413330078,108.0
2025-01-30,224.46583557128906,107.80000305175781
2025-01-31,222.45230102539062,108.37000274658203
2025-02-03,219.84945678710938,108.98999786376953
2025-02-04,222.894287109375,107.95999908447266
2025-02-05,225.32037353515625,107.58000183105469
2025-02-06,224.58372497558594,107.69000244140625
2025-02-07,221.98085021972656,108.04000091552734
2025-02-10,222.9827117919922,108.31999969482422
2025-02-11,221.68617248535156,107.95999908447266
2025-02-12,219.64317321777344,107.94000244140625
2025-02-13,222.11834716796875,107.30999755859375
2025-02-14,221.95138549804688,106.56999969482422
2025-02-18,223.16934204101562,107.05000305175781
2025-02-19,222.4031982421875,107.16999816894531
2025-02-20,220.27178955078125,106.33999633789062
2025-02-21,213.92665100097656,106.61000061035156
2025-02-24,212.3845977783203,106.5999984741211
2025-02-25,211.57919311523438,106.30999755859375
2025-02-26,211.84437561035156,106.41999816894531
2025-02-27,208.61288452148438,107.23999786376953
2025-02-28,210.8326873779297,107.61000061035156
2025-03-03,205.06707763671875,106.75
2025-03-04,202.74905395507812,105.73999786376953
2025-03-05,204.76258850097656,105.73999786376953
2025-03-06,201.6293182373047,104.05999755859375
2025-03-07,202.2873992919922,103.83999633789062
2025-03-10,197.1995086669922,103.91000366210938
2025-03-11,197.1798858642578,103.44000244140625
2025-03-12,197.523681640625,103.61000061035156
2025-03-13,194.57704162597656,103.83000183105469
2025-03-14,199.2818145751953,103.72000122070312
2025-03-17,201.79629516601562,103.37000274658203
2025-03-18,200.04403686523438,103.23999786376953
2025-03-19,203.15480041503906,103.43000030517578
2025-03-20,201.86520385742188,103.8499984741211
2025-03-21,200.614990234375,104.08999633789062
2025-03-24,205.60601806640625,104.26000213623047
2025-03-25,204.46409606933594,104.18000030517578
2025-03-26,202.38693237304688,104.55000305175781
2025-03-27,201.42222595214844,104.06999969482422
2025-03-28,197.3270263671875,104.04000091552734
2025-03-31,196.38198852539062,104.20999908447266
2025-04-01,196.4016876220703,104.26000213623047
2025-04-02,199.5026092529297,103.80999755859375
2025-04-03,186.69529724121094,102.06999969482422
2025-04-04,178.3671112060547,103.0199966430664
2025-04-07,176.75265502929688,103.26000213623047
2025-04-08,172.0963592529297,102.95999908447266
2025-04-09,186.7248077392578,102.9000015258789
2025-04-10,178.87899780273438,100.87000274658203
2025-04-11,181.4877166748047,99.77999877929688
2025-04-14,183.62388610839844,99.63999938964844
2025-04-15,183.85031127929688,100.22000122070312
2025-04-16,182.0882110595703,99.37999725341797
2025-04-17,183.57467651367188,99.37999725341797
2025-04-21,179.89292907714844,98.27999877929688
2025-04-22,184.5492706298828,98.91999816894531
2025-04-23,187.28594970703125,99.83999633789062
2025-04-24,191.03660583496094,99.29000091552734
2025-04-25,191.0956268310547,99.47000122070312
2025-04-28,191.9028778076172,99.01000213623047
2025-04-29,193.0349578857422,99.23999786376953
2025-04-30,191.82412719726562,99.47000122070312
2025-05-01,193.01528930664062,100.25
2025-05-02,197.35658264160156,100.0
2025-05-05,195.840576171875,99.83000183105469
2025-05-06,193.70437622070312,99.23999786376953
2025-05-07,194.34425354003906,99.61000061035156
2025-05-08,198.04563903808594,100.63999938964844
2025-05-09,197.6814422607422,100.33999633789062
2025-05-12,204.63143920898438,101.79000091552734
2025-05-13,205.3795928955078,101.0
2025-05-14,203.5584259033203,101.04000091552734
2025-05-15,204.88739013671875,100.87999725341797
2025-05-16,206.58058166503906,101.08999633789062
2025-05-19,205.71429443359375,100.43000030517578
2025-05-20,205.8225860595703,100.12000274658203
2025-05-21,200.04403686523438,99.55999755859375
2025-05-22,200.03416442871094,99.95999908447266
2025-05-23,199.40415954589844,99.11000061035156
2025-05-27,204.46409606933594,99.5199966430664
2025-05-28,202.30821228027344,99.87999725341797
2025-05-29,202.90869140625,99.27999877929688
2025-05-30,201.8750762939453,99.33000183105469
2025-06-02,202.5050811767578,98.69999694824219
2025-06-03,205.7733612060547,99.25
2025-06-04,205.19256591796875,98.79000091552734
2025-06-05,205.28114318847656,98.73999786376953
2025-06-06,208.5986328125,99.19000244140625
2025-06-09,210.035888671875,98.94000244140625
2025-06-10,211.16796875,99.05000305175781
2025-06-11,210.30169677734375,98.62999725341797
2025-06-12,209.4649658203125,97.91999816894531
2025-06-13,205.6355438232422,98.18000030517578
2025-06-16,208.05996704101562,98.0
2025-06-17,205.86849975585938,98.81999969482422
2025-06-18,206.95436096191406,98.91000366210938
2025-06-20,206.52001953125,98.70999908447266
2025-06-23,209.04710388183594,98.41999816894531
2025-06-24,211.71238708496094,97.86000061035156
2025-06-25,209.24452209472656,97.68000030517578
2025-06-26,212.64031982421875,97.1500015258789
2025-06-27,212.7093963623047,97.4000015258789
2025-06-30,213.01541137695312,96.87999725341797
2025-07-01,215.20687866210938,96.81999969482422
2025-07-02,218.1880340576172,96.77999877929688
2025-07-03,220.21168518066406,97.18000030517578
2025-07-07,216.90475463867188,97.4800033569336
2025-07-08,218.40521240234375,97.51000213623047
2025-07-09,220.7743377685547,97.47000122070312
2025-07-10,221.90956115722656,97.6500015258789
2025-07-11,218.84942626953125,97.8499984741211
2025-07-14,220.3202667236328,98.08000183105469
2025-07-15,216.00645446777344,98.62000274658203
2025-07-16,218.1781768798828,98.38999938964844
2025-07-17,221.04086303710938,98.7300033569336
2025-07-18,219.4713134765625,98.4800033569336
2025-07-21,218.58290100097656,97.8499984741211
2025-07-22,220.39926147460938,97.38999938964844
2025-07-23,223.765380859375,97.20999908447266
2025-07-24,220.67564392089844,97.37999725341797
2025-07-25,221.49496459960938,97.6500015258789
2025-07-28,221.23829650878906,98.66000366210938
2025-07-29,219.82669067382812,98.91000366210938
2025-07-30,218.71124267578125,99.94000244140625
2025-07-31,216.56912231445312,100.02999877929688
2025-08-01,212.1566162109375,98.69000244140625
2025-08-04,216.90475463867188,98.77999877929688
2025-08-05,218.01034545898438,98.77999877929688
2025-08-06,217.7240753173828,98.18000030517578
2025-08-07,217.01333618164062,98.4000015258789
2025-08-08,217.48716735839844,98.18000030517578
2025-08-11,217.4378204345703,98.5199966430664
2025-08-12,223.8937225341797,98.0999984741211
2025-08-13,228.24703979492188,97.83999633789062
2025-08-14,225.30532836914062,98.25
2025-08-15,224.20960998535156,97.8499984741211
2025-08-18,225.02894592285156,98.16999816894531
2025-08-19,223.3014373779297,98.2699966430664
2025-08-20,222.51171875,98.22000122070312
2025-08-21,223.0645294189453,98.62000274658203
2025-08-22,231.81060791015625,97.72000122070312
2025-08-25,229.3723602294922,98.43000030517578
2025-08-26,231.26768493652344,98.2300033569336
2025-08-27,232.9063262939453,98.2300033569336
2025-08-28,233.18272399902344,97.80999755859375
2025-08-29,232.146240234375,97.7699966430664
2025-09-02,230.89256286621094,98.4000015258789
2025-09-03,230.66552734375,98.13999938964844
2025-09-04,233.54795837402344,98.3499984741211
2025-09-05,234.7128143310547,97.7699966430664
2025-09-08,235.18663024902344,97.44999694824219
2025-09-09,233.8046417236328,97.79000091552734
2025-09-10,233.3900146484375,97.77999877929688
2025-09-11,237.703857421875,97.54000091552734
2025-09-12,235.2754669189453,97.55000305175781
2025-09-15,236.27249145507812,97.30000305175781
2025-09-16,235.88343811035156,96.62999725341797
2025-09-17,236.48728942871094,96.87000274658203
2025-09-18,242.37744140625,97.3499984741211
2025-09-19,240.53614807128906,97.63999938964844
2025-09-22,241.93197631835938,97.33000183105469
2025-09-23,241.38751220703125,97.26000213623047
2025-09-24,239.17005920410156,97.87000274658203
2025-09-25,236.88327026367188,98.55000305175781
2025-09-26,238.9126434326172,98.1500015258789
2025-09-29,239.1898193359375,97.91000366210938
2025-09-30,239.52642822265625,97.7699966430664
2025-10-01,240.0511016845703,97.70999908447266
2025-10-02,241.56570434570312,97.8499984741211
2025-10-03,243.3574981689453,97.72000122070312
2025-10-06,244.32763671875,98.11000061035156
2025-10-07,241.70428466796875,98.58000183105469
2025-10-08,244.23854064941406,98.8499984741211
2025-10-09,242.66455078125,99.54000091552734
2025-10-10,235.3983612060547,98.9800033569336
2025-10-13,241.95179748535156,99.2699966430664
2025-10-14,245.40667724609375,99.05000305175781
2025-10-15,247.81224060058594,98.79000091552734
2025-10-16,242.59523010253906,98.38999938964844
2025-10-17,240.9618377685547,98.43000030517578
2025-10-20,245.6640625,98.58999633789062
2025-10-21,244.50584411621094,98.93000030517578
2025-10-22,240.8925323486328,98.9000015258789
2025-10-23,243.9415740966797,98.94000244140625
2025-10-24,246.92127990722656,98.94999694824219
2025-10-27,247.78253173828125,98.77999877929688
2025-10-28,246.45602416992188,98.69000244140625
2025-10-29,244.3573455810547,99.22000122070312
2025-10-30,242.3873748779297,99.52999877929688
2025-10-31,243.75347900390625,99.80000305175781
2025-11-03,242.97142028808594,99.87000274658203
2025-11-04,238.77406311035156,100.22000122070312
2025-11-05,242.21905517578125,100.19999694824219
2025-11-06,237.9326171875,99.7300033569336
2025-11-07,239.17994689941406,99.5999984741211
2025-11-10,241.57559204101562,99.62000274658203
2025-11-11,241.78350830078125,99.45999908447266
2025-11-12,241.1895294189453,99.4800033569336
2025-11-13,234.4084014892578,99.18000030517578
2025-11-14,235.0914764404297,99.2699966430664
2025-11-17,230.41893005371094,99.58999633789062
2025-11-18,231.121826171875,99.55000305175781
2025-11-19,231.0821990966797,100.2300033569336
2025-11-20,226.80564880371094,100.16000366210938
2025-11-21,233.2303924560547,100.18000030517578
2025-11-24,237.4871368408203,100.13999938964844
2025-11-25,242.66455078125,99.66000366210938
2025-11-26,244.81271362304688,99.5999984741211
2025-11-28,246.2481231689453,99.45999908447266
2025-12-01,243.1496124267578,99.41000366210938
2025-12-02,242.70413208007812,99.36000061035156
2025-12-03,247.11927795410156,98.8499984741211
2025-12-04,249.28726196289062,98.98999786376953
2025-12-05,248.24783325195312,98.98999786376953
2025-12-08,248.3468017578125,99.08999633789062
2025-12-09,248.861572265625,99.22000122070312
2025-12-10,252.24716186523438,98.79000091552734
2025-12-11,255.20709228515625,98.3499984741211
2025-12-12,251.2968292236328,98.4000015258789
2025-12-15,249.39614868164062,98.1500015258789
2025-12-16,248.2161407470703,98.1500015258789
2025-12-17,245.57406616210938,98.37000274658203
2025-12-18,247.0341796875,98.43000030517578
2025-12-19,249.1001434326172,98.5999984741211
2025-12-22,251.87136840820312,98.29000091552734
2025-12-23,250.3814697265625,97.94000244140625
2025-12-24,251.00721740722656,97.9800033569336
2025-12-26,249.7259063720703,98.0199966430664
2025-12-29,248.19630432128906,98.04000091552734
2025-12-30,246.35874938964844,98.23999786376953
2025-12-31,244.5013427734375,98.27999877929688
2026-01-02,247.10369873046875,98.41999816894531
2026-01-05,251.02708435058594,98.2699966430664
2026-01-06,254.35450744628906,98.58000183105469
2026-01-07,253.75856018066406,98.68000030517578
2026-01-08,256.52972412109375,98.93000030517578
2026-01-09,258.4765319824219,99.12999725341797
2026-01-12,259.73797607421875,98.86000061035156
2026-01-13,259.5889892578125,99.12999725341797
2026-01-14,261.4165954589844,99.12999725341797
2026-01-15,263.7209777832031,99.31999969482422
2026-01-16,263.96929931640625,99.38999938964844
2026-01-20,260.8106994628906,98.63999938964844
2026-01-21,265.985595703125,98.76000213623047
2026-01-22,267.9721374511719,98.36000061035156
2026-01-23,263.02569580078125,97.5999984741211
2026-01-26,262.2012939453125,97.04000091552734
2026-01-27,262.9462585449219,96.22000122070312
2026-01-28,261.52587890625,96.44999694824219
2026-01-29,261.59539794921875,96.27999877929688
2026-01-30,257.90045166015625,96.98999786376953
2026-02-02,260.41339111328125,97.61000061035156
2026-02-03,261.0093688964844,97.44000244140625
2026-02-04,258.7646179199219,97.62000274658203
2026-02-05,254.106201171875,97.81999969482422
2026-02-06,263.2342529296875,97.62999725341797
2026-02-09,265.08172607421875,96.81999969482422
2026-02-10,264.3665771484375,96.80000305175781
2026-02-11,263.1647644042969,96.83000183105469
2026-02-12,257.7912292480469,96.93000030517578
2026-02-13,261.18817138671875,96.87999725341797
2026-02-17,261.26763916015625,97.16000366210938
2026-02-18,262.2112121582031,97.69999694824219
2026-02-19,262.8171081542969,97.93000030517578
2026-02-20,262.8270263671875,97.80000305175781
2026-02-23,258.7347717285156,97.69999694824219
2026-02-24,261.5556335449219,97.87999725341797
2026-02-25,262.7972106933594,97.69999694824219
2026-02-26,264.1977233886719,97.79000091552734
2026-02-27,259.64862060546875,97.61000061035156
2026-03-02,262.03240966796875,98.37999725341797
2026-03-03,257.49322509765625,99.05000305175781
2026-03-04,259.9962463378906,98.7699966430664
2026-03-05,255.02993774414062,99.31999969482422
2026-03-06,249.19947814941406,98.98999786376953
2026-03-09,251.9110870361328,99.18000030517578
2026-03-10,251.65284729003906,98.83000183105469
2026-03-11,251.1462860107422,99.2300033569336
2026-03-12,245.74293518066406,99.73999786376953
2026-03-13,244.92845153808594,100.36000061035156
2026-03-16,247.2427520751953,99.70999908447266
2026-03-17,248.80694580078125,99.58000183105469
2026-03-18,244.79698181152344,100.08999633789062
2026-03-19,246.39898681640625,99.2300033569336
2026-03-20,241.01588439941406,99.6500015258789
2026-03-23,246.21987915039062,98.94999694824219
2026-03-24,247.5432586669922,99.43000030517578
2026-03-25,250.5681610107422,99.5999984741211
2026-03-26,246.2099151611328,99.9000015258789
2026-03-27,241.89149475097656,100.1500015258789
2026-03-30,238.41883850097656,100.51000213623047
2026-03-31,246.7671356201172,99.95999908447266
2026-04-01,248.31936645507812,99.6500015258789
2026-04-02,250.040771484375,100.02999877929688
2026-04-06,251.10545349121094,99.9800033569336
2026-04-07,251.65274047851562,99.63999938964844
2026-04-08,259.1751403808594,99.12999725341797
2026-04-09,260.65771484375,98.81999969482422
2026-04-10,260.0010070800781,98.6500015258789
2026-04-13,263.7522888183594,98.37000274658203
2026-04-14,267.3841247558594,98.12000274658203
2026-04-15,268.0508117675781,98.05999755859375
2026-04-16,268.6080322265625,98.22000122070312
2026-04-17,274.4090576171875,98.0999984741211
2026-04-20,275.97125244140625,98.05000305175781
2026-04-21,273.1453552246094,98.41000366210938
2026-04-22,275.1055603027344,98.58999633789062
2026-04-23,274.15032958984375,98.80000305175781
2026-04-24,275.2746887207031,98.51000213623047
2026-04-27,275.7622985839844,98.4800033569336
2026-04-28,272.54833984375,98.62000274658203
2026-04-29,270.7274169921875,98.91999816894531
2026-04-30,276.5881652832031,98.08000183105469
2026-05-01,277.8916320800781,98.20999908447266
2026-05-04,276.49859619140625,98.47000122070312
2026-05-05,281.15533447265625,98.4800033569336
2026-05-06,285.3742370605469,98.0199966430664
2026-05-07,280.8568115234375,98.25
2026-05-08,282.75732421875,97.83999633789062
2026-05-11,283.9115295410156,97.94000244140625
2026-05-12,281.165283203125,98.29000091552734
2026-05-13,281.2647705078125,98.4800033569336
2026-05-14,283.03594970703125,98.87999725341797
2026-05-15,276.2200012207031,99.2699966430664
2026-05-18,274.59808349609375,98.97000122070312
2026-05-19,271.6428527832031,99.30000305175781
2026-05-20,278.47869873046875,99.11000061035156
2026-05-21,281.0856628417969,99.19000244140625
2026-05-22,283.70257568359375,99.31999969482422
2026-05-26,289.0658264160156,99.16999816894531
2026-05-27,288.9264831542969,99.20999908447266
2026-05-28,290.5782775878906,99.0199966430664
2026-05-29,288.9862060546875,98.91000366210938
2026-06-01,287.5434265136719,99.19999694824219
2026-06-02,290.2100830078125,99.22000122070312
2026-06-03,286.2399597167969,99.52999877929688
2026-06-04,290.558349609375,99.41000366210938
2026-06-05,280.2498474121094,100.06999969482422
2026-06-08,282.6976318359375,100.05000305175781
2026-06-09,283.60308837890625,99.91000366210938
2026-06-10,280.6478271484375,99.94999694824219
2026-06-11,288.96630859375,99.86000061035156
2026-06-12,291.4936828613281,99.75
2026-06-15,293.87249755859375,99.62999725341797
2026-06-16,291.3191223144531,99.54000091552734
2026-06-17,289.1248779296875,100.08999633789062
2026-06-18,294.82000732421875,100.8499984741211
2026-06-22,297.40325927734375,101.0199966430664
2026-06-23,294.55072021484375,101.41000366210938
2026-06-24,295.9171447753906,101.61000061035156
2026-06-25,298.13134765625,101.43000030517578
2026-06-26,299.0489501953125,101.36000061035156
2026-06-29,298.1911926269531,101.11000061035156
2026-06-30,299.6673583984375,101.19000244140625
2026-07-01,298.540283203125,101.38999938964844
2026-07-02,296.8048095703125,100.86000061035156
2026-07-06,298.1213684082031,100.8499984741211
2026-07-07,295.4184265136719,101.13999938964844
2026-07-08,292.71551513671875,101.05000305175781
2026-07-09,296.4656982421875,100.94000244140625
2026-07-10,295.21893310546875,100.97000122070312
2026-07-13,292.71551513671875,101.27999877929688
2026-07-14,293.7428283691406,100.94000244140625
2026-07-15,294.99951171875,100.5
2026-07-16,294.82000732421875,100.7300033569336
2026-07-17,293.2740478515625,100.75
2026-07-20,291.5485534667969,100.98999786376953
2026-07-21,295.7675476074219,101.18000030517578
2026-07-22,293.0246887207031,101.13999938964844
2026-07-23,291.3291015625,101.43000030517578
2026-07-24,290.4115295410156,101.47000122070312
2026-07-27,292.14697265625,101.51000213623047
2026-07-28,292.60577392578125,101.37999725341797
2026-07-29,287.81829833984375,100.80000305175781
2026-07-30,291.82781982421875,100.01000213623047
2026-07-31,290.4414367675781,99.80000305175781
2026-08-03,295.4483642578125,99.95999908447266
2026-08-04,300.9240417480469,99.88999938964844
2026-08-05,298.9891052246094,99.69000244140625
2026-08-06,297.47308349609375,99.97000122070312
2026-08-07,300.7744445800781,99.5999984741211
2026-08-10,299.1985778808594,99.80999755859375
2026-08-11,300.2059326171875,99.81999969482422
2026-08-12,301.92144775390625,100.01000213623047
2026-08-13,302.7093811035156,99.95999908447266
2026-08-14,304.2952575683594,99.66999816894531
2026-08-17,303.2679443359375,99.63999938964844
2026-08-18,299.44793701171875,99.6500015258789
2026-08-19,300.93402099609375,98.83000183105469
2026-08-20,296.89459228515625,98.9000015258789
2026-08-21,299.1786193847656,98.80000305175781
2026-08-24,297.19378662109375,99.0
2026-08-25,298.4505310058594,98.91999816894531
2026-08-26,298.15130615234375,99.16999816894531
2026-08-27,299.02899169921875,99.16000366210938
2026-08-28,294.9795837402344,99.69999694824219
2026-08-31,293.164306640625,99.43000030517578
2026-09-01,289.8130798339844,99.66999816894531
2026-09-02,293.2441101074219,99.55999755859375
2026-09-03,294.4210510253906,99.0
2026-09-04,295.2389221191406,99.16000366210938
2026-09-08,293.90240478515625,98.83999633789062
2026-09-09,289.8829040527344,98.7699966430664
2026-09-10,286.9505615234375,99.08999633789062
2026-09-11,288.1374816894531,99.12000274658203
2026-09-14,287.1600036621094,99.45999908447266
2026-09-15,285.1400146484375,99.6500015258789
2026-09-16,283.9200134277344,100.30999755859375
2026-09-17,285.42999267578125,100.22000122070312
2026-09-18,284.1000061035156,100.22000122070312
2026-09-21,285.5799865722656,100.43000030517578
2026-09-22,287.2099914550781,100.5999984741211
2026-09-23,281.9200134277344,101.0999984741211
2026-09-24,281.6600036621094,101.29000091552734
2026-09-25,281.9700012207031,100.97000122070312
2026-09-28,280.0199890136719,101.19999694824219
2026-09-29,279.010009765625,101.37000274658203
2026-09-30,277.8900146484375,101.44999694824219
