ticker,open,high,low,close,volume,change_pct,value_traded,market_cap,sector,roe,pe,pb,ps,net_income,revenue,rev_growth,op_margin,debt_to_equity,div_yield,shares,tarih
LQDA,70.54,71.93,29.86,30.26,22953194.0,-57.19337954449002,694563650.44,2708538979.0,Health Technology,131.815523316358,22.17987246206846,13.818361158806125,15.896306576123244,138606000.0,450907000.0,2233.645585343132,37.3857580387974,0.937380198243078,0.0,89508900.0,2026-10-01
AXTI,79.79,83.9794,75.285,77.41,7156463.0,-0.9849066257354951,553981800.8299999,5076022556.0,Electronic Technology,0.759896081305507,4161.8279569892475,5.743501926124661,39.53817909472634,4054000.0000000005,125509000.0,45.805065055762086,3.0930052824897,0.11442913913852999,0.0,65573200.0,2026-10-01
KOD,93.83,98.8,88.48,94.8,4920009.0,4.038630377524136,466416853.2,5958128695.0,Health Technology,-368.371059321389,,97.4917471384938,,-241994000.0,0.0,,,2.50026188293833,0.0,62849500.0,2026-10-01
MARA,12.31,12.35,11.3,11.33,41154937.0,-5.5045871559633035,466285436.21,4376771225.0,Technology Services,-107.12050599717,,2.6056279724396774,5.688717393446312,-3455820000.0,804219000.0,0.7275710474568204,-122.795159030065,1.4850191833222202,0.0,386299000.0,2026-10-01
ONDS,7.5,7.7,7.32,7.33,61550626.0,-2.005347593582892,451166088.58,4268278551.000001,Electronic Technology,7.6644984051379,81.99105145413871,2.473718846497815,21.635849678550272,63646500.0,174103430.0,979.2825596581673,-127.283223541317,0.026175929558876702,0.0,582303000.0,2026-10-01
BB,8.72,9.29,8.68,9.04,27970953.0,3.6697247706421847,252857415.11999997,5306771391.445482,Technology Services,10.676580098422,69.34803184302059,6.703357434261347,9.475999302505254,80599280.79088639,614083911.9888319,12.808099470879611,16.0525705304559,0.279181404749874,0.0,587032000.0,2026-10-01
NVTS,11.785,12.58,11.47,11.61,21020200.0,-1.0230179028133077,244044522.0,3031295159.0,Electronic Technology,-52.6010069823379,,3.7822517591868645,77.26132174627047,-313052000.0,36535000.0,-46.40368506755468,-269.300670589845,0.00640868866450715,0.0,261093000.00000003,2026-10-01
SMR,7.86,8.18,7.75,7.9,29505656.0,1.8041237113402135,233094682.4,3394813924.0000005,Producer Manufacturing,-30.1869885047455,,1.5727402310932734,264.61190295229176,-415702000.0,10690000.0,-80.95424743443557,-6853.96632366698,0.0032464807556751604,0.0,410390000.0,2026-10-01
FSM,11.43,11.47,11.22,11.24,20370251.0,-0.9691629955947088,228961621.24,3326560804.3775,Non-Energy Minerals,22.9591595370397,10.016882546526816,1.8849128303614944,3.2555865162366073,367415842.98713815,1148519450.7262642,2.0535018684888495,48.6178845518833,0.132525088344022,0.0,295957000.0,2026-10-01
VKTX,31.855,33.29,31.2,32.6,7000091.0,2.4834957560515645,228202966.60000002,4145587043.9999995,Health Technology,-88.8529280315806,,9.313567239098699,,-534796000.00000006,0.0,,,0.0100069308894805,0.0,127165000.0,2026-10-01
TTD,12.085,12.24,11.975,12.17,18562699.0,0.9958506224066325,225908046.83,5718446645.0,Technology Services,15.4411277782469,14.44338950866366,2.220183051082453,1.8938501835032358,406888000.0,2990138000.0,11.610294249386358,19.6083257695799,0.16862884329726502,0.0,426772000.0,2026-10-01
RGTI,15.855,16.5275,15.7,15.74,14035145.0,0.0,220913182.3,5253519856.0,Electronic Technology,-43.765041986913,,9.772512789946854,392.78095559050405,-238672000.0,13353000.0,68.49211356466877,-727.619261589156,0.014329201353096399,0.0,333769000.0,2026-10-01
CALM,63.5,68.555,63.5,68.06,3109382.0,-0.7148067104303354,211624538.92000002,3193176344.9999995,Process Industries,2.23021193412317,57.717096336499324,1.2425800753033467,1.266093413170811,58727000.0,2528637000.0,-42.51289496514358,0.680564272372823,0.0,7.01969365426696,46917100.0,2026-10-01
CELC,81.3,88.68,77.84,79.52,2555385.0,2.765572499353839,203204215.2,3891065132.0,Health Technology,-1433.70260175983,,,,-226482000.0,0.0,,,,0.0,48931900.0,2026-10-01
PURR,12.37,12.545,11.9825,12.27,15898050.0,2.9362416107382523,195069073.5,2919269687.0,Finance,33.9402330000844,18.88854679802956,1.3138958135231682,252.70205701479912,317727079.0,9460000.0,,-60.1048731501057,0.0,0.0,237919280.0,2026-10-01
CAPR,10.03,10.72,9.4,9.47,20565702.0,10.50175029171529,194757197.94000003,550576237.0,Health Technology,-73.7004862806702,,2.234971761946007,,-129416560.0,0.0,-100.0,,0.369774073792632,0.0,58139000.0,2026-10-01
ENPH,32.38,33.9,32.0811,32.99,5771485.0,3.6443606660383403,190401290.15,4359451831.0,Producer Manufacturing,12.9964368018393,32.69249826578139,3.688328937674061,3.2374307754147145,134024000.0,1328502000.0,-10.407243480847006,25.6314254701912,0.518993329023655,0.0,132145000.00000001,2026-10-01
TENB,34.99,37.53,34.92,36.39,5168191.0,4.001143183766786,188070470.49,4007993954.9999995,Technology Services,2.45566365202569,629.5847750865053,20.257068263926385,3.814656011897973,6742000.0,1043539000.0,9.932883926379851,4.20405945537254,2.12481917751602,0.0,110140000.0,2026-10-01
MTN,144.24,144.24,136.68,137.18,1333248.0,-2.9089107509377774,182894960.64000002,4888449625.999999,Consumer Services,44.3696938164824,33.10967368217803,20.323745803542064,1.7739133127851268,147535000.0,2838204000.0,-4.255338528181754,15.6239650144951,14.1867898406416,6.28494585604077,35635300.0,2026-10-01
QURE,25.07,26.68,24.01,24.16,7443138.0,-1.427988576091397,179826214.08,1675892622.0,Health Technology,-157.607476402086,,5.169351905342662,86.9557344835976,-252209000.00196302,18672000.000141002,30.23645114095431,-1093.17694944299,1.70395617960191,0.0,69366400.0,2026-10-01
CLSK,13.66,13.7,12.87,12.88,13856429.0,-3.2306536438767823,178470805.52,3307803989.0,Technology Services,-68.6218932793154,,4.344702195626288,5.259888453388023,-997821000.0,679246000.0,7.4863475314786125,-51.8287925140523,2.34126336723663,0.0,256817000.0,2026-10-01
ALK,39.57,40.06,38.26,38.7,4597152.0,-3.080390683696461,177909782.4,4319040786.0,Transportation,-4.59800315291645,,1.176469157660243,0.30056906523064375,-175000000.0,14763000000.0,9.786569495054659,-0.318363476258213,2.07520435967302,0.0,111603000.0,2026-10-01
USAR,14.1,14.75,14.065,14.08,12616770.0,0.035523978685618345,177644121.6,5281078057.0,Producer Manufacturing,-23.6463977156245,,1.3573399992095037,246.04088094514498,-284207000.0,13162000.0,,-949.475763561769,0.00533603254180017,0.0,375076570.0,2026-10-01
SEI,68.02,72.04,67.32,71.18,2378640.0,4.155692127597312,169311595.20000002,5706197423.0,Industrial Services,8.08983064525426,90.43323592936095,4.957007466152999,7.0815476140931874,52629000.0,762184000.0,70.52049890933498,24.2636948558353,2.78792118637303,0.702370500438982,69430700.0,2026-10-01
WING,107.56,107.81,104.03,105.37,1605969.0,-2.9920824894126308,169220953.53,2870547155.0,Consumer Services,,25.017807113348212,,4.107165538857722,116409000.0,720719000.0,7.611438434501644,28.7705749397477,,1.13238814214693,27242500.0,2026-10-01
PL,16.47,17.11,16.385,16.39,10282547.0,0.0610500610500706,168530945.33,5963468219.0,Technology Services,-71.9701211951522,,10.561451667987653,15.570957263599741,-359865000.0,378278000.0,44.12182679229325,-25.6821702557378,0.883533474734695,0.0,340354000.0,2026-10-01
PLNT,40.9,42.855,40.68,42.22,3988404.0,3.632793323514965,168390416.88,3189002185.0,Consumer Services,,14.324975401214672,,2.23050451909143,237854000.0,1409062000.0,12.703591399070735,30.9490994718472,,0.0,75217000.0,2026-10-01
ROG,138.74,165.94,138.7,152.99,1092058.0,10.72591734819427,167073953.42000002,2733676781.0,Process Industries,2.5960023223024,88.04166426886114,2.273197340690455,2.9792285577383786,31300000.0,834800000.0,4.900728826338276,9.00814566363201,0.023657342076865602,0.0,17868300.0,2026-10-01
M,23.34,23.63,22.645,22.77,7179675.0,-2.1486892995272884,163481199.75,5946992115.000001,Retail Trade,15.9931762448022,8.319631700098652,1.2067757517041666,0.27774859525899914,750000000.0,22780000000.0,0.3435820632543388,4.28007023705004,1.03267045454545,3.21357971637301,261177000.00000003,2026-10-01
MUX,18.18,18.378,17.73,17.85,8921683.0,-0.7230255839821969,159252041.55,1095250432.0,Non-Energy Minerals,13.5417654886388,15.266849127608623,1.5091653258909359,5.3993554983094505,80649000.0,248440000.0,47.73234068110056,-2.73989695701175,0.18170316825069802,0.0,61358600.0,2026-10-01
FSLY,25.4,26.9099,25.2,25.67,6198859.0,0.7456828885400364,159124710.53,4089231090.0,Technology Services,-8.38939850961797,,4.121271669990015,5.843573714333945,-81103000.0,687173000.0,20.35227893682308,-11.9629263664317,0.401983413687896,0.0,159300000.0,2026-10-01
OLLI,86.84,87.23,85.06,85.65,1813542.0,-1.3021433510025298,155329872.3,5087815734.0,Retail Trade,14.8623838757423,19.14094799651373,2.690638744758124,1.8714922874446678,273580000.0,2793108000.0,14.432479049177843,13.0261701301919,0.38280564613085405,0.0,59402400.0,2026-10-01
CORZ,16.43,16.4899,15.85,15.98,9708681.0,-2.0232985898221845,155144722.38,5135019822.0,Technology Services,,,,12.050836772190586,-1377866000.0,440311000.0,26.369277219084353,-30.6169957143928,,0.0,321340450.0,2026-10-01
RDN,32.58,32.99,30.58,30.61,5050368.0,-6.53435114503817,154591764.48,4049743342.0,Finance,12.0264139096629,7.864648904190539,0.8501958283465455,2.713242875049994,536293000.0,1644994000.0,27.931866894378444,51.1139250355928,0.263452538734182,3.11450381679389,132300999.99999999,2026-10-01
VSH,32.75,33.21,32.255,32.55,4668039.0,0.2772643253234636,151944669.45,4992500066.999999,Electronic Technology,1.1341307952574,170.06269592476488,1.713925552971357,1.4463146449983566,28398000.0,3319379000.0,13.384001325338039,3.30137052743902,0.37663913279460304,1.23228589032656,141282000.0,2026-10-01
ANF,134.22,138.0,133.23,134.69,1112112.0,0.8234149262669318,149790365.28,5715486689.000001,Retail Trade,40.5005183664957,11.5362214570807,4.219525604898396,1.101825335320749,535979000.00000006,5340931000.0,4.729188898131165,13.8969778864397,0.950476220006925,0.0,42434400.0,2026-10-01
MAT,12.66,13.16,12.435,12.66,11674216.0,-4.2360060514372195,147795574.56,3616962111.0,Consumer Durables,20.5024152411392,9.323906319045516,1.8101850792706642,0.6957515789251268,427473000.0,5489969000.0,2.8952140335620222,8.67554989836919,1.37444885637385,0.0,285700000.0,2026-10-01
ACMR,76.42,82.465,76.1054,80.92,1822711.0,7.022880571352999,147493774.12,5636012714.000001,Producer Manufacturing,10.554963036657,38.43815314459434,3.029601891142496,5.234039686829103,150229000.0,1037771999.9999999,27.30805749994478,13.2859626199204,0.187790365743912,0.0,64657399.99999999,2026-10-01
AIR,107.2,107.735,100.71,101.47,1431774.0,-4.946135831381734,145282107.78,4078506542.9999995,Electronic Technology,12.9291038539961,20.644964394710072,2.3407404878438127,1.2216971661312532,193400000.0,3486400000.0,21.97033305345648,8.53889398806792,0.5615243342516071,0.0,40194200.0,2026-10-01
DK,69.38,73.4,68.57,71.37,2030438.0,3.841117415975557,144912360.06,4370140421.0,Energy Minerals,212.705882352941,20.065225336669574,23.419810856396563,0.35621331839920417,224500000.0,12056500000.0,11.40114205458947,6.05814291046324,17.4541554959786,1.48406809253601,61232200.0,2026-10-01
UEC,9.47,9.875,9.19,9.45,15250335.0,1.7222820236813794,144115665.75,4683274902.0,Non-Energy Minerals,-11.6415322691751,,3.405724500313543,123.59375323516778,-137311000.0,37250000.0,-44.26739680117301,-357.651006711409,0.0,0.0,495585000.0,2026-10-01
AEHR,101.15,103.98,98.0,99.62,1442729.0,-1.151022028180191,143724662.98000002,3253544052.0,Electronic Technology,-4.16260200594657,,14.740306051486018,66.85611487770223,-7126000.0,50001000.0,-15.206552706552706,-28.2854342913142,0.04501824509933441,0.0,32659500.0,2026-10-01
MNDY,76.01,80.75,75.495,78.46,1801513.0,3.1689677843523953,141346709.98,3316827143.0,Technology Services,13.3938519172987,33.44843756661125,5.367252508503052,2.473114008913343,121238000.000187,1366619000.00116,24.21099032936278,2.90154022445153,0.384300335774101,0.0,42274100.0,2026-10-01
MTG,28.3,28.63,25.68,25.84,5468794.0,-8.530973451327434,141313636.96,5300426088.000001,Finance,13.9227361733811,8.075,1.0648793397748093,4.984180828054354,707853000.0,1195622000.0,-1.8833519890494774,76.9579348657017,0.12903005749239202,2.19469026548673,205125000.0,2026-10-01
DOCS,26.71,28.63,26.68,28.34,4955432.0,6.862745098039216,140436942.88,5051490993.999999,Technology Services,17.2064697051242,33.6060713862208,5.563910364893571,7.733449283674619,167046000.0,655568000.0,11.181813864825079,30.5730298001123,0.0105592367395505,0.0,127349000.0,2026-10-01
RIG,5.28,5.34,5.22,5.24,26660265.0,0.5758157389635364,139699788.6,5852451609.999999,Industrial Services,-18.6988658804943,,0.6992923001778926,1.5207430791646424,-1657000000.0,4118000000.0,8.539799683711124,22.6323457989315,0.611589008363202,0.0,1116880000.0,2026-10-01
ELF,103.0,104.21,100.93,100.97,1379685.0,-0.7177974434611643,139306794.45,5958037388.0,Consumer Non-Durables,6.03989781845854,102.64308224052049,5.091043303364566,3.4471787608123514,59606000.0,1762106000.0,31.228295944455493,11.9985971332031,0.7950277613804551,0.0,59008000.0,2026-10-01
ACVA,10.44,10.45,10.43,10.43,13298667.0,-0.09578544061302478,138705096.81,1771097319.0,Technology Services,-15.0582944028311,,4.524219539596681,2.228316255667077,-63145000.0,801339000.0,13.304620901161272,-7.09400141513142,0.525787976639625,0.0,169808000.0,2026-10-01
VFC,14.63,14.68,13.93,14.06,9864852.0,-3.0344827586206864,138699819.12,5527471966.0,Consumer Non-Durables,17.9381726585757,20.477716283134285,3.132254198245403,0.5979098321650609,274176000.0,9509045000.0,-0.15574538019071643,7.12517397909044,2.80722785737642,2.48275862068966,393135000.0,2026-10-01
MKTX,163.94,164.12,163.77,163.92,837526.0,-0.02439619419371826,137287261.92,5769524461.000001,Finance,23.3438637218149,19.31879787860931,4.6561396023818125,6.6294461730502645,306400000.0,871608000.0,3.648473648723373,40.2812961790163,0.144410920514385,1.8907050500122,35197200.0,2026-10-01
AGX,379.75,384.29,370.92,377.95,358306.0,-0.1162821427627574,135421752.7,5302578736.999999,Industrial Services,39.8468914406982,29.880068622567972,10.464256376080861,4.510872065669416,179314000.0,1188133000.0,29.020778924621425,15.3605699025277,0.021535438275270803,0.528555194376173,14029800.0,2026-10-01
RXRX,4.09,4.29,3.98,4.13,32785908.0,2.4813895781637627,135405800.04,2214799622.0,Health Technology,-56.5803541587952,,2.410834160294203,39.11793168444095,-518884000.0,54855000.0,-15.0798811071893,-991.72181204995,0.0728281765196398,0.0,535342000.0,2026-10-01
CNXC,24.99,26.97,22.65,24.95,5426867.0,0.28135048231511367,135400331.65,1522407942.0,Technology Services,-78.1613802228348,,0.8597382674154717,0.15200819141001345,-2388951000.0,9969468000.0,2.5573636927558954,7.14127373697373,2.47372450090149,5.78778135048232,61018300.0,2026-10-01
BWIN,31.82,31.85,31.785,31.79,4250098.0,0.03146633102579613,135110615.42,4459417208.0,Finance,-10.7233672973068,,3.4638836466337457,1.6963248557693973,-81242000.0,1737842000.0,18.945057171369008,-2.64862973734091,2.90123447018864,0.0,97617600.0,2026-10-01
ASST,30.44,30.54,28.96,29.41,4529393.0,0.3411804844762928,133209448.13,2870332055.0,Finance,-137.872221995685,,3.7297533112498797,387.0761182210526,-931473000.0,5700000.0,650.3060458871381,-14415.5789473684,0.00246120214040791,0.0,87804610.0,2026-10-01
AN,157.46,158.79,152.86,157.44,835487.0,0.40816326530611374,131539073.28,5205093421.0,Retail Trade,32.7665693862877,7.293177006851251,2.308741027856081,0.1930830464324098,774700000.0,27448500000.0,-0.05680142440495046,4.68841648906133,5.01584701872427,0.0,33060800.0,2026-10-01
SHAK,58.61,60.74,57.3001,58.68,2240981.0,1.3821700069108451,131500765.08,2511441737.0,Consumer Services,7.65048371657656,61.85306208495837,4.35209873063787,1.561044104317664,39722000.0,1552297000.0,17.334078121078907,5.44953704091421,1.74912597529766,0.0,40408100.0,2026-10-01
UCTT,81.23,82.57,79.66,81.06,1603661.0,0.7457121551081389,129992760.66,3670155709.0000005,Producer Manufacturing,-3.44320188346086,,5.7393217886066035,1.6896123536646455,-23400000.0,2195300000.0,2.531409088786138,2.84243611351524,1.21272272585183,0.0,45277000.0,2026-10-01
PIPR,65.71,66.56,64.225,65.97,1943057.0,1.931396786155748,128183470.28999999,4662118991.0,Finance,23.6160793532111,15.292781306504708,3.246214840668768,2.1744493014784423,307321000.0,2120407000.0000002,32.10163892960896,23.0586392140754,0.127487982143859,1.15883807169345,70670300.0,2026-10-01
ORKA,83.33,86.51,82.265,83.29,1535623.0,1.3877054169202685,127902039.67000002,5514605466.0,Health Technology,-18.2261445859973,,4.575772741931142,,-132886000.0,0.0,,,0.00228433204820963,0.0,66209700.0,2026-10-01
WEX,171.14,172.31,166.6001,168.7,754734.0,-1.6097048874373143,127323625.8,5749567135.0,Commercial Services,30.1898162097017,16.79927505203095,4.303442983972162,2.14325,350700000.0,2792000000.0,7.459010083904241,25.9598853868195,3.98423322921315,0.0,34081600.0,2026-10-01
LUNR,14.65,15.521,14.22,14.24,8940017.0,-2.1305841924398656,127305842.08,3259878612.0,Electronic Technology,,,,4.81435044172855,-130549000.0,490120000.0,116.889329445032,-19.6221333550967,,0.0,173231340.0,2026-10-01
RDW,10.86,11.35,10.435,10.44,11941972.0,-2.702702702702711,124674187.67999999,2609922793.0,Electronic Technology,-19.2396379198163,,1.5897403880854744,5.549525557320207,-244098000.0,426272000.0,63.102011455770544,-40.6472862397718,0.055388294801323096,0.0,249993000.0,2026-10-01
UNF,253.93,256.01,248.54,250.52,497445.0,-1.5793195568476397,124619921.4,4352514623.0,Consumer Services,5.29587663475145,39.53414972856962,1.9801448038192797,1.8602386490834562,115790000.0,2492530000.0,1.4110305393048963,5.76867680629722,0.0386925654388331,0.567690736230062,14532900.0,2026-10-01
VVV,29.17,30.42,29.17,30.14,4100340.0,1.6526138279932614,123584247.60000001,3845454565.0,Consumer Services,28.3992879638505,38.19541249524775,9.229346504698883,1.9384215885947098,101500000.0,1964000000.0,16.07565011820331,17.724032586558,4.74994000479962,0.0,127586000.0,2026-10-01
CHEF,111.84,114.57,110.565,112.17,1096265.0,0.6008968609865486,122968045.05,4576096392.000001,Distribution Services,15.2520040167403,53.33301635602891,7.0571847765633775,1.169195984361629,91966000.0,4391506000.0,11.158399807222768,4.14302064029971,1.46028523606408,0.0,40796100.0,2026-10-01
TARS,76.76,78.7,76.315,78.61,1562559.0,2.503585865171472,122832762.99,3678294545.0,Health Technology,-13.6826114604677,,9.810344978204087,5.488517792542361,-46476000.0,606331000.0,105.1735748051746,-8.0047037014436,0.255693157827948,0.0,46791700.0,2026-10-01
CROX,123.52,123.52,117.02,117.31,1036889.0,-4.338253282231096,121637448.59,5624436747.0,Consumer Non-Durables,42.2996417078699,10.134948336040363,4.075046721829689,1.500883540911093,593424000.0,4054866000.0,-2.0251147769614413,20.8115385317295,1.2199275786213901,0.0,47945100.0,2026-10-01
SDGR,30.55,32.45,30.18,31.05,3894109.0,2.3738872403560913,120912084.45,2322714652.0,Technology Services,-16.1752710515191,,7.058390277834609,8.871714975968509,-54335000.0,259035000.00000003,8.87620472685854,-59.2371687223734,0.32825666654507,0.0,65641400.00000001,2026-10-01
LBRT,18.14,18.495,17.6505,18.22,6615521.0,-1.193058568329731,120534792.61999999,2973347588.0,Industrial Services,6.12313337936453,24.748709589785385,1.5141140023135526,0.7368372469025808,122424000.0,4195913999.9999995,2.286127171857368,1.33298728238949,0.821437410184779,1.89804772234273,163191000.0,2026-10-01
LYFT,15.21,15.325,14.92,15.01,7965841.0,-0.3981420039814233,119567273.41,5681889279.0,Transportation,152.578559559058,2.0992419792453356,1.8822779952798838,0.8597321062697102,2865671000.0,6771939000.0,10.809687066174204,-1.66603686182052,0.42737972633039706,0.0,378540000.0,2026-10-01
FCN,132.05,135.47,131.04,134.51,888840.0,1.8320841850253522,119557868.39999999,3714032690.0,Commercial Services,15.6340884851435,16.262452848437952,2.794262818169127,0.9775487203221869,252790000.0,3923722000.0,7.1210222974391515,9.68580342847939,0.950197533640691,0.0,27611600.0,2026-10-01
ACHR,5.115,5.25,4.97,4.97,23585530.0,-1.7786561264822107,117220084.1,3827018143.0,Electronic Technology,-44.7609985447218,,2.022372238566679,573.2466666666667,-799700000.0,6900000.0,,-13569.5652173913,0.0663742535538763,0.0,770024000.0,2026-10-01
WOLF,28.3,29.49,27.37,28.13,4110830.0,0.0,115637647.89999999,1488936853.0,Electronic Technology,-438.625543365763,,1.577420622882076,2.190807201924519,-1059500000.0,665100000.0,-12.209609292502641,-67.2229739888739,1.93098258439045,0.0,52930570.0,2026-10-01
STNG,85.72,86.94,83.48,83.7,1375569.0,0.1555582146703478,115135125.3,4191809029.0,Transportation,24.6193235920985,5.269586239895238,1.1903800227779289,3.680715507808027,816370000.0,1215607000.0,32.68443204491772,46.7231597053982,0.200260575722882,2.11798492281919,50081400.0,2026-10-01
WK,65.29,67.065,64.85,66.57,1727296.0,2.1795855717574635,114986094.71999998,3622505573.0,Technology Services,,81.50097943192948,,3.781779067243663,47040000.0,965697000.0,19.66846638751786,3.25630088940941,,0.0,50846900.0,2026-10-01
CDNA,63.87,65.63,63.115,65.0,1768554.0,1.5307716338644237,114956010.0,3362724457.0,Health Technology,29.4865120430085,31.331340981394,7.862738361937572,7.46603808967253,111012000.0,458089000.0,34.40553244177381,-0.396647812979574,0.0452234268018177,0.0,51734200.0,2026-10-01
CLMT,53.49,54.5,52.3,52.38,2186800.0,-1.59684388502723,114544584.0,4604109460.0,Energy Minerals,,,,1.0154240313019995,-136800000.0,4591400000.0,12.799724842767295,1.19353574073267,,0.0,87898200.0,2026-10-01
WRBY,27.92,28.33,27.03,27.78,4100535.0,1.1285038223516648,113912862.30000001,3433831648.0,Retail Trade,2.05511815203946,457.66062602965405,8.747209426078523,3.7892439935673985,7742000.0,911606000.0,10.98914344363588,0.247255941711661,0.640277051417784,0.0,108239370.0,2026-10-01
EPAM,107.44,110.145,106.035,108.36,1044083.0,1.13869703192085,113136833.88,5589965066.0,Technology Services,11.1784611672526,14.677159381814734,1.5885753926798283,0.9969977971242835,401670000.0,5616749000.0,10.76187341661321,9.80168421270027,0.0432665978726917,0.0,51587000.0,2026-10-01
NESR,27.0,27.235,25.1325,25.47,4391266.0,-3.8505096262740643,111845545.02,2568694280.0,Industrial Services,9.43773689973819,27.97671353251318,2.465051817382922,1.688943323707549,93384000.0,1618915000.0,23.54762862334463,9.33736484003175,0.286995283313101,0.0,100852000.0,2026-10-01
POOL,164.06,164.62,161.34,161.87,690076.0,-0.3999507752891987,111702602.12,5882476673.999999,Distribution Services,31.0839367969252,14.88446083254407,4.668655803805127,1.0885900577870107,397737000.0,5394292000.0,2.2340357989278705,10.7573709395042,1.3453719767809202,3.13807531380753,36340700.0,2026-10-01
FND,47.6,47.94,45.68,45.81,2414556.0,-2.6768642447418696,110610810.36,4878305549.999999,Retail Trade,9.6935086016998,21.373582792889472,1.9618171540161367,1.080110939766277,232170000.0,4711746000.0,2.4240951325933127,6.5571446338576,0.8064485627078931,0.0,106490000.0,2026-10-01
BCRX,8.28,8.42,8.1841,8.33,13099016.0,0.7255139056831983,109114803.28,2128607450.9999998,Health Technology,,,,2.331367469937158,-384673000.0,940613000.0,68.71800482864758,40.8886545263567,,0.0,255535000.0,2026-10-01
INOD,66.92,68.04,64.75,65.76,1646223.0,-1.7627726322079362,108255624.48,2261003287.9999995,Technology Services,37.7402148232945,49.859731594510585,14.162432940578515,7.338697771499918,46485000.0,317164000.0,39.02104400348907,17.081383763605,0.0240074678762287,0.0,34382700.0,2026-10-01
PRIM,74.57,76.35,72.94,74.52,1443176.0,0.32310177705976695,107545475.52,4011584961.0,Industrial Services,8.8903704368773,29.325882491834243,2.497240368433434,0.5506586702052738,139617000.0,7284222000.0,5.122456569397684,3.02873800386644,0.796302060636245,0.430802369413032,53832300.0,2026-10-01
SLS,11.51,12.53,11.2,12.31,8618722.0,6.950477845351874,106096467.82000001,2485951764.9999995,Health Technology,-39.6337108146882,,18.056737172529118,,-32461000.0,0.0,,,0.0053539257279014395,0.0,201946000.0,2026-10-01
STWD,14.01,14.01,13.5,13.5,7858208.0,-5.98885793871866,106085808.0,4997280762.0,Finance,3.37543657994518,22.67764152528137,0.769889232899477,2.600191948587244,218073000.0,2025334000.0,10.656453348922849,73.3316085149412,3.6458314965018297,13.3704735376045,370169000.0,2026-10-01
SOUN,5.92,6.15,5.9023,6.02,17346776.0,3.0821917808219133,104427591.52,2708261867.0,Technology Services,-32.2420073654211,,5.349684528570159,12.606825531496073,-137059000.0,203200000.0,54.584667817936975,-95.7490157480315,0.0110882286972657,0.0,417341980.0,2026-10-01
KRMN,33.06,34.4,32.37,32.42,3208903.0,-1.3390139987827077,104032635.26,4296742527.0,Electronic Technology,9.50274351051786,115.45584045584046,10.203664128864535,7.386911858495937,37183000.0,589552000.0,50.23228436677603,19.451040790295,2.0785353493375602,0.0,132533700.00000001,2026-10-01
MGY,23.7,23.92,23.44,23.49,4396922.0,-0.4661016949152668,103283697.77999999,5566392298.999999,Energy Minerals,20.5377177813271,10.293151045090049,2.009982313182455,2.9436290952534114,419831000.0,1479884000.0,11.351103252384267,38.2469166502239,0.19243347429778201,2.79661016949153,236969000.0,2026-10-01
BLLN,118.48,118.48,105.61,106.44,968838.0,-9.933998984599771,103123116.72,5022588258.0,Health Services,9.05062878738516,172.76416166206783,9.284952253677037,16.19365723264522,31947000.0,397412000.0,90.12017298786789,10.8959971012451,0.268106168708994,0.0,42644386.0,2026-10-01
PEGA,33.4,33.77,32.36,33.28,3091309.0,0.9402487109493549,102878763.52000001,5471396127.0,Technology Services,54.693035683241,18.801197672447884,9.76087613248747,3.261480969340374,324036000.0,1736356000.0,3.5996479766113274,11.3180707182168,0.128511877569667,0.363967242948135,164405000.0,2026-10-01
UUUU,11.13,11.47,10.9005,11.03,9295997.0,0.36396724294812693,102534846.91,2919954783.0,Non-Energy Minerals,-11.4111863044592,,3.478057963428362,25.908770683877417,-81747000.0004328,105758000.00055899,62.507106747596175,-78.6465326499699,0.855046241972318,0.0,264728450.0,2026-10-01
KLIC,94.25,95.1,92.585,94.25,1082704.0,0.5655142979086653,102044852.0,4932018901.000001,Producer Manufacturing,13.2312231670728,43.2796069247371,5.4085724582291785,5.26972992371183,115739000.0,950213000.0,44.44395462740293,13.0568619877859,0.041798023371716,0.874946649594537,52329100.0,2026-10-01
AEO,18.155,18.68,17.659,17.78,5736657.0,-1.984564498346193,101997761.46000001,2979453989.0,Retail Trade,20.3636288896116,9.103476524499515,1.6898682986219686,0.5416668845336933,336858000.0,5699195000.0,8.2056942840907,9.34224921238877,1.08897119770861,2.75633958103638,167573000.0,2026-10-01
ESNT,63.07,63.44,57.61,57.91,1746889.0,-8.428209993674898,101162341.99,5204747833.0,Finance,12.009439806765,8.085052913746404,0.9190094186166455,4.454083325626562,680710000.0,1297560000.0,4.466869230434804,65.7717562193656,0.0875749395107286,2.1505376344086,89876500.0,2026-10-01
FLY,23.9,24.745,23.14,23.15,4323614.0,1.2685914260717372,100091664.1,3875417533.0,Electronic Technology,-56.8667761871235,,3.1463038065519227,12.885765592499322,-363464000.0,287013000.0,179.17379970430315,-116.40343817179,0.0436633481202854,0.0,167404650.0,2026-10-01
PGEN,8.13,8.98,8.09,8.56,11685477.0,6.335403726708071,100027683.12,3064781871.0,Health Technology,-837.075371549894,,70.32533683864608,38.85086112731425,-157705000.0,85717000.0,1875.0460829493086,-46.0807074442643,2.256861575179,0.0,358035000.0,2026-10-01
BOX,32.79,33.78,32.7,33.48,2971371.0,2.2290076335877766,99481501.07999998,4593481378.000001,Technology Services,70.2265998205256,48.318660701399914,,3.7078911650068473,130691000.0,1234070000.0,9.626509277749747,9.44460200798982,3.59157750811827,0.0,137201000.0,2026-10-01
PTEN,10.66,11.06,10.51,10.92,8911834.0,3.507109004739329,97317227.28,4164723003.0000005,Energy Minerals,-2.785530021401,,1.3434973253084384,0.8585123708681286,-89725000.0,4672065000.0,-6.916401651732722,-0.709771803260443,0.414720137192584,3.41232227488152,381385000.0,2026-10-01
YOU,41.39,42.33,41.155,41.95,2303083.0,1.7709849587578943,96614331.85000001,5675335138.0,Technology Services,90.2894542435177,28.63481228668942,20.765681926184065,4.23314044818448,147886000.0,1000704000.0,19.768912868374407,25.1294088961371,0.532216850996155,1.33430373605046,102911000.0,2026-10-01
MYRG,291.05,295.96,284.505,292.46,329772.0,1.4394228434670935,96445119.11999999,4553382753.0,Industrial Services,24.7139201480805,27.742363877822044,6.035630984088932,1.132138509969045,165293000.0,4006051000.0,16.057440459032332,5.51887631984715,0.0889481546677766,0.0,15569300.0,2026-10-01
SIG,104.57,105.94,101.56,102.33,939204.0,-1.9075920245398725,96108745.32,3816319940.0,Retail Trade,19.8546536098095,11.791208158091836,2.1574261166414233,0.6012636024990468,353800000.0,6818600000.0,0.5886084352456961,7.44141026017071,0.6670298539986931,1.28450920245399,37294200.0,2026-10-01
CAKE,107.35,107.54,104.05,105.24,908052.0,-1.9655333022822539,95563392.47999999,5236808759.0,Consumer Services,38.8335329914143,28.56367386820106,10.094034506174971,1.342549874266555,178616000.0,3877250000.0,5.662801243563079,6.98311947901219,4.00998924768478,1.08989287377736,49760600.0,2026-10-01
RYN,18.72,18.805,18.355,18.36,5169095.0,-1.1840688912809412,94904584.2,5492902576.000001,Finance,2.01725520798885,40.75471698113207,1.0518548394489107,5.812622280477996,75792000.0,968297000.0,-12.825173553436272,14.9356034357227,0.362911710940126,0.0,297567000.0,2026-10-01
JBTM,110.42,110.43,105.29,105.59,896940.0,-4.287527193618555,94707894.60000001,5477672789.999999,Producer Manufacturing,4.36084956312381,28.752314562683804,1.224862137758536,1.4675596330275238,192100000.0,3924000000.0,44.995011639507815,10.2395514780836,0.375447227191413,0.362581580855693,51876800.0,2026-10-01
FA,17.67,18.01,17.335,17.8,5308835.0,0.8498583569405221,94497263.0,3057215598.0,Technology Services,1.93928773749893,123.09820193637621,2.3601855264937455,1.838353330042354,25144000.0,1663132000.0,32.89491347733534,10.8875302742055,1.5773829672461301,0.0,171754000.0,2026-10-01
INSW,112.05,114.7928,109.88,110.14,857156.0,-0.09071117561683084,94407161.84,5455378567.0,Transportation,37.4116050605098,7.033430186148983,2.4076727243951415,4.363966488840965,779118000.0,1259473000.0,57.663130697337884,55.6529596108849,0.28815429064575404,7.55624092888244,49531300.0,2026-10-01
BBWI,16.07,16.185,15.81,15.92,5869613.0,-0.43777360850531755,93444238.96,3210193342.0,Retail Trade,,4.136031799641475,,0.44798613037447976,781000000.0,7210000000.0,-2.184235517568851,14.8682385575589,,5.00312695434647,201645000.0,2026-10-01
ETON,59.61,59.66,48.7901,51.49,1811022.0,-13.008954215239054,93249522.78,1471745700.0,Health Technology,35.9708558954441,136.1448968799577,31.268597801663933,18.37835626686871,12688000.0,105595000.0,81.49395850879154,15.6314219423268,0.6273478587528171,0.0,28583100.0,2026-10-01
HHH,74.98,75.01,71.705,73.62,1259918.0,-1.6826923076922957,92755163.16000001,4396546775.0,Finance,6.79233814193454,14.907058680597741,1.1089680902792216,1.897265765746472,292099000.0,2334650000.0,31.830745731798558,14.9801897500696,1.1024547230113602,0.0,59719500.0,2026-10-01
SITE,90.64,91.23,89.665,90.31,1026086.0,0.42255087290114024,92665826.66,3942518317.0000005,Distribution Services,9.81343620965069,24.715380405035578,2.3414595192735486,0.8355781364491291,162800000.0,4774600000.0,3.2814899738259533,4.8611402002262,0.6684640910168289,0.0,43655400.0,2026-10-01
PRM,27.15,27.2,25.82,26.32,3510095.0,-2.2288261515601837,92385700.4,4308239689.0,Process Industries,-30.8683244487691,,4.217076918393473,5.8105718695756385,-339590000.003211,757072000.006305,24.249282393723647,-50.5953198639422,1.34982840944463,0.0,163686920.0,2026-10-01
MRP,26.8,27.06,25.92,25.97,3555572.0,-2.036967182195408,92338204.83999999,4005303745.9999995,Finance,8.11972623428877,9.057301293900183,0.7369079659552492,5.788331271394258,476063000.0,760543000.0,228.24471299093653,85.10919172223,0.42580345723974505,11.3542059600151,154228120.0,2026-10-01
TVTX,60.35,60.47,58.83,58.88,1560568.0,-1.8503083847307873,91886243.84,5550092365.999999,Health Technology,-236.354746896227,,226.12235492914473,9.483402977080512,-67679000.0,591331000.0,77.11626820341095,-6.84185337822641,25.157205774406698,0.0,94261100.0,2026-10-01
PPLI,40.74,42.17,40.74,41.96,2188545.0,2.9945999018163936,91831348.2,3124485490.0,Technology Services,8.23809700591576,7.639786610345393,0.6146901872094926,1.4761195017087434,414596000.0,2095400999.9999998,-32.08751547184635,0.922544181280814,0.27835732897632,0.0,68674400.0,2026-10-01
XENE,37.38,37.5325,36.71,37.19,2466583.0,-0.16107382550336183,91732221.77,3601495504.0,Health Technology,-43.6155052246616,,2.8962099288836,,-409195000.002096,0.0,-100.0,,0.00516582474508933,0.0,96840400.0,2026-10-01
WHR,31.09,31.59,30.21,30.68,2977722.0,0.032605151613948516,91356510.96,2000316966.9999998,Consumer Durables,5.98112905805213,10.313991797216431,0.5070429890812226,0.13405403231212723,187000000.0,14917000000.0,-3.9162640901771337,3.07702621170477,2.04856343757946,8.80339093576785,65199400.0,2026-10-01
TNGX,24.64,25.41,23.82,24.95,3660636.0,2.17035217035216,91332868.2,4206828781.0000005,Health Technology,-21.3404905276993,,4.100489100423361,68.01528368512011,-123720000.0,53811000.0,121.47178664032596,-253.379420564569,0.0312259646355604,0.0,168610000.0,2026-10-01
TRLV,10.86,11.17,10.215,10.9,8369894.0,-12.16760676873489,91231844.60000001,2098961764.9999998,Process Industries,-46.9586366150983,,2.7323431722754905,2.0996485907413835,-473300000.00294596,1139040000.00568,-3.8971338893977245,13.7477173760355,0.7521691599464729,0.0,170158920.0,2026-10-01
RITM,9.2,9.21,8.91,8.93,10202455.0,-2.083333333333328,91107923.14999999,4986574523.000001,Finance,5.43694477663872,14.865989678708173,0.7243772829443624,0.8858921667925367,465498000.0,5850094000.0,11.861807569805904,42.3236105266001,4.53132002896961,10.9649122807018,558407000.0,2026-10-01
DNTH,88.19,90.71,87.58,88.05,1030795.0,1.0211106011932087,90761499.75,4925022292.999999,Health Technology,-26.0654164045383,,4.116800238638824,2564.862630168067,-192246000.0,1904000.0,-60.7746188710342,-11441.3865546219,0.00109809944327126,0.0,55934400.0,2026-10-01
DHT,22.82,23.19,22.51,22.57,4016379.0,0.66904549509366,90649674.03,3639087000.9999995,Transportation,39.1763532556201,7.6781765606395656,2.7370049865150663,5.006438968354407,473733000.0,722186000.0,39.41599357538878,56.6595032304697,0.32702160368475,10.9277430865299,161236000.0,2026-10-01
DFTX,38.42,38.8,37.3156,38.06,2380950.0,-0.39256739073540586,90618957.0,5114006630.0,Health Technology,-64.0868995790911,,5.566655063374452,,-353785000.001917,0.0,,,0.0396950403786306,0.0,134366940.0,2026-10-01
BYD,67.02,67.51,66.55,66.57,1344426.0,-0.7602862254025121,89498438.82,4836670672.999999,Consumer Services,93.3309604757425,2.930082088074121,1.9464826908653907,1.2246266098965706,1817172000.0,4098167000.0000005,1.7489530067105015,18.7147571097029,1.3030420460376102,1.1329755515802,72655400.0,2026-10-01
FIVN,34.2,34.53,33.34,34.01,2627267.0,0.0,89353350.67,2541347252.9999995,Technology Services,7.91715512311765,49.642387972558744,3.238193352801213,2.414815458722113,59465000.0,1203877000.0,8.86775015011539,6.04688020453917,1.02577968511883,0.0,74723500.0,2026-10-01
CHDN,76.16,77.14,74.37,75.68,1176509.0,-0.6302521008403227,89038201.12,5274914267.0,Consumer Services,34.3070595148157,12.985809639835963,3.9504853020858026,1.7818777365553649,408700000.0,2991900000.0,5.7320564017387,25.8096861526121,3.56524981357196,0.575105042016807,69700200.0,2026-10-01
MBGL,17.82,17.88,17.14,17.15,5191144.0,-3.6516853932584388,89028119.6,5056185518.0,Technology Services,,,0.5141012116900919,,,,,,0.20416878495170301,0.0,294821320.0,2026-10-01
YETI,42.67,43.01,40.79,41.02,2158294.0,-3.595769682726191,88533219.88000001,2994000610.9999995,Producer Manufacturing,25.3208387266717,17.85341225626741,4.911757204489313,1.665769911083836,178795000.0,1935756000.0,6.243468715697036,12.1822171802645,0.415147398540453,0.0,72988800.0,2026-10-01
RSI,19.86,20.45,19.43,20.33,4353150.0,3.407934893184121,88499539.5,4711952265.0,Consumer Services,20.7246517970196,68.56661045531197,12.683261588371076,1.6673200544427353,31917000.0,1366941000.0,34.29030356616563,10.0943639849855,0.07989150403077659,0.0,115626000.0,2026-10-01
ACI,11.81,11.83,11.55,11.61,7614304.0,-0.25773195876289634,88402069.44,5634631020.0,Retail Trade,2.71655985114741,155.21390374331548,3.5180538889494923,0.0696722105215099,65700000.0,83233300000.0,2.7491688918022428,1.96399758269827,9.7358467166863,5.49828178694158,485326000.0,2026-10-01
NEOG,12.58,13.11,12.512,12.8,6887000.0,0.5498821681068365,88153600.0,2791756878.0,Health Technology,-0.37875640526263,,1.3314346520430762,3.1840357085410966,-7886000.0,870380000.0,-2.713988873998084,-1.72832555895126,0.38797840317263105,0.0,218106000.0,2026-10-01
LXP,60.9,60.95,60.9,60.92,1442475.0,0.0492691739201858,87875577.0,3591676412.0,Finance,3.21305119482506,61.45465550287501,1.8437174088446382,10.173490636748506,64458000.0,347704000.0,-4.214565719842535,14.8462485332352,0.707017689765317,4.55739858761701,58957300.0,2026-10-01
SEDG,32.0,33.33,31.6,31.87,2754985.0,1.110406091370563,87801371.95,1960825556.9999998,Producer Manufacturing,-58.4240422607057,,4.75729155315792,1.4442482590984964,-270300000.0,1332281000.0,37.91314753490837,-9.9682424353421,0.988516932186321,0.0,61525800.0,2026-10-01
SMG,49.83,50.63,49.41,50.11,1749758.0,1.2323232323232312,87680373.38,2917417869.0,Process Industries,,43.8484424221211,,0.8686784846149287,74000000.0,3373400000.0,-1.9502979218136898,15.032311614395,,5.33333333333333,58220300.0,2026-10-01
FBIN,38.76,38.89,38.05,38.05,2289583.0,-0.9372559229367339,87118633.14999999,4542084541.0,Producer Manufacturing,6.40622983263778,30.814706835114997,1.9699052322857369,1.0433554953437019,148900000.0,4391900000.0,-2.311045865029583,15.1597258589676,1.2129180384682001,2.68159333506899,119371000.0,2026-10-01
PARR,79.87,84.4,79.265,81.62,1057594.0,4.226790959009069,86320822.28,4089131812.0,Energy Minerals,54.7397900126994,4.763183080837555,2.0286889728003565,0.449246053537646,856912000.0,8618795000.0,13.187341522133453,13.3070922327309,0.657915166201668,0.0,50099600.0,2026-10-01
ITGR,126.35,126.44,126.35,126.35,681708.0,0.01583155228369827,86133805.8,4295529300.0,Health Technology,7.50358093975781,34.445625800823315,2.4988494612789083,2.346290543664499,128396999.99999999,1838450000.0,2.6181312777518846,10.0349751149066,0.7939094073654741,0.0,33997100.0,2026-10-01
GLNG,48.68,49.175,47.46,47.52,1802477.0,-1.4721127928674969,85653707.04,4851791973.999999,Industrial Services,8.54908031695405,,2.4967490247074124,9.408618976648349,163683000.00008798,523380000.00018996,94.63813550815479,45.5128205128209,1.3767797559133101,2.07339829981339,102100000.0,2026-10-01
SUNC,73.72,73.92,72.13,73.14,1168039.0,0.08210180623974038,85430372.46,3767968011.0,Distribution Services,,,1.4793749165651966,,,,,,5.82685512367491,0.0,42953000.0,2026-10-01
GPI,242.98,245.245,237.11,240.44,354512.0,-0.20337857468974768,85238865.28,2866579808.0,Retail Trade,9.39850859038796,10.024807688298692,0.9712981870487462,0.1287684982229585,286100000.0,22154800000.0,0.8126973726121897,4.23294274829834,1.9566763769392301,0.871622462956045,11922200.0,2026-10-01
POR,44.79,45.06,44.3401,44.63,1908065.0,0.3146774556080031,85156940.95,5248833665.0,Utilities,6.44514106583072,19.753031778348237,1.2533341271396967,1.5450815398388564,257000000.0,3351000000.0,2.9493087557603688,17.27842435094,1.26388552025224,4.77916385704653,117608000.0,2026-10-01
USDE,16.04,18.11,16.0,16.08,5261545.0,4.960835509138368,84605643.6,437169033.00000006,Technology Services,-46.2446545294204,,1.8033193187310819,549.7537247482852,-48260527.0,62372.0,,-3147.56781889309,0.0326607238493751,0.0,24029375.0,2026-10-01
NMIH,40.54,40.97,36.21,37.32,2251428.0,-8.372207218266627,84023292.96,2807130129.0,Finance,15.4267562327535,7.3389443876347045,1.0397431511238253,4.2684566922238005,395334000.0,730781000.0,7.527725011440199,73.2371257599746,0.154525217396447,0.0,75217800.0,2026-10-01
EXP,174.43,174.46,170.46,171.02,489823.0,-1.4748242885125027,83769529.46000001,5246093954.0,Non-Energy Minerals,27.0301265045963,13.5273877793158,3.5429836927867284,2.32107118607238,402574000.0,2324934000.0,1.6805094578678674,23.2087448503915,1.2074573685952,0.576103237700196,30675300.0,2026-10-01
MANE,117.56,122.435,116.755,121.23,689729.0,2.894245459175022,83615846.67,5065006041.0,Health Technology,,,6.220767192034051,,,,,,0.000525663558128196,0.0,41780136.0,2026-10-01
VOYG,31.13,32.77,30.22,30.25,2761993.0,-1.594014313597913,83550288.25,1846129021.0,Technology Services,-31.1136603705008,,5.512638977728938,10.325232717212879,-136967000.0,174230000.0,10.627841414167069,-83.7737473454629,1.5076570242605498,0.0,55270493.0,2026-10-01
GVA,116.93,116.93,114.91,115.91,720497.0,-0.3096241506837529,83512807.27,5072744643.0,Industrial Services,-18.1660548962928,,6.73890647274554,1.0241028445574532,-164902000.0,4967205000.0,21.795252167311865,6.15752722104282,2.30148070801915,0.447234884320977,43764500.0,2026-10-01
HRB,40.35,41.09,40.14,40.85,2013176.0,0.6653523903400768,82238239.60000001,5003841513.0,Consumer Services,707.453097139313,7.139236966741817,43.17497225598478,1.3061347566984465,727313000.0,3945392000.0,4.902878094759498,23.9451491765584,17.8941934495438,4.13997042878265,123266000.0,2026-10-01
FOUR,37.0,37.0,35.91,36.17,2264574.0,-2.454153182308513,81909641.58,2855987162.0,Commercial Services,6.54103722161657,58.18854568854569,4.658987130787829,0.6175733126079589,105000000.0,4781900000.0,32.43692358822389,9.66352286747945,2.8226205191594604,0.0,78960100.0,2026-10-01
BTE,4.52,4.6,4.49,4.53,18030968.0,1.342281879194642,81680285.04,3167375970.4105754,Energy Minerals,,,2.1183714147615977,,,,,,0.0694218691078372,1.4218009478673,699200000.0,2026-10-01
VAL,78.63,80.4,78.45,78.52,1037233.0,0.08922880815805377,81443535.16,5452099276.0,Industrial Services,33.8570193139768,5.862807905681368,1.689519577835276,2.5835617719775406,939600000.005747,2137700000.01688,-13.221563692261995,12.0877578706201,0.361877852640729,0.0,69435800.0,2026-10-01
CLDX,31.71,32.76,31.45,32.41,2502809.0,2.4336283185840584,81116039.69,2545142165.0,Health Technology,-43.8767272276035,,3.560478143322153,15587.706329113957,-300549000.0,158000.0,-97.2716283888793,-206220.253164557,0.0068629262039509396,0.0,78529500.0,2026-10-01
LEU,140.01,146.0,137.2715,139.49,581136.0,0.9480387899840804,81062660.64,2853004105.0,Non-Energy Minerals,8.05313408053134,63.644659396815264,3.292197969925327,6.382988774002942,48500000.0,473900000.0,8.468757152666514,1.56151086727158,1.3928317955997203,0.0,19733900.0,2026-10-01
LW,43.58,43.64,41.63,41.69,1938515.0,-3.651490640166409,80816690.35,5731583454.0,Consumer Non-Durables,16.2802447650592,19.97987156139174,3.1401821290570413,0.903053400480921,290000000.0,6612300000.0,2.4956210376203245,10.1991742661404,2.2122308071675203,3.48971573838687,137481000.0,2026-10-01
ABUS,4.675,4.95,4.675,4.78,16876018.0,1.918976545842214,80667366.04,946945495.0000001,Health Technology,89.5814860017788,6.101608373755425,3.651224076690983,5.096509440648532,153054000.000909,181720000.00105003,1078.7752983941552,81.1297600704537,0.0140105823377768,0.0,198106000.0,2026-10-01
UPST,23.34,23.53,22.785,22.99,3507701.0,-0.6482281763180732,80642045.99,2237226982.0,Finance,7.94130693163137,41.86088856518572,2.805163746400507,2.037481533788564,60334000.0,1246117000.0,46.29804429855148,3.98887102896438,2.53982630459643,0.0,97313100.0,2026-10-01
TFX,126.08,127.06,124.365,125.04,644720.0,-1.0132995566814338,80615788.8,5298244732.0,Health Technology,-10.5074543169672,,1.8241117994970857,2.1207157274151065,-1031682000.0,2600599000.0,-14.491727664958429,11.0159911620361,0.988987906493778,1.07663077897403,42372400.0,2026-10-01
KSS,18.63,19.24,18.165,18.46,4351173.0,0.7641921397379944,80322653.58,2092929015.0000002,Retail Trade,6.67078443483632,8.051993369972957,0.5004749903483696,0.14010110174983773,270000000.0,15430000000.0,-2.870451970288304,3.86260531432275,1.5405470249520201,0.0,113376000.0,2026-10-01
PENG,56.66,56.68,54.04,54.69,1450913.0,-1.9716795124574322,79350431.97,2802463120.0,Electronic Technology,17.1713718657108,34.697373429767794,6.3825168753326045,2.044289977072833,87903000.0000719,1502705000.0013602,11.973368504204736,8.1323346897752,1.60619822758113,0.0,51242700.0,2026-10-01
KGS,51.87,53.42,51.03,52.97,1495552.0,2.357487922705312,79219389.44,5355480827.000001,Industrial Services,4.597150327216,63.21002386634845,2.472939819840008,3.5976160399973067,80390000.0,1392494000.0,8.226240060435968,32.6450239641966,1.30568764126565,3.78743961352657,101104034.0,2026-10-01
COHU,66.95,68.49,66.68,68.14,1162163.0,3.2893739578596355,79189786.82000001,3225640749.0,Electronic Technology,-4.83648998119157,,4.428289844372972,5.974412858783008,-38816000.0,522600000.0,32.65945915758959,-6.38174512055109,0.42764024229655,0.0,47338400.0,2026-10-01
MMED,20.07,20.115,19.44,19.47,4024548.0,-2.8443113772455106,78357949.56,5477883237.0,Health Technology,,,1.51245033266916,,,,,,0.0162983425414365,0.0,281349950.0,2026-10-01
KVYO,15.33,16.075,15.285,15.73,4980404.0,3.14754098360656,78341754.92,4478762363.0,Technology Services,0.658114058890112,741.9811320754717,4.701149734458262,3.2576335737045707,6791000.0,1389656000.0,28.88642387975537,-1.86377060222098,0.11780989923724701,0.0,126937935.0,2026-10-01
ERAS,14.37,15.12,14.1101,14.66,5286619.0,3.16678395496129,77501834.54,5127511217.0,Health Technology,-78.2488588486733,,12.662273163063476,,-287223000.0,0.0,,,0.12356405218463,0.0,349762000.0,2026-10-01
MIRM,88.85,88.85,85.36,85.48,901734.0,-2.3532099611606148,77080222.32000001,5550405117.999999,Health Technology,-702.967279027197,,,8.976010658747354,-860207000.0,618067000.0,44.01751324095153,-14.7603738753242,,0.0,64932199.99999999,2026-10-01
RH,123.36,124.73,121.0101,121.75,631490.0,-0.3764012764912804,76883907.5,2305112093.0,Retail Trade,280.715445517137,21.651757927122052,19.151965141063858,0.696969567631639,111510000.0,3448911000.0,3.346177276378901,10.3844662851549,34.1391642500436,0.0,18933200.0,2026-10-01
BTDR,11.2,11.21,10.45,10.49,7318597.0,-3.761467889908258,76772082.53,2850995700.9999995,Technology Services,-49.508997204873,,2.585208369273234,3.3052916749231263,-447948000.000222,812257000.000594,127.67794324996053,-29.9514808736638,1.7702761397918598,0.0,227382000.0,2026-10-01
BOOT,122.6,123.73,119.7,120.47,637268.0,-1.1649848223808366,76771675.96,3648415127.0000005,Retail Trade,19.1754184326974,15.242035476606189,2.689306818722147,1.591748708129153,242584000.0,2343307000.0,17.648591589955743,13.6111486885841,0.593228334866605,0.0,30284800.0,2026-10-01
IRT,14.78,14.83,14.445,14.53,5282226.0,-2.0229265003371593,76750743.78,3511700578.9999995,Finance,1.28578245904701,79.39890710382514,1.019699213294688,5.249381501451655,43583898.0,666828000.0,3.459735713986493,17.0430755757107,0.7281940860968891,4.65273095077546,235745000.0,2026-10-01
WFRD,80.41,80.86,78.58,78.68,972945.0,-2.151473697301318,76551312.60000001,5719122755.0,Industrial Services,22.1952698605215,15.545413233754175,3.1595208675751967,1.2150694851402253,366000000.0,4778000000.0,-7.16922479114047,14.4202595228129,0.907158836689038,1.33689839572193,72688400.0,2026-10-01
BXSL,24.0,24.25,23.79,23.98,3180178.0,-2.6390580592772985,76260668.44,5586621986.0,Miscellaneous,4.79815660860868,18.88932650649862,0.9394251016110866,4.863791024215775,293336000.0,1177662000.0,-14.938561947989287,59.1223118348049,1.2689688187699302,12.5050751116525,232970060.0,2026-10-01
JMKE,16.93,17.41,16.45,16.82,4529792.0,-0.5910165484633653,76191101.44,5342686147.000001,Consumer Services,,,0.9142173848056201,,,,,,0.358658453114305,0.0,233405410.0,2026-10-01
FRVO,13.8,13.965,13.58,13.59,5597256.0,-1.1636363636363647,76066709.04,4005831868.0,Utilities,,,1.4338104964634786,,,,,,0.121082582842163,0.0,286977780.0,2026-10-01
BCO,103.05,103.05,97.75,100.99,750122.0,-2.0655546935609093,75754820.78,4159740890.0000005,Commercial Services,64.1302424349673,23.363794100636206,13.400279443395462,0.7807275513554954,180900000.0,5481400000.0,8.116530898045326,10.3823840624658,14.6718196457327,0.989138867339022,41189600.0,2026-10-01
NATL,45.23,45.42,44.71,45.18,1667027.0,-0.5721830985915449,75316279.86,3338663524.0,Electronic Technology,48.1572481572482,17.52249457027614,7.1859601797921515,0.7794415026023985,196000000.0,4419000000.0,3.781117895725693,12.4462548087803,6.32758620689655,0.0,73896935.0,2026-10-01
TCBI,93.24,93.86,92.55,93.02,807598.0,-0.31079198371021993,75122765.96,4043985662.9999995,Finance,10.1876602190876,12.10063482152149,1.2078699832233066,3.0979743878141526,364605000.0,2036795000.0,3.1082391116713364,35.902832092324424,0.233258592315666,0.214339299110492,43474400.0,2026-10-01
LPX,66.5,66.8,64.53,64.55,1155090.0,-1.8400243309002553,74561059.5,4513556233.0,Non-Energy Minerals,3.09810671256454,83.67902514907959,2.5908825818435925,1.865153970826578,54000000.0,2468000000.0,-14.36502428868841,4.53808752025932,0.216169724770642,1.79440389294404,69923400.0,2026-10-01
KRG,24.78,24.9,24.38,24.39,3051200.0,-1.255060728744934,74418768.0,4886461722.0,Finance,10.9040826829281,15.589645254074785,1.7030767103736155,6.156791651711186,337313000.0,815197000.0,-5.835190184275851,23.4226818793494,1.04855645971903,4.61538461538462,200347000.0,2026-10-01
SXT,130.0,135.52,129.25,130.72,569089.0,1.5537600994406464,74391314.08,5563810942.0,Consumer Non-Durables,13.0712285932143,35.33163954808368,4.415974531123634,3.2307872103487485,157969000.0,1703471000.0,8.116525386078086,14.0489623832751,0.6063013124559501,1.27408328154133,42562800.0,2026-10-01
LIVN,77.11,77.11,75.395,76.5,970700.0,-0.6364462917261916,74258550.0,4214653490.0,Health Technology,15.4023366927257,22.6989496172334,3.177688885565815,2.9440932301640887,188537000.0,1471498000.0,12.388232176149222,15.0091947117835,0.26555735134555997,0.0,55093500.0,2026-10-01
GEO,30.74,31.32,30.28,30.47,2430919.0,-1.5826873385012985,74070101.92999999,4010448608.0,Commercial Services,20.1101792508045,14.376032083038453,2.6580246698187273,1.4457017933230814,291543000.0,2827321000.0,15.322673077558438,12.4900922109658,1.08012806351739,0.0,131620000.0,2026-10-01
EOSE,3.22,3.225,3.06,3.065,24044315.0,-1.4469453376205765,73695825.475,1116174189.9999998,Producer Manufacturing,,,,4.932486186662184,-709625000.0,214248000.0,533.8698224852071,-158.780945446399,,0.0,364168000.0,2026-10-01
BKH,70.62,70.765,69.98,70.08,1050868.0,-0.27038565532944037,73644829.44,5343820423.0,Utilities,7.88970248697144,17.66307087408005,1.355187013100528,2.325829418928319,299000000.0,2299200000.0,2.510143118284364,23.8561238691719,1.21187300299234,3.96328447417105,76253100.0,2026-10-01
HWC,72.18,72.79,71.81,72.04,1019955.0,-0.22160664819944123,73477558.2,5779268810.000001,Finance,9.66898093467398,14.107233775897859,1.3044455264525947,4.041009617564104,425897000.0,1946780000.0,-3.223994412505251,36.583353824977095,0.424665187863372,2.63157894736842,80223100.0,2026-10-01
NKTR,59.96,62.3999,58.91,60.545,1210000.0,2.2029034436191757,73259450.0,2067187504.9999998,Health Technology,-35.7549692232424,,2.2880437103456464,35.87114991298605,-157127000.0,54589000.0,-27.150559158726345,-239.321108648262,0.150515822353815,0.0,34143000.0,2026-10-01
BKD,11.1,11.11,10.76,10.83,6760714.0,-1.3661202185792383,73218532.62,2586390750.0,Health Services,-362.056960368567,,,0.8778105986926946,-138313000.0,3050697000.0,-4.42448016446512,5.00052938721873,,0.0,238817000.0,2026-10-01
DX,11.49,11.5256,11.135,11.14,6559992.0,-2.194907813871817,73078310.88000001,2764579528.0000005,Finance,18.2307849849323,4.250448319279637,0.8622764873301861,2.843803445644539,436177000.0,895577000.0,136.4503549750633,120.134952103504,7.13205170158614,17.910447761194,248167000.0,2026-10-01
TRMD,38.09,38.8252,37.845,38.05,1919359.0,5.2558782849239245,73031609.94999999,3883395081.779516,Transportation,26.6639628552417,6.4128280236533,1.533322319912308,2.20904041944567,610908407.126125,1718721596.3858378,20.287134246724882,39.0870327379012,0.42198956985452707,6.56091673675357,102554000.0,2026-10-01
CENX,36.45,37.02,35.72,35.98,2021450.0,-0.6077348066298507,72731771.0,3561778664.0,Non-Energy Minerals,56.7332549941245,6.225667468378523,2.5385062041006963,1.4223755248950218,603500000.0,2667200000.0,9.666543316475472,14.869526094781,0.342099636519136,0.0,98993300.0,2026-10-01
ARX,19.73,19.74,19.71,19.73,3676749.0,0.0,72542257.77,4285130113.9999995,Finance,-380.140803759261,,5.965699495651964,5.7693321013280565,-1295900000.01532,751300000.009054,,23.3728204445629,0.16741009199888499,0.0,118548676.0,2026-10-01
BRZE,23.46,25.62,23.17,25.1,2884994.0,8.4233261339093,72413349.4,2850969158.0,Technology Services,-18.8555030244096,,4.728987563327927,3.087217962195576,-113046000.0,834241000.0,27.438582876835792,-13.1929502386001,0.160625862218342,0.0,113584430.0,2026-10-01
INFQ,13.88,14.28,13.455,13.47,5365332.0,-2.673410404624272,72271022.04,3035559393.9999995,Electronic Technology,-25.0357163430747,,5.269046017117555,132.23419846080284,-123844154.0,22999000.0,,-314.960533066655,0.0252914866909362,0.0,225357060.0,2026-10-01
EQPT,18.61,18.97,17.35,17.37,4155901.0,-6.108108108108103,72188000.37,4408628187.0,Technology Services,,224.12903225806454,3.625918743515826,0.9448111588849186,59300000.0,4953900000.0,18.16382024615973,6.83905609721634,3.03982300884956,0.0,215807020.0,2026-10-01
AVAH,12.29,12.69,12.21,12.41,5800501.0,-2.895148669796551,71984217.41,2708987305.0,Health Services,199.620030150571,10.091892331462958,9.423932688364747,1.1040955271590034,274762000.0,2602820000.0,19.52305030325963,11.3902229120723,5.23985560974251,0.0,218291000.0,2026-10-01
XMTR,104.88,105.34,102.65,102.85,699557.0,-1.323995011033301,71949437.45,5895729477.0,Technology Services,-7.12043215761042,,9.858936212634775,6.998367689277564,-30811000.0,807531000.0,33.74988820097985,-3.75787431070758,0.571018263159575,0.0,55848300.0,2026-10-01
ANAB,50.13,52.02,49.39,50.26,1430101.0,-0.21838395870557759,71876876.25999999,1502534943.0000002,Health Technology,,7.7970834626124725,141.15598494635736,6.301802903881521,195723000.0,237613000.0,92.92406872137963,56.3634986301255,25.4688710439301,0.0,29895200.0,2026-10-01
VSEC,174.04,174.04,163.91,164.7,436093.0,-4.0153855119762305,71824517.1,4622300790.0,Industrial Services,4.26607662786487,60.69875433036043,1.5755634791847208,3.966270887791207,74900000.0,1357808000.0,23.345366809045636,11.7530608156676,0.34962412679192606,0.233113817821551,28065000.0,2026-10-01
DYN,16.05,16.796034,15.92,16.11,4456483.0,-0.6169031462060544,71793941.13,3008485338.0,Health Technology,-81.5652687351405,,3.801115088138209,,-519405999.99999994,0.0,,,0.33233592204525797,0.0,186746000.0,2026-10-01
COUR,4.96,5.15,4.81,4.96,14462975.0,6.209850107066382,71736356.0,1311423979.9999998,Commercial Services,-15.1950947603122,,1.1666827399167798,1.231057149311045,-136300000.0,885400000.0,22.687825027817464,-6.23447029591145,0.0,0.0,264399999.99999997,2026-10-01
ALHC,7.92,8.18,7.77,8.16,8787158.0,3.16055625790139,71703209.28,1692670793.9999998,Health Services,20.0439302828381,43.7064809855383,6.376394836370456,0.3715799455381076,40699000.0,4577329000.0,37.214461850406515,1.20157410577217,1.24655359048923,0.0,207435000.0,2026-10-01
FLG,11.88,11.975,11.66,11.67,6111891.0,-1.4358108108108103,71325767.97,4844133410.0,Finance,0.59124222454887,577.7227722772277,0.637241090091802,2.6831101678851654,48000000.0,4434000000.0,-21.424774056353005,5.645933014354067,1.39479179461983,0.337837837837838,415093000.0,2026-10-01
LAUR,38.78,38.93,37.98,38.16,1867592.0,-0.5732152162584835,71267310.72,5256515523.0,Commercial Services,29.3492407611268,17.12977510436773,4.6053862260814995,2.934756008867344,321552000.0,1830087000.0,17.891922081653348,24.4169266269855,0.643073046534815,0.0,137749000.0,2026-10-01
SPHR,134.77,137.85,133.97,134.44,530053.0,0.10424422933729438,71260325.32,4828225550.0,Consumer Services,-3.3837823912347,,2.167168588757998,3.578113196422581,-76838000.0,1356845000.0,17.173844708353194,-1.51984935641138,0.40994803079909,0.0,29046900.0,2026-10-01
ARR,14.13,14.23,13.805,13.83,5142667.0,-1.2847965738758012,71123084.61,1957678526.0,Finance,20.3313718066215,3.711655618475081,0.7312708991195139,1.8048679803892802,430928000.0,1009244000.0,34.23993211149995,114.365802521491,7.53809554828168,20.5567451820128,141553000.0,2026-10-01
ABCL,14.78,15.015,14.56,14.59,4863812.0,-1.5519568151147127,70963017.08,4727851080.0,Health Technology,-17.304014090807,,4.990286214633612,68.43212635148537,-164656000.000792,66173000.00033831,101.28056941274917,-340.253577743071,0.151354880471418,0.0,324047000.0,2026-10-01
KEEL,3.71,3.72,3.515,3.53,19941817.0,-1.3966480446927447,70394614.00999999,2180033312.0,Technology Services,-75.620643336011,,6.6230135649824575,11.519285579864654,-433838000.002357,188139000.000855,-23.025718236647858,-121.100356651355,3.15882098833035,0.0,603829000.0,2026-10-01
TE,3.85,3.925,3.75,3.86,18223586.0,2.3872679045092804,70343041.96,1136679382.9999998,Producer Manufacturing,-123.159322807385,,5.367895534634052,1.0594224512864405,-383641000.004564,996851000.011951,426.9854779791535,-16.9750544464509,2.8280949163379,0.0,294477000.0,2026-10-01
LSTR,168.68,170.985,167.585,168.645,414910.0,0.13359458496616955,69972496.95,5723292690.0,Transportation,14.9780842918849,43.673442962579315,6.840069842570305,1.1468672580933195,131699000.00000001,4983430000.0,4.101621823064656,3.92249916222361,0.166248371637207,0.973756085975538,33936900.0,2026-10-01
NAVN,20.86,21.38,20.66,20.99,3331074.0,1.4499758337360906,69919243.25999999,5470738902.0,Technology Services,-49.3879634830164,,4.146402171379355,6.422643019556283,-347773000.0,825873000.0,34.831345108673474,-24.7934004380819,0.12937831249843199,0.0,245330800.0,2026-10-01
OUST,40.1,41.74,39.905,40.34,1732298.0,0.8500000000000085,69880901.32000001,2909011613.0,Electronic Technology,-18.00550696305,,7.440937329378607,12.88202687072671,-53327000.0,204907000.0,62.82102218549361,-34.4078045161952,0.0441601042800048,0.0,72112300.0,2026-10-01
FRMI,4.33,4.44,4.1436,4.21,16560047.0,-1.6355140186915953,69717797.87,2696367552.0000005,Finance,,,2.604021698119043,,-694510000.0,0.0,,,0.5587011962309181,0.0,640467350.0,2026-10-01
CE,44.5,45.145,44.36,44.37,1567398.0,-1.0481712756467572,69545449.25999999,4869559991.0,Process Industries,-24.5684634120513,,1.1685996715173517,0.5090187121416806,-1169000000.0,9712000000.0,-2.2839319851091657,8.74176276771005,2.97504199664027,0.267618198037467,109749000.0,2026-10-01
INSP,73.09,73.25,68.5,69.36,1002283.0,-5.220005465974319,69518348.88,2005223669.0,Health Technology,17.9649274043565,15.063197671893326,2.428595238328667,2.3565062167785644,135042000.0,898742000.0,4.345695868628325,6.02208420214033,0.0352393826415789,0.0,28910400.0,2026-10-01
CHH,105.44,105.44,102.23,102.41,678581.0,-1.7649880095923294,69493480.21,4609333064.0,Consumer Services,563.786441262722,14.455093370220334,32.54251722297074,2.923240253591027,326827000.0,1618827000.0,2.6499061214163016,25.5165623009747,14.8172572409234,1.1031175059952,45008600.0,2026-10-01
KNF,52.98,52.98,50.2,50.42,1361057.0,-4.290053151100983,68624493.94,2862011538.0,Non-Energy Minerals,9.12016772062648,20.54353583506499,1.7821985161306286,0.9059112118239115,139858000.0,3307535000.0,12.130359359166945,8.96395654165413,1.0390793131276899,0.0,56763420.0,2026-10-01
AAP,39.94,39.94,38.3,38.91,1760192.0,-2.0639315378806957,68489070.72,2350164050.0,Retail Trade,4.84304932735426,28.24272337954562,1.0343818312466255,0.2810541574857936,84000000.0,8623000000.0,-1.3049764358906977,3.90815261509915,2.30881701373505,2.51698968034231,60400000.0,2026-10-01
KALU,152.07,152.115,144.355,144.82,472349.0,-4.20056889594496,68405582.17999999,2367675693.0,Non-Energy Minerals,26.3984184207466,10.732813565351435,2.5086621773358426,0.6183645784472556,227000000.0,4135899999.9999995,32.83337615621787,8.24246234193283,1.1325492689129102,2.03744129126149,16349100.0,2026-10-01
SHAZ,54.45,55.13,52.9,54.6,1251654.0,0.7937973047812438,68340308.4,1954871310.0000002,Technology Services,,,1.7302304533869262,,,,,,0.8951391158878199,0.0,35667164.0,2026-10-01
TDS,34.29,34.715,33.495,33.92,2014679.0,-0.7025761124121631,68337911.68,3649791751.0,Communications,10.5558163893218,12.463256907701354,0.9531474096420753,3.1578809568477397,386667000.0,1257964000.0,-73.81423813488759,-2.69204842109949,0.241554763948813,0.468384074941452,107600000.0,2026-10-01
EWTX,39.49,42.12,38.89,40.6,1678340.0,3.597856596070436,68140604.0,4409327659.0,Health Technology,-38.0316020471524,,9.765554531962948,,-197222000.0,0.0,,,0.008012015791928619,0.0,108604000.0,2026-10-01
FRSH,12.57,12.985,12.52,12.79,5307770.0,1.669316375198721,67886378.3,3337176742.0,Technology Services,19.6954671019922,19.59252450980392,3.7517233287377896,3.799436466386686,185195000.0,903868000.0,15.569807837135292,4.12770448782344,0.0386118313330201,0.0,236959440.0,2026-10-01
PTCT,65.16,65.495,64.145,64.78,1043320.0,-0.27709359605910194,67586269.6,5406591027.000001,Health Technology,,,,5.925745805855537,-38382000.0,1008754000.0,-42.84449969375538,11.5714039299968,,0.0,83460800.0,2026-10-01
ASB,28.75,29.02,28.555,28.65,2352503.0,-0.10460251046025501,67399210.95,5410542548.0,Finance,9.65811666389126,10.012931185125641,0.993159849857803,3.3948054266489147,503135000.0,2564145000.0,20.10946956212174,38.85975547043735,1.01716014354423,3.31241283124128,188850000.0,2026-10-01
ENVA,168.09,171.025,165.9,167.11,403214.0,-0.4823725583611088,67381091.54,4160766750.0000005,Finance,26.0809653681655,12.390909427946466,2.7778040969078126,1.2802534547368634,355452000.0,3446138000.0,17.6534170189129,24.1373676852175,3.3701455410883603,0.0,24898400.0,2026-10-01
MTRN,270.16,273.91,267.71,269.59,249822.0,0.38352695859397257,67349512.97999999,5616563840.0,Electronic Technology,9.45845526031849,62.8151358404399,5.645616767768698,2.697639857890065,90116000.0,2098094000.0,21.56147936820991,6.19228690420925,0.514168225501499,0.212243074173369,20833700.0,2026-10-01
FCEL,17.01,17.2,16.4,16.42,4095542.0,-2.840236686390514,67248799.64,1312847857.0,Electronic Technology,-21.2116935544929,,1.3453238117398758,7.719471605130501,-175102000.0,154137000.0,1.0920037777427987,-87.9483835808404,0.160609951814889,0.0,79954200.0,2026-10-01
ITRI,87.83,89.0,86.3,86.34,777003.0,-1.2015104703055237,67086439.02,3780548233.0,Electronic Technology,16.9668001958194,14.43426507957737,2.3384786725544835,1.6925801787626262,273972000.0,2303166000.0,-5.694449107744618,13.8660001059411,0.990802493999811,0.0,43786800.0,2026-10-01
CRGY,12.96,13.12,12.835,12.89,5202742.0,0.0,67063344.38,4258903632.9999995,Energy Minerals,1.13592440283054,,0.826513051083508,1.141866378460165,54750000.0,4309410000.0,24.25071749476259,24.6725653859809,1.003829616425,3.72381691233514,330403700.0,2026-10-01
SHOO,45.44,45.93,44.37,44.77,1496989.0,-0.8196721311475353,67020197.53,3276138510.0000005,Consumer Non-Durables,16.1621540212756,22.44560312844681,3.4862931133835655,1.1886298738640892,143264000.0,2740536000.0,18.329088279982678,9.03436408060321,0.401384414481435,1.86087727071334,73177100.0,2026-10-01
MUR,36.13,37.17,36.03,37.02,1803723.0,2.976356050069542,66773825.46000001,5307969082.999999,Energy Minerals,5.6464904748153,18.351261587270113,1.0091306974178031,1.7552599561154834,294079000.0,2993311000.0,7.729712532274167,21.6140922209553,0.430447988919596,3.82475660639777,143381000.0,2026-10-01
WH,72.82,73.14,71.0825,71.84,929151.0,-0.8282716731087719,66750207.84,5331327181.0,Consumer Services,39.6190476190476,26.27747905921943,11.150171893309743,3.841669957686884,208000000.0,1418000000.0,-2.206896551724138,38.1523272214386,5.57291666666667,2.31916068470458,74211100.0,2026-10-01
AMPX,9.75,9.99,9.62,9.68,6890781.0,1.5739769150052505,66702760.08,1414060518.0000002,Producer Manufacturing,-37.9692520638687,,11.255159583745131,12.517498737594753,-38404000.0,109228000.0,143.61130316479694,-17.0496575969532,0.050757744595498096,0.0,146080610.0,2026-10-01
RARE,15.475,15.53,14.86,15.03,4422642.0,-1.8929503916449146,66472309.26,1481790762.0,Health Technology,,,,2.177481019844254,-586413000.0,716933000.0,17.499373114221047,-73.7711892185183,,0.0,98588900.0,2026-10-01
ORA,91.5,91.922754,90.06,91.49,724670.0,0.24104305905554824,66300058.3,5626354965.0,Utilities,4.97567344206209,44.82167352537723,2.165999513247896,4.802503942149265,126644000.0,1188438000.0,31.130027970716263,19.3536389782218,1.3133991304980501,0.525912128848472,61496900.0,2026-10-01
RELY,21.63,21.635,21.275,21.34,3099198.0,-0.6054960409874197,66136885.32,4517337692.0,Commercial Services,32.2455689645147,15.359147833597236,4.008580691940386,2.6225939294739424,305006000.0,1809629000.0,23.786269630302527,10.3629528483463,0.0339566649627989,0.0,211684050.0,2026-10-01
ICHR,60.53,62.49,60.0,61.86,1068241.0,3.5140562248996012,66081388.26,2316918768.9999995,Producer Manufacturing,-5.16592247974538,,2.671931630340462,2.1399907601252353,-40285000.0,1013754000.0,9.102003917432574,1.32231290825979,0.178096515643613,0.0,37454200.0,2026-10-01
ESAB,67.84,67.89,65.66,65.88,996901.0,-2.544378698224851,65675837.879999995,4095615055.0,Producer Manufacturing,8.57984628207602,23.731133604697234,1.7298671221528286,1.3877922156656022,171295000.0,3002055000.0,9.654896574899643,14.1529718809282,1.00032142675665,0.621301775147929,62167810.0,2026-10-01
WGS,75.74,75.81,72.11,72.3,905171.0,-4.604829133131032,65443863.3,2156169753.0000005,Health Services,-40.8003007553409,,8.823023331588253,4.9551113598473595,-106357000.0,454426000.0,25.420828491862192,-12.4876217469951,0.685452929928221,0.0,29822500.0,2026-10-01
BATRK,53.94,54.115,52.41,52.94,1233991.0,-1.9266394961096687,65327483.54,3397805838.0000005,Consumer Services,-12.3780863498173,,6.605461546331809,4.617004588201877,-64187000.0,749967000.0,6.76553115341743,-5.40357109046131,1.7302612006323401,0.0,52871960.0,2026-10-01
EXK,8.83,8.83,8.54,8.58,7607673.0,-1.8306636155606424,65273834.34,2540919514.622951,Non-Energy Minerals,10.4055395872668,50.17496912309593,3.570978601963709,3.988160796082892,63462832.591129094,718416598.2586982,185.26706512343767,26.2642719729374,0.34643458731050003,0.0,296144000.0,2026-10-01
AMC,3.12,3.15,2.99,3.0,21651603.0,-2.5974025974025996,64954809.0,2677813843.0,Consumer Services,,,,0.4251531755439148,-554100000.0,5230600000.0,6.408169908047848,5.23266929224181,,0.0,892605000.0,2026-10-01
BULL,7.32,7.36,6.94,6.97,9315437.0,-2.7894002789400303,64928595.89,3692457760.0,Technology Services,4.74634414724858,85.1037851037851,3.538430297492131,5.713969567881899,42600518.0,680893717.0,47.936676799564324,12.4378606947845,0.0754485300647647,0.0,445905400.0,2026-10-01
CRSP,56.55,57.11,55.28,55.32,1169341.0,-1.2142857142857137,64687944.12,5349037782.0,Health Technology,-26.0949261874161,,3.0616243212071166,403.58346117084903,-451139000.0,13392000.0,-64.80420499342969,-3971.52777777778,0.448740403228993,0.0,96692700.0,2026-10-01
BGC,11.5,11.76,11.41,11.53,5610105.0,0.6986899563318784,64684510.65,5482128650.0,Finance,19.5370164812388,28.91173520561685,4.929731023956013,1.6661550205073667,198888000.0,3291500000.0,27.754642774109684,9.03314598207504,1.8086101940210801,0.698689956331878,366014000.0,2026-10-01
HTFL,50.01,51.19,49.67,49.75,1297253.0,-0.1605458559100909,64538336.75,4325943019.999999,Technology Services,-154.233931386728,,15.42286552191287,20.3006064257456,-118373000.0,212075000.0,,-34.3138040787457,0.0969766951348994,0.0,86953630.0,2026-10-01
RAMP,37.62,37.71,37.5,37.52,1715635.0,-0.345285524568381,64370625.2,2281027643.0,Technology Services,16.0547763905114,15.500929560008263,2.3335916538024732,2.7983303769721064,154544000.0,832104000.0,8.85130441721467,12.9236249314989,0.0338838772781173,0.0,60795000.0,2026-10-01
NTLA,11.96,12.235,11.75,12.06,5318300.0,0.24937655860350072,64138698.0,1689927985.0000002,Health Technology,-55.4380887633138,,2.3204713289027596,26.9849158068094,-399975000.0,59506000.0,12.579223187089694,-711.657647968272,0.10087865154334301,0.0,140127000.0,2026-10-01
CNK,38.31,38.58,37.27,37.3,1714649.0,-2.4581589958159125,63956407.699999996,4323511916.0,Consumer Services,45.4266030736619,20.74296518740963,8.72224898396322,1.3234430470074041,214300000.0,3363300000.0,4.537966617971591,13.4391817560134,5.9866854952592305,0.941422594142259,115912000.0,2026-10-01
CNX,31.34,31.52,31.105,31.17,2048416.0,-0.12816404998397676,63849126.720000006,4611403084.0,Energy Minerals,21.2486692250072,5.212025951441375,0.9590550861303466,2.1685381159596817,949446000.0,2215839000.0,16.211654840991923,39.7695410180974,0.491371150266247,0.0,147944000.0,2026-10-01
MGNI,25.74,26.11,25.17,25.26,2520302.0,-1.5971951694585123,63662828.52,3622894411.0,Technology Services,19.5794080035665,23.13186813186813,3.8683475448397533,5.091214591048506,166889000.0,742044000.0,8.315889962252253,15.6471853421091,0.445359419741892,0.0,143424000.0,2026-10-01
LEA,119.8,120.385,117.585,118.03,537155.0,-1.0811263828360644,63400404.65,5821801863.999999,Producer Manufacturing,10.8353552184123,11.001948154845687,1.1285020925046638,0.25586414537982505,556000000.0,23700400000.0,3.551267935475978,4.0644883630656,0.678614858995889,2.58129399932953,49324800.0,2026-10-01
HLNE,85.87,86.99,84.0304,86.86,729413.0,1.1529055549085767,63356813.18,4793422715.0,Finance,32.4948206392374,13.233792945836823,4.008702289935416,5.404463820549727,275895000.0,858366000.0,24.007281237810428,54.6159796636866,0.388369877087359,2.58530336555258,43349200.0,2026-10-01
ARQT,27.0,27.39,26.41,26.43,2391395.0,-1.1962616822429917,63204569.85,3322038626.0,Health Technology,15.8635861750563,127.61950748430709,15.048424840434315,7.834957681456789,28519000.0,463981000.0,76.10726282428408,7.38241436610551,0.517442730268974,0.0,125692000.0,2026-10-01
DRH,12.36,12.46,12.28,12.36,5111715.0,-0.8821170809943962,63180797.4,2536697316.0,Finance,9.91874483684428,17.135727159295715,1.6592920353982301,2.2616208082959193,153685000.0,1136366000.0,1.0324933563191208,16.2569981854438,0.7852897059451021,2.72654370489174,204606000.0,2026-10-01
ACAD,20.275,20.7,19.93,20.15,3134008.0,-0.3461918892185969,63150261.199999996,3471955990.0,Health Technology,35.7431290221518,9.07494145199063,2.6545571434593818,3.06948465849261,380484000.0,1138643000.0,11.75371925809168,7.58508154004372,0.0565234128955181,0.0,172306000.0,2026-10-01
PECO,37.79,37.825,37.23,37.34,1689096.0,-0.8233731739707708,63070844.64000001,5268673908.0,Finance,6.16173762673304,34.43378827001107,2.019713572810566,6.928494776476563,143705000.0,756386000.0,8.070118287819882,28.9139407656937,1.0886508483371,3.42098273572377,128699999.99999999,2026-10-01
CVCO,564.99,567.35,553.9504,560.26,112553.0,0.7444436452564169,63058943.78,4308064230.0,Consumer Durables,16.6584759581635,24.376618008571366,3.8898243663691616,1.8841663847994905,181180000.0,2297607000.0,9.685847628031675,9.6172234851304,0.0370246290512574,0.0,7689400.0,2026-10-01
EXLS,34.54,34.7,34.21,34.38,1833111.0,-0.5783689994216187,63022356.18000001,5212438017.0,Technology Services,25.9443791796562,21.66351606805293,6.022566229835002,2.362176409980895,249999000.0,2237314000.0,13.628186805540743,14.4242605195337,0.563374899854775,0.0,151613000.0,2026-10-01
COGT,31.735,32.76,31.485,32.02,1960172.0,1.1370814908401863,62764707.440000005,5556269895.0,Health Technology,-109.736930918909,,11.752744570503621,,-377179000.0,0.0,,,0.458802602613132,0.0,173525000.0,2026-10-01
GNTX,22.19,22.21,21.71,21.74,2887027.0,-1.7623136014460035,62763966.98,4580255641.0,Producer Manufacturing,16.1296493905654,11.537440959507508,1.8048113913983386,1.7575526947324511,400671695.0,2626380495.0,10.130257987056156,19.5548104693033,0.00441200727146231,2.16900135562585,210683000.0,2026-10-01
BAND,62.28,64.39,60.09,60.71,1033068.0,-2.5208734746307004,62717558.28,1953695563.9999998,Technology Services,0.593671783939133,,5.165981953525734,2.5183392376642666,2264000.0,828244000.0,9.251740521774,-1.82397940703464,1.46605125167582,0.0,30222800.0,2026-10-01
KBR,35.23,35.41,34.74,35.16,1783424.0,0.08539709649870204,62705187.839999996,4432542305.0,Technology Services,27.0893371757925,10.603775861029012,2.7093776368463027,0.5776913116664513,422000000.0,7723000000.0,-4.370975730559683,9.97021882688075,1.71026894865526,1.87873612297182,126068000.0,2026-10-01
ACLS,131.81,132.69,128.57,131.18,477818.0,1.934882275235068,62680165.24,4051033475.0000005,Producer Manufacturing,8.88687120606991,44.11191068666353,3.8007974199313264,4.626214056106196,92788000.0,866072000.0,-3.3496710144539374,10.3251230844549,0.065497865026116,0.0,30881500.0,2026-10-01
NOVT,141.78,143.85,140.615,142.19,440818.0,0.6868715479393845,62679911.42,5377308538.000001,Electronic Technology,5.10888769779906,90.88526685842122,3.326443695045192,5.645513960848991,61764000.0002957,1029699000.00491,7.6100451469023795,11.6460247120761,0.176680742710296,0.0,37817800.0,2026-10-01
IDT,75.19,80.63,73.415,79.97,783527.0,5.836421386977232,62658654.19,2122112623.0,Communications,25.3887824913437,23.09202737431781,5.624097609072822,1.4495392770193225,86633000.0,1297960000.0,5.397184233134713,9.42324879040957,0.00415827414396268,0.344097406034939,23294200.0,2026-10-01
PJT,145.54,145.54,140.89,142.71,437820.0,-1.4705882352941144,62481292.2,3648373676.0,Finance,83.2257903056947,29.6207891404969,11.700984142054917,2.188575427862729,199533000.0,1886750000.0,22.913868110992837,21.0196369418312,1.34381639369478,0.690417011875173,25564800.0,2026-10-01
ADEA,25.01,26.41,24.74,25.6,2439703.0,3.559870550161823,62456396.800000004,2823171917.0,Technology Services,27.8781006314034,23.65988909426987,5.915300293916484,6.005731008558629,122678000.0,470870000.0,24.34706370123114,46.8112217809587,0.8283167814714151,0.809061488673139,110280000.0,2026-10-01
ATRC,58.01,58.6,56.15,56.2,1111186.0,-3.1869078380706193,62448653.2,2858685810.0,Health Technology,2.15144088634797,259.58429561200927,5.535086241962061,4.980122607623986,10552000.0,569622000.0,13.936705164157729,2.43845918872515,0.143718546258663,0.0,50866300.0,2026-10-01
SBLK,29.69,30.08,29.245,29.36,2125160.0,0.5479452054794526,62394697.6,3287887974.0000005,Transportation,11.6807591106167,11.485799233236836,1.3293200184003968,2.7084615641462872,287154000.001979,1203005000.00893,6.342889421043865,27.8357114060106,0.412243485730648,6.43835616438356,111985000.0,2026-10-01
ASO,48.39,48.605,47.5,48.09,1293267.0,0.41762372102736023,62193210.03,2961328914.0,Retail Trade,18.6125438248178,8.01526717557252,1.3693138168860968,0.491557701703396,395850000.0,6191455000.0,3.6834649669923643,9.55439391871539,0.903807920647548,1.16934641887659,61578900.0,2026-10-01
EPRT,26.06,26.08,25.77,25.81,2409289.0,-1.7510468214693602,62183749.089999996,5627848600.0,Finance,6.5006137796164,20.059065827310175,1.266210909233626,9.177601668317902,267769999.99999997,623772000.0,22.728158109610334,64.8087762836421,0.6647787604195711,4.7202131709174,216273000.0,2026-10-01
SRRK,48.42,49.605,48.11,48.32,1285235.0,1.1937172774869116,62102555.2,5884664611.000001,Health Technology,-167.772651962626,,23.152518171756036,,-408591000.0,0.0,,,0.803175141064843,0.0,121785000.0,2026-10-01
PI,177.68,183.37,176.29,179.29,343560.0,1.6095211107962617,61596872.4,5478100473.0,Electronic Technology,-12.8746049728698,,23.651286976160073,14.7253408249781,-26990000.0,371525000.0,3.5067337534616008,-1.80499293452661,1.15142538840863,0.0,30554400.0,2026-10-01
KMT,31.05,31.55,30.74,30.74,2002781.0,-0.870686875201558,61565487.94,2348229502.0,Producer Manufacturing,23.9951111193651,6.983665402003771,1.4923699310276526,1.025408554681168,342389000.0,2356698000.0,19.821175628391853,20.4437310168719,0.48648528134005703,2.57981296356014,76390000.0,2026-10-01
MSGE,81.74,83.58,80.1,80.11,768234.0,-1.8860992039191746,61543225.74,3789642061.9999995,Consumer Services,407.536713771128,58.14341704166062,82.77878812928826,3.654831662242263,66186000.00000001,1060784000.0000001,12.522090006300834,15.9602708939803,25.6736419038466,0.0,40438480.0,2026-10-01
CWST,80.29,81.0,78.71,80.35,765243.0,0.18703241895260783,61487275.05,5113461677.000001,Industrial Services,0.363983849173873,897.7653631284916,3.236275934512436,2.6119069364995395,5704000.0,1955482000.0,13.588584227683457,4.81707323309547,0.91454560183896,0.0,62651800.0,2026-10-01
G,32.31,32.69,32.08,32.53,1876749.0,0.8995037220843647,61050644.97,5466159106.0,Commercial Services,22.4468583474849,9.689910935033213,2.0984267282669626,1.0433149969514344,582654000.0,5266413000.0,6.890963124494866,16.0680523916373,0.543081092307769,2.21774193548387,168034000.0,2026-10-01
LOPE,147.59,154.46,146.91,151.59,401078.0,2.7102107188833933,60799414.02,3951198829.0,Commercial Services,30.9786975339986,18.312615518428586,5.939893404010712,3.3885584458341307,224206000.0,1142066000.0,6.967770094401563,27.7673969805598,0.155654367603722,0.0,26065000.0,2026-10-01
HRI,128.0,130.66,124.58,124.8,487033.0,-1.917635963533478,60781718.4,4172244571.9999995,Finance,2.57826887661142,85.00783325386554,2.2054601750972798,0.8777883031301483,49000000.0,4856000000.0,28.499603069595132,13.1177924217463,5.0571428571428605,2.20056585979252,33431399.999999996,2026-10-01
WT,24.73,24.77,24.2723,24.29,2474078.0,0.08240626287597681,60095354.62,3680229424.0,Finance,18.5636224052024,46.62188099808061,8.804265483582165,6.220998753444427,80158000.0,609680000.0,37.13987511471811,39.7485566198662,2.5767210811534103,0.494437577255871,151512000.0,2026-10-01
INDV,36.54,36.6,35.79,35.85,1673587.0,-2.0224104946706802,59998093.95,4231444749.0,Health Technology,,12.733536975207787,,3.4062762762501375,355000000.002394,1332000000.01023,13.554987212514272,39.9399399399308,,0.0,124770000.0,2026-10-01
STEP,43.75,43.78,42.915,43.4,1378486.0,0.5793742757821553,59826292.4,5237367702.0,Finance,,,,1.7241982019303794,-613200000.0,2052034000.0,51.08593053990973,-53.389417524271,,3.3603707995365,82288900.0,2026-10-01
DAVE,324.99,324.99,319.21,321.51,185990.0,-1.5102315892660234,59797644.9,4101022978.0,Finance,104.778757730067,20.854657611551108,19.72654883871609,6.9379431982400455,222636000.0,643654000.0,48.6265436374888,33.5354087755223,1.2913896772331501,0.0,11441400.0,2026-10-01
DNA,11.9,13.415,11.865,12.83,4652868.0,7.274247491638788,59696296.44,863975750.9999999,Health Services,-57.0800862532858,,1.8533258025420754,6.6389109693106665,-315310000.0,111863000.0,-51.53564543032299,-257.991471710932,0.961523636398245,0.0,55383800.0,2026-10-01
AMBA,69.03,70.71,67.8659,69.51,857527.0,1.1348756001745979,59606701.77,3068239068.0,Electronic Technology,-9.41215003559385,,4.946250178786557,7.239100046385715,-56324000.0,417801000.0,20.040166527319272,-14.6064753315574,0.0203799353877701,0.0,44141000.0,2026-10-01
IBP,196.0,196.1286,191.19,191.88,307582.0,-1.0621841806744365,59018834.16,5100012777.0,Industrial Services,38.4509202453988,20.653133274492497,7.974996051570644,1.7477774652226687,250700000.0,2964000000.0,0.2740282147569268,12.5067476383266,1.87208756841282,0.783747550788904,26579200.0,2026-10-01
GEF,80.83,81.215,79.54,79.59,740419.0,-1.081282624906774,58929948.21,4172217117.0,Process Industries,8.65295748613678,20.57173873710874,1.5076339239795626,1.1765982159435764,224700000.0,3934500000.0,-24.384525205158265,6.8242470453679,0.41128225645129,2.85856326124783,24808600.0,2026-10-01
GTX,26.61,26.61,25.91,26.03,2262009.0,-0.8003048780487703,58880094.27,4854423544.0,Producer Manufacturing,,14.241943426164031,,1.3322341365157164,357000000.0,3754000000.0,8.46576134065299,14.8108684070325,,1.14329268292683,186493000.0,2026-10-01
CPA,133.52,133.52,130.57,131.85,445616.0,-0.9019165727170365,58754469.599999994,5424118464.999999,Transportation,23.0665988845398,8.660326051259146,1.8733323292972979,1.3647671494565676,626615000.0,3987794000.0,14.804731189606008,19.3637635243947,0.892737742070333,5.06576475009395,30200400.0,2026-10-01
AI,10.45,11.06,10.42,10.99,5330564.0,6.2862669245648,58582898.36,1728505641.0,Technology Services,-59.7719786840907,,2.527366387636832,6.896789166114403,-446413000.0,232382000.0,-37.549179799195926,-198.131094490967,0.00832498676060878,0.0,157280000.0,2026-10-01
MNKD,3.37,4.03,3.3,3.9,15020194.0,16.766467065868266,58578756.6,1254023441.0,Health Technology,,,,2.623524477301022,-43614000.0,393630000.0,30.45509982236127,3.37423468739679,,0.0,321545000.0,2026-10-01
LAZ,36.03,36.665,35.57,36.23,1615460.0,1.2011173184357535,58528115.8,3530634076.0,Finance,26.4542474581921,17.758933385618352,3.8615511860707037,1.1554706672936912,219029000.0,3325762000.0,5.74400171440908,12.0358582484255,2.35479735974319,5.58659217877095,97450600.0,2026-10-01
ABSI,10.355,10.99,10.04,10.77,5432372.0,6.21301775147928,58506646.44,1848283005.9999998,Health Technology,-57.7238834433045,,7.506900493489837,1022.910416194747,-121077000.0,1561000.0,-62.276462058965684,-8411.27482383088,0.0155567563614498,0.0,171614000.0,2026-10-01
APPS,11.69,11.94,10.89,11.1,5264509.0,-4.68012022327179,58436049.9,1343280428.0,Technology Services,-20.3898671861785,,7.046947909722883,2.3408407684055503,-34957000.0,600308000.0,19.240509849178554,10.327865029285,1.86833655137676,0.0,121016000.0,2026-10-01
GXO,45.01,45.13,44.03,44.45,1313717.0,-0.6925826630920358,58394720.650000006,5097729577.0,Transportation,4.42044879365615,39.194074596596415,1.7079101020673204,0.37970366395425503,131000000.0,13641000000.0,7.553417961050226,3.27688585880801,2.04854368932039,0.0,114685000.0,2026-10-01
STUB,5.34,5.73,5.2807,5.58,10453419.0,5.084745762711874,58330078.02,2132061979.9999998,Technology Services,-102.253840659393,,1.3061369711666753,1.0420900015750878,-1767270000.0,1936399000.0,7.871612437440671,-64.5398494835001,0.671980668423616,0.0,357339970.0,2026-10-01
HCC,89.11,90.93,87.96,88.07,661662.0,0.045439054867649716,58272572.339999996,4650279687.0,Energy Minerals,10.036828704424,21.18085618085618,2.030490792241851,2.769940533189706,219330000.0,1680265000.0,37.474677558180254,13.60963895576,0.11759617748346299,0.36351243894127,52802100.0,2026-10-01
POWI,51.28,52.2764,50.79,51.8,1124844.0,1.4095536413469045,58266919.199999996,2894236827.0,Electronic Technology,3.62157195322455,115.93554162936437,4.2460547757460105,6.444648463404322,25067000.0,449370000.0,1.559886816673748,7.92554020072546,0.0,1.67384494909945,55873300.0,2026-10-01
CXW,32.65,33.25,32.14,32.25,1805016.0,-1.285583103764927,58211766.0,3189315170.0,Commercial Services,8.77233232133371,25.695163731973548,2.2171363672925293,1.307780611875188,127901000.0,2484036000.0,24.34834452402156,9.94240824207057,0.9364209507694601,0.0,98893500.0,2026-10-01
VERA,32.57,33.6,32.2,32.29,1800119.0,-0.2625482625482652,58125842.51,2326925290.0,Health Technology,-91.7531833773765,,5.698121331691013,,-401895000.0,0.0,,,0.18449178189023901,0.0,72063300.0,2026-10-01
COLD,14.36,14.3629,13.865,13.98,4150433.0,-3.8514442916093445,58023053.34,3991018101.9999995,Finance,-16.5000468510827,,1.6526541767938037,1.595198605824057,-456074000.0,2614878000.0,-0.2082177310220758,6.41739308679028,1.91339760596992,6.3273727647868,285481000.0,2026-10-01
XRAY,9.08,9.115,8.825,8.86,6547676.0,-1.3363028953229508,58012409.36,1766275325.0,Health Technology,-32.9809725158562,,1.3063742511570846,0.4942327751852862,-546000000.0,3643000000.0,-0.7627349496050122,5.07823222618721,1.71132494448557,3.56347438752784,199354000.0,2026-10-01
TREX,44.31,44.52,43.4634,43.56,1329117.0,-1.1348161597821154,57896336.52,4437247755.0,Non-Energy Minerals,17.7409722618187,25.738596076577643,4.392949094836672,3.734673031447259,177351000.0,1207895000.0,6.974966744543183,20.1669847130752,0.300343932472809,0.0,101865000.0,2026-10-01
BBT,27.79,28.23,27.755,27.99,2057247.0,0.9012256669069937,57582343.529999994,2346012223.0,Finance,6.04815333535171,20.275262586019558,0.9297474335615904,2.906951511103563,113769000.0,1199438000.0,72.75400977093608,28.66352727327205,0.385671920106969,4.65032444124009,83816100.0,2026-10-01
OLN,15.52,15.6,15.375,15.5,3707945.0,0.4536616979909286,57473147.5,1766728603.0,Process Industries,-7.58872594450199,,1.0324880697668841,0.26218477741973967,-139200000.0,6703200000.0,0.5988023952095809,0.617615467239527,1.99105995091738,5.18470511989631,113982000.0,2026-10-01
VRNS,47.24,48.09,46.91,47.45,1211175.0,0.7217151347909221,57470253.75,5450129923.999999,Technology Services,-35.9749208643345,,12.260760141289435,7.844226790547052,-141380000.0,689563000.0,15.860227700414,-24.0147745746219,1.18871163325407,0.0,114860000.0,2026-10-01
POST,73.53,73.76,72.65,72.85,788704.0,-0.7898679014027135,57457086.4,3202253263.0,Consumer Non-Durables,8.28644935116338,13.37850990762676,1.0403681403715819,0.4477811589896001,293100000.0,8412500000.0,6.202343079331414,10.2930163447251,2.4797270955165702,0.0,43956800.0,2026-10-01
LUMN,5.57,5.65,5.52,5.6,10258976.0,1.0830324909747222,57450265.599999994,5776094334.999999,Communications,,,,0.47014335361731086,-1024000000.0,11832000000.0,-7.735495945102933,-3.10175794455713,,0.0,1031450000.0,2026-10-01
PSN,41.69,41.9375,40.765,40.97,1398528.0,-1.3959085439229804,57297692.16,4375816934.0,Technology Services,6.11634471731727,28.33725273205146,1.6627927694286397,0.7064009420581778,157413000.0,6292605000.0,-5.843247371435719,5.39886104403502,0.625282024641458,0.0,106805000.0,2026-10-01
FUL,49.83,49.98,48.74,49.47,1156741.0,-0.26209677419355354,57223977.269999996,2662926475.0,Process Industries,9.58702365197326,13.778409090909092,1.228024273524472,0.7662571277276415,197764000.0,3554078000.0,1.4846298704914358,11.3094310254305,0.947661849515018,1.93548387096774,53829100.0,2026-10-01
AMR,168.43,175.61,167.94,168.22,339975.0,1.3373493975903608,57190594.5,2132868919.0,Energy Minerals,-2.96029370328758,,1.423756935863821,1.0219776290946694,-46070000.0,2065092999.9999998,-12.919469950136527,-2.16832849658587,0.007606655640207391,0.0,12679000.0,2026-10-01
UTZ,14.25,14.27,14.25,14.25,3994901.0,0.0,56927339.25,2051461529.0000005,Consumer Non-Durables,-4.06418611169505,,1.8132147087977177,0.8679922519097107,-29000000.0,1453100000.0,1.946747189466181,3.86071158213475,1.48081620922546,1.75438596491228,88613200.0,2026-10-01
IIPR,52.77,53.31,52.52,52.68,1076551.0,-3.357182168409463,56712706.68,1452458732.0,Finance,7.19141587430885,11.93853963649549,0.8431761234545572,6.200867953256744,134192000.0,263653000.00000003,-8.416613693757522,46.907867538014,0.328922731109706,13.9423958906623,27571300.0,2026-10-01
WU,5.99,6.0483,5.87,5.9,9610895.0,-1.1725293132328207,56704280.5,1840085936.9999998,Finance,43.9748651504198,4.758064516129033,2.011173946093721,0.4647252147147879,395400000.0,4028600000.0,-1.6503100434549094,16.7651293253239,2.94872635836886,15.7453936348409,311879000.0,2026-10-01
MAN,55.51,57.1,55.22,55.58,1017077.0,-1.7326732673267398,56529139.66,2584779636.0,Commercial Services,5.08205916063111,25.05974119662744,1.2271658937081804,0.14322735747752172,104200000.0,18718100000.0,6.719689842925967,1.83832760803714,0.6741679722736551,2.54596888260255,46505600.0,2026-10-01
SWX,83.06,83.06,81.5,81.54,692912.0,-0.8511673151750835,56500044.480000004,5907235017.0,Utilities,6.59032683170796,11.381274077382615,1.431917536722521,3.43265229456397,519335000.00000006,1740919000.0,-63.4735558060236,28.6829542327931,0.850815094211558,3.07636186770428,72445900.0,2026-10-01
SLG,48.66,50.2,48.2269,48.92,1154688.0,-0.20399836801305876,56487336.96,3737336547.0000005,Finance,-4.42569714863409,,1.1695506577766155,3.290198797017329,-168366000.0,1052883000.0,7.5988783128910224,11.1519513564185,1.74746039323353,5.14585883312934,70849900.0,2026-10-01
UMAC,24.94,25.7799,24.4712,24.48,2301424.0,-1.844426623897357,56338859.52,1222935215.0,Electronic Technology,-2.94215750942946,,3.1515647750840996,38.06321088863984,-6463158.0,31851251.0,313.56935941466327,-93.5187883201197,0.00813320277762487,0.0,49956505.0,2026-10-01
TNK,98.16,100.29,96.945,97.06,579594.0,0.2582377853527528,56255393.64,3366051614.9999995,Transportation,28.0356296347863,5.720145449402113,1.416757056817855,2.9317648267230085,592004000.0,1152894000.0,19.33065185574672,38.754386786643,0.011701323927715399,1.03295114141101,,2026-10-01
CACC,535.1,539.725,525.69,531.0,105818.0,-1.135728914541058,56189358.0,5512087953.0,Finance,31.9315434533656,11.67661707952634,3.467607679177199,2.474817182126455,501900000.0,2329700000.0,2.58024745717934,48.5556080181998,3.9563219837623502,0.0,10380600.0,2026-10-01
BIRK,32.95,33.22,32.1,32.41,1729375.0,-1.906779661016957,56049043.74999999,5765344134.0,Consumer Non-Durables,12.4492651908338,15.149107226325135,1.7996917035378572,2.268729282306473,391750780.02234197,2642883867.706,19.54578702013978,24.4594353623425,0.6868916827742539,0.0,177887820.0,2026-10-01
AESI,11.75,12.3118,11.26,12.01,4656730.0,3.090128755364802,55927327.3,1501291537.0,Industrial Services,-9.92520759474453,,1.3488577387483813,1.3631038093133196,-118325000.0,1067804000.0000001,-8.109452436622169,-9.39067469310847,0.9427323066196711,2.14592274678112,125003450.0,2026-10-01
XE,14.47,14.86,14.17,14.18,3916770.0,-0.7697690692792123,55539798.6,5762271190.999999,Producer Manufacturing,,,3.1746244965488835,,,,,,0.0147748831945002,0.0,287458740.0,2026-10-01
MRX,72.0,72.08,69.4915,69.76,795594.0,-3.2857340912241657,55500637.440000005,5017897648.999999,Technology Services,26.2038900067727,13.002311190635952,2.6604619730513814,1.2438810377349012,426000000.002817,4395700000.03111,,32.1859999544924,6.12059012187299,0.859559129349785,71930870.0,2026-10-01
MRCY,83.91,84.67,81.59,83.0,667451.0,0.43562439496611743,55398433.0,5051677673.0,Electronic Technology,-1.99756371681624,,3.3035049391378966,5.146737018895463,-29673000.0,983622000.0,7.850924321835047,2.12937490214737,0.33451021664714503,0.0,60863600.0,2026-10-01
GPK,9.2,9.22,9.02,9.05,6106589.0,-1.7372421281216084,55264630.45,2679447708.0,Process Industries,6.01177564301209,13.87611162220178,0.8279652821806319,0.31638381382424474,194000000.0,8637000000.0,0.023161551823972205,6.93527845316661,1.75123609394314,4.77741585233442,296072000.0,2026-10-01
JBLU,4.29,4.3,4.185,4.23,13055267.0,-1.1682242990654164,55223779.410000004,1596030590.9999998,Transportation,-44.3554443053817,,1.004858001449086,0.16929937914342835,-886000000.0,9503000000.0,3.9943094769096086,-5.88235294117647,5.91430371770636,0.0,377312000.0,2026-10-01
NAMS,24.0,25.12,23.96,24.32,2270418.0,2.1419571608567898,55216565.76,2907143948.0,Health Technology,-36.8111926997225,,4.531496884595891,412.5045954107572,-259504000.00000003,7121000.0,-88.87448051745149,-3432.20053363292,0.00012986560493616,0.0,119537000.0,2026-10-01
OPLN,34.73,34.74,34.12,34.13,1615657.0,-1.3868824039294911,55142373.410000004,4191077265.0,Technology Services,10.1130775428556,,2.670330383947035,1.9546511179645365,182000000.0,2075199999.9999998,12.464773466290904,16.9622205088666,1.5736379837067198,0.0,122797000.0,2026-10-01
PVH,76.18,76.6,74.02,74.05,743917.0,-2.2313176656984393,55087053.85,3416506648.0,Consumer Non-Durables,-3.49947197316381,,0.7128932790578141,0.391370733621028,-169000000.0,8921500000.0,1.6405582455140986,8.5512525920529,0.868676961602671,0.198045946659625,46137800.0,2026-10-01
GFF,94.59,94.59,92.78,93.04,591008.0,-1.346622839571621,54987384.32,4214220407.0,Producer Manufacturing,229.229860765788,20.65123299225357,32.760217321648014,1.9227400677353788,205576000.0,2214500000.0,-12.032849543798266,19.6878302099797,10.351760661525601,0.933092991199236,45294700.0,2026-10-01
CVI,51.0,53.33,50.9501,50.99,1078174.0,0.8305319359303969,54976092.260000005,5126055539.000001,Energy Minerals,13.9253279515641,74.26449169822314,9.763915830028589,0.5998919971671386,69000000.0,8472000000.0,17.879504661193824,6.79886685552408,3.4266666666666703,0.395491398062092,100531000.0,2026-10-01
SBET,9.73,9.84,9.26,9.28,5920345.0,-1.902748414376337,54940801.599999994,2015834971.0,Commercial Services,-183.577843699579,,1.4275627289215287,39.53146822577594,-1710024372.00232,50201978.0000481,1496.6773245449936,-18.644703601145,0.00014320959646088,0.0,217224000.0,2026-10-01
KFY,71.87,72.25,71.32,71.59,765865.0,-0.5418171714365109,54828275.35,3905868097.0,Commercial Services,14.2109237805466,13.49074737119813,1.8231445385119232,1.2370493419731439,276152000.0,2987720000.0,6.938480987648665,13.3828136505429,0.29738460990770604,2.86190608502362,54558900.0,2026-10-01
ACIW,48.2,49.365,47.81,48.88,1121380.0,0.596830623585098,54813054.400000006,4934692531.0,Technology Services,15.6173773684003,22.36559139784946,3.3057202892640514,2.7143303641331267,225690000.0,1820131000.0,7.027936397052121,19.0194551930603,0.576981768425329,0.0,100955000.0,2026-10-01
LGN,53.78,54.895,53.01,53.68,1019881.0,-0.03724394785847882,54747212.08,5801491620.0,Industrial Services,,,6.8730106296077205,1.0900374512636994,-45044000.0,3745668000.0,69.19157562666508,3.03863022563666,1.99107688566989,0.0,76904340.0,2026-10-01
MMSI,87.87,88.23,86.23,86.23,634201.0,-1.8663935359053152,54687152.230000004,5148829934.0,Health Technology,9.18976012768273,35.54264045175385,3.0651153052798685,3.3364786022133393,145559000.0,1580327000.0,10.513459572331477,12.6909810437966,0.488224221397258,0.0,59710400.0,2026-10-01
PDFS,50.53,51.62,50.13,51.05,1069619.0,2.5718304199316737,54604049.949999996,2155699283.9999995,Technology Services,3.2723030404038,202.25832012678285,5.740837993664274,8.621019085567855,10308000.0,241177000.0,23.04948979591837,8.15251868959312,0.192096538208567,0.0,42227200.0,2026-10-01
VCYT,45.93,46.78,45.6,46.04,1184280.0,-0.0868055555555537,54524251.199999996,3701189366.0000005,Health Technology,8.77445908348854,32.66638285795374,2.664899328276353,6.729487608756002,114483000.0,561900000.0,17.275305815344094,17.2233493504182,0.028887145879114402,0.0,80390700.0,2026-10-01
BILL,42.11,43.34,41.69,42.54,1280037.0,1.47900763358778,54452773.98,3627674264.0000005,Technology Services,-0.301962135989884,,1.1092611835509134,2.482396040071116,-11240000.0,1653161000.0,13.03123953041564,1.05543259246982,0.537441206910323,0.0,85276800.0,2026-10-01
AMAL,46.91,48.06,46.695,47.57,1141532.0,1.5368196371398053,54302677.24,1422349959.0,Finance,14.2755999614847,12.683642181042527,1.7034274449841635,3.917500103868039,113418000.0,484440000.0,9.562645027343168,41.28907169664991,0.0944295341398071,1.38740661686233,29900100.0,2026-10-01
QS,4.66,4.8,4.56,4.645,11677589.0,1.1982570806100157,54242400.904999994,2875782290.0,Producer Manufacturing,-39.0750918578442,,2.7441203750199383,,-404968000.0,0.0,,,0.0640456042718699,0.0,587219000.0,2026-10-01
PD,14.96,15.56,14.93,15.1,3590076.0,1.0033444816053536,54210147.6,1187613094.9999998,Technology Services,89.9246371192478,7.5605848187462446,5.06786236894038,2.3915080457539726,185546000.0,494733000.0,2.300416866553076,7.31000357768736,1.77968279150374,0.0,78649900.0,2026-10-01
PAGP,26.13,26.22,25.65,25.9,2088098.0,-0.8802143130501356,54081738.199999996,5125716865.999999,Industrial Services,-0.27266530334015,9.469835466179159,3.2441261276156546,0.0991536825159547,554000000.0,52179000000.0,8.999185310522027,2.82872419939056,5.46518987341772,7.70187523918867,197904000.0,2026-10-01
CRC,51.44,52.055,50.77,50.8,1062438.0,-0.5676257584654654,53971850.4,4512050491.0,Energy Minerals,-3.55411954765751,,1.326293534345128,1.221509236947791,-121000000.0,3735000000.0,2.328767123287671,21.5796519410977,0.395943562610229,3.13662164807203,88819900.0,2026-10-01
SGMT,10.61,10.93,9.46,9.88,5453770.0,5.894962486602365,53883247.6,608520666.0,Health Technology,-24.3733740600287,,2.382991039664259,,-47079000.0,0.0,,,0.00757353945853097,0.0,61591160.0,2026-10-01
CYPH,3.5,3.69,3.31,3.33,16172957.0,3.0959752321981453,53855946.81,358855382.0,Finance,-1.20935491877877,5.887553041018387,2.5757845313696524,,-876999.999999991,0.0,,,0.000272755331290061,0.0,107764000.0,2026-10-01
OZK,46.2,46.65,45.75,45.96,1171487.0,-0.5194805194805238,53841542.52,5017263667.0,Finance,11.329693173196,7.59343092224829,0.8438166288791283,2.914946698836203,691278000.0,2770161000.0,-0.4015704716808146,51.54008299280212,0.106438955423866,4.02597402597403,109166000.0,2026-10-01
RHI,36.88,37.46,36.465,36.75,1462088.0,-0.35249457700651454,53731734.0,3761797313.9999995,Commercial Services,9.11105316487648,31.98433420365535,3.1149505761175256,0.6988555862016846,114780000.0,5293400000.0,-4.949267609811842,0.201212831072657,0.199401486677945,6.39913232104121,102362000.0,2026-10-01
APLE,16.26,16.36,16.145,16.16,3322932.0,-0.6760909649661919,53698581.12,3815096438.9999995,Finance,5.52937544787701,21.80248246087426,1.2146713660016792,2.6670522237832928,175271000.0,1440608000.0,1.1697733981014795,17.814214553855,0.513571502709779,5.90043023970498,236083000.0,2026-10-01
ERO,37.62,38.7,36.508,36.69,1462665.0,-1.2116316639741596,53665178.849999994,3826863596.179992,Non-Energy Minerals,30.2298214478011,12.733697535361433,3.157261724684602,3.875158435399453,302743868.2156028,1017194100.0679955,85.25830266258644,35.8803566588874,0.472465244215472,0.0,104303000.0,2026-10-01
BH.A,1738.45,1738.45,1674.5,1736.0,30895.0,2.459379223645929,53633720.0,1098596475.0,Consumer Services,-5.25102508750532,,10.021071959147276,13.112372801100546,-29749000.0,405612000.0,7.539185950325578,5.17415658313856,0.659168646604927,0.0,214482.0,2026-10-01
HUBG,30.49,30.97,29.53,29.58,1812955.0,-2.2148760330578567,53627208.9,1808920781.0,Transportation,,,,,,,,,,1.65289256198347,60578600.0,2026-10-01
OII,44.2,44.545,43.27,43.63,1228760.0,-1.3342379014020722,53610798.800000004,4342478641.0,Producer Manufacturing,34.8979198162512,12.562987704800024,3.7301246680676368,1.5508412668845115,350064000.0,2872085000.0,3.8373864990084763,10.3728127823515,0.706227515899931,0.0,99529700.0,2026-10-01
HAE,105.42,105.78,103.54,105.3,508903.0,-0.4725897920604915,53587485.9,4790839634.0,Health Technology,11.2000632778508,51.36084284460053,5.719894640953033,3.5765064389173773,96287000.0,1352013000.0,0.4432983716752622,18.3683884696375,1.40264794809706,0.0,45497000.0,2026-10-01
KRC,33.46,33.7,33.15,33.27,1608367.0,-1.684397163120568,53510370.09,3907313521.0,Finance,3.18522268142883,23.42297944241059,0.7404217533107001,3.6198475345203356,168700000.0,1094355000.0,-3.755145978243758,24.6816618007868,0.89248731059653,6.38297872340426,116309000.0,2026-10-01
CSTM,24.71,24.9,24.01,24.19,2207703.0,-1.6266775111834022,53404335.57,3278416115.0,Non-Energy Minerals,53.8005923000067,6.223148362532479,2.631152453476243,0.3598977429247412,545000000.003333,9576000000.06301,25.941747231308838,8.42731829573804,1.5433386837881202,0.0,135528000.0,2026-10-01
LRN,76.0,78.34,75.8978,77.98,684028.0,3.1617938880804344,53340503.440000005,3240836850.0,Consumer Services,21.7350675525427,10.82108710433926,1.981459958398997,1.3925191419818728,338192000.0,2518082000.0,4.688111925325467,18.1156531042277,0.33447913992828704,0.0,41559800.0,2026-10-01
SRZN,32.155,33.38,30.975,32.18,1656672.0,0.6253908692933061,53311704.96,378229474.0,Health Technology,,,,64.3044983059682,-350269000.0,11511000.0,-8.79486570002377,-385.283641733994,,0.0,11753600.0,2026-10-01
ORC,5.7,5.72,5.41,5.43,9798506.0,-5.892547660311957,53205887.58,1071921702.9999999,Finance,20.7990079967092,3.6450292005101694,0.7520140265157653,2.0464289378470606,244723000.0,566538000.0,89.39461306250439,110.307340372579,8.03669502615077,23.9168110918544,197407000.0,2026-10-01
MCY,99.62,99.835,98.255,98.85,538142.0,-1.0213277260438671,53195336.699999996,5475165982.000001,Finance,38.9915185072506,5.844132809913446,1.9305905341495784,0.8721942743294607,936873000.0,6342279000.0,9.950250653700204,18.7810564625113,0.33925229855167,1.27165314909382,55388600.0,2026-10-01
DAN,27.1,28.38,27.1,27.31,1939256.0,-0.21921812203142954,52961081.36,2937919156.0,Producer Manufacturing,-2.8809218950064,,1.530158865340417,0.3911530931871576,-71000000.0,7662000000.0,-15.783688722796219,4.0198381623597,0.7828125,1.68067226890756,107577000.0,2026-10-01
ROAD,92.61,92.755,89.47,90.03,586275.0,-2.0348204570185033,52782338.25,5109702471.0,Industrial Services,15.0480659576445,35.41978125737666,4.885333310180953,1.4868629729103393,142510000.0,3477932000.0,41.91759804461637,8.78852720524726,1.8175445069643001,0.0,48206400.0,2026-10-01
NUAI,6.855,7.01,6.63,6.72,7830536.0,-0.5917159763313614,52621201.919999994,716078701.0,Industrial Services,-77.9011692822402,,5.163749250795309,736.6280566313135,-53926143.0,900915.0,25.342777362711665,-3824.7550545834,0.109484667265534,0.0,106559340.0,2026-10-01
CARG,31.2,31.835,30.945,31.16,1688404.0,0.0,52610668.64,2775529650.0,Technology Services,51.40540671846,16.915476901362574,10.530015274604956,2.912753306771117,175936000.0,974316000.0,6.009115567949498,25.7126024821516,0.7003510417769979,0.0,75309900.0,2026-10-01
TGB,8.95,9.195,8.805,8.91,5901666.0,0.3378378378378306,52583844.06,3261267829.274525,Non-Energy Minerals,2.2145109786359,424.7063758389262,5.407775660362847,4.8451619040753515,11038720.0,686707648.0,61.29030013873984,28.3276111117376,1.18483730056764,0.0,366023000.0,2026-10-01
BXMT,12.0,12.06,11.44,11.45,4577533.0,-6.986190089358255,52412752.849999994,1929824123.0,Finance,0.448889204211731,132.67670915411355,0.5916912085021633,1.36808063152155,15438000.0,1520344000.0,-3.929469854896814,61.1418863099404,4.84831398664435,15.272136474411,168544000.0,2026-10-01
BKV,21.73,22.08,21.34,21.34,2455608.0,-1.3863216266173786,52402674.72,2335403268.0,Energy Minerals,13.8632765611743,7.676535127162848,1.014491926850093,1.703497601945982,269449000.0,1394464000.0,84.2815477142287,-0.858681185028799,0.5440944528826089,0.0,109437830.0,2026-10-01
STNE,9.435,9.505,9.24,9.34,5608889.0,0.6465517241379364,52387023.26,2271751677.0,Commercial Services,34.180599463206,3.7760258742672326,1.2392839751559388,3.9760623203568075,635030567.1750461,572727413.416309,-29.502853431479608,-130.086433436487,1.8081039098368399,0.0,229177000.0,2026-10-01
POET,7.76,7.8,7.45,7.48,6950837.0,-2.47718383311603,51992260.760000005,1294474518.0,Producer Manufacturing,-16.886127027807,,1.5271882382005313,727.0247946310883,-75723542.00039859,1712950.00000918,266.0571946344769,-3624.60994191327,0.00920093305708607,0.0,90720300.0,2026-10-01
SYNA,101.42,102.1,99.68,101.395,512757.0,0.6002579620994044,51990996.015,4024612116.0,Electronic Technology,-42.230252968508,,4.26117320842241,3.266498496491813,-490800000.0,1197200000.0,11.440007446709485,-2.93184096224524,0.9433028509951591,0.0,39692400.0,2026-10-01
PUMP,8.94,8.94,8.63,8.84,5876435.0,-0.45045045045046084,51947685.4,1085763414.9999998,Industrial Services,-1.50207870447817,,1.1340457466870213,0.9393263781078484,-13379000.0,1160087000.0,-15.135600944850324,-0.863900724687028,0.8960398986865811,0.0,122824000.0,2026-10-01
SGHC,11.63,11.9,11.3,11.35,4557444.0,-2.1551724137931036,51726989.4,5766897162.0,Consumer Services,49.4321977287909,15.601374570446733,6.9009545813826225,2.437178986589879,370000000.0,2431000000.0,17.331829718539232,21.2669683257919,0.128605769230769,1.55172413793103,508097000.0,2026-10-01
CURB,28.03,28.12,27.715,27.83,1855541.0,-0.32234957020058524,51639706.029999994,3201508224.0,Finance,1.43893857096074,102.39146431199411,1.4056286766432797,13.478035978685877,28868000.0,225578000.0,55.338562289539105,17.1696708012306,0.323447161798119,2.36389684813754,115038025.0,2026-10-01
MLYS,24.48,25.8899,24.44,25.13,2051880.0,2.6552287581699288,51563744.4,2221664902.0,Health Technology,-80.8765622324944,,4.030124095106438,,-349576000.0,0.0,,,0.177190030440157,0.0,88406880.0,2026-10-01
AGIO,33.67,34.0601,33.2,33.25,1548455.0,-0.15015015015014163,51486128.75,1985087557.0,Health Technology,-34.3371281061423,,1.9315987479754524,20.144597249283066,-411286000.0,98338000.0,140.5822629969419,-466.781915434522,0.0303804697954525,0.0,59701900.0,2026-10-01
FMC,9.09,9.29,8.845,8.92,5768229.0,-1.8701870187018694,51452602.68,1387470379.0,Process Industries,-89.2671285093971,,0.6824434535923151,0.3506158833661421,-2759500000.0,3251200000.0,-21.30893600542164,-1.88853346456693,2.68982160312806,9.02090209020902,155546000.0,2026-10-01
SLM,22.93,23.195,22.4,22.63,2271291.0,-1.1358671909130693,51399315.33,4253239556.9999995,Finance,30.3326256542732,6.335031633167236,1.9127731491616509,1.4148225599456172,735514000.0,3080167000.0,4.7599952792535785,42.4341926915002,2.3615748207134,2.27173438182613,187947000.0,2026-10-01
WAY,25.03,25.755,24.7,25.34,2024023.0,1.0769844435580358,51288742.82,4858905204.0,Technology Services,3.76529706055634,36.081446675210024,1.220034761842859,4.044366195065757,134786000.0,1205737000.0,19.22608753261881,25.3638231222895,0.37170849135601897,0.0,191748410.0,2026-10-01
ABG,175.05,176.25,170.35,172.3,296042.0,-0.9485484334578772,51008036.6,3093115466.0,Retail Trade,13.2334225085063,6.442470199368841,0.7883914732007528,0.17710498497830193,509500000.0,17974000000.0,4.121650977552498,5.0845665961945,1.4096910685155002,0.0,17951900.0,2026-10-01
NOG,22.96,23.37,22.8,22.88,2227309.0,0.6156552330694837,50960829.919999994,2437843906.0,Energy Minerals,-22.0501901844499,,1.2217731944669907,1.1401418744358434,-486025000.0,2155870000.0,-3.0204910805860146,29.6396350429293,1.36559361269522,7.9155672823219,106549000.0,2026-10-01
UAA,4.28,4.52,4.25,4.46,11385962.0,4.449648711943803,50781390.52,1893084845.0000002,Consumer Non-Durables,-29.8246352434259,,1.341220269867953,0.3723397126414374,-492486000.0,4953463000.0,-3.234513352994576,0.674558384709849,0.963561083273348,0.0,188840000.0,2026-10-01
KD,11.33,11.405,11.155,11.26,4508425.0,-0.26572187776793055,50764865.5,2452633746.0,Technology Services,7.55208333333333,31.391134652913294,2.3088247958761023,0.16640435625041758,87000000.0,14967000000.0,-0.6241285439213863,3.96873120865905,4.60747663551402,0.0,217818270.0,2026-10-01
MWH,24.34,24.81,23.87,24.02,2112773.0,-0.866694180767647,50748807.46,4861446913.0,Industrial Services,,,9.785907803874437,,,,,,0.168323667773123,0.0,123745400.0,2026-10-01
KBH,47.87,47.87,46.425,46.47,1090288.0,-2.0033741037536963,50665683.36,2825376039.0,Consumer Durables,5.88649447965906,13.05924010791367,0.7432248505473507,0.5652681287607909,226744000.0,5180925000.0,-20.801973788299282,5.07928603482969,0.554817836811645,2.10881484605652,60800000.0,2026-10-01
IMAX,56.26,56.517,54.62,54.8,917263.0,-2.71613704952956,50266012.4,3005347778.0,Consumer Durables,12.1017121075308,75.03765575790771,8.444618404953353,7.658422546479217,40922000.000176094,416082000.00206804,14.789157873225165,22.7678678721934,0.794171778279183,0.0,54842100.0,2026-10-01
RLAY,18.39,18.72,17.93,18.05,2782511.0,-1.6884531590413876,50224323.550000004,3955506292.0,Health Technology,-36.7735511520139,,4.431960203207217,359.8373136000002,-286037000.0,10350000.0,23.86309238870273,-2999.37198067633,0.0344468426723775,0.0,219142000.0,2026-10-01
MIDD,105.63,106.335,103.41,103.58,484701.0,-1.8757104964001552,50205329.58,4684130812.0,Producer Manufacturing,-9.85490120975381,,2.1195636048133206,1.3429824975385898,-376389000.0,3564013000.0,-7.215576687972641,17.098646946574,0.9051536819318411,0.0,45222300.0,2026-10-01
COCO,56.55,58.6,56.55,57.255,876830.0,1.2466843501326355,50202901.650000006,3286270065.0,Consumer Non-Durables,31.3695200782984,31.601170107075838,8.1971437775153,4.857312661079482,109455000.0,706018000.0,26.101889872633194,19.0983799279905,0.0350757288527927,0.0,57397083.0,2026-10-01
LKQ,23.26,23.2999,22.795,22.83,2196247.0,-1.2115967113803598,50140319.01,5776037706.0,Consumer Durables,7.157732356344,12.573663050063335,0.8973354678623802,0.43002023670368195,465000000.0,13688000000.0,-2.548768332621387,7.23991817650497,0.824104234527687,5.19255733448724,253002000.0,2026-10-01
FUN,10.9,11.31,10.45,10.71,4674912.0,-1.3812154696132466,50068307.52,1095807734.0,Consumer Services,-185.332209948728,,9.55115799987515,0.3612356117013282,-1750952000.0,3058388000.0,-3.4643017895031223,10.7602763285757,44.9524872087652,0.0,102316000.0,2026-10-01
PAGS,8.91,9.035,8.7318,8.9,5612641.0,1.1363636363636322,49952504.9,2469899185.0000005,Commercial Services,14.615143541416,6.261432390600817,0.8456322145967522,0.6564429095511706,407261451.61906195,3746334210.9696503,11.040040980827547,37.7317127357303,3.10723491453872,0.00454545454545455,157057000.0,2026-10-01
KLAR,12.37,12.54,12.31,12.39,4030646.0,0.24271844660195097,49939703.940000005,4677323061.0,Commercial Services,-5.98451558903536,,1.9245376216815708,1.1594650530824462,-143000000.0,4039000000.0,34.09694555112882,-1.23793018073781,0.691110200737403,0.0,377507900.0,2026-10-01
PEBO,35.83,37.01,35.4,36.59,1364680.0,-5.865706200154346,49933641.2,1315129420.0,Finance,9.80274915153389,11.080156254731552,1.060878293571901,2.977227086566361,117138000.0,616561000.0,-0.2857706589382981,33.06823100728116,0.60158375999049,4.27064574221765,35942300.0,2026-10-01
FHI,57.62,57.78,56.16,56.37,883964.0,-1.9993045897079373,49829050.68,4208600088.0,Finance,33.2300854108615,10.480812137438642,3.3712461470191055,2.1279155495909654,393244000.0,1944810000.0,15.245541428449528,27.9822193427636,0.360777207449569,2.50347705146036,74651300.0,2026-10-01
ZIM,29.13,29.7883,29.13,29.32,1699466.0,1.9826086956521751,49828343.12,3533636422.0,Transportation,3.56362327411099,25.511180718698338,0.9104498653267031,0.5387273995973523,138599999.999999,6439100000.00499,-24.909330503442376,5.6731530803951,1.36880346284654,6.92173913043478,120520000.0,2026-10-01
RCAT,6.505,6.7,6.41,6.46,7710565.0,0.15503875968991915,49810249.9,986534742.0000001,Technology Services,-34.4018163584331,,2.0934467985819003,12.341493159652243,-97484448.0,71541392.0,693.2650293022231,-150.148167371415,0.0315657664349764,0.0,152714000.0,2026-10-01
OGS,72.49,72.73,71.615,71.87,692640.0,-0.457063711911355,49780036.800000004,4517480286.0,Utilities,8.57612387334484,15.508944563129843,1.2756858919470797,1.972296004017565,288253000.0,2311847000.0,-0.7804613842213326,20.6491173507589,0.959026096375067,3.75346260387812,62856300.0,2026-10-01
SG,8.87,9.0,8.64,8.87,5611987.0,1.4874141876430091,49778324.69,1055896463.9999999,Consumer Services,3.06896586558374,88.69999999999999,2.257876476083564,1.5242282584449298,13671000.0,681770000.0,-0.6487696401456088,-17.9061853704328,0.760006500991187,0.0,107147760.0,2026-10-01
BELFB,247.97,247.97,240.49,244.12,202785.0,-0.554016620498609,49503874.2,3426831247.0,Electronic Technology,8.1667191735268,63.36500025956497,3.8492200646351096,4.453742912923352,53660000.0,744094000.0,25.261180336479054,16.4770848844366,0.037676591842053506,0.114062245396774,12324200.0,2026-10-01
RRR,48.95,50.45,48.7301,49.54,997624.0,1.4124872057318276,49422292.96,5202502166.0,Consumer Services,90.2181750206959,17.52883730804614,17.12350074314749,1.4327803215074844,168920000.0,2004930000.0,0.8594734498917169,28.5773568154499,21.2514584672941,2.10849539406346,59130400.0,2026-10-01
BEPC,28.35,28.59,27.92,28.22,1749106.0,0.4270462633451866,49359771.32,4257821576.9999995,Utilities,,,,0.9859641531126035,-5397503897.61459,5290827322.3035,-2.3803773326700677,21.5629382918988,,5.51245551601424,150880000.0,2026-10-01
NVAX,10.85,11.095,10.54,10.81,4565584.0,-0.0924214417744897,49353963.04,1783063351.0,Health Technology,,,,4.303305686860184,-247730000.0,413796000.0,-61.640020839552136,-28.8202399249872,,0.0,164946000.0,2026-10-01
ICUI,163.64,164.55,159.835,160.51,307245.0,-1.7927068037200238,49315894.949999996,4013879245.0,Health Technology,1.41010449132504,135.58878188883256,1.865311949629256,1.8945258769120252,30089000.0,2160536000.0,-8.837489551612817,6.6757508322009,0.598158050905941,0.0,25007000.0,2026-10-01
AUB,38.07,38.34,37.75,37.95,1297865.0,-0.13157894736841358,49253976.75,5419825397.999999,Finance,9.75929128355317,11.351399856424983,1.0451718020083822,3.5103281846440284,487284000.0,2217624000.0,35.20959821673542,45.40742841824658,0.390173193925425,3.89473684210526,142815000.0,2026-10-01
SBRA,19.86,19.96,19.685,19.72,2496256.0,-0.3033367037411641,49226168.32,5037725319.999999,Finance,2.39613723973895,75.81699346405229,1.8314184856249436,5.812851503596128,65441000.0,858422000.0,18.431294639962363,18.796699059437,0.964261759544672,6.06673407482305,255463000.0,2026-10-01
CPRI,14.82,14.82,14.085,14.12,3483911.0,-3.683492496589365,49192823.32,1604760847.0,Retail Trade,152.066115702569,15.416530188885249,11.624365064337402,0.49365497770145966,108000000.00006099,3446000000.0015597,-17.40172579100361,2.35055136390022,10.0869565217391,0.0,113652000.0,2026-10-01
SEZL,107.97,109.76,106.0,108.04,455134.0,0.0648328239325807,49172677.36,3638248597.0,Technology Services,88.8405817041124,23.49410690210064,15.611972261438401,7.048772164012257,161430000.0,531886999.99999994,43.059308548441535,40.3854578134077,0.52415945195366,0.0,33675014.0,2026-10-01
CBRL,53.275,53.8,52.06,52.62,933254.0,0.26676829268292795,49107825.48,1176184861.0,Consumer Services,6.74011458726773,37.74478157951366,2.4594715361274027,0.3580170433728249,31675000.0,3318714000.0,-4.735504138722112,-0.0487538245235957,2.16654956232251,1.90548780487805,22352400.0,2026-10-01
PWP,16.28,16.43,15.75,16.31,3010366.0,-0.3665241295052063,49099069.45999999,1554576050.0,Finance,,62.27567773959525,,2.4162048225817454,22191000.0,689247000.0,-20.868254398332056,2.83613856861183,,1.7104459376909,77293000.0,2026-10-01
KTB,64.81,65.0846,62.76,63.03,778885.0,-1.9598693420438715,49093121.550000004,3444817707.0,Consumer Non-Durables,40.9637108724128,13.16718544360651,5.568965760977127,1.1633747018418543,267942000.0,3066745000.0,15.6178946292964,13.1447185859926,2.05768061770868,3.28200342199409,54653600.0,2026-10-01
SECZ,15.76,15.85,14.28,14.59,3361328.0,-7.891414141414141,49041775.519999996,2382046384.0,Technology Services,-20.7713443077843,,,10.028731419601705,-20641806.0,14435845.0,,-88.6278634884207,,0.0,163265690.0,2026-10-01
GNW,9.2,9.29,8.93,8.97,5464803.0,-2.816901408450702,49019282.910000004,3389323963.0,Finance,2.30646266270838,17.027334851936217,0.38884799554710525,0.5105310710194724,212000000.0,6984000000.0,-0.6825938566552902,7.23081328751432,0.17186067827681,0.0,377851000.0,2026-10-01
STOK,26.12,26.69,25.88,26.0,1874751.0,0.46367851622875195,48743526.0,1677682373.0000002,Health Technology,-61.1036165116313,,4.695361344173598,61.930662701174455,-207902000.0,27588000.0,-86.1986853032107,-809.688995215311,0.0077616069594006,0.0,64526200.0,2026-10-01
FRPT,57.47,57.79,56.605,57.56,844909.0,0.7174103237095428,48632962.04,2766222860.0,Consumer Non-Durables,17.6217550392968,15.168524521042507,2.2613430554846214,2.7092304222854113,203474000.0,1177308000.0,12.767561323470122,8.26096484522317,0.398851575831222,0.0,48058100.0,2026-10-01
KNSA,76.55,76.55,73.76,74.61,650610.0,-1.4789383335534194,48542012.1,5821371606.0,Health Technology,14.0377807712791,75.86171835282155,8.89409694696801,7.5111487477284555,80658000.0,840848000.0,58.85077796165733,11.922487774247,0.0136008768644453,0.0,48289300.0,2026-10-01
ATEN,25.97,27.63,25.785,27.11,1788877.0,5.036807438977144,48496455.47,1968430685.9999998,Technology Services,19.445462649959,46.34188034188034,8.254246628729407,6.295022503498038,42970000.0,310174000.0,12.200980303496173,16.5636062339203,0.950068497180269,0.929872142580395,72609000.0,2026-10-01
NTCT,39.28,41.15,39.28,40.18,1205704.0,3.0256410256410247,48445186.72,2921379880.0,Technology Services,7.54039385468335,24.502988169288937,1.7565011965016861,3.2941817885361373,121045000.0,883158000.0,5.785034874068857,14.8802366054545,0.0240405430108044,0.0,72707300.0,2026-10-01
WHD,62.98,63.1475,61.41,62.22,770075.0,-2.354048964218456,47914066.5,4988763520.000001,Industrial Services,6.85277668597586,53.261427837699024,3.491705935731735,3.2828772283009755,81857000.0,1363034000.0,21.786889874517065,19.1682672625921,0.0453080875810757,0.894538606403013,69733200.0,2026-10-01
BC,65.13,65.69,64.1,64.24,742988.0,-1.2148239274181243,47729549.12,4162586890.0000005,Producer Manufacturing,-4.82741300890142,,2.4813550732586864,0.7565791577115045,-86000000.0,5629900000.0,10.455169707671178,5.88465159239063,1.3648060999583,2.69106566200215,64797399.99999999,2026-10-01
NRIX,23.85,23.94,23.34,23.71,2010650.0,0.1478352692713839,47672511.5,2460663472.0,Health Technology,-80.2961551580161,,6.10679551636034,71.53140712954908,-341351000.0,36766000.0,-58.40056120659418,-982.372300495023,0.14440909327988402,0.0,103782000.0,2026-10-01
CTRI,20.45,20.595,19.905,20.04,2375927.0,-1.474926253687319,47613577.08,2023299784.0,Utilities,4.01804646149111,65.08606690483923,2.32830493823718,0.6081728371198375,28851000.0,3393808000.0,25.17438360853093,2.90976979251625,1.0693644944565,0.0,100963050.0,2026-10-01
PRGS,39.44,40.59,39.1,39.97,1190917.0,1.343813387423938,47600952.49,1639287392.0,Technology Services,18.5743608570856,19.30544822256569,3.262761257628347,1.662513537074396,89044000.0,1003725000.0,15.501192726954708,18.5350569129991,2.62162135459994,0.0,41012900.0,2026-10-01
IPGP,78.67,79.79,77.41,78.28,607937.0,-0.3056546102903654,47589308.36,3329603604.0,Electronic Technology,1.30249330652003,121.21399814183957,1.5652396818252439,3.151030568425383,27559000.0,1069339999.9999999,13.038771916100936,3.95945162436643,0.00764110948872168,0.0,42534500.0,2026-10-01
PENN,14.72,15.1,14.54,14.65,3242352.0,0.27378507871321645,47500456.800000004,1964075483.0,Consumer Services,-37.3984410442529,,1.0535786073920226,0.27975293296089393,-906800000.0,7160000000.0,6.141690261944646,6.02513966480447,5.943265459624991,0.0,134067000.0,2026-10-01
MMYT,47.3,47.84,45.805,47.2,1006112.0,0.16977928692700636,47488486.400000006,4439568822.0,Technology Services,,141.9122068550812,,4.36222682967463,34230000.000002906,1060724000.0000399,6.856405446760455,14.9457351771055,,0.0,88763000.0,2026-10-01
FTK,28.7,29.72,28.07,29.32,1618278.0,2.8771929824561413,47447910.96,1061982952.0,Industrial Services,37.7961136559188,29.52371362400564,8.218248885126707,3.7425657409682986,37997000.0,292968000.0,36.765447313875974,13.0526200813741,0.437316678662364,0.0,36220400.0,2026-10-01
TMDX,84.87,84.87,81.55,83.45,566805.0,-0.7374806708695021,47299877.25,2893640677.0,Health Technology,36.2849427258615,21.708592388335372,5.578283132127435,5.119803362150457,151699000.0,668468000.0,25.819323460545224,12.2079142157889,1.6749637585343602,0.0,34675100.0,2026-10-01
QUBT,8.54,8.83,8.435,8.45,5594851.0,-0.11820330969268987,47276490.949999996,1912630947.0,Technology Services,-1.50672528445388,,1.201367710932446,193.52508346905535,-14977000.0,9824000.0,3635.3612167300384,-775.47842019544,0.0146912322444565,0.0,226347000.0,2026-10-01
ASAN,8.26,8.715,8.22,8.43,5590229.0,2.4301336573511456,47125630.47,1930218183.0,Technology Services,-93.7974148547034,,18.640132669983416,2.2938898743791714,-154240000.0,828127000.0,9.479931096389699,-14.9699261103671,2.4762132990807397,0.0,159442000.0,2026-10-01
BHE,84.55,85.5025,81.33,82.91,567897.0,-0.7422482940261038,47084340.269999996,2978121803.0000005,Electronic Technology,4.78068760899497,56.61317855923524,2.6678216179464496,1.0787619670088269,53141000.0,2818269000.0,8.866731331504639,4.28536097867166,0.261336954876138,0.81407877409314,35919900.0,2026-10-01
NVST,23.52,23.63,23.26,23.47,2005030.0,0.6000857265323642,47058054.099999994,3769697457.0000005,Health Technology,3.0569723102666,40.77484364141765,1.2252649955312023,1.3402601085244215,95000000.0,2856500000.0,11.892357710838654,10.6108874496762,0.516204531417612,0.0,160618000.0,2026-10-01
PCT,4.53,4.58,4.28,4.41,10635118.0,-0.4514672686230152,46900870.38,885990206.0,Industrial Services,-389.632168431361,,57.153965785381025,59.29840162743391,-222817000.0,13764000.0,326.1300309597523,-1207.32345248474,52.4578764030448,0.0,200905000.0,2026-10-01
HYMC,19.63,19.9,18.96,19.04,2462906.0,-1.75438596491228,46893730.239999995,1774179249.0,Non-Energy Minerals,-73.1797383678979,,7.068580826474507,,-86205000.0,0.0,,,9.16857014155475e-05,0.0,93181700.0,2026-10-01
OBDC,10.59,10.65,10.47,10.49,4448530.0,-2.9602220166512514,46665079.7,5173065212.0,Finance,3.9230928365854,18.429374560787068,0.7356715861051344,3.4353739844045723,288625000.0,1558790000.0,1.3217806175676245,54.1230698169734,1.12397666074733,13.1359851988899,493143000.0,2026-10-01
DNLI,20.95,21.085,20.51,20.67,2255592.0,-0.6727534839019559,46623086.64,3304046020.0,Health Technology,-54.9288460991144,,3.9538242298459214,1081.5801236986679,-511451000.0,3604000.0,,-15058.1853496115,0.045123315029849904,0.0,159847000.0,2026-10-01
HLIO,69.22,69.445,67.495,67.92,685762.0,-0.9190371991247198,46576955.04,2238003115.0,Producer Manufacturing,7.67741935483871,31.62158387261977,2.363556135850191,2.553416358128574,71400000.0,891300000.0,13.976982097186703,12.9473802311231,0.369714225456079,0.612691466083151,32950600.0,2026-10-01
VC,87.49,88.87,86.41,86.68,535755.0,-0.43648058810015555,46439243.400000006,2313959781.0,Producer Manufacturing,9.95713814704913,15.801946986546104,1.4365958710630347,0.6266292670018513,151000000.0,3779000000.0,-1.1250654107796965,7.32998147658111,0.269397889509621,1.49322306455318,26695400.0,2026-10-01
ALM,13.22,13.73,12.97,13.16,3520254.0,-0.22744503411675027,46326542.64,3796406539.0000005,Non-Energy Minerals,39.5798640352166,53.67047308319739,9.757471954682622,62.65597123676737,78236109.160079,62136791.4411228,207.96026252811345,5.26520780181653,1.47590482737854,0.0,283742000.0,2026-10-01
SR,77.06,77.27,75.95,76.09,608441.0,-0.8857626677087308,46296275.690000005,4498196684.0,Utilities,6.49847094801223,8.479789593340094,1.2552358545114173,1.7887273802483745,547900000.0,2536500000.0,4.121341488444645,19.7082594125764,2.02612336031259,4.24645043636837,59116800.0,2026-10-01
TNL,64.08,64.08,61.815,61.87,744227.0,-3.2979055954985923,46045324.489999995,3786705723.0,Consumer Services,,16.84179006968641,,0.9907992183683433,238000000.0,4094000000.0,4.120040691759918,17.5867122618466,,3.62613316661457,61204200.0,2026-10-01
VNT,31.53,31.72,31.27,31.4,1466015.0,-0.5384859043395682,46032871.0,4245279853.0,Transportation,29.0690389675479,13.042575285565938,3.593610697515258,1.4384141055307496,348000000.0,3068300000.0,0.8844611034392056,19.1506697519799,1.61909952209273,0.31675641431739,135200000.0,2026-10-01
HOG,25.11,25.23,24.31,24.43,1881486.0,-1.5713134568896072,45964702.98,2542491445.0000005,Consumer Durables,6.31666883567755,15.110094012864918,0.822425451492384,0.6355570734339717,202643000.0,4239836000.0000005,-5.24682480778775,6.24462832996371,0.744416480328858,2.96132151490733,104073000.0,2026-10-01
VGNT,45.64,46.0,44.92,44.94,1021407.0,-1.57687253613666,45902030.58,3183336762.0,Producer Manufacturing,,,37.44063984003999,,,,,,28.5058823529412,0.0,70835266.0,2026-10-01
DXPE,183.29,185.59,180.89,181.21,253016.0,-0.7394829097283053,45849029.36,2811862497.0,Distribution Services,18.469261017433,31.9279018958348,5.196133166217479,1.394865916896388,93162000.0,2139233000.0000002,11.47063727789069,8.92595617214207,1.66253529878445,0.0,15517100.0,2026-10-01
AHRT,5.96,6.155,5.88,6.1,7515017.0,1.328903654485051,45841603.699999996,585046146.0,Finance,1.5042329300883,,1.2701559168443497,1.6246167246137855,-36691000.0,278990000.0,-48.9469706535205,26.7454030610416,2.0256117190097602,9.30232558139535,74593000.0,2026-10-01
OMDA,19.51,20.92,19.46,20.81,2197374.0,7.434176561693329,45727352.94,1273919525.9999998,Technology Services,1.84386865487533,316.2613981762918,4.990168337250012,3.9987648139359977,4305000.0,309759000.0,47.62590133776873,-0.149793872010175,0.0,0.0,61216700.0,2026-10-01
GENI,6.15,6.15,5.71,5.73,7978354.0,-7.131280388978922,45715968.42,1590802622.0,Technology Services,-22.5973759941733,,2.123000655796014,2.329575693265121,-158853000.0,713450000.0,33.31352643193618,-16.5244936575794,0.0439505739470205,0.0,267627000.0,2026-10-01
MDU,18.78,18.83,18.4701,18.54,2463806.0,-0.7494646680942215,45678963.239999995,3899879120.9999995,Utilities,6.89082859236174,19.497318330003154,1.3324163089481027,2.160208860109401,196668000.0,1830316000.0,-29.92758519698243,16.983078331829,0.880500744468079,2.99785867237687,210349000.0,2026-10-01
AXGN,42.35,43.09,41.745,41.92,1089097.0,-1.2252591894439115,45654946.24,2459509701.0,Health Technology,-18.2062393327056,,8.77740321196005,9.012549505601699,-33548000.0,251174000.0,23.566076813711746,-5.11517911885784,0.0783042024217875,0.0,58671500.0,2026-10-01
BFH,100.04,100.72,97.39,97.75,466321.0,-2.31837713600479,45582877.75,3755483600.0,Finance,17.3939672331955,7.641673897918181,1.124197679379972,1.0292769775082116,568000000.0,4754000000.0,0.8485362749257531,17.26055092241597,0.9762258543833581,0.919356450484661,38419300.0,2026-10-01
GBCI,43.63,43.89,43.0309,43.2,1052017.0,-1.0762537210899905,45447134.400000006,5625156764.0,Finance,7.94579063146965,17.676664347968412,1.3041269277758205,4.779225381985494,311685000.0,1579804000.0,20.01297516410772,34.43813809779689,0.527908274059349,3.02267002518892,130211999.99999999,2026-10-01
NEO,18.76,18.965,18.28,18.36,2473562.0,-2.0277481323372415,45414598.32,2358809035.0,Health Services,-6.32746503782233,,2.989025587426556,3.1995157739512856,-51878000.0,766295000.0,11.187932482961859,-7.02601478542859,0.5706373165405,0.0,128475000.0,2026-10-01
TDW,81.46,82.6,81.05,81.1,559823.0,-0.04929751047572868,45401645.3,4035230128.0,Transportation,19.4940301112016,16.397420085323198,2.8963758160119224,3.0208291469229547,246880000.0,1346420000.0,-1.0215273509978564,17.7709035813491,0.46886296229302504,0.0,49756200.0,2026-10-01
WIX,71.3,73.75,70.2076,72.13,628945.0,1.734837799717898,45365802.849999994,3018605055.0,Technology Services,,,,1.427677851394404,-174648000.000161,2133692000.0017998,14.1800034141044,-3.13869105757168,,0.0,41849500.0,2026-10-01
PSMT,171.7,171.7,168.41,169.11,267844.0,-0.7453926517196747,45295098.84,5218823101.0,Retail Trade,12.0581554292352,32.5017777863197,3.748055991005198,0.9062343953857184,157154000.0,5691025000.0,10.18091584313683,4.56488945313015,0.233734652486915,0.821692686935086,30860500.0,2026-10-01
INTR,5.19,5.365,5.105,5.34,8459165.0,4.093567251461987,45171941.1,2349628110.0,Finance,15.5033206842782,8.187672493100276,1.1594253245413864,1.2038249237265624,289567480.973677,3222247524.1352,51.13193820153076,19.237100392899947,3.1017545813180902,0.00220471734892788,324284550.0,2026-10-01
FIGS,14.15,14.38,13.73,13.86,3258885.0,-1.4224751066856405,45168146.1,2302703654.0,Consumer Non-Durables,14.7622589689306,42.883663366336634,5.19359830927016,3.8638901170293973,61920000.0,710078000.0,24.66650982650435,9.60288869673473,0.130362935584868,0.0,157857000.0,2026-10-01
GBDC,12.71,12.76,12.59,12.63,3556609.0,-0.1581027667984156,44919971.67,3279399495.0000005,Finance,4.46089827820012,19.439741419116515,0.8864626001218447,4.441374944426396,171749000.0,741809000.0,-8.829584182899056,60.1467493654027,1.22475369574471,11.3833992094862,259652000.0,2026-10-01
MZTI,99.95,100.68,97.795,99.19,452421.0,-0.7107107107107187,44875638.99,2706994393.0,Consumer Non-Durables,18.641334148939,14.216304534770394,2.570399641558949,1.4151899941082684,191227000.0,1929823000.0,1.0843204363052754,11.5392447908435,0.24097327066419802,3.95395395395395,27291000.0,2026-10-01
PII,53.1,53.31,52.05,52.15,860127.0,-0.742291587362011,44855623.05,2967518785.0000005,Consumer Durables,-25.7617728531856,,3.547322230860955,0.4114280725318993,-260399999.99999997,7445000000.0,8.42811994815257,1.75957018132975,2.46216377764495,5.13894175866007,56903500.0,2026-10-01
XRPN,13.86,16.99,13.7501,16.4,2732728.0,27.131782945736422,44816739.199999996,518075973.0,Finance,1.37018395975144,168.03278688524588,2.2859341177060926,,3084207.0,0.0,,,0.0,0.0,23710000.0,2026-10-01
CBZ,54.69,54.77,54.66,54.69,815199.0,0.0,44583233.309999995,3004694736.0,Commercial Services,6.96594694879076,25.60393258426966,1.580322514091137,1.1799216519120312,130945000.0,2767266000.0,14.318042957475049,10.8962058580563,1.02062876258478,0.0,54940500.0,2026-10-01
SAIC,128.46,130.28,127.15,127.56,348949.0,-0.5069807347320846,44511934.44,5344462399.0,Technology Services,25.7365391127667,14.900128489662423,3.7308630940542513,0.7413385571467166,380000000.0,7402000000.0,-0.7774798927613941,7.82221021345582,1.88370473537604,1.15435613446689,41897600.0,2026-10-01
MMS,53.2,53.65,52.79,53.19,836098.0,0.2261164499717306,44472052.62,2784909255.9999995,Commercial Services,21.1115876737932,7.857881518688137,1.6000231024204297,0.536494079432604,370887000.0,5248399000.0,-3.3218076194970796,10.8516139874274,0.9949826233187081,2.43075183719616,52357800.0,2026-10-01
LMND,45.24,45.95,44.5853,45.14,983705.0,1.210762331838563,44404443.7,3493683112.0,Finance,-26.9627897915449,,6.988048795591058,3.9665907049445486,-138400000.0,865600000.0,76.72519395671704,-13.7939001848429,0.413213213213213,0.0,77396600.0,2026-10-01
CLBK,10.89,11.08,10.86,11.06,4013183.0,1.6544117647058796,44385803.980000004,2981169312.0000005,Finance,5.01925402625384,42.57120862201694,2.116592477484891,8.790114273271717,58146000.0,520110000.0,13.227140030173004,29.19209238993395,1.03423980739168,0.459558823529412,269545000.0,2026-10-01
EXPO,64.88,66.05,64.7128,65.42,678176.0,1.3792034712536811,44366273.92,3110464817.0,Industrial Services,31.2035868630582,29.370566579868907,10.773760902216015,4.998151835689229,111770000.0,632460000.0,12.835718643958938,20.1718685766689,0.279683039055354,1.89059352239269,47546100.0,2026-10-01
APAM,36.65,36.81,36.01,36.12,1227950.0,-0.8237232289950692,44353554.0,2928344588.9999995,Finance,67.8401021622175,8.972129763028466,6.1050638902035015,1.8334141727946585,271992000.0,1318131000.0,7.3983422537885115,36.6525785373381,0.749680389864847,9.50027457440966,70996400.0,2026-10-01
EBC,20.98,21.08,20.82,20.93,2117860.0,-0.23832221163012732,44326809.8,4782746830.0,Finance,9.4417984951874,11.865079365079366,1.118320200774008,4.116113089627981,376119000.0,1491932000.0,56.047753625765374,35.93844099805189,0.115686491499141,2.57387988560534,228512000.0,2026-10-01
CEVA,34.88,35.6225,33.92,35.33,1253879.0,2.4651972157772666,44299545.07,994683409.0,Electronic Technology,-3.62162349435854,,2.921754375808899,8.340839871427091,-10976000.0,115732000.0,8.818745122375486,-9.62741506238551,0.0512101573865891,0.0,28154100.0,2026-10-01
HOMB,28.47,28.605,28.025,28.18,1568664.0,-0.8095740936290053,44204951.52,5637398397.0,Finance,11.1057297957511,11.654259718775847,1.2422310964210255,5.109881967177978,479365000.0,1491581000.0,1.855492557065683,56.52895277794149,0.20261378117554202,3.02710313269975,200050000.0,2026-10-01
ATKR,94.78,94.805,94.735,94.75,466471.0,0.021112635912589484,44198127.25,3199997782.0,Producer Manufacturing,-11.8668057890167,,2.507343406811506,1.0973071844228655,-162691000.0,2933736000.0,1.6306712523521962,4.90923518680618,0.7157975319515041,1.39343397023118,33773100.0,2026-10-01
HURN,156.14,157.795,155.78,156.83,281482.0,0.30058838577641267,44144822.06,2495176672.0,Commercial Services,26.8809137486842,23.520501514742495,6.50818180912764,1.4155757169943948,115555000.0,1810056000.0,13.604288962711959,11.6191985220347,2.2469513462937902,0.0,15910100.0,2026-10-01
COLM,58.57,59.03,56.88,57.41,765713.0,-1.5941035310250373,43959583.33,2939001337.0,Consumer Non-Durables,12.6576344950075,14.88655516660184,1.8350312939799402,0.8780344890959901,206033000.0,3406178000.0,-0.22461470142472745,7.64164409493573,0.287989150862699,2.05690778196778,51193200.0,2026-10-01
IRON,66.08,66.08,64.24,65.46,671489.0,-0.6224381357218928,43955669.94,2513195608.9999995,Health Technology,-39.081671009728,,3.896690670265321,,-245888000.0,0.0,,,0.0944821505082557,0.0,38392800.0,2026-10-01
FULT,22.7,22.86,22.48,22.56,1944046.0,-0.3973509933774828,43857677.76,4307032508.0,Finance,11.1013498978805,10.804597701149424,1.1922257999565598,3.2010471877036633,396599000.0,1921727000.0,0.3045578769575738,37.34558182790108,0.44917714783192997,3.3112582781457,190915000.0,2026-10-01
CBT,77.94,78.02,76.76,76.91,570092.0,-1.0931069958847845,43845775.72,3970941026.0,Process Industries,11.8881118881119,21.686169462850696,2.474106485980653,1.1126912493120527,187000000.0,3634000000.0,-4.744429882044561,15.1348376444689,0.793146417445483,2.37268518518519,51631000.0,2026-10-01
AVPT,13.64,14.265,13.64,14.08,3112982.0,3.7582903463522457,43830786.56,2978841019.0,Technology Services,16.2455156708625,44.58518049398353,6.814211114713954,6.429267535052942,71481000.0,466152000.0,24.9506123532108,9.78328957078378,0.061367808567229905,0.0,211565000.0,2026-10-01
AMPL,13.97,14.47,13.77,13.85,3162005.0,1.5395894428152423,43793769.25,1730081484.0,Technology Services,-47.886707304752,,12.692099740659623,4.713913812308179,-99533000.0,374369000.0,18.257515691582615,-27.2218052242573,0.07127123746310521,0.0,101261630.0,2026-10-01
MIR,14.31,14.61,14.08,14.12,3093498.0,-1.5341701534170198,43680191.76,3516411539.0000005,Electronic Technology,1.49022231683951,160.09070294784578,1.9258703583728303,3.8486298955995695,24500000.0,1024900000.0000001,15.677200902934551,6.82017757830032,0.675429948515719,0.0,243278000.0,2026-10-01
ADPT,28.8,29.52,28.75,28.9,1508275.0,0.45185957594716375,43589147.5,4612319728.0,Health Technology,-39.5833010467066,,32.16507696245924,14.928008361080396,-63854000.0,308081000.0,50.125233899890844,-11.8124778873089,2.8723498047777003,0.0,159596000.0,2026-10-01
BFAM,63.95,64.34,63.37,63.72,682685.0,-0.10973506819250711,43500688.199999996,3099041597.9999995,Commercial Services,14.9433971929106,20.15562725374834,3.3256837040976577,1.0903835240644533,175035000.0,3027910000.0,8.513938434786846,10.9054430283595,2.17779080230499,0.0,48635300.0,2026-10-01
THO,70.39,70.7,68.94,69.1,629452.0,-1.5108323831242907,43495133.199999996,3566552252.9999995,Consumer Durables,4.15298043639055,20.40515001181195,0.8369323848261131,0.37986304270917065,177539000.0,9609318000.0,0.30552035798564287,2.7261872278553,0.227812640650219,2.96465222348917,51614400.0,2026-10-01
ADT,6.13,6.2,6.075,6.08,7121824.0,-0.9771986970683976,43300689.92,4108953679.0000005,Commercial Services,17.2045837228042,8.418720576017725,1.2826463018438041,0.909971927935582,612356000.0,5164768000.0,2.103566332342367,25.1882756398739,2.2386310044170403,3.58306188925081,675815000.0,2026-10-01
SON,49.77,49.77,48.73,48.82,886403.0,-1.5924208828865132,43274194.46,4827077470.0,Process Industries,18.9251949473233,7.5268651423814,1.3478644272570102,0.6636535488070316,646794000.0,7458915000.0,12.014490716462397,9.95874064793606,1.33078716056498,4.31364644224955,98875000.0,2026-10-01
MIAX,33.745,34.24,33.49,33.5,1287066.0,-1.0924121641570637,43116711.0,3324235016.0,Finance,18.1434392027883,43.147861926841834,2.8718166769394835,2.556963804590563,142296000.0,1466531000.0,16.81661732035593,9.19046375426091,0.0197922109082753,0.0,99230896.0,2026-10-01
PK,15.47,15.53,15.27,15.42,2791409.0,-0.9633911368015436,43043526.78,3104637112.0,Finance,-5.01989592898684,,1.0047926393400428,1.2255017709563165,-164000000.0,2541000000.0,-1.358695652173913,11.9244391971665,1.3275080906148902,6.42260757867694,201338000.0,2026-10-01
BNL,18.67,18.6737,18.49,18.5,2320684.0,-2.0127118644067745,42932654.0,3550020035.0,Finance,4.90554445153996,24.68312208138759,1.2316713980602174,7.917029120399346,141959000.0,477569000.0,6.712891065790444,49.6613054867464,0.9459348011786181,6.17055084745763,191893000.0,2026-10-01
BETA,22.55,23.44,22.07,22.1,1940892.0,-1.5151515151515145,42893713.2,5170097497.0,Electronic Technology,,,3.199647893951218,116.08726635743287,-858235000.0,44842000.0,,-1129.30957584408,0.127971114001747,0.0,225439580.0,2026-10-01
RDNT,70.22,70.85,68.94,68.94,621241.0,-2.4203821656051066,42828354.54,5425423872.0,Health Services,-2.08202894292366,,4.946584209246109,2.451526371724672,-21116000.0,2268932000.0,18.92474966874088,4.62768386183455,1.99256722975809,0.0,78697800.0,2026-10-01
CVSA,120.26,123.6,118.625,122.2,350241.0,2.302218501465048,42799450.2,4159543966.0,Consumer Services,18.5689333671319,18.647378380028076,2.875726491583088,2.125004976753827,267375000.0,1954085000.0,9.271147297138608,19.9430935706482,0.626126671207349,0.0,34038800.0,2026-10-01
ZD,56.25,57.4799,56.1,56.69,754893.0,0.6390910704775421,42794884.17,1943741806.0,Technology Services,-2.752666161289,,0.885846442761647,1.5469156865931681,-33119999.999999996,1324802000.0,-8.46060937724564,10.2001657606193,0.387779346025713,0.0,34287200.0,2026-10-01
EXTR,21.24,21.69,21.14,21.45,1985130.0,1.80351210251542,42581038.5,2835061290.0,Electronic Technology,54.638265855462,68.31210191082802,31.77071761830704,2.1942072292385504,42119000.0,1283593000.0,12.589260104888572,5.04692686856348,2.1962523986906,0.0,132170999.99999999,2026-10-01
BLFS,39.19,39.41,38.69,38.85,1094004.0,-0.9433962264150879,42502055.4,1900671382.0,Health Technology,13.1513977563944,40.17580144777663,4.5222059518516025,18.80349073489082,47657000.0,102818000.0,0.16756619839058512,2.899297788325,0.0374711609202791,0.0,48923300.0,2026-10-01
BXDC,17.63,17.696,17.21,17.34,2442438.0,-1.8120045300113266,42351874.92,1745269454.0,Finance,,,0.9034934559249944,,,,,,0.0,0.0,100649900.0,2026-10-01
FLO,5.73,5.74,5.5,5.55,7628907.0,-2.2887323943661957,42340433.85,1176918715.0,Consumer Non-Durables,4.01074854148486,21.519968980224892,0.8892463677089808,0.2310446664060712,55173000.0,5223926000.0,2.455013002203873,6.29091989434766,1.51702416545209,15.2728873239437,212057000.0,2026-10-01
AROC,30.07,30.6,29.75,30.29,1396966.0,1.0003334444814962,42314100.14,5310993648.999999,Industrial Services,21.9475130423621,16.269201847674296,3.4194344442826354,3.4832467225165984,324883000.0,1504508000.0,11.536579652040341,38.3292079536965,1.5187174836754,2.93431143714572,175338000.0,2026-10-01
AAMI,92.61,93.69,90.99,91.71,459965.0,-0.8326124567474159,42183390.15,3254799566.0,Finance,200.395256916996,32.357195780263204,35.37825920911016,4.753593621179861,101400000.0,695000000.0,24.018558172733762,26.6043165467626,2.7989130434782603,0.237889273356401,35490100.0,2026-10-01
NWE,68.86,69.12,68.25,68.38,615419.0,-0.45130295530645254,42082351.22,4206590604.0,Utilities,5.935016942819,24.60066196575047,1.4527842978619976,2.5087705412191745,171374000.0,1691385000.0,10.694908931458079,18.8402995178508,1.2422063476548701,3.8870286795749,61517900.0,2026-10-01
ZYME,27.25,27.73,26.47,26.49,1585031.0,-2.610294117647062,41987471.19,1894279851.0000002,Health Technology,-72.3070804463123,,23.719131104385667,53.4763949038044,-149992000.000819,37127000.0001207,-69.7827732426015,-418.994262936228,3.3425574537446,0.0,70959200.0,2026-10-01
LASR,39.55,39.55,38.45,38.945,1078098.0,-0.16662394257882013,41986526.61,2246744704.0000005,Electronic Technology,-3.80452017368395,,5.104515094003292,7.154534871370679,-12477000.0,310699000.0,43.23668936393854,-4.6176524546265,0.0337415293826139,0.0,57690200.0,2026-10-01
GPOR,152.52,153.14,150.36,150.48,278916.0,-1.1105999868568035,41971279.68,2661067868.0,Energy Minerals,27.4111285765093,6.018501853784961,1.4574277678343135,1.8653660111073929,496732000.0,1463890000.0,26.64766808896456,42.1816529930528,0.504801140934529,0.0,17683900.0,2026-10-01
BIPC,35.92,36.01,35.44,35.61,1178349.0,-0.22415242364807594,41961007.89,4379697807.0,Utilities,,,,1.313396672419871,-348000000.00232303,3697000000.0180798,1.2599287869606448,60.156883959966,,5.02942000560381,122991000.0,2026-10-01
IVT,30.58,30.58,29.945,30.15,1390891.0,-1.2446773665247381,41935363.65,2351049686.0,Finance,0.849505904177518,155.25231719876413,1.3313203828020783,7.548751361424372,15240000.0,318512000.0,10.762125996299954,16.3516602200231,0.6211293992916049,3.19489027186374,77978400.0,2026-10-01
NXST,162.84,162.97,160.67,161.57,259328.0,0.05573445627941752,41899624.96,4977697260.0,Consumer Services,7.34350807343508,30.832204263114704,2.197521209133103,0.8493913955071467,166000000.0,5876000000.0,10.513447432762836,18.0054458815521,5.335540838852101,4.60738171909834,30808300.0,2026-10-01
TDC,28.72,29.31,28.65,28.84,1451970.0,0.5228302544440522,41874814.8,2682120014.0,Technology Services,119.115734720416,6.073241097563543,4.542419011378098,1.6321573033707844,458000000.0,1691000000.0,0.9552238805970149,7.92430514488468,0.166947723440135,0.0,93000000.0,2026-10-01
UFPT,297.92,301.25,294.92,296.82,140975.0,-0.03367910548296603,41844199.5,2299105446.0,Process Industries,17.0523966996731,31.99629178479416,4.971845138799437,3.6609724225388223,72295000.0,631639000.0,7.319572039506659,15.228160389083,0.294828350543331,0.0,7745790.0,2026-10-01
CNO,53.2,53.505,52.59,52.91,789055.0,-0.7130793769938123,41748900.05,4895305669.0,Finance,10.9340476702579,18.198390314370226,1.892497825290724,1.0856022484445387,279600000.0,4661000000.0,5.715581764572465,14.4518343703068,1.7566368266707801,1.29480202664665,92521400.0,2026-10-01
FTDR,73.65,74.26,72.515,73.12,570406.0,-0.3543199781956813,41708086.720000006,5037479056.0,Consumer Durables,101.85873605948,19.349546164227686,17.83836663796069,2.430050302748022,274000000.0,2147000000.0,9.26208651399491,20.1210992081975,4.1514084507042295,0.0,68893300.0,2026-10-01
BANC,17.34,17.45,17.11,17.23,2419172.0,-0.40462427745664903,41682333.56,2729711818.0,Finance,-0.657248388142792,,0.937520234494324,3.049044469984572,-22468000.0,1548615000.0,-12.903889816557774,-5.356714614733737,0.889673931849252,2.54335260115607,157951000.0,2026-10-01
LBTYA,9.26,9.45,9.12,9.13,4557248.0,-1.4038876889848706,41607674.24,3117737717.0,Communications,-27.3212533642984,,0.33758887591038994,0.6445040869554526,-3035200000.0,4884800000.0,-35.67383918459796,-0.632574516868654,0.993333044251241,0.0,176722000.0,2026-10-01
NJR,50.94,51.145,50.455,50.6,821215.0,-0.4524886877827993,41553479.0,5134278060.0,Utilities,14.4526350108031,14.010410898216856,1.9411657966586628,2.312332988131891,366163000.0,2237341000.0,7.076808362682839,24.4879971358859,1.4677763234548702,3.73795002951013,101468000.0,2026-10-01
EPR,56.93,57.0,56.06,56.13,740274.0,-1.8534708865186138,41551579.620000005,4300059035.000001,Finance,11.3464130597574,18.011166730843282,1.8606399567209777,5.927932747888693,263266000.00000003,743025000.0,4.5274477310007,36.6355102452811,1.52631002362494,6.29480678440287,76608900.0,2026-10-01
LPG,54.94,56.31,54.69,55.06,753938.0,1.5305181633782141,41511826.28,2355614448.0,Transportation,28.34202271141,7.305972426787681,1.905036721952867,3.960004920998159,321868854.0,585184124.0,81.05922022373736,52.0196533903233,0.522626703958592,0.0,42782700.0,2026-10-01
MC,58.21,58.905,57.27,57.52,721559.0,-0.8275862068965464,41504073.68,4666237075.0,Finance,44.6780004051725,20.02715782876641,8.424197599572347,2.911053463990338,228257000.0,1573994000.0,13.691499036074436,18.4170333559086,0.51947489645219,4.48275862068966,74078600.0,2026-10-01
SONO,17.81,18.25,17.72,17.89,2319067.0,0.22408963585433694,41488108.63,2116279155.0000002,Consumer Durables,14.1764590116562,40.20224719101124,5.383624632866291,1.4490157308226024,56907000.0,1490348000.0,5.641722848087941,6.27907039161324,0.14081411139637,0.0,118294000.0,2026-10-01
BMI,126.41,126.41,123.54,123.54,335679.0,-1.9445987776807596,41469783.660000004,3581035096.0,Producer Manufacturing,18.4799099136182,28.912448220178334,5.244018342603256,4.167749142793903,125707000.0,880955000.0,0.8043015083656969,18.5799501677157,0.0,1.3016906103659,28986800.0,2026-10-01
ABCB,80.13,80.75,79.345,79.52,518907.0,-1.168282376336065,41263484.64,5336367402.0,Finance,9.39837704968186,14.387291708129036,1.3045385539373866,4.3128474494591424,376323000.0,1702073000.0,2.302857565308437,45.329599004320954,0.338668114547165,0.994282873477505,67107200.00000001,2026-10-01
QMCO,32.83,33.18,31.4,31.72,1300179.0,-3.4692635423006712,41241677.879999995,1250085168.0,Electronic Technology,,,,2.440157245236379,-239133000.0,296098000.0,10.898127340823969,-0.391762186843545,,0.0,39410000.0,2026-10-01
NCNO,17.93,18.495,17.79,18.13,2270453.0,1.0027855153203327,41163312.89,1916996773.9999998,Technology Services,3.38227669695216,60.09280742459396,2.0498220962455354,3.039375866058975,33597000.0,622244000.0,8.57151830597136,8.76649674404253,0.36418084127025097,0.0,105736000.0,2026-10-01
BLBD,56.82,57.41,55.37,55.5,740929.0,-1.5259048970901339,41121559.5,1758020150.0,Consumer Durables,64.2857224327879,6.74542405017137,2.6844429998432866,1.2287877180873368,281809000.0,1612244000.0,13.462721313828958,11.7728457975344,0.176748227188605,0.0,31676000.0,2026-10-01
WSC,17.59,17.59,17.125,17.18,2391840.0,-1.5472779369627483,41091811.2,3112860549.9999995,Finance,-7.08267403639833,,3.4156903054438312,1.3832282708425365,-68888000.0,2293591000.0,-2.507458829260289,20.552007746804,4.16654642407312,1.60458452722063,181191000.0,2026-10-01
BFLY,9.01,9.26,8.85,8.96,4562283.0,-1.5384615384615252,40878055.68000001,2430715249.0,Health Technology,-35.4566254387669,,12.5090746635394,21.268170995586072,-74850000.0,112145000.0,28.13642595978062,-60.0338847028401,0.10082893347412901,0.0,244858000.0,2026-10-01
REPL,12.99,13.658,12.65,13.24,3081759.0,1.8461538461538478,40802489.160000004,1247467946.0,Health Technology,-134.285649697079,,10.524725951716627,,-297013000.0,0.0,,,1.05991764872923,0.0,94219600.0,2026-10-01
BDC,108.97,109.365,106.02,107.93,377985.0,-1.2082379862700168,40795921.050000004,4217709042.0,Producer Manufacturing,18.6437034488736,17.536476781594256,3.038291822961019,1.4980307154976844,244142000.0,2864873000.0,9.43731446878912,12.6687640254908,0.9706894783446511,0.183066361556064,39078200.0,2026-10-01
PBI,16.3,16.785,16.3,16.32,2494681.0,0.18416206261510829,40713193.92,2237312434.0,Technology Services,,13.295315682281059,,1.2136947376261296,187346000.0,1866211000.0,-5.312360312200488,24.0031807764503,,2.33271945979128,137090000.0,2026-10-01
SHLS,7.87,8.15,7.735,8.1,5019595.0,4.247104247104248,40658719.5,1363229718.0,Electronic Technology,5.33981315181792,43.108036189462474,2.208516694750274,2.2465109053868857,31842000.0,588058000.0,46.88450721111816,10.6307541092885,0.378813678775281,0.0,168300000.0,2026-10-01
FHB,24.81,24.92,24.48,24.62,1647996.0,-0.8058017727638972,40573661.52,2995794957.0,Finance,10.3224792064157,10.68854736476513,1.0600664113092122,3.3409303735293565,284930000.0,1172194000.0,1.5079049620664005,40.91790804195535,0.0,4.19016921837228,121681000.0,2026-10-01
LION,11.24,11.405,11.134,11.2,3620161.0,0.08936550491510087,40545803.199999996,3332668498.0,Consumer Services,,,,1.1320048568950565,-119000000.0,2882500000.0,-7.998467971019119,6.25498699045967,,0.0,297559700.0,2026-10-01
PEB,18.74,18.94,18.58,18.76,2160664.0,0.2672367717798007,40534056.64,2116929454.0,Finance,-1.84485893930202,,0.8724149011813409,1.5848547645745943,-46647000.0,1500539000.0,2.0821357163897947,7.44619100203327,1.01782813864557,0.213789417423838,112843000.0,2026-10-01
OSIS,193.4,196.02,190.7675,194.37,208339.0,1.0764430577223052,40494851.43,3098640235.0,Electronic Technology,17.3438450263306,21.634406687221045,3.714452846782117,1.820729077080197,154711000.0,1785984000.0,4.250492946976533,12.9265995664015,1.26037353489539,0.0,15942000.0,2026-10-01
HZO,52.35,52.36,52.28,52.3,773622.0,0.11485451761101678,40460430.6,1155136211.9999998,Retail Trade,0.42080907755861,362.1883656509695,1.2127547480623748,0.5508941237458455,3983000.0,2196001000.0,-5.355268834443771,2.89744858950429,1.16516708836838,0.0,22086700.0,2026-10-01
FLNC,7.97,8.0399,7.66,7.68,5268054.0,-1.790281329923281,40458654.72,1417700094.0,Producer Manufacturing,-20.7196058386306,,2.9455081001472756,0.41042009274795255,-80868000.0,2631864000.0,7.4630668489931145,-3.73982090259983,1.10705768870073,0.0,143163590.0,2026-10-01
CWK,11.74,11.9,11.61,11.81,3420713.0,0.5106382978723446,40398620.53,2771968887.9999995,Finance,3.52083970243554,40.710099965529125,1.3698518912887394,0.2566555125206827,69100000.0,10818100000.0,11.043706760280019,3.84078535047744,1.4986397586189801,0.0,234714000.0,2026-10-01
HOS,8.09,8.09,7.63,7.69,5242651.0,-0.25940337224383364,40315986.190000005,1708461131.9999998,Industrial Services,2.04147147345288,48.36477987421384,0.7156650613061586,0.8763095625454693,23519000.0,1303084000.0,1.9704140530118068,7.66788633733512,0.38543597852058803,0.0,222167000.0,2026-10-01
GO,11.64,11.64,11.065,11.25,3576885.0,2.7397260273972672,40239956.25,1114700575.0000002,Retail Trade,-38.059832238131,,1.3650626472750924,0.23036500935364557,-381252000.0,4742536000.0,5.123935579743298,4.47030871246945,2.2665783321679203,0.0,99084500.0,2026-10-01
PAY,29.54,30.92,29.54,30.64,1311744.0,2.1333333333333355,40191836.160000004,3858790697.0,Commercial Services,15.0173432909779,46.52292742180383,6.290483180553703,2.8449206025998865,84857000.0,1360372000.0,30.20904322523833,7.57895634429406,0.0143979420332855,0.0,63114200.0,2026-10-01
RUN,7.84,8.02,7.705,7.77,5159872.0,0.6476683937823812,40092205.44,1871381067.9999998,Electronic Technology,12.6232173582797,5.224583109198493,0.5345941590943961,0.6086047883982363,405004000.0,3475609000.0,63.22992083679304,2.45672053444447,4.36398866044485,0.0,240847000.0,2026-10-01
OUT,28.04,28.11,27.72,27.75,1441809.0,-0.8574490889603374,40010199.75,4887753296.0,Finance,36.1928708770892,20.25695306226732,7.049606365222958,2.5703476641316234,244700000.0,1932900000.0,7.622494432071269,20.2131512235501,5.96062310688014,4.28724544480171,176135000.0,2026-10-01
RUSHA,46.3,46.465,45.33,45.81,870827.0,-1.026250405098832,39892584.870000005,5550050266.0,Retail Trade,11.8269810236691,20.73319755600815,2.29052405050253,0.7695857590768871,265233000.0,7236522000.0,-5.863392607192996,5.12874831307084,0.63702395311291,1.09469590580102,91714400.0,2026-10-01
MTH,64.65,64.67,62.79,62.85,634539.0,-1.6431924882629063,39880776.15,4096191781.0000005,Finance,6.37674950913184,13.135070743380217,0.8098542185093631,0.7837836098363681,329267000.0,5391502000.0,-13.26761311079831,7.14153495630717,0.377066381016608,2.84820031298905,65174099.99999999,2026-10-01
GT,5.06,5.06,4.92,4.97,8017420.0,-0.600000000000005,39846577.4,1430856690.9999998,Consumer Durables,-63.9346323067253,,0.503579263072036,0.08167071723280397,-2543000000.0,17693000000.0,-4.305262588566174,2.80902051658848,2.8929200422684,0.0,287899000.0,2026-10-01
IRDM,48.01,48.75,47.88,47.9,830470.0,-0.08343763037129567,39779513.0,5076516508.0,Communications,19.7151330795264,54.580674567000905,10.741114474716895,5.881178733929826,93265000.0,884169000.0,3.1045564902640788,23.7573359844102,3.7287470556241,1.18898623279099,105982000.0,2026-10-01
NSIT,155.17,158.575,153.62,156.32,254289.0,0.4369056797738415,39750456.48,4587812486.0,Technology Services,13.1118813595855,22.87989227481631,2.8745873021652453,0.5473760636391456,210479000.0,8579625000.0,2.681271182677846,5.74088028322916,1.08517001292815,0.0,29348800.0,2026-10-01
AMBQ,65.57,69.03,65.3,68.17,582302.0,5.184385125752198,39695527.34,1648659773.0000002,Electronic Technology,-15.5483259062356,,4.067616592677455,14.398275554204556,-36967000.0,97870000.0,31.882495620536318,-43.3237968734035,0.0113252214138858,0.0,24184536.0,2026-10-01
DXC,10.41,10.885,10.24,10.83,3662126.0,4.84027105517909,39660824.58,1730403163.0000002,Technology Services,3.98393574297189,15.342116447088824,0.5699622025065707,0.13758163248958657,124000000.0,12484000000.0,-2.4230107863060812,1.58603011855175,1.3653909061171101,0.0,159779000.0,2026-10-01
LFST,11.85,12.17,11.85,12.03,3292409.0,1.1774600504625634,39607680.269999996,4597314254.0,Health Services,3.42926580164679,92.53846153846153,3.1112122607107944,2.905657696642049,50600000.0,1584834000.0,20.383932037101886,5.07012090856203,0.320990178370752,0.0,382154000.0,2026-10-01
BKU,42.36,42.6598,41.93,42.2,934363.0,-0.8225616921268962,39430118.6,3006000851.9999995,Finance,9.00886471777856,11.589904149844829,1.0155372384510313,2.721186509121426,268303000.0,1853961000.0,-5.214440224279418,32.413633986800015,0.737142010484767,3.00822561692127,71232200.0,2026-10-01
CSW,296.33,300.375,287.73,288.08,136585.0,-1.93688940327467,39347406.8,4693827674.0,Process Industries,11.0722529586341,39.4873552189706,4.3740120400724365,4.110584171901573,120878000.0,1169553000.0,27.712526070956685,18.1727548901161,0.863875403777156,0.388058685366103,16293500.000000002,2026-10-01
FBP,26.42,26.61,26.18,26.34,1487439.0,-0.03795066413662832,39179143.26,4021281957.0,Finance,19.4940308004002,11.102212855637513,2.034286296834345,3.9401577743591947,372559000.0,1275655000.0,2.4477664201687155,43.45623425020806,0.10117192499315801,2.96015180265655,152668000.0,2026-10-01
IDYA,38.11,39.39,37.76,38.42,1016445.0,1.47913365029055,39051816.9,3707125902.0,Health Technology,-16.2163814917181,,3.088444298677162,14.886991131821592,-175020000.0,234127000.0,3244.671428571429,-92.6646649040905,0.024444805885370402,0.0,96489500.0,2026-10-01
TRVI,14.48,14.77,14.265,14.32,2725677.0,-0.6934812760055453,39031694.64,2040254062.0,Health Technology,-19.6565762626467,,6.343468707916933,,-51107000.0,0.0,,,0.00188176892499673,0.0,142476000.0,2026-10-01
AZZ,136.09,136.09,133.29,134.39,290292.0,-0.6652376376672376,39012341.879999995,4038621365.9999995,Process Industries,15.3151977615311,20.46319700338033,2.931580885368403,2.4335526061522734,198358000.0,1676648000.0,5.682326734732726,16.2288685520157,0.39447648476356906,0.620888461822751,30051500.0,2026-10-01
INBX,105.67,106.94,100.08,100.08,389480.0,-4.531145664409044,38979158.4,1472943435.0,Health Technology,-1773.59774098319,,,,-138181000.0,0.0,-100.0,,,0.0,14717660.0,2026-10-01
CALX,33.62,34.55,33.33,34.36,1134045.0,2.4753951685058104,38965786.2,2163442709.0,Electronic Technology,6.90513815064886,45.72188955422489,3.0470123139735135,1.9766483861126614,51191000.0,1111199000.0,27.842608028366545,5.51161403133012,0.0196895584778478,0.0,62964000.0,2026-10-01
DIOD,97.18,98.225,96.01,96.79,402369.0,-0.40131714344515385,38945295.510000005,4457344512.0,Electronic Technology,4.49626103696554,52.13012333710346,2.274065410569952,2.761057560082803,86090000.0,1634744000.0,17.802237079718843,4.80460549174672,0.045589793786921205,0.0,46051700.0,2026-10-01
HIW,28.69,29.3,28.52,29.02,1340727.0,1.326815642458097,38907897.54,3201086363.0,Finance,7.08170106766496,19.416566305365986,1.35363442914596,3.823049119687335,168671000.0,841292000.0,3.2971161744464594,25.5870732159583,1.4779864851303,6.98324022346369,110306000.0,2026-10-01
HTO,61.95,62.19,60.73,61.63,630523.0,-0.032441200324405554,38859132.49,2579634869.0,Utilities,6.46272530698308,21.776615667290912,1.398876631474202,3.189655646086973,106954000.0,828503000.0,5.04173127417631,21.528226210406,1.02580885535131,2.82238442822384,41856800.0,2026-10-01
CNR,87.11,88.355,85.77,85.84,451704.0,-0.7630057803468169,38774271.36,4260776134.0,Energy Minerals,2.67490803066815,43.33383815437428,1.1506472591901316,1.0222923997143063,100128000.0,4270300000.0,30.210612303642016,-1.32491862398426,0.120372090822041,0.46242774566474,49636300.0,2026-10-01
PFSI,63.83,63.99,61.67,61.72,625954.0,-2.9712309385316784,38633880.88,3206450878.0,Finance,9.37660182001404,8.48116746595578,0.7392319700819455,0.708400898107729,392382000.0,4781609000.0,24.078649772737418,30.0747091617069,3.57318546071997,1.88649583398837,51951600.0,2026-10-01
IRTC,114.51,114.75,112.19,113.66,339817.0,-0.4902819120994592,38623600.22,3746575277.0,Health Technology,-9.63047613786627,,20.13309880735391,4.552408837128144,-13947000.0,825336000.0,25.578529183980574,1.38004400631985,3.9108359366178598,0.0,32963000.0,2026-10-01
ASH,68.7,68.755,67.54,67.92,568569.0,-0.7597895967270545,38617206.480000004,3110285559.0,Consumer Non-Durables,3.99042298483639,60.08492569002123,1.6632542038676537,1.7082148670645663,52000000.0,1843000000.0,-1.3911182450508293,8.5729788388497,0.7893048128342249,2.43278784336645,45793400.0,2026-10-01
XNCR,25.36,26.35,24.94,24.95,1541989.0,-0.20000000000000281,38472625.55,1855117416.0000002,Health Technology,-29.0722770717502,,3.6852242447875128,18.06631228982685,-163325000.0,104973000.0,-28.555288608783837,-205.840549474627,0.33803166755427,0.0,74353400.0,2026-10-01
ACT,46.46,46.59,42.83,43.26,886764.0,-6.847545219638243,38361410.64,5947543466.999999,Finance,12.8691907823047,9.119271470129432,1.1075064668546815,5.19826969744834,683268000.0,1253538000.0,2.494460479301407,73.1113057601764,0.138120130811866,1.93798449612403,137484000.0,2026-10-01
APPN,35.45,35.99,35.175,35.27,1083514.0,-0.16982734220208087,38215538.78,2526330023.0,Technology Services,,,,3.238266078382298,-10620000.0,795307000.0,20.903522787217447,4.36988483692461,,0.0,40540200.0,2026-10-01
FLYW,17.47,17.6899,17.25,17.5,2183082.0,0.9809578765147243,38203935.0,2129184245.9999998,Commercial Services,4.23054381785604,66.38846737481032,2.606156187684944,2.972887668659552,34035000.0,713538000.0,32.20815700341666,5.93787576835431,0.00180384280973316,0.0,121668000.0,2026-10-01
BTU,24.53,25.315,24.39,24.39,1565359.0,0.08206811653672373,38179106.01,2973140962.9999995,Energy Minerals,-5.31575961244708,,0.9152069572239249,0.7412650527313077,-182700000.0,4010900000.0,-0.6760437818830173,-3.71238375426962,0.130794803915533,1.23102174805088,121900000.0,2026-10-01
VVX,72.71,73.65,70.6,70.77,539353.0,-2.78846153846154,38170011.809999995,2218310872.9999995,Commercial Services,8.34915387199067,24.375710398512034,1.955396405021531,0.46868599072490824,91849000.0,4896556000.0,12.988902454529786,4.18522733120994,0.93797115093049,0.0,31345400.0,2026-10-01
MDA,29.6,30.5,29.4,29.63,1287620.0,-0.03373819163293375,38152180.6,4803935728.424911,Electronic Technology,6.67528128841123,52.84790078078626,3.0910039637624425,3.2138237523050823,74553600.0,1317606400.0,32.55612921483764,5.49262662962171,0.200095207870517,0.0,162131000.0,2026-10-01
BEAM,24.79,25.2,24.41,24.45,1559294.0,-0.28548123980424256,38124738.3,2525383519.9999995,Health Technology,-8.08104982606166,,2.3652988886481134,16.394334116576456,-85427000.0,156035000.0,158.88472259092117,-242.268721761143,0.231729686484137,0.0,103288000.0,2026-10-01
PTRN,17.01,17.87,17.01,17.16,2217559.0,1.598579040852573,38053312.44,3044168374.0,Commercial Services,-25.6799379451905,,4.706643883145771,1.0156334586572209,-137556000.0,3013259000.0,43.9398093833237,1.35985655398358,0.079472516851705,0.0,155696580.0,2026-10-01
AMLX,29.47,29.62,28.64,29.1,1307046.0,-0.6147540983606548,38035038.6,3652429694.0,Health Technology,-74.7300046186653,,13.550450983222586,,-152092000.0,0.0,100.0,,0.0219720948124114,0.0,125513050.0,2026-10-01
CCC,6.57,6.75,6.57,6.66,5706468.0,1.2158054711246211,38005076.88,3922704545.0,Technology Services,2.16700461357651,94.46808510638299,2.2087061492236364,3.460541715426317,42353000.0,1112190000.0,11.558024837481105,15.4880011508825,0.778092892265823,0.0,588995000.0,2026-10-01
RUM,7.98,8.32,7.55,7.56,5019187.0,-2.072538860103629,37945053.72,3748324931.0,Technology Services,-19.1824191018588,,2.261881610244289,18.628948034399954,-158370315.0,117657431.0,13.048867309400885,-100.96226306352,0.37530457063241995,0.0,276329000.0,2026-10-01
CALY,14.23,14.39,14.06,14.09,2680530.0,-0.49435028248587776,37768667.7,2515213160.0,Consumer Durables,3.01042898613052,,1.1669993456852497,1.0348362294325686,-235000000.0,2601200000.0,-37.17059974396754,8.60756573888975,0.12643359230484602,0.0,178511000.0,2026-10-01
VECO,51.84,52.98,50.98,51.9,726997.0,1.0317305820517835,37731144.3,3172628538.0,Electronic Technology,2.64278461697645,142.50411861614495,3.5142482792710137,5.024887713850494,23243000.0,682720000.0,-2.5150856591283586,4.26060464026248,0.289313477672351,0.0,61129600.0,2026-10-01
PRGO,15.07,15.14,14.73,14.76,2548739.0,-1.6000000000000014,37619387.64,2048234259.0,Health Technology,-48.7457248751449,,0.8137418729184389,0.5051991604140023,-1734800000.0,4144899999.9999995,-4.181885431596479,6.41993775483124,1.37479131886477,7.73333333333333,138769000.0,2026-10-01
PHIN,60.97,60.97,59.27,59.43,632609.0,-1.6385302879841146,37595952.87,2177401594.0,Producer Manufacturing,8.52272727272727,17.038905931936124,1.4129794394016557,0.6351203319502077,135000000.0,3615000000.0,7.653365098272781,8.82434301521439,0.689162881245944,1.88679245283019,36638090.0,2026-10-01
ACHC,28.18,28.18,27.2,27.5,1365733.0,-1.9258202567760314,37557657.5,2560257510.9999995,Health Services,-44.5408719766317,,1.2626187263345077,0.760800398375971,-1126240000.0,3367673000.0,4.27494473789242,10.0595277510613,1.2961626418179402,0.0,93100300.0,2026-10-01
SHC,18.68,18.76,18.39,18.49,2029156.0,-0.5913978494623816,37519094.44,5276579735.000001,Health Technology,27.7803881450994,32.51846640872318,7.926641059057547,4.406900005180186,163478000.0,1216173000.0,8.148968240205951,36.8957376952128,3.40733991539072,0.0,285375000.0,2026-10-01
CON,35.39,35.42,34.39,34.42,1088578.0,-2.60328239954726,37468854.760000005,4389160058.0,Health Services,47.8922963752743,22.625386182869914,9.199764793927407,1.9742346134257767,196294000.0,2287465000.0,14.018879323063919,16.7103758964618,4.4934845261425895,0.707413695529145,127517740.0,2026-10-01
OCTV,18.7,19.4,18.7,18.89,1982040.0,1.3955984970477808,37440735.6,5070789515.0,Technology Services,,,0.9981970099534352,,,,,,0.137360013385959,0.0,257412780.0,2026-10-01
AMN,35.45,36.2388,34.96,35.87,1042321.0,2.6323319027181533,37388054.269999996,1389244769.0,Commercial Services,15.5563825828061,13.384328358208954,1.8734445631197263,0.40434024911489025,104918000.0,3434319000.0,23.9859476390344,4.67856946311627,1.0465844123257402,0.0,38730000.0,2026-10-01
CECO,71.47,71.47,69.38,69.64,536679.0,-1.3597733711048072,37374325.56,4078802789.0,Producer Manufacturing,-2.57852888230334,,1.9606827365319903,3.385536446656897,-30610000.0,903172000.0,37.6436181642783,5.81805016098816,0.37181252282188904,0.0,58569800.0,2026-10-01
CCXI,12.33,12.33,11.51,11.62,3213908.0,-5.758313057583138,37345610.96,647234011.0,Finance,-97.7367162769563,,2.4125352174084553,,-131105228.00000001,0.0,,,0.0,0.0,41900000.0,2026-10-01
TBBB,52.92,53.065,51.76,52.64,709058.0,0.45801526717557633,37324813.12,5715840547.999999,Retail Trade,-66.67457126255,,18.5648234684197,1.2231474423687219,-187387247.78876498,5087541567.964231,49.73419460087391,-0.91796796590462,2.65160157284396,0.0,65334070.0,2026-10-01
ALGT,77.86,77.86,74.33,75.79,491635.0,-1.6097624302219848,37261016.650000006,2071928492.0,Transportation,1.76465916891817,53.87404037531988,1.1658629662605813,0.6082460309836548,24999000.0,2894042000.0,12.243562669124044,8.63570742926329,1.60470390587462,0.0,27337800.0,2026-10-01
HAYW,12.45,12.455,12.24,12.24,3041034.0,-0.8103727714748756,37222256.160000004,2596343649.0,Consumer Durables,10.4123453644408,16.833998074542706,1.635403820485036,2.3342265898801076,161414000.0,1167305000.0,7.775637805976984,21.2875812234163,0.632553430413904,0.0,212120000.0,2026-10-01
CDNL,27.91,31.25,26.72,30.6,1215398.0,11.801242236024846,37191178.800000004,1452675619.0000002,Industrial Services,13.7305128218785,25.116966264466882,2.527173307103587,1.781534303015088,18135176.0,662576349.0,89.7491439376298,8.23540684516646,0.9288416409089191,0.0,20428610.0,2026-10-01
WSBC,37.73,38.02,37.17,37.42,991662.0,-0.8216273522395843,37107992.04,3588798281.0,Finance,8.97967626046724,10.85833671870466,0.9232860792787414,3.453017069385191,355995000.0,1521077000.0,31.111729811453465,44.145186873256286,0.42515569928108804,4.00212032865094,95905900.0,2026-10-01
CMPR,78.35,80.07,75.63,77.12,480696.0,-1.3432263016502457,37071275.52,1877831645.0,Commercial Services,,20.417780837150197,,0.5389982690519041,95872000.0007193,3736643000.0279903,9.801829461363466,6.88548518014735,,0.0,24349500.0,2026-10-01
SIGI,84.74,84.81,83.215,83.6,443426.0,-1.2170625073850896,37070413.599999994,4979978216.000001,Finance,14.1526479139453,10.372079750871576,1.4380517082798578,0.9283438661750694,497633000.0,5486332000.0,7.303113342665232,12.7071602666408,0.24596292588535001,2.03237622592461,59569100.0,2026-10-01
BRBR,7.83,7.84,7.65,7.69,4817935.0,-0.7741935483870918,37049920.15,894179351.0,Consumer Non-Durables,,5.407876230661041,,0.38378068461734566,171400000.0,2354600000.0,5.86278212390972,12.7112885415782,,0.0,116278000.0,2026-10-01
EEFT,63.87,63.975,62.555,62.87,588765.0,-1.3958594730238405,37015655.55,2351563976.0,Commercial Services,22.3427331887202,9.871561361637985,1.9117708769819381,0.6730335859004254,288400000.0,4374600000.0,5.7586306933565545,11.5507703561469,2.2821367590861,0.0,37403600.0,2026-10-01
DGII,76.4,77.3,75.885,76.23,485559.0,-0.35294117647058304,37014162.57,2892785324.0,Electronic Technology,7.45947683406548,60.14675714060281,4.221266811971719,5.8815231928062115,48735000.0,506213000.0,20.25918490978417,15.0991776189075,0.17279060297481,0.0,37948100.0,2026-10-01
BHF,52.0,52.0,49.69,49.9,736304.0,-4.038461538461542,36741569.6,2869827049.0,Finance,13.5973165344024,3.9833640667033867,0.43811586997037055,0.4520135792004825,831000000.0,6654000000.0,2.621838371375694,16.9371806432221,0.481526717557252,0.0,57511600.0,2026-10-01
NAT,8.09,8.19,7.85,7.9,4648743.0,-1.0025062656641612,36725069.7,1672830204.0000002,Transportation,25.6588180177859,13.543631064632264,3.5023940414967196,4.541770592580043,123505000.0,372051000.0,29.11040549685076,28.6882712316322,0.851226069041757,7.76942355889724,211751000.0,2026-10-01
SKY,85.85,87.495,85.65,85.7,428420.0,-1.1420002307071113,36715594.0,4651807172.0,Consumer Durables,12.177220272417,25.079745983436247,2.9572098293928026,1.7893939881499168,191368000.0,2672555000.0,4.5196944685287805,8.92823534033911,0.0783264613639312,0.0,54280100.0,2026-10-01
ELVN,46.98,46.98,45.47,45.84,800171.0,-1.4405504192646628,36679838.64,3358731630.0,Health Technology,-15.3115629207709,,3.7511691716740905,,-105927000.0,0.0,,,0.00168687000711613,0.0,73270800.0,2026-10-01
ADUS,113.42,113.42,110.375,110.54,330870.0,-2.1423512747875244,36574369.800000004,2064257266.0,Health Services,9.70557292105893,19.388560503744763,1.7978585088281132,1.4132939765254435,105306000.0,1476407000.0,15.88006109496877,10.8524952807729,0.094777978969775,0.0,18674300.0,2026-10-01
REZI,18.18,18.35,17.73,18.15,2010262.0,0.16556291390727143,36486255.3,2756029918.0000005,Distribution Services,15.1957295373665,8.029552291629798,1.0895319094782072,0.36467328802927335,427000000.0,7652000000.0,3.4193809974320852,8.33768949294302,1.29906852960745,0.0,151847000.0,2026-10-01
CMBT,19.09,19.3,18.855,18.93,1926273.0,-0.1055408970976231,36464347.89,5492913608.325443,Transportation,37.4127454373586,6.625883946121495,1.7618989756854566,2.496465931509241,824762754.9460745,2220527111.71928,92.48344766009937,30.1440645738374,1.7470911510884,3.22181600955795,290170122.0,2026-10-01
HCI,177.7,177.7,173.0901,173.82,209627.0,-1.5128335883052952,36437365.14,2162124052.0,Finance,33.7631072523805,7.490627020038785,2.0071417387099144,2.346334127344223,310365000.0,952128000.0,22.82749056664624,51.0373605229549,0.0624728565092059,0.906566944302793,12438900.0,2026-10-01
SRPT,18.64,18.69,18.06,18.22,1995000.0,-2.2532188841201806,36348900.0,1924524263.9999998,Health Technology,-18.4462476037049,,1.2596295638238812,0.9953857281203252,-266103999.99999997,1974344000.0,-20.43847125020804,-3.15238884409201,0.684546648182548,0.0,105627000.0,2026-10-01
FIBK,35.99,36.28,35.44,35.74,1015773.0,-0.7222222222222168,36303727.02,3406186964.0,Finance,9.61686732696756,11.029842915779405,1.0277761242487586,3.317743443153685,324300000.0,1353200000.0,-5.410317349363903,37.89754332508093,0.226298681755252,5.22222222222222,95304600.0,2026-10-01
ECO,81.72,83.7,80.5,80.88,448638.0,0.7850467289719569,36285841.44,3101647806.9999995,Transportation,61.5919910455297,7.542032283031359,3.598734035845847,4.435186705896391,402137652.002706,706471626.004915,105.24219735077509,62.341887032832,0.8233436695324561,11.9003115264798,39044655.0,2026-10-01
PVLA,141.14,142.960272,137.3,137.93,262310.0,-0.7697841726618656,36180418.300000004,1987351501.0000002,Health Technology,-46.6251270560407,,9.155841138555697,,-61696000.0,0.0,-100.0,,0.10440500398862,0.0,14408400.0,2026-10-01
DIN,28.07,28.47,27.39,27.83,1298815.0,-1.1016346837242441,36146021.449999996,352304147.00000006,Consumer Services,,56.29045307443365,,0.37839561875719596,6297000.0,899836000.0,6.443111165788154,14.5334260909766,,3.83795309168444,12659100.0,2026-10-01
GHC,1131.28,1146.5151,1125.17,1134.67,31851.0,0.6064743800040916,36140374.17,4805245886.0,Consumer Services,11.8247242738532,9.142969952378268,1.0091708547059988,0.9588517875752698,538822000.0,5068374000.0,4.8343737053093205,5.79846712180277,0.282815906827526,0.65967388702198,3270930.0,2026-10-01
SOC,3.43,3.675,3.385,3.46,10427327.0,1.764705882352943,36078551.42,663868765.0,Energy Minerals,-103.207248874947,,1.3536193669286534,3.770328802855573,-433794000.0,138396000.0,,-292.816988930316,2.45274936708861,0.0,191870000.0,2026-10-01
MBC,7.07,7.15,6.845,7.0,5140696.0,0.43041606886657463,35984872.0,1424433350.0000002,Consumer Durables,-5.82034417515091,,0.7232181969963715,0.38556271833471456,-96900000.0,2776700000.0,-0.010803024846957148,-0.594230561457845,0.85833291004216,0.0,203490500.0,2026-10-01
CAR,106.79,108.93,105.3095,106.67,336756.0,-0.11237007210413384,35921762.52,3768197929.0000005,Finance,,,,0.3255403466826066,-636000000.0,11711000000.0,0.4460073762758384,11.2202203056955,,0.0,35325800.0,2026-10-01
STC,56.81,56.9,49.4,49.71,722119.0,-12.420718816067648,35896535.49,1517258516.0,Finance,8.68814028253853,10.904424506986642,0.9099644123553801,0.535865599106982,134717000.0,3268014000.0,22.487489875522808,6.64672795159384,0.463489956529293,3.69978858350951,30522200.0,2026-10-01
XERS,9.97,10.07,9.545,9.56,3753453.0,-4.208416833667334,35883010.68,1742982264.0,Health Technology,,,,5.142236403072026,-17165000.0,335414000.0,36.333299461436845,10.9098010220205,,0.0,182320000.0,2026-10-01
CSQR,16.06,16.06,15.52,15.81,2268303.0,-0.44080604534005213,35861870.43,2634483411.0000005,Technology Services,,,,,,,,,,0.0,166633990.0,2026-10-01
TNDM,16.63,16.68,16.0,16.31,2198742.0,-1.5691007845504017,35861482.019999996,1134828639.0,Health Technology,-48.0257593743719,,8.698620274025204,1.098476913500314,-63315000.0,1040998000.0,3.9211595267734767,-4.17042107669755,5.66963984415744,0.0,69578700.0,2026-10-01
WOR,60.39,61.06,59.49,59.54,601630.0,-0.6673340006673316,35821050.2,2913100795.0,Producer Manufacturing,16.2995563973484,17.992807712066725,,2.073169343588437,163509000.0,1421471000.0,18.440025963183274,5.90282883013442,0.33188756216625004,1.26793460126793,48926800.0,2026-10-01
ADIG,18.94,19.09,17.35,17.92,1993796.0,-5.6842105263157805,35728824.32,1360543658.0,Distribution Services,,,0.5541929240820639,,,,,,0.507128309572301,0.0,75923195.0,2026-10-01
ESTA,64.02,64.43,62.72,64.17,555707.0,0.7378335949764503,35659718.19,1912387312.0000002,Health Technology,-175.303132747352,,88.48105454746016,7.805577030567257,-38891000.0000005,245818000.000002,38.55302167761965,-7.63003522931601,12.2031748970241,0.0,29801900.0,2026-10-01
MPT,3.55,3.56,3.45,3.46,10299158.0,-1.4245014245014196,35635086.68,2066312065.0000002,Finance,-0.677289705254348,,0.4589796855060583,2.0592802184432633,-31601000.0,1019212000.0,10.564106792040606,57.345478663909,2.1572175460879,9.97150997150997,597200000.0,2026-10-01
VISN,6.025,6.04,5.92,5.98,5950907.0,0.673400673400674,35586423.86,1379145899.0,Electronic Technology,47.4029400678477,6.492942453854506,0.5328025503244482,0.47307943861561347,263000000.0,2935600000.0,-38.21870527822207,12.324567379752,0.0157235214302818,0.0,230626000.0,2026-10-01
ENOV,18.51,18.7,18.08,18.27,1942984.0,-1.029252437703149,35498317.68,1053621624.0,Health Technology,-54.2485871415206,,0.7132653694632629,0.46299424044120774,-1100038000.0,2296603000.0,4.888023982725423,3.40698849561722,0.926869261854743,0.0,57669500.0,2026-10-01
MWA,21.51,21.52,21.205,21.24,1667693.0,-1.0712622263623681,35421799.32,3316109225.0000005,Producer Manufacturing,21.6843954328096,15.041427660930529,2.959297125134798,2.282992631650106,222200000.0,1479300000.0,5.883616061842388,20.9490975461367,0.404230631917172,1.30414531904984,156126000.0,2026-10-01
DLB,58.25,59.175,58.075,58.77,602531.0,1.4500258933195294,35410746.870000005,5504915067.0,Technology Services,8.71872759373049,24.92155033500127,2.130227702746787,4.0428305281849966,226176000.0,1354355000.0,0.5525973486018388,19.3325974356797,0.0183662228711148,2.48575867426204,59416900.0,2026-10-01
WEN,6.6,6.64,6.37,6.38,5549999.0,-2.4464831804281366,35408993.62,1216474221.0,Consumer Services,108.042253219344,9.668131535081072,10.096374483708123,0.5674672663858635,126061000.0,2203698000.0,-0.9757739349954367,13.0959868366718,33.8061460814995,8.56269113149847,190670000.0,2026-10-01
CUZ,27.62,27.87,27.42,27.64,1279810.0,0.10865628395509284,35373948.4,4549601005.0,Finance,0.138742723160112,706.9053708439898,1.0147032855607796,4.409396471680597,6425000.0,1034997000.0000001,11.89217239012104,22.659389350887,0.870727278242228,4.63600144875045,164602000.0,2026-10-01
OPCH,22.83,22.83,22.34,22.49,1570760.0,-1.402893467777292,35326392.4,3368670189.0,Health Services,15.9991083445363,17.017251815980625,2.6736219672103863,0.614908757611289,209576000.0,5693516000.0,5.945175874824456,5.86093022308184,1.00649338279766,0.0,149785000.0,2026-10-01
ATMU,44.11,44.1541,43.25,43.42,810832.0,-1.1834319526627128,35206325.440000005,3542877330.0,Producer Manufacturing,55.7904292569057,16.606111599801125,7.78982192129804,1.8966573669526772,215100000.0,1899700000.0,13.050464175196383,16.8500289519398,2.32277924362357,0.512061902594447,81595530.0,2026-10-01
RCUS,26.18,26.35,25.56,25.83,1361916.0,0.7017543859649112,35178290.28,3289021041.0,Health Technology,-90.8193484698914,,7.069855537369236,27.644999999999992,-460000000.0,117000000.0,-55.343511450381676,-415.384615384615,0.24568965517241398,0.0,127333000.0,2026-10-01
RLI,56.62,56.66,55.29,55.31,635478.0,-2.071529745042483,35148288.18,5075963213.000001,Finance,25.1636468760827,11.626587068023207,2.897038588595903,2.6304323195897403,438700000.0,1978837000.0,10.286713341277158,28.6579440348043,0.18189331179745602,1.20396600566572,91773000.0,2026-10-01
SLGN,35.16,35.24,34.64,34.75,1011456.0,-0.9689370190937685,35148096.0,3672450268.0,Process Industries,11.747678519816,13.657443798144946,1.543453204497556,0.5555695489852686,270290000.0,6681866000.0,8.434074752529396,9.59068918772092,2.03152512511705,2.33684810487318,105682000.0,2026-10-01
RSKD,7.82,8.035,7.75,7.91,4442804.0,2.594033722438394,35142579.64,1044418415.0,Technology Services,-5.68929468157791,,4.992426155011361,2.917519413986302,-15577999.9999955,368150000.000323,9.625549021055967,-4.45552084747616,0.11246653919694101,0.0,91847800.0,2026-10-01
CLBT,10.92,11.315,10.82,11.26,3114173.0,3.0192131747483995,35065587.98,2830100443.0,Technology Services,12.3075297672502,48.55541181543769,5.219680885584224,5.372426721862598,58246000.0,514289000.0,17.75848804301036,11.3556774498385,0.04316879670394,0.0,251341000.0,2026-10-01
OCUL,7.88,8.1594,7.6338,7.67,4568574.0,-2.5412960609911077,35040962.58,1684453780.0,Health Technology,-72.9933882756608,,3.2386920244569803,34.01036631882269,-301447000.0,52054000.0,-8.135676973034025,-603.041072732163,0.15264757971006102,0.0,219616000.0,2026-10-01
HGV,35.9,35.99,34.31,34.66,1007288.0,-3.1302403577417675,34912602.08,2693919083.0,Finance,11.6557313778464,19.597421689471897,2.453812258583387,0.5486357088703567,151000000.0,5276000000.0,5.435651478816946,12.1683093252464,7.12431941923775,0.0,77724100.0,2026-10-01
SKT,35.46,35.47,34.26,34.3,1017035.0,-1.6064257028112514,34884300.5,3940349275.0,Finance,19.2613471439265,31.42176621473067,5.8464978966243715,6.588904933775376,126079000.0,612310000.0,11.37100690623562,30.2026751155461,2.8958941670821203,3.47102696500287,114879000.0,2026-10-01
ABR,4.01,4.03,3.76,3.86,9024958.0,-2.770780856423182,34836337.879999995,720114031.9999999,Finance,2.00577852510109,60.124610591900314,0.3401978082800269,0.6318459052793748,57693000.0,1198873000.0,-6.838209239147328,70.9531368209977,3.9907888413515797,23.6775818639798,186558000.0,2026-10-01
ALNT,112.0,112.89,110.48,111.6,309132.0,-0.44603033006244425,34499131.199999996,1897480310.9999998,Producer Manufacturing,9.51449723624608,65.68569746909947,6.07218720618449,3.291139075336384,28608000.0,574782000.0,10.619240806460292,8.93538767741509,0.6328267593997959,0.124888492417484,17002500.0,2026-10-01
FCPT,21.93,22.0164,21.675,21.76,1582089.0,-1.2256014525646826,34426256.64,2388299478.0,Finance,7.64774776401633,19.72801450589302,1.473989104944502,7.89420494011057,118582000.0,306398000.0,9.645189572187729,55.7036925828498,0.777523366101009,6.60236041761235,109756000.0,2026-10-01
TBBK,48.65,49.15,47.41,48.16,713955.0,-0.8237232289950692,34384072.8,1964292668.0,Finance,29.6291565084594,9.05365266759409,2.80224994603225,3.0198155391782686,231944000.0,836772000.0,2.6465995336096673,46.64461535943482,1.35849420384161,0.0,40786800.0,2026-10-01
HASI,35.69,36.025,35.38,35.82,955058.0,0.7311586051743476,34210177.56,4602719108.0,Finance,3.31473406476821,69.77015971951695,1.8029417849123672,10.97699552067332,83733000.0,462891000.0,26.511319006583967,69.4025159270757,2.29179740608792,4.7525309336333,128496000.00000001,2026-10-01
HAFN,9.93,10.13,9.92,9.94,3438907.0,2.792140641158217,34182735.58,4897990208.773818,Transportation,25.8610077053471,7.776342111687638,1.8777594009474967,1.80156616407052,645790286.3786877,2637200254.219541,5.066237788199953,20.0743305930053,0.33410327973771803,7.77599670872189,499781026.0,2026-10-01
LIND,31.35,31.74,31.01,31.43,1084221.0,0.5116725295810686,34077066.03,2062426875.0000002,Consumer Services,,,,2.4648677367799454,-17271000.0,830613000.0,18.27376544967819,6.98676760416704,,0.0,65619699.99999999,2026-10-01
BANC/PF,24.8,24.8,24.66,24.72,1374790.0,-0.04043671653862338,33984808.8,2729711818.0,Finance,-0.657248388142792,,1.3450667554671902,4.358547383972166,-22468000.0,1548615000.0,-12.903889816557774,-5.356714614733737,0.889673931849252,2.54335260115607,157951000.0,2026-10-01
WKC,36.14,36.3854,35.15,35.16,965929.0,-1.8973214285714475,33962063.63999999,1798491048.9999998,Distribution Services,-12.5551431972551,,1.431450381679389,0.04436590626117039,-179300000.0,41683900000.0,7.556088813200707,0.814463138046104,0.5926367684478371,2.31584821428571,51151600.0,2026-10-01
LCID,4.13,4.19,4.01,4.07,8339139.0,0.0,33940295.730000004,1603865743.0,Consumer Durables,-125.9916264669,,,1.0051833912451629,-3855643000.0,1547122000.0,66.53788895694362,-258.985199615803,1.9784011634512702,0.0,394070000.0,2026-10-01
DEA,23.16,23.42,22.84,23.2,1462457.0,0.34602076124566733,33929002.4,1097861553.0,Finance,0.70992008586976,112.02317720907773,0.8347074224558603,3.023036713108143,9405000.0,357152000.0,13.044248908020512,23.6498745632112,1.31111981235721,7.78546712802768,47321600.0,2026-10-01
IOND,81.5,83.48,80.0,80.33,419851.0,-1.3144963144963235,33726630.83,3614543035.0,Technology Services,,,7.0796226198922145,,,,,,0.000204389021986917,0.0,44996174.0,2026-10-01
SLVM,34.27,34.44,32.63,32.68,1030267.0,-3.93885949441506,33669125.56,1299364735.9999998,Process Industries,7.94148380355277,17.31665960152607,1.3619521091295386,0.41067515923566883,76000000.0,3297000000.0,-7.126760563380281,5.82347588717016,1.07853403141361,5.29100529100529,39760242.0,2026-10-01
SXI,274.65,275.69,270.8925,273.06,123219.0,-0.10609109200659245,33646180.14,3353576687.0,Electronic Technology,14.2855876817023,31.50207660359945,4.358361162989396,3.7161131654772284,104633000.0,891597000.0,12.845095664258132,17.131506723329,0.749845739088523,0.497530638375709,12281500.0,2026-10-01
ATRO,68.0,68.0,66.03,67.42,495174.0,-0.059294396679501996,33384631.080000002,2902431376.0000005,Electronic Technology,33.6817861559715,35.72488342518016,14.627521088624293,3.3322199577535114,79117000.0,942090000.0,14.490819734290007,13.6584615058009,1.78067803450711,0.0,36108000.0,2026-10-01
ATEX,80.23,80.415,77.69,78.5,424307.0,-0.6831983805668095,33308099.5,1539368128.9999998,Communications,27.9217536365858,22.41128272475519,5.369959420892632,220.3321330038349,65694999.99999999,7041000.0,18.85550303848751,-578.880840789661,0.0143040091814384,0.0,19609800.0,2026-10-01
UFPI,78.86,79.24,77.19,77.22,431296.0,-1.9677542211501804,33304677.12,4259570432.9999995,Non-Energy Minerals,7.74012445296688,17.806165978739593,1.4023202752775403,0.6810432404493436,239282000.0,6233654000.0,-4.717363694628032,5.08501113472131,0.134450649807277,1.80271677034404,55161500.0,2026-10-01
GOLF,82.57,83.93,81.54,82.5,402829.0,0.09706381946129373,33233392.5,4818416176.0,Consumer Durables,25.3747208420615,22.522522522522525,5.210366165587332,1.8241226768884637,219858000.0,2707808000.0,8.768363996564798,13.7938509672769,1.03861544769362,1.18903178840087,58405000.0,2026-10-01
ALKT,13.33,14.05,13.24,13.69,2427300.0,2.3934181002243853,33229737.0,1464035640.0,Technology Services,-12.7659393824475,,4.036752434141077,2.917442674061262,-45108000.0,489727000.0,27.051336598729815,-7.07884188537696,0.987539877080708,0.0,106942000.0,2026-10-01
WAFD,30.28,30.54,29.67,29.93,1109865.0,-1.1885110597556932,33218259.45,2215164828.0,Finance,8.49678659257559,9.431524547803617,0.8129995173070023,2.866313339646469,256471000.0,1388460000.0,-4.620197469700498,41.92724307855886,1.09697975463918,3.56553317926709,74011500.0,2026-10-01
PTON,5.01,5.065,4.97,4.99,6654752.0,-0.9920634920634885,33207212.48,2189970125.0,Consumer Services,,45.36363636363637,,1.0738790044400832,63100000.0,2445900000.0,-1.8026336919865105,8.7084508769778,,0.0,423035000.0,2026-10-01
WINA,308.3,311.285,298.42,300.19,110548.0,-1.8794534876119502,33185404.12,1078333235.0,Retail Trade,,27.256796266366425,,13.06706657545108,40745900.0,86534900.0,3.764471704108735,62.3320764223452,,1.29437144538145,3592170.0,2026-10-01
FFIN,31.77,32.1,31.4,31.74,1039547.0,0.03151591553734009,32995221.779999997,4549214798.0,Finance,14.4079155083539,16.941553242594075,2.263030607239416,6.847437136783518,269013000.0,867269000.0,9.670105387216458,49.31586464166806,0.0378013377822581,2.48975732745036,143327000.0,2026-10-01
DNOW,15.81,15.89,15.49,15.5,2126379.0,-1.3367281985996233,32958874.5,2802181274.0,Distribution Services,-11.5727916281933,,1.3397595693407691,0.7021086150942941,-188000000.0,4083000000.0,69.84193011647255,-2.54714670585354,0.301481127568084,0.0,180786000.0,2026-10-01
LIFE,33.91,34.43,33.15,33.57,977132.0,-0.8271787296898113,32802321.240000002,2140383089.9999998,Technology Services,-26.1115984076648,,4.495047012541141,3.679666497309611,-106425000.0,586532000.0,83.24085876383994,-17.6723520626326,0.0420063591268591,0.0,31554808.0,2026-10-01
CC,14.03,14.0433,13.56,13.57,2400982.0,-2.3038156947444226,32581325.740000002,2042271288.0000002,Process Industries,-323.404255319149,,,0.3623453270933237,-304000000.0,5797000000.0,-1.3780197346036067,3.26030705537347,,2.51979841612671,150499000.0,2026-10-01
BOH,69.3,69.7,68.51,68.92,472347.0,-0.36142836489807717,32554155.240000002,2718921060.0,Finance,13.016785065056,12.830202729117413,1.776047886291704,3.6610577093137704,235511000.0,1067409000.0000001,1.90460915415305,36.924074930034486,0.347482520353597,4.04799768685846,39450400.0,2026-10-01
SNDX,18.28,18.94,17.945,18.8,1729351.0,3.0984370715656775,32511798.8,1678785198.0,Health Technology,-255.925296916933,,110.99958670366654,6.433103002545075,-220765000.0,252251000.0,222.65413149143006,-76.9753142703101,39.034505596397096,0.0,89297100.0,2026-10-01
CVBF,21.75,21.93,21.56,21.61,1502833.0,-1.5041020966271734,32476221.13,3803304711.0,Finance,7.59931911413858,14.947776163796085,1.2016009483806467,6.390633055622342,205562000.0,712816000.0,8.417696875304195,54.19232096003679,0.371763286555873,3.64630811303555,175997000.0,2026-10-01
HP,36.74,37.485,36.4,37.14,874366.0,1.4476918874624451,32473953.240000002,3711732243.0000005,Industrial Services,-5.22621458655978,,1.441910683067333,0.916442850736438,-139489000.0,3995992000.0,16.56722260825225,2.67805841453136,0.723407214430259,2.73149412728763,99938900.0,2026-10-01
LOAR,63.85,64.45,61.52,61.52,527684.0,-3.1943351691581343,32463119.680000003,5763714651.999999,Electronic Technology,5.84177753189581,86.61129100380121,4.80531896944967,10.356006383835357,68002000.0,586168000.0,29.75725082015841,24.6813200311174,0.804445411599524,0.0,93688470.0,2026-10-01
BW,5.88,5.95,5.78,5.84,5557871.0,0.5163511187607616,32457966.64,869955958.0,Electronic Technology,,,15.184212578976105,1.0634722516735937,-93109000.0,844141000.0,40.366621603869746,4.00466272814613,5.6178075267130305,0.0,148965000.0,2026-10-01
AZTA,34.37,35.24,34.14,34.89,929060.0,1.7794632438739773,32414903.400000002,1528474888.0,Health Services,-7.04116481032037,,1.0111402207177964,2.5291403975516666,-122897000.0,613807000.0,1.4671070467424436,-2.56644189460205,0.0357366820980194,0.0,43808400.0,2026-10-01
QTWO,55.27,56.09,54.7,55.44,584512.0,0.5805515239477509,32405345.279999997,3456944170.0000005,Technology Services,14.9843336273578,39.75903614457831,5.372936449326348,4.261360416073329,91988000.0,846197000.0,13.897050806986751,10.4366950012822,0.063614493032913,0.0,62354700.0,2026-10-01
DJT,9.29,9.47,9.06,9.06,3562533.0,-0.43956043956043017,32276548.98,2518148151.0,Commercial Services,-78.9285104992853,,2.4617023242165215,558.3674316220402,-1304202000.0,4519000.0,21.612529938911166,-4052.33237441912,0.9514990127287941,0.0,277941280.0,2026-10-01
IPAR,115.57,116.61,110.64,110.96,290238.0,-3.588495959683734,32204808.479999997,3553580489.0,Consumer Non-Durables,19.6231182229708,21.22052439327583,4.082412037375998,2.4545057256025924,167760000.0,1501676000.0,2.9329187710091524,17.2566519009427,0.18945593197167898,2.78043270483969,32025799.999999996,2026-10-01
OLED,76.58,77.44,75.65,77.04,416166.0,1.1554621848739624,32061428.640000004,3541285012.0,Electronic Technology,11.5130538457713,18.64156604641034,2.115032627343276,5.858071549032131,195640000.0,606908000.0,-8.320807986815531,34.4015896972853,0.0128803152084515,2.49474789915966,45966800.0,2026-10-01
SPSC,82.15,83.86,81.05,82.44,388332.0,0.3530127814972514,32014090.08,2967854554.0000005,Technology Services,8.26188314969003,39.78956513345239,3.179471198865819,3.889749732036062,78003000.0,772492000.0,9.800409925775575,15.832267518628,0.00671936169260572,0.0,36000200.0,2026-10-01
FSV,130.17,130.17,127.83,127.88,249986.0,-1.0216718266253817,31968209.68,5846991544.729268,Finance,12.9904147294327,37.22060678087971,4.641046456593403,1.078349660238628,157128055.85723275,5445698225.535856,-2.0418139231566315,6.17652636543048,1.2801203854897099,0.885278735160567,45722500.0,2026-10-01
RXO,21.02,21.3696,20.41,20.46,1561321.0,-1.2071463061323031,31944627.66,3374388514.0000005,Technology Services,-6.78733031674208,,2.2405466671047014,0.5770025718508784,-105000000.0,6089000000.0,9.53408886490376,-0.229922811627525,0.48339973439574996,0.0,164926130.0,2026-10-01
SBCF,32.37,32.55,31.385,31.83,1002427.0,-1.6682113067655209,31907251.41,3081869707.0,Finance,5.8536019582845,20.25195648024432,1.1285573222380394,4.2958276473799,156452000.0,1032868999.9999999,23.80497464253221,34.55431222707423,0.429744659117156,2.31696014828545,96822800.0,2026-10-01
SATL,5.75,6.11,5.52,5.53,5768506.0,-1.2499999999999893,31899838.18,850181759.0,Electronic Technology,,,25.08732931089235,26.431646862659107,-103901000.0,31906000.0,368.6545240893067,-66.802482291732,2.84770674694528,0.0,143157000.0,2026-10-01
PRDO,30.3,31.08,30.11,30.94,1028092.0,2.7565592826303615,31809166.48,1936134054.9999998,Consumer Services,17.5536659332818,11.239873578668217,1.873541405022835,2.2299261712840166,177120000.0,858609000.0,11.67532035107252,24.5610050674987,0.0547653446021856,1.99269345732315,62577100.0,2026-10-01
CRAI,165.43,166.53,158.655,164.15,193405.0,-1.078703145715314,31747430.75,1030346491.0000001,Commercial Services,26.0141270377566,21.863054567733517,5.647437511783414,1.337929412416126,49277000.0,794644000.0,11.464528581367686,9.99466427733677,1.6698066517091201,1.37399059901169,6276860.0,2026-10-01
TPC,84.45,85.21,82.36,82.52,383342.0,-2.227488151658779,31633381.84,4338003482.0,Industrial Services,10.1090443010065,35.7013065674483,3.425974131653393,0.7585917505290601,123906000.0,5949230000.0,24.701437647813908,4.49004324929445,0.367123936787737,0.319905213270142,52569100.0,2026-10-01
DV,13.46,13.49,13.45,13.49,2342924.0,0.6716417910447751,31606044.76,2090782615.9999998,Technology Services,5.38887095925089,37.44102137107966,1.9097018232060623,2.7519200127987844,58859000.0,768823000.0,7.639245707789471,12.6866652012232,0.102179176755448,0.0,154988000.0,2026-10-01
GCT,51.26,53.3403,50.58,51.68,611254.0,2.5193414005157773,31589606.72,1845505078.0,Distribution Services,32.3435187324092,12.243834253358287,3.503450912707263,1.2562468399994768,156133000.000115,1466516000.00106,22.863917024885886,11.6459008970923,0.948004112182434,0.0,28839563.0,2026-10-01
WTM,2028.44,2028.44,1997.125,2006.49,15724.0,-0.7430089388625325,31550048.76,4788931587.0,Finance,21.8941870664221,4.566478263887546,0.8887648839514883,1.6339300621076336,1098300000.0,2978700000.0,20.883892699159937,24.0474032295968,0.173060148841007,0.0494679719615535,2386720.0,2026-10-01
GRND,16.41,16.41,15.18,15.43,2044700.0,-4.280397022332514,31549721.0,2682052184.0000005,Technology Services,108.651223061168,30.060393532047538,,5.6584710980776585,95587000.0002929,509819000.001616,32.38475840296194,31.1259486209808,,0.0,173821000.0,2026-10-01
MEOH,59.43,59.93,58.67,58.68,536790.0,-1.2952060555088363,31498837.2,4539735278.827503,Process Industries,3.37041195546747,53.287477769641185,1.771477225656937,1.113470942521617,85674083.59759815,4150286771.3346195,13.205356152950928,17.3814027669945,1.22110546496518,1.21132914394119,77364300.0,2026-10-01
VYX,6.67,7.09,6.6,6.84,4603100.0,3.32326283987915,31485204.0,944398036.0,Technology Services,5.09666080843585,16.78115799803729,1.0163975838267962,0.3601405448085283,76000000.0,2533000000.0,-5.343796711509715,6.67193051717331,1.1579876434245402,0.0,138070000.0,2026-10-01
CERT,9.16,9.345,9.135,9.2,3417705.0,-0.6479481641468736,31442885.999999996,1403356819.0,Technology Services,-1.88641270358658,,1.4515986519066433,3.4994338928632613,-2922000.0,408450000.0,0.6641939101181747,4.62969763740972,0.312405911962049,0.0,152539000.0,2026-10-01
CRI,31.44,31.535,31.0,31.31,1000508.0,0.09590792838873907,31325905.48,1149427196.9999998,Retail Trade,20.1784475541203,5.861649349433679,1.1188784199764288,0.37369601052387813,189801000.0,2979890000.0,5.173231648005376,8.91881915104249,1.15324975689243,3.19693094629156,36711200.0,2026-10-01
NUTX,210.0,213.59,209.4868,211.66,147839.0,0.7425035697287017,31291602.74,1449442064.0000002,Health Services,57.1561996677076,8.373156528894233,3.673590242822128,1.742210181405897,179918000.0,846720000.0,6.88391043632732,43.0210695389267,0.8808569776524411,0.0,6847970.0,2026-10-01
BCC,76.2,76.2,74.11,74.15,421356.0,-2.395682506252459,31243547.400000002,2587193640.0,Distribution Services,5.05955159294946,25.223662278463788,1.2785851726538309,0.4144041052745019,105687000.0,6457936000.0,-1.523007978880761,2.54054855916813,0.271146018714842,1.15835198104515,34891400.0,2026-10-01
SVRA,5.15,5.24,5.05,5.16,6051742.0,1.5748031496063006,31226988.720000003,1060173682.0000002,Health Technology,-105.479586891998,,7.37754139143862,,-139309000.0,0.0,,,0.211659473757483,0.0,205460000.0,2026-10-01
DJCO,658.54,662.885,646.22,646.22,48282.0,-1.6916664131195431,31200794.040000003,890460088.0000001,Consumer Services,-3.30791583823112,,2.63682212622724,9.274805191049213,-11355000.0,97645000.0,23.352998395634103,13.4528137641456,0.061690552134883996,0.0,1377950.0,2026-10-01
OTF,9.99,10.03,9.77,9.81,3169463.0,-4.479065238558901,31092432.03,4494798611.0,Finance,4.83189903849096,12.142591904938731,0.5953923550650532,3.2502737830419717,375083000.0,1456254000.0,94.72228833661825,52.1345864114365,0.949291267151335,13.6319376825706,457612537.0,2026-10-01
GLAS,6.5,6.51,5.18,5.61,5539991.0,-17.37849779086892,31079349.51,434361543.0,Process Industries,-24.7385709250532,,6.403071063542571,3.767411326808491,-48598512.74924744,160360174.3180793,-6.801025171184762,-25.1061925850629,0.434010367463605,0.0,77426300.0,2026-10-01
NUVB,5.81,5.825,5.59,5.6,5549483.0,-0.3558718861210047,31077104.799999997,1971890054.0,Health Technology,-47.8091679417203,,7.716793672229189,11.536712183637437,-149827000.0,169900000.0,1083.5597352838731,-81.0041200706298,1.6397086629061202,0.0,351123000.0,2026-10-01
EFC,12.12,12.1272,11.82,11.83,2616841.0,-2.8735632183908018,30957229.03,1524737815.0,Finance,12.3457198053586,7.2063840155945424,0.8648893665398211,2.4601353265444756,224180000.0,630052000.0,30.21773501844599,81.1818707027357,9.40393214766712,12.807881773399,128887000.0,2026-10-01
RNST,39.34,39.65,38.845,38.88,795989.0,-1.1692933401118475,30948052.32,3553805983.0000005,Finance,8.21033924199946,11.648740150402974,0.9179566775445793,3.334344472639979,314055000.0,1567418716.0,27.48175033590235,38.529991105696475,0.28715718279124397,2.33858668022369,91404500.0,2026-10-01
FEIM,84.46,87.28,83.5,84.53,365646.0,0.4515745692216226,30908056.38,952930921.0,Electronic Technology,3.04162219850587,326.62287480680067,7.731701806746786,11.816514242582281,2679000.0,72866000.0,6.3038879568166895,8.23841023248154,0.0580955798292681,0.0,11273300.0,2026-10-01
DORM,124.21,124.42,120.91,122.6,251248.0,-1.0412462668496296,30803004.799999997,3638230626.0000005,Consumer Durables,15.0475540914496,16.98955128738117,2.400626120887777,1.7243705209564941,219302000.0,2155036000.0,3.2997858302863206,17.1523352742135,0.348672642306474,0.0,29675600.0,2026-10-01
MFP,41.06,41.6,40.06,40.82,753017.0,0.3194888178913801,30738153.94,1846307098.0,Producer Manufacturing,,,2.3504861625347937,,,,,,0.33558243157224704,0.0,45230453.0,2026-10-01
AKR,19.05,19.1,18.68,18.74,1638648.0,-2.395833333333338,30708263.519999996,2573615102.0000005,Finance,1.93311814196942,55.41099940863394,1.1013675411587631,6.357070235980459,44518000.0,404186000.0,4.693769183945708,19.4130919923006,0.760283853661814,4.16666666666667,137333000.0,2026-10-01
MBX,58.19,59.4,56.095,58.62,523792.0,1.506493506493502,30704687.04,2823144954.0,Health Technology,-33.172916355216,,6.863372981352278,,-104292000.0,0.0,,,0.00815795321080532,0.0,48160095.0,2026-10-01
KWR,157.62,159.922,156.73,157.76,194589.0,-0.16453613466651013,30698360.639999997,2714686772.9999995,Process Industries,7.16932287031793,28.094669919683717,1.9718025732673514,1.3759043193481304,97482000.0,1975349000.0,7.785072522445345,9.07728203978132,0.6707978288888491,1.2859131755474,17207700.0,2026-10-01
EROC,12.45,13.0,11.86,12.26,2500168.0,0.9884678747940627,30652059.68,2689845027.0,Producer Manufacturing,,,11.997260005871416,,,,,,0.612809522842227,0.0,48174023.0,2026-10-01
CRML,7.43,7.7,7.25,7.26,4220001.0,-1.6260162601626031,30637207.259999998,1067174613.9999999,Non-Energy Minerals,-104.700492357646,,3.0997954818132523,,-228199510.0,0.0,,,0.018863961666087198,0.0,146993760.0,2026-10-01
GPGI,11.82,12.0775,11.64,11.87,2579635.0,0.8496176720475757,30620267.45,3440995527.0,Producer Manufacturing,-20.6183845392123,,1.084699793112019,,-316072000.0,0.0,-100.0,,0.0,0.0637213254035684,289890000.0,2026-10-01
NN,14.09,15.07,13.94,14.38,2124137.0,3.527717782577395,30545090.060000002,2427486468.0,Technology Services,-77.8704074351254,,7.179159469201507,494.65094543625935,-111855000.0,3977000.0,-36.459498322415726,-1900.42745788283,0.0393512705530643,0.0,168810000.0,2026-10-01
AGO,68.7,69.12,67.5,67.72,451030.0,-1.812382195157315,30543751.599999998,2978271890.0,Finance,6.2723373838456,9.067902143784899,0.5366828514216667,3.321881209503243,351000000.0,926000000.0,3.0033370411568407,55.939524838013,0.337830545062062,2.14586051906626,43979200.0,2026-10-01
AQN,5.08,5.11,5.02,5.03,6050709.0,-0.3960396039603876,30435066.270000003,3872606384.643357,Utilities,4.23426297166936,28.844918706646606,0.8998586102078415,1.5952496153904687,145078014.00469977,2452580833.8079834,1.2352186344498983,19.8945851703745,1.43601895734597,5.05619246861925,769902000.0,2026-10-01
GSHD,43.99,45.84,43.085,45.36,670928.0,3.1143441691293416,30433294.08,1610996934.0,Finance,,33.05158845817546,,3.906133658910168,35293000.0,402158000.0,17.7391258523218,23.3147171012388,,0.0,23802800.0,2026-10-01
TPB,60.48,60.48,58.6,58.7,516931.0,-2.2969374167776224,30343849.700000003,1176871711.9999998,Consumer Non-Durables,13.7369464476763,25.252742525274254,2.736286751664031,2.3879907805137726,44554000.0,507230000.0,20.09593847814866,16.8980541371764,0.722321424419551,0.515978695073236,20048900.0,2026-10-01
SGML,9.8,10.03,9.01,9.4,3223874.0,-3.192584963954691,30304415.6,1058142176.7797834,Non-Energy Minerals,-31.7634710388389,,12.822079730419867,7.8590531223600415,-27078075.60085359,138469530.8617977,-13.870601461306439,24.042592097907,3.2596269518196697,0.0,112568000.0,2026-10-01
AVNT,40.95,40.95,40.035,40.25,752069.0,-1.2996566944580705,30270777.25,3691711624.0,Process Industries,7.09042375709042,21.779124506249662,1.514921126243176,1.128595527540148,170000000.0,3331500000.0,2.356519601818852,10.7879333633498,0.7697484509007351,2.68513977439922,91719600.0,2026-10-01
PLMR,123.09,124.93,121.27,123.29,245501.0,0.12181257105733773,30267818.290000003,3244707306.0,Finance,22.2257716727229,16.560107454667563,3.2913186764782436,3.0527725459898147,203159000.0,1091383000.0,60.26793974512977,24.8662476875671,0.301519355884446,0.365437713171999,26317700.0,2026-10-01
PLSE,51.18,51.27,49.17,49.92,604607.0,-1.9060719198270757,30181981.44,3629310160.0,Health Technology,-78.4912764048689,,35.520894853312655,2971.805078312235,-80056000.0,1185000.0,,-7007.76371308017,0.06806030150753771,0.0,72702500.0,2026-10-01
BZH,33.38,33.4,33.35,33.35,902894.0,-0.02997601918464631,30111514.900000002,889765375.0,Consumer Durables,-0.653462892250111,,0.7946729509768997,0.4248652559476425,-7724000.0,2081539000.0000002,-12.753582002970882,-1.79521017862264,1.25151657817418,0.0,26679600.0,2026-10-01
VAC,104.87,105.18,101.74,102.28,294056.0,-2.2927015666794093,30076047.68,3517953379.0000005,Consumer Services,-14.7104162078837,,1.710183433392218,0.7745062947898522,-334000000.0,5163000000.0,1.6738873572272546,10.4009296920395,2.68546426835197,3.04738249904471,34395300.0,2026-10-01
NVCR,16.01,16.095,15.73,15.95,1876602.0,-0.2501563477173291,29931801.9,1857311230.0,Health Technology,-43.2168346828443,,5.493351150848456,2.653113272057931,-148565000.0,699193000.0,10.954836866827472,-22.0820288532637,0.690403795416632,0.0,116446000.0,2026-10-01
SDRL,44.8,45.57,44.2,44.67,669505.0,0.2243661655822334,29906788.35,2783079730.0,Industrial Services,0.03487358326068,2612.280701754386,0.9754631812328484,1.8037467362924309,1000000.0,1532000000.0,13.062730627306273,9.33420365535248,0.263268156424581,0.0,62541443.0,2026-10-01
BCPC,167.66,167.85,164.95,164.96,181061.0,-1.3102004187855205,29867822.560000002,5258598597.999999,Consumer Non-Durables,12.7934152203,32.452637170230766,4.047507173799163,4.956556013043794,164414000.0,1085881000.0,10.137737973284107,21.249566020586,0.128008151243341,0.574334430152558,31878000.0,2026-10-01
NIQ,17.46,17.545,17.01,17.01,1752091.0,-2.2413793103448105,29803067.910000004,5017199443.000001,Technology Services,-65.3463505347261,,5.531635360840835,1.1698705080803904,-351400000.002997,4388600000.03281,8.855045143817792,7.77013170486912,4.18522601984565,0.0,294955870.0,2026-10-01
LIF,40.29,41.51,39.9,40.275,739642.0,0.5869130869130855,29789081.55,3281622009.0,Technology Services,30.0560459305226,23.50863880457623,5.3322829850192965,5.985773001931683,147288000.0,572558000.0,33.963345726124764,1.13700271413551,0.508027797747424,0.0,81480370.0,2026-10-01
AMTM,18.24,18.41,18.06,18.12,1632684.0,-0.16528925619833382,29584234.080000002,4430456331.0,Electronic Technology,4.45755490003278,21.70839822690787,0.9429342636396326,0.3147027600849257,204000000.0,14130000000.0,11.43533123028391,3.93489030431706,0.8146964856230031,0.0,244506413.0,2026-10-01
WLTH,10.12,10.735,9.67,10.38,2849792.0,2.7722772277227836,29580840.96,1621111438.0000002,Technology Services,-15.4965702868419,,2.5243927351965523,4.72923064721801,-72169000.0,371714000.0,,-40.8241282276158,0.021945207159012797,0.0,156176440.0,2026-10-01
STRA,75.78,78.22,75.54,77.67,380490.0,2.4940617577197157,29552658.3,1724860964.0000002,Consumer Services,8.15119590607039,12.949100548507028,1.0559228544149253,1.2804857150186852,134507000.0,1286351000.0,3.5313386587255273,15.7049669957889,0.0653244644903476,3.16706254948535,22207600.0,2026-10-01
FTRE,19.41,20.02,19.39,19.95,1480952.0,1.063829787234047,29544992.4,1897245042.0,Commercial Services,-15.3044727860607,,3.6193168108648446,0.6991787782551839,-85200000.0,2676500000.0,-2.0852387049570145,0.96768167382776,2.13181991606257,0.0,95100000.0,2026-10-01
SUPN,44.03,44.18,43.03,43.04,685590.0,-2.115078462588128,29507793.599999998,2505967210.0,Health Technology,-10.489679379665,,2.42758969221953,3.07470819093057,-109886000.0,830438000.0,24.854425859800788,-7.73013759004284,0.0389536338300237,0.0,58224100.0,2026-10-01
CBNK,38.25,40.2599,38.25,39.31,749965.0,10.26647966339412,29481124.150000002,640377878.0,Finance,14.0531511767052,11.53665551446851,1.5166374862167709,2.507416157259644,56370000.0,301615000.0,11.76058634335769,22.778333841666417,0.14185999692092702,1.40252454417952,16290500.000000002,2026-10-01
NSP,46.89,47.78,46.07,46.59,630597.0,0.15047291487532305,29379514.23,1779517660.0,Commercial Services,-18.4971098265896,,28.281270866466755,0.2640104772991854,-16000000.0,6872000000.0,2.643764002987304,-0.0436554132712456,7.836065573770489,5.15907136715391,38195300.0,2026-10-01
MAIN,56.45,56.45,55.05,55.05,531899.0,-1.5909903468001438,29281039.95,5147640706.999999,Finance,14.9184688522341,11.094316807738815,1.6229545024384116,7.649522909031716,451340000.0,681952000.0,3.4858364656947622,90.767971939374,0.803450961270637,5.54165176975331,93508500.0,2026-10-01
GLOB,34.04,35.395,34.015,34.7,843269.0,2.2392457277548767,29261434.3,1498330556.0,Technology Services,5.35762749296413,13.623871221044366,0.6928821040133849,0.5985679654230683,113412000.0,2451114000.0,-1.2609092355629499,9.70509735573294,0.245016436816197,0.0,43179600.0,2026-10-01
THRM,34.08,34.3038,32.88,33.3,878239.0,-1.8278301886792587,29245358.7,1023609322.0000001,Producer Manufacturing,3.73528582864267,38.62212943632568,1.4139923245269495,0.6668722938089181,26574000.0,1579530000.0,8.680514941136806,5.00579286243376,0.449553184957365,0.0,30739000.0,2026-10-01
SAM,163.2,165.085,162.6,164.02,178285.0,0.9415964059326735,29242305.700000003,1688041479.0,Consumer Non-Durables,-8.6138700887756,,2.3623933253818725,0.8765676264096746,-70070000.0,1925446000.0,-6.0571079512410275,5.41168124164479,0.0441523037566543,0.0,8223680.0,2026-10-01
PATK,69.89,70.0,67.075,67.78,430476.0,-1.938657407407412,29177663.28,2176975844.0,Consumer Durables,12.9525962047942,16.116606429522545,1.925087456853814,0.5961938367598255,147283000.0,3938675000.0,3.200122833738718,7.01898481088183,1.46006103922283,2.71990740740741,32118299.999999996,2026-10-01
XNDU,4.77,4.84,4.56,4.58,6365291.0,-3.983228511530388,29153032.78,1394121296.0,Electronic Technology,-22.8629654329828,,4.450533966902797,329.45676092562655,-60229323.0,4343000.0,,-1409.99585539949,0.188919587958157,0.0,55655380.0,2026-10-01
PRCT,18.09,18.5,17.685,18.22,1594598.0,0.0,29053575.56,1043526022.9999999,Health Technology,-30.2411188842018,,3.067133526361861,3.0822337700835947,-109755000.0,337340000.0,22.69139843607929,-33.8616825754432,0.22789425706472202,0.0,57273660.0,2026-10-01
ALG,158.57,158.57,154.71,154.77,187430.0,-2.531645569620242,29008541.1,1883700335.0,Producer Manufacturing,8.77089098096554,18.543324067861597,1.5585277154503197,1.1584511914606248,101019000.0,1661574000.0,4.0664592737154805,8.90703634024124,0.234707224078579,0.831286604949934,12171000.0,2026-10-01
AX,87.25,87.28,85.425,86.57,334773.0,0.3244871943446366,28981298.61,4922197521.0,Finance,16.7731839486104,10.209448781753425,1.551111238523891,3.3652006580172995,490372000.0,2190535000.0,12.535325663963226,43.67936896695897,0.41829347862474303,0.0,56858000.0,2026-10-01
HNI,46.7,46.81,45.3,45.32,638861.0,-2.851018220793137,28953180.52,3271278846.0,Producer Manufacturing,0.328721045791606,411.62579473206176,1.8121425546811616,0.7657988206097315,4300000.0,4392100000.0,70.13092655717385,5.59413492406821,0.9107578107688901,2.95819935691318,72181800.0,2026-10-01
NMRK,12.55,12.55,12.145,12.26,2361450.0,-1.6840417000801993,28951377.0,2221856546.9999995,Finance,10.8283208981115,15.248756218905472,1.5410354098764532,0.862711554757748,148250000.0,3640535000.0,23.063097414804005,7.58539610249592,1.57369424391808,1.44346431435445,159943000.0,2026-10-01
VRDN,20.27,20.745,20.0,20.59,1404852.0,2.97574393598399,28925902.68,2332687792.0,Health Technology,-62.6191531905279,,4.133459137173027,30.328042227002417,-368597000.0,71127000.0,23220.32786885246,-569.683805024815,0.366835977205757,0.0,113292000.0,2026-10-01
LTC,43.2,43.2,42.755,42.87,673347.0,-0.5336426914153225,28866385.889999997,2310931443.0,Finance,12.1054076187421,15.71192963166575,1.8217173180853568,6.4334907103700125,134737000.0,349691000.0,59.93916941090377,36.1690749833424,0.614479770699914,5.29002320185615,53905600.0,2026-10-01
YELP,18.28,18.85,18.23,18.5,1558542.0,1.2035010940918973,28833027.0,1003877012.0,Technology Services,18.1902624932509,8.858032080440509,1.5781024214062342,0.6915608997401907,126507000.0,1473003000.0,1.5007331742032932,12.6861248755094,0.191307734198878,0.0,54263600.0,2026-10-01
ARIS,18.01,18.01,17.38,17.4,1656533.0,-1.971830985915501,28823674.2,3591359959.9596286,Non-Energy Minerals,20.8350537039755,13.021394600341969,2.0370226764174024,3.0174999991615725,276772016.64785165,1234675407.9030976,86.19708216790585,46.2928123403028,0.286522671041064,0.0,206400000.0,2026-10-01
TILE,35.21,35.21,34.4,34.4,836955.0,-1.5455065827132204,28791252.0,1988335940.0000002,Producer Manufacturing,23.2254924644365,13.905169974534136,2.931047116582399,1.4138455451482466,145553000.0,1440654000.0,6.54030609037764,12.3185025689721,0.428089597782905,0.286204922724671,57800500.0,2026-10-01
VIA,29.36,30.82,29.36,30.25,950711.0,3.418803418803419,28759007.75,2465544837.0,Technology Services,,,3.9845622908928053,4.8385168409588735,-98528000.0,491703000.0,29.132842927413442,-17.4320677319439,0.029152090621356003,0.0,77659430.0,2026-10-01
NGVT,71.42,71.42,69.81,70.75,406178.0,-0.4362510554461051,28737093.5,2432237985.9999995,Process Industries,30.0715990453461,46.919556999801046,52.01938135537142,2.1603979145122367,55400000.0,1160400000.0,-12.416031398596122,24.5863495346432,26.360341151385903,0.0,34377900.0,2026-10-01
ARRY,4.0,4.12,3.955,4.03,7101957.0,1.0025062656641612,28620886.71,620651025.0,Producer Manufacturing,-25.9756753977998,,,0.5241998815201875,-85900000.0,1185012000.0,1.1755022864578175,3.62958349788863,2.54273488397227,0.0,154008000.0,2026-10-01
TH,19.41,19.96,19.35,19.72,1442114.0,2.2821576763485356,28438488.08,1964573788.0,Consumer Services,-9.77021850308212,,5.343362524928466,5.562210454618735,-37683000.0,347368000.0,11.916283805117565,-9.4395568964326,0.130448057193962,0.0,99623400.0,2026-10-01
NHI,66.18,66.435,65.51,65.63,432846.0,-1.545154515451547,28407682.979999997,3223117746.0,Finance,10.9223941363541,18.994009203252972,2.051300323744762,7.429622405598265,166625000.0,435135000.0,23.77437385330887,45.2951382904156,0.8134433310890871,5.52055205520552,49110400.0,2026-10-01
SFNC,22.57,22.975,22.48,22.58,1257027.0,0.26642984014209026,28383669.659999996,3263121112.0,Finance,-9.94099190322268,,0.9367152987014172,19.48416343686558,-349479000.0,616663000.0,-56.94680268765255,-273.8841558163211,0.384366225053915,3.79662522202487,144514000.0,2026-10-01
AVA,35.34,35.45,35.025,35.09,808195.0,-0.056963827969228206,28359562.550000004,2938886835.0,Utilities,8.30589096231248,12.68573081233506,1.0417786180356847,1.520561224596143,227000000.0,1919000000.0,-1.816924122236139,18.7597707139135,1.1878766394895401,5.60381657647394,83752800.0,2026-10-01
OGN,13.74,13.76,13.7,13.7,2066468.0,-0.29112081513828914,28310611.599999998,3597749224.0000005,Health Technology,24.036802760207,17.550602100947987,3.5762858313820387,0.6064908209564235,209000000.0,6127000000.0,-2.4518388791593697,19.405908274849,8.50198807157058,0.582241630276565,262608999.99999997,2026-10-01
TLRY,3.96,3.97,3.68,3.75,7534623.0,-5.06329113924051,28254836.25,554183006.0,Process Industries,-7.7674046310148,,0.30452351408766376,0.4984083303461803,-121397000.000269,915454000.002544,11.462799019329548,-6.03645841298772,0.246790003543261,0.0,147782000.0,2026-10-01
IMNM,22.15,22.555,21.51,21.51,1306306.0,-1.7359524897213294,28098642.060000002,2443054828.0,Health Technology,-64.0327411113195,,4.6453970399901525,,-254323000.0,0.0,-100.0,,0.009027144280047151,0.0,113578000.0,2026-10-01
NTST,17.91,17.99,17.68,17.68,1589196.0,-1.3943112102621307,28096985.28,1802892197.9999998,Finance,0.96253560011021,125.65742714996446,1.141545877811977,8.376122983625033,13904000.0,220031000.0,21.858298765527824,36.8925287800355,0.902321262766945,4.85220301171221,101528000.0,2026-10-01
UNFI,45.56,45.685,44.45,44.79,626003.0,-1.4954915328788205,28038674.37,2701602304.0,Distribution Services,5.29634300126103,33.530468633028896,1.666154556945733,0.0918099319465845,84000000.0,31152000000.0,-1.9884218474704254,1.12031330251669,1.87230104873535,0.0,60317100.0,2026-10-01
PDM,9.03,9.03,8.85,8.9,3150262.0,-0.22421524663676654,28037331.8,1113682119.0,Finance,-5.34629847191851,,0.7558091148880808,1.959365464663973,-80729000.0,569433000.0,0.6951345883834187,13.4582997472925,1.52761559745286,0.0,125133000.0,2026-10-01
BRUN,16.84,17.1,15.92,16.5,1698495.0,-0.9009009009008924,28025167.5,1383444816.0,Technology Services,-65.3572920098377,,12.667459982342328,24.079493829083432,-74115226.0,31138000.0,,-47.1024022095189,4.358469454018681,0.0,54312122.0,2026-10-01
ANIP,73.01,73.84,72.3657,72.65,383955.0,0.04131093362710154,27894330.750000004,1668796102.0,Health Technology,19.3332682121031,15.68267674042094,2.794546767980687,1.6266368145677712,99950000.0,978379000.0,30.90451017461891,13.3386959450274,1.0222383341259,0.0,22959500.0,2026-10-01
SERV,4.68,4.99,4.65,4.65,5994687.0,0.4319654427645888,27875294.55,403189903.0,Producer Manufacturing,-64.5526459844221,,1.1433095492164027,47.72660753305097,-180424000.0,7791000.0,426.46800850349564,-2447.95276601207,0.027564583617592203,0.0,86707504.0,2026-10-01
TALO,16.335,16.585,16.13,16.33,1706442.0,0.740283775447239,27866197.859999996,2726546102.0,Energy Minerals,-17.7950091472384,,1.3413799703138565,1.3928764992449798,-404983000.0,1979413000.0,2.440780209196424,6.27842698820307,0.661112625293093,0.0,166965000.0,2026-10-01
SKYW,99.15,99.505,96.59,96.92,287029.0,-2.0020222446916116,27818850.68,3763241028.9999995,Transportation,15.3410431644377,9.631992685568905,1.3664705737216656,0.9350125094023399,409906000.0,4190448000.0000005,9.101531684227805,14.028500055364,0.863334073271234,0.0,38828300.0,2026-10-01
SMPL,9.64,9.67,9.47,9.49,2929324.0,-1.2486992715920835,27799284.76,839490584.0000001,Consumer Non-Durables,-12.1972181643174,,0.5918447657909983,0.6208218690091835,-198758000.0,1392235000.0,-4.482198404737761,13.7899851677339,0.316238400135391,0.0,88460600.0,2026-10-01
AADX,12.0,12.46,11.7,12.03,2310687.0,0.24999999999999467,27797564.61,2073893865.9999998,Electronic Technology,,,2.5050653128624587,3.5920991267717657,-174139000.0,575909000.0,35.16103367590491,-10.2207119527564,0.5212584900486911,0.0,172393520.0,2026-10-01
BLZE,13.62,14.38,13.45,13.99,1986790.0,4.559043348281012,27795192.1,865981007.0,Electronic Technology,-24.2918301819479,,9.765665901142702,5.204142709352977,-20427000.0,156303000.0,13.852104366067916,-6.98451085391835,0.931091734622422,0.0,61900000.0,2026-10-01
UCB,33.64,33.98,33.19,33.35,830489.0,-0.744047619047619,27696808.150000002,4021192757.0,Finance,10.2065146601054,10.909388289172393,1.0665204984600212,3.6500406777581986,375494000.0,1542044000.0,4.048813830135374,44.86612417629795,0.31524719332743,2.97619047619048,120576000.0,2026-10-01
SEB,4087.0,4091.69,3930.0101,3948.0,7011.0,-2.6495210149305213,27679428.0,3781370754.0,Process Industries,12.2856312372832,5.965188862140225,0.6892764701033202,0.3781430760611368,634000000.0,10272000000.0,8.171861836562764,3.63123052959502,0.359460444768502,0.221923584312468,957794.0,2026-10-01
BBNX,19.22,19.52,18.45,18.98,1456387.0,-2.2153529108706835,27642225.26,1023899093.9999999,Health Technology,-26.1552440058136,,3.3302043215454393,7.26495540092259,-72973000.0,119013000.0,52.53774576401528,-69.7537243830506,0.0254011842444006,0.0,53946213.0,2026-10-01
MRVI,7.65,7.75,7.53,7.66,3606276.0,0.13071895424836322,27624074.16,1989099335.9999998,Health Technology,-32.8965463004882,,5.573584411426576,5.422916536941703,-77386000.0,208775000.0,-3.279083450311091,-13.3991138785774,0.863523961255388,0.0,148990000.0,2026-10-01
NWL,5.35,5.39,5.2101,5.28,5222367.0,-0.7518796992481209,27574097.76,2248752057.0,Producer Manufacturing,-8.59420571650787,,0.9164057455863261,0.3158520563069274,-221000000.0,7246000000.0,-2.0413681222117073,8.36323488821419,2.26111791105671,5.26315789473684,425900000.0,2026-10-01
GNL,8.4,8.435,8.26,8.26,3336435.0,-1.0778443113772438,27558953.099999998,1910685542.0000002,Finance,-0.958676419624586,,1.1548151317132367,3.838537702919344,-15349000.0,459727000.0,-29.597595095857727,34.8763505297709,1.62723750466337,9.10179640718563,231318000.0,2026-10-01
UTI,18.61,18.87,18.16,18.67,1475585.0,0.21470746108428718,27549171.950000003,1028627950.0000001,Commercial Services,10.5345933683821,30.347854356306897,2.9875298232924914,1.1793514562667309,34295000.0,883595000.0,9.148866258529619,5.13323411744068,1.04404512265252,0.0,55095200.0,2026-10-01
REYN,22.14,22.15,21.59,21.62,1266303.0,-2.0389669234254613,27377470.86,4557301275.0,Consumer Non-Durables,15.4777927321669,13.228095937347039,1.972942760020989,1.2352437929212892,345000000.0,3786000000.0,2.6851098454027666,14.1310089804543,0.7134199134199141,4.16855459900317,210791000.0,2026-10-01
MQ,17.01,17.07,16.8,16.995,1610605.0,-0.08818342151675819,27372231.975,1769159005.0,Commercial Services,1.33201624128442,173.2415902140673,2.472521477257022,2.68249376856878,10383000.0,677212000.0,22.4123407962807,-0.418480475833269,0.021580391219707198,0.0,95911800.0,2026-10-01
UE,19.89,19.89,19.53,19.53,1397499.0,-1.2639029322548028,27293155.470000003,2461170471.9999995,Finance,5.24275788464048,36.54565868263473,1.91504007562104,5.260433011304999,67888000.0,495091000.0,7.384994458217562,30.0560906984777,1.4806667782896,4.04448938321537,126020000.0,2026-10-01
SPB,81.42,81.42,79.3201,79.51,342481.0,-1.3890611434949651,27230664.310000002,1828379882.0,Consumer Durables,4.24849699398798,24.110012735763238,0.989197825382137,0.6484083550913856,79500000.0,2872500000.0,0.8248508248508248,9.06875543951262,0.40471682804132597,2.33163834800943,22995600.0,2026-10-01
BRSL,9.97,10.105,9.855,9.99,2721751.0,0.6042296072507604,27190292.490000002,1838159958.0,Consumer Services,15.7341186369271,11.116056526093246,2.172664874598742,0.7483711507236658,171000000.001311,2468000000.01869,0.6525285485504319,24.5948136142702,5.2304964539007095,9.16414904330312,184000000.0,2026-10-01
WERN,34.34,34.48,33.855,33.98,797538.0,-0.2055800293685765,27100341.24,2038023788.0,Transportation,-3.33250995792144,,1.5026767812114987,0.630805515072097,-46275000.0,3251671000.0,9.644758200753834,0.697825825552462,0.696712729546356,1.64464023494861,59977200.0,2026-10-01
ADMA,9.98,10.135,9.795,10.03,2699131.0,0.7028112449799047,27072283.93,2246566281.9999995,Health Technology,41.8971077438865,14.237047551454932,5.537153582864083,4.478370012356648,168957000.0,512275000.0,8.035236010409681,42.2628471036065,0.499350821150002,0.0,223985000.0,2026-10-01
KMPR,25.33,25.78,24.85,25.0,1082394.0,-2.5720966484801253,27059850.0,1473078823.0,Finance,-19.2569274416074,,0.6717692467263342,0.32809173961206817,-495500000.0,4603900000.0,-3.921282190408615,1.13816546840722,0.430727836556001,4.98830865159782,58923200.0,2026-10-01
TRIP,8.44,8.6,8.315,8.37,3229491.0,-0.35714285714287064,27030839.669999998,980958469.0000001,Consumer Services,0.837533927879023,828.7128712871287,1.4795435864348656,0.5537245428619354,5000000.0,1788300000.0,-4.3689839572192515,4.95442599116479,1.3492830188679201,0.0,117199000.0,2026-10-01
SNDR,31.98,32.345,31.75,31.85,846517.0,-0.40650406504064734,26961566.450000003,5583333746.0,Transportation,3.6757077219505,50.21283304430081,1.8249764500684154,0.9672257354962872,111600000.0,5819200000.0,6.2460060981176175,3.05883970305197,0.12946983068575502,1.21951219512195,92271400.0,2026-10-01
PGY,17.58,17.715,17.225,17.32,1552939.0,-0.28785261945884116,26896903.48,1444935611.0000002,Technology Services,26.3934520061817,13.392097734477694,2.4292917604651,1.2743288629198564,126808000.0,1325553000.0,17.788194105049897,22.8705302617096,1.57778720295951,0.0,72137300.0,2026-10-01
PBH,46.69,46.69,45.85,45.87,583491.0,-1.8613607188703565,26764732.169999998,2173069327.0,Health Technology,9.11998786914155,12.842623960578996,1.1336856895352185,2.0137941595731688,172012000.0,1104885000.0,-1.362763915547025,26.2627332256298,1.0786355412069402,0.0,47374500.0,2026-10-01
IVR,6.33,6.35,6.055,6.07,4400754.0,-3.0351437699680432,26712576.78,653377316.0,Finance,14.1212227826489,4.112466124661247,0.7512450618322954,1.7563384378880134,120009000.0,338260000.0,31.49127887766326,100.488086087625,6.27110098644783,22.6837060702875,107640000.0,2026-10-01
TRN,26.85,27.08,25.475,25.54,1045735.0,-4.380381879445907,26708071.9,2034758771.0,Producer Manufacturing,32.3854660347552,6.152289644207839,1.7807179068128147,1.0671445358401874,339400000.0,2042400000.0,-18.945948091118343,15.192910301606,4.5722159041203705,4.60501684762261,79669500.0,2026-10-01
COAG,32.92,33.27,30.8,30.84,865203.0,-5.398773006134974,26682860.52,1440601672.0,Health Technology,,,3.1707843681564416,,,,,,0.0022585637207746,0.0,46712116.0,2026-10-01
VPG,72.49,72.91,70.2501,72.74,366588.0,1.4504881450488032,26665611.119999997,968928018.9999999,Electronic Technology,1.1892246845452,246.74355495251015,2.9118712595824743,2.904309321647043,3948000.0,328590000.0,11.280064480733671,2.38412611461091,0.117965085003501,0.0,12297500.0,2026-10-01
RLJ,11.0,11.1225,10.92,11.05,2412020.0,-0.0904159132007214,26652821.0,1692272165.9999998,Finance,1.25873809655944,1872.8813559322036,0.9432826749277172,1.208213382556349,27558000.0,1381603000.0,1.0715788010578255,9.51061918655359,1.30785727596031,5.4249547920434,152376000.0,2026-10-01
PHVS,31.84,32.05,31.14,31.72,839837.0,-0.03151591553735129,26639629.64,2216076059.9999995,Health Technology,-71.1375670589695,,6.475081550916758,,-199291657.95584002,0.0,,,0.00223970902292694,0.0,69863700.0,2026-10-01
BKE,43.61,43.91,42.92,42.95,618705.0,-0.647698357622008,26573379.75,2212458998.0,Retail Trade,45.7642520466643,9.901104220936398,4.525211062376268,1.659756218912961,220837000.0,1328528000.0,6.224878565574589,22.2736743222574,0.861804430700764,3.23849178811011,51512400.0,2026-10-01
ORIC,13.51,14.12,13.33,13.47,1961192.0,0.7479431563201303,26417256.240000002,1396201311.0,Health Technology,-39.8017159848054,,3.661539967054295,,-140351000.0,0.0,,,0.00872117422414336,0.0,103653000.0,2026-10-01
WTTR,19.77,20.22,19.43,19.79,1332400.0,2.3267838676318475,26368196.0,2551779839.0,Energy Minerals,3.45964121558061,74.03666292555181,2.3965133697351484,1.6958073724336056,31978000.0,1430510000.0,-1.9523713240963814,4.40199649076204,0.278222444158342,1.44777662874871,128943000.00000001,2026-10-01
PRLB,96.15,97.3851,94.85,94.85,277386.0,-0.6390111041273827,26310062.099999998,2268991797.0,Process Industries,4.49382206363717,75.5596271807536,3.280155732180212,4.158040023263445,30478000.0,560536000.0,10.203543981267584,7.32691566643356,0.0032396893020862102,0.0,23921900.0,2026-10-01
PRVA,19.73,20.05,19.505,19.69,1335256.0,0.35677879714577104,26291190.64,2515086457.0,Finance,3.83897176054339,91.36890951276102,3.178523576605808,1.0968509875919683,28124000.0,2358069000.0,24.10425715670625,1.90308256458992,0.011162822802171499,0.0,127734000.0,2026-10-01
HRMY,39.3,39.555,38.72,39.26,667692.0,-0.07635530669381811,26213587.919999998,2286360690.0,Health Technology,20.4556392937405,12.722382449204446,2.283547234121756,2.4049409990540647,181270000.0,959898000.0,24.25429790803428,24.0286988825896,0.22113339798227302,0.0,58236400.0,2026-10-01
DEI,9.54,9.735,9.435,9.58,2734924.0,-0.2083333333333289,26200571.92,1604508778.0,Finance,-1.27853886037905,,0.8727267426977459,1.5958551691281555,-24533000.0,1007520000.0,0.7821338580235491,19.0033944735588,3.12485715264773,7.91666666666667,167485000.0,2026-10-01
AWR,82.28,82.73,81.97,82.33,318008.0,0.47595801806199733,26181598.64,3263200991.0000005,Utilities,13.6218785204768,22.533939128530765,2.9097147292070966,4.637911495035665,142621000.0,697475000.0,13.233997717380541,31.8451557403491,0.818109997503299,2.51098364657066,39635600.0,2026-10-01
EYE,16.55,16.69,16.115,16.38,1592495.0,0.0,26085068.099999998,1295155281.0000002,Retail Trade,5.75493955345029,26.470588235294116,1.4436755026423316,0.6492387035476089,50286000.0,2033426000.0,7.843164292457333,4.24716709631922,0.7770491730174941,0.0,79069300.0,2026-10-01
URGN,40.72,41.095,40.085,40.63,641377.0,0.4449938195302836,26059147.51,1986017278.9999998,Health Technology,,,,10.797606845604857,-97636000.000084,188734000.00014898,100.27377491029704,-35.3158413428475,,0.0,48880600.0,2026-10-01
AGL,79.16,79.845,76.52,79.59,327321.0,1.8426103646832983,26051478.39,1336412356.0,Health Services,-78.9424563520495,,5.871469482965436,0.22722846986029593,-251217000.0,5920015000.0,0.3191394537568914,-4.291627639457,0.146997938706176,0.0,16791200.0,2026-10-01
OMER,19.25,19.4,19.02,19.04,1365766.0,-1.0909090909090953,26004184.64,1378273551.0,Health Technology,,13.243374834805591,,44.90380544349597,124826000.0,38422000.0,,-189.526833584925,,0.0,72388300.0,2026-10-01
MNTN,10.51,10.6699,10.08,10.17,2549156.0,-1.9286403085824428,25924916.52,760748166.9999999,Technology Services,19.6756028804287,13.538338658146966,2.2573714163951313,2.6027868959662466,56395000.0,313331000.0,20.553189360973565,15.0498993077608,0.0,0.0,61892532.0,2026-10-01
DCO,171.9,172.35,168.84,171.54,150689.0,0.21615937372203342,25849191.06,2590216010.0,Electronic Technology,-3.54910249744505,,3.7514269593628216,3.084492501781153,-24813000.0,863205000.0,8.568593270094254,10.3557092463552,0.48490088900089506,0.0,15099800.0,2026-10-01
MCRI,116.81,116.82,115.0,115.0,224746.0,-0.9389266948057571,25845790.0,2061089983.0,Consumer Services,20.5436122779602,18.45906902086677,3.5735105297372005,3.7723403812343865,114635000.0,561964000.0,5.10011333585192,26.4844367254842,0.022176989401302798,1.03368076492377,17922500.0,2026-10-01
SGRY,14.32,14.42,13.86,13.87,1857169.0,-3.747397640527418,25758934.029999997,1815836233.0,Health Services,-5.18280198888564,,1.0866073876767597,0.5514565695273738,-88600000.0,3366300000.0,3.9944392956441153,13.6351483824971,2.42898186388939,0.0,130918000.0,2026-10-01
SMA,32.84,32.84,32.025,32.2,797514.0,-0.4636785162287436,25679950.8,1910824138.0,Finance,2.36885919796582,63.435776201733646,1.541673050406006,5.853709815246259,28107000.0,306462000.0,21.099634087550285,22.4520495200057,0.968168293330405,4.94589799072643,55368904.0,2026-10-01
MGEE,69.79,70.26,68.805,69.45,369426.0,0.3032928942807741,25656635.7,2624099507.0,Utilities,11.041021334872,17.072271386430682,1.8214778597989214,3.371931194986539,149633000.0,769130000.0,7.073896343814779,21.9869202865575,0.648629417591854,2.74407856730214,37784000.0,2026-10-01
NHC,224.21,224.3,219.51,219.51,116839.0,-2.074411134903643,25647328.89,3437832537.0,Health Services,13.0830652077901,24.668479726692436,3.0631976568372967,2.2915495144449896,140264000.0,1551853000.0,7.189268453738131,-7.50593000754582,0.0279862283057501,1.15542469664525,15661400.0,2026-10-01
NIC,164.19,164.58,161.85,163.02,156803.0,-0.33624747814390354,25562025.060000002,3416493990.9999995,Finance,8.90670481503779,18.515531830314043,1.511496721103543,6.841944249122192,154156000.0,707971000.0,31.61098067209863,46.89011149782856,0.0408325166829997,0.806993947545393,20957500.0,2026-10-01
BLSH,36.86,37.37,34.725,34.89,730623.0,-2.2141255605381143,25491436.47,5244043677.0,Technology Services,-55.7258066802243,,2.1714181868875966,15.269632404101214,-1380107000.0166402,353810000.00425303,,18.0882394505508,0.214553264718646,0.0,150302220.0,2026-10-01
CRK,12.6,12.6985,12.305,12.32,2067817.0,-1.518784972022378,25475505.44,3617405393.9999995,Energy Minerals,20.9208843488892,7.1569652608342045,1.4025644616121977,1.9360417897235616,504477000.0,1884291000.0,17.310164625988406,19.2784978541,1.229069258438,0.0,293621000.0,2026-10-01
HTGC,17.05,17.05,16.775,16.81,1504006.0,-0.9428403064231005,25282340.86,3146226764.9999995,Finance,17.1598757627833,8.443417549851826,1.3837634579433866,5.722741940934543,379697000.0,591818000.0,44.00340653324412,82.6554785423897,1.03330695193749,9.428403064231,187164000.0,2026-10-01
ALMR,32.47,35.28,32.235,34.07,741823.0,4.349157733537525,25273909.61,2364211613.9999995,Health Technology,,,7.556300761618339,,,,,,0.164311490553192,0.0,69392770.0,2026-10-01
FFBC,31.52,31.7,31.15,31.32,806579.0,-0.4133545310015867,25262054.28,3287627192.0,Finance,10.2861651931075,11.064791916908076,1.1003345621339464,3.2725842593685255,285217000.0,1372913000.0,11.645265957014256,35.48113603257254,0.35282150087297404,3.17965023847377,104969000.0,2026-10-01
BL,26.44,26.93,26.35,26.53,951708.0,0.6067500948047028,25248813.240000002,1542063474.9999998,Technology Services,9.52533548062847,47.36654168898411,4.898385729874245,2.468263221416394,34778000.0,732448000.0,8.619434249063879,6.72047708506269,2.1846831175238903,0.0,58125300.0,2026-10-01
SWMR,16.48,18.8809,16.3,17.83,1414211.0,8.918753817959665,25215382.13,296161003.00000006,Technology Services,,,6.44676089133791,,,,,,0.00359525462275058,0.0,16610264.0,2026-10-01
IMMX,10.61,11.25,10.3925,10.405,2409076.0,-1.2808349146110038,25066435.779999997,744366546.0,Health Technology,-34.1801447914554,,3.2515320168873414,,-39917211.0,0.0,,,0.0043760575059856,0.0,71539314.0,2026-10-01
EVER,19.12,20.41,18.92,20.06,1247443.0,6.081438392384974,25023706.58,706909407.0000001,Technology Services,53.6144902762004,6.529947916666666,2.7529986550654626,0.9054137987653578,114479000.0,755198000.0,22.747323834693763,11.0000291314331,0.00756684762713316,0.0,31682100.0,2026-10-01
SAH,60.48,60.96,58.46,60.35,413020.0,0.835421888053467,24925757.0,1907953327.0,Retail Trade,20.6208641494745,9.620442843251343,1.8599774460398508,0.12420705216064538,211900000.0,15467600000.0,5.251840661957838,3.28751713258683,4.5551872074883,2.58980785296575,19585400.0,2026-10-01
NG,6.68,6.725,6.43,6.5,3824846.0,-1.0654490106544945,24861499.0,2852074157.9999995,Non-Energy Minerals,-24.6279170519184,,6.7742204435551105,,-72196000.0001873,0.0,,,0.414066415370401,0.0,438780600.0,2026-10-01
CXT,47.18,47.38,46.64,47.1,527094.0,0.21276595744681154,24826127.400000002,2711137425.0,Producer Manufacturing,11.4943470424381,19.482936918304034,2.140830269430989,1.5120084308613895,140300000.0,1802900000.0,17.277044168347103,16.3237007044207,1.1585722182737102,1.51063829787234,57561300.0,2026-10-01
PGNY,24.83,25.49,24.8,25.19,980453.0,1.6135538523598312,24697611.07,1932748108.0,Commercial Services,16.2418063388755,27.362589615468174,4.301005503033242,1.553510777012486,78633000.0,1310764000.0,5.539273153575616,8.55462920861421,0.0595026662577743,0.0,76726800.0,2026-10-01
BH,338.09,344.88,337.0,343.86,71738.0,1.2454730147513524,24667828.68,1098596475.0,Consumer Services,-5.25102508750532,,1.9849342188204968,2.6283871349960037,-29749000.0,405612000.0,7.539185950325578,5.17415658313856,0.659168646604927,0.0,2112070.0,2026-10-01
ARCB,129.67,129.67,126.57,127.44,193262.0,-1.1096453790641785,24629309.28,2848456442.0000005,Transportation,1.26922736942367,183.1297600229918,2.246710061220381,0.6850588960891916,16297000.0,4204144000.0,3.7009922295985644,3.07070832968614,0.362702381600403,0.372468378986576,22351400.0,2026-10-01
AGYS,96.48,98.495,96.21,97.08,253337.0,0.7681129333610077,24593955.96,2738217917.9999995,Technology Services,13.8020355693706,64.31694713131046,8.090471944196745,8.289080626801336,42893000.0,330312000.0,14.379109862978598,12.000775024825,0.0545123504774966,0.0,28205800.0,2026-10-01
LPTH,10.14,10.55,10.0,10.31,2378589.0,2.894211576846317,24523252.59,722073739.0,Electronic Technology,-19.7309925510654,,4.8257623627981,9.055772827563215,-20545563.0,71722099.0,92.78771151394403,-2.33269943758896,0.0689959317520944,0.0,70036300.0,2026-10-01
CWT,46.05,46.63,45.71,46.27,528856.0,0.9380453752181495,24470167.12,2861295180.0000005,Utilities,7.69511818592213,20.835772504165355,1.5830336563150795,2.6274107107291256,133214000.0,1054382000.0000001,6.429591646184218,19.2046146463047,0.928112342480358,2.84685863874346,61839100.0,2026-10-01
ETOR,25.68,25.95,25.39,25.7,951800.0,0.07788161993769305,24461260.0,2081960354.0,Technology Services,19.4951918775158,9.469417833456154,1.5616901011331064,2.4285062347013837,261443000.000288,969775000.001011,9.86785608281414,31.959268902582,0.025673898582049798,0.0,66806610.00000001,2026-10-01
AIP,23.53,23.74,22.75,23.64,1031644.0,1.633705932932068,24388064.16,1161955695.0000002,Electronic Technology,-131.412419985036,,17.134904757762897,12.995948207528194,-39519000.0,84615000.0,33.80827376810677,-44.4247473852154,0.128350622100068,0.0,49152103.0,2026-10-01
PZZA,20.33,20.34,19.6,19.705,1235588.0,-3.074274471224791,24347261.54,648721861.0,Consumer Services,,24.739485247959824,,0.3423469823960179,27306000.0,1967339000.0,-5.645566633350162,4.69034569029537,,9.05066404328579,32921700.0,2026-10-01
HE,9.04,9.08,8.92,8.94,2720445.0,-1.5418502202643234,24320778.299999997,1544188218.9999998,Utilities,13.5807531009013,6.910411996598902,0.8759433047165726,0.47915171706192505,226229000.0,3282584000.0,1.6901665879291519,11.4771168079781,1.5886752809454001,0.0,172728000.0,2026-10-01
CGAU,22.22,22.275,21.77,21.78,1111219.0,-1.089918256130783,24202349.82,4260332401.448276,Non-Energy Minerals,32.593378769211,7.135690561859951,1.973384583393399,2.716541215978513,619497466.8004531,1640948171.2380698,36.2340457551393,26.6964611990576,0.0211141762855162,0.896,195608000.0,2026-10-01
CNS,73.47,73.9,72.96,73.11,330448.0,0.2193283070596252,24159053.28,3759428211.9999995,Finance,30.110853082095,22.448415622697127,6.378089591613828,6.171380578207051,168301000.0,613033000.0,12.594267368521587,33.5624672733768,0.228021208907741,3.60520904729267,51421500.0,2026-10-01
AYA,27.46,27.625,26.67,26.9,897245.0,-0.8843036109064185,24135890.5,3874573343.252414,Non-Energy Minerals,25.4222799614621,36.225092219119524,7.913985835836467,12.080741983213237,109485130.77867831,334201242.1993689,249.71007353483225,52.9986074911939,0.176297515328843,0.0,144036000.0,2026-10-01
BKSY,22.1,22.99,21.3,21.31,1128853.0,-2.6496116948378337,24055857.43,872108460.0,Technology Services,-44.7546395072662,,4.092913555207277,7.722052110684701,-66705000.0,108922000.0,4.070245170166823,-43.442096178917,1.04632396044097,0.0,40924800.0,2026-10-01
GHM,87.15,87.16,85.38,86.31,278577.0,0.18572257690075053,24043980.87,1013023280.0,Producer Manufacturing,7.48906774827302,82.83109404990402,5.266276124689506,3.863006800741339,11817000.0,261148000.00000003,21.22061717850646,6.58477185350836,0.0353389248475515,0.0,11737000.0,2026-10-01
BLMN,8.09,8.13,7.6615,7.75,3082980.0,-3.846153846153852,23893095.0,663562057.0,Consumer Services,6.90991110521428,23.09296781883194,1.5364972620610078,0.1746335561241336,29382000.0,3979518000.0,-2.048685730432409,2.83717776876496,4.45181586400298,1.86104218362283,85620900.0,2026-10-01
AGM,210.62,213.86,206.44,206.92,115055.0,-2.497408349825658,23807180.599999998,2180229882.0,Finance,13.4756370079391,11.535867001912237,1.7964949421704353,1.7564949173426456,229001000.0,1314765000.0,31.164328897224607,89.7595387768917,18.7086313128426,2.9214965601734,9322130.0,2026-10-01
REAL,8.79,8.94,8.69,8.84,2685861.0,0.5688282138794165,23743011.24,1075572717.0,Retail Trade,,,,1.4185706998039769,-81130000.0,749910000.0,17.730634518682955,-0.549932658585697,,0.0,121671000.0,2026-10-01
LCII,85.52,85.52,82.92,83.67,283343.0,-2.0028109627547366,23707308.81,2034143845.0,Producer Manufacturing,15.0000781013699,9.728051715518145,1.4207664191744884,0.5169806837457045,211265000.0,4028369000.0,4.052563945266339,7.49484468776321,0.800544368019042,5.38767861325837,24311500.0,2026-10-01
VCEL,40.79,41.08,39.82,40.14,585379.0,-1.1573504063038633,23497113.06,2055433360.0,Health Technology,7.15697717367216,86.845521419299,5.550746322319421,6.9355844376320235,24221000.0,306303000.0,22.95449162849883,5.95325543661015,0.255558167878695,0.0,51206600.0,2026-10-01
OI,5.65,5.765,5.62,5.65,4155921.0,0.1773049645390191,23480953.650000002,868177570.0,Process Industries,-142.433600988264,,2.266773118076814,0.13609946863700664,-1153000000.0,6361000000.0,-1.851566116340071,9.79405753812294,13.018276762402099,0.0,153660000.0,2026-10-01
WSFS,75.82,76.49,75.3,75.57,308960.0,-0.3560126582278616,23348107.2,3860917132.0000005,Finance,11.8549526822519,12.668477167571915,1.4267648781349838,3.581177060062193,320352000.0,1372513000.0,-0.3304857290583444,38.93977415307403,0.156060074994544,0.975738396624473,51090600.0,2026-10-01
INVA,21.11,21.45,21.06,21.21,1100217.0,0.47370914258645863,23335602.57,1532326636.9999998,Health Technology,36.6756447235564,5.166995541913324,1.2492321139233722,3.4154344223641364,357236000.0,453798000.0,18.167638381476397,35.8254113063522,0.218653457254014,0.0,72245500.0,2026-10-01
MLTX,11.52,12.0,11.385,11.7,1994434.0,2.183406113537118,23334877.799999997,995748249.9999999,Health Technology,-67.4406529518139,,2.2844691245211397,,-263668000.0,0.0,,,0.23711626712128803,0.0,85106700.0,2026-10-01
IBOC,68.9,69.13,68.1,68.495,340187.0,-0.645488830867411,23301108.565,4259808119.0000005,Finance,12.9195843356328,10.328578321973582,1.2619841976990045,5.004650177490784,413257000.0,1062866000.0,2.1675124024696317,61.073409963830215,0.21657871409508603,2.11778357992457,62191500.0,2026-10-01
NNE,16.09,16.5499,15.82,15.85,1465130.0,0.3799873337555446,23222310.5,851115587.0000001,Producer Manufacturing,-8.03735737077299,,1.3816127823153563,3861.584214079484,-33850990.0,214042.0,,-24545.372403547,0.00460660296998437,0.0,53698147.0,2026-10-01
TMC,3.83,4.13,3.823,3.84,6044848.0,2.6737967914438405,23212216.32,1693960156.9999998,Non-Energy Minerals,-1123.19056281352,,,,-305637000.0,0.0,,,,0.0,441135000.0,2026-10-01
INDB,78.18,78.69,77.495,77.65,298845.0,-0.652507676560889,23205314.25,3672518588.0,Finance,8.23880305178862,14.011945792807264,1.052734615432588,3.770147047084702,271354000.0,1329322000.0,34.13485309283031,40.386056689472085,0.199713127600991,3.14738996929376,47295797.0,2026-10-01
VRRM,3.09,3.17,3.055,3.1,7468730.0,1.9736842105263175,23153063.0,471146675.99999994,Transportation,15.3841076626995,11.720226843100189,2.1068656635267575,0.458720563597922,44285000.0,1006959000.0,11.102909536261626,24.1859896976938,4.86397581633292,0.0,151983000.0,2026-10-01
CPK,129.11,129.6,127.84,128.46,179739.0,0.2419040187280548,23089271.94,3096715352.0,Utilities,9.4688731284476,20.49228707706542,1.8381587504641546,3.117224894344942,150200000.0,993800000.0,14.608488270447431,27.3093177701751,1.0127285765507401,2.17713616855248,24106500.0,2026-10-01
PRCH,16.68,16.98,16.15,16.66,1381991.0,0.543150271575135,23023970.06,1891240458.0000002,Finance,,,,3.9665227373208483,-13445000.0,504391000.0,15.79197476589815,8.3738607548509,,0.0,113520000.0,2026-10-01
AVEX,15.4,16.02,15.02,15.14,1515947.0,-0.3291639236339627,22951437.580000002,1919282339.0,Electronic Technology,,19.353189313562574,,1.2306364309314624,45541000.0,697025000.0,143.36700313188481,11.3792188228543,,0.0,69197610.0,2026-10-01
ABM,48.66,48.705,47.94,48.1,477041.0,-1.0695187165775322,22945672.1,2819361858.0000005,Commercial Services,9.19057744884151,17.377795440586727,1.5748866801912653,0.31524136498321625,166400000.0,9145900000.0,6.003778439713024,4.67969253982659,1.05133504636354,2.33443027560675,58614600.0,2026-10-01
KOPN,4.78,4.81,4.58,4.6,4981139.0,-3.157894736842113,22913239.4,855013962.0,Electronic Technology,18.5531596894176,95.83333333333333,12.004488634880868,20.920813627334436,7908382.0,43616160.0,-7.119580843722326,-34.5636204562713,0.016797796900528503,0.0,185873000.0,2026-10-01
TOWN,35.88,36.1,35.405,35.65,642433.0,-0.4745951982132934,22902736.45,3295388855.9999995,Finance,12.0090443083852,9.996354765443176,1.100443480265946,2.9554516707714114,313786000.0,1416736000.0,34.953329072192055,46.25469367941634,0.168738977646559,3.0429927414852,92437300.0,2026-10-01
KAI,268.3,270.02,261.3,261.52,87574.0,-2.100101074383264,22902352.479999997,3088320231.0,Producer Manufacturing,11.2596679073194,28.14282332178292,3.0190177802507843,2.740274035261003,109724000.0,1152151000.0,12.50145246508956,15.5435355261593,0.49917396090146804,0.524089394676749,11809100.0,2026-10-01
TNET,62.75,63.4233,62.51,62.54,366157.0,-0.2710891404879632,22899458.78,2870882442.9999995,Commercial Services,150.862068965517,16.751935285136476,23.000680384693183,0.5906347256347271,175000000.0,4884000000.0,-2.825308396339037,6.61343161343162,7.6000000000000005,1.8019454632435,45904700.0,2026-10-01
STTK,6.64,7.42,6.52,6.82,3356722.0,4.281345565749239,22892844.04,684477387.0,Health Technology,-39.2071749547836,,3.253599473317622,848.7566023799997,-52568000.0,1000000.0,-66.6332999666333,-5570.6,0.012664822673537399,0.0,100363000.0,2026-10-01
CRVL,74.87,75.39,74.208,74.55,306727.0,0.10742580905062213,22866497.849999998,3766010526.0,Finance,30.6974491099566,33.19234194122885,9.224818287784633,3.8552913419284103,115334000.0,983741000.0,7.0938994837673,15.3687810104489,0.06944131946822141,0.0,50516600.0,2026-10-01
SHO,11.28,11.31,11.175,11.21,2037556.0,-0.7964601769911492,22841002.76,2084431566.0000002,Finance,2.73884040387924,49.95543672014261,1.2743980146220404,2.0902206843337754,52870000.0,1003107000.0,7.28428586554638,9.71521482753086,0.518349911632032,3.1858407079646,185944000.0,2026-10-01
UNIT,8.57,8.65,8.295,8.38,2721989.0,-2.2170361726954435,22810267.82,2034036730.0,Communications,,3.1388118960221743,12.209336208403755,0.6127485793446592,1052300000.0,3537100000.0,199.70267826806068,9.74244437533573,68.6879256965944,0.0,242725000.0,2026-10-01
ANRO,26.87,27.41,25.53,25.53,891623.0,-3.950338600451457,22763135.19,1001850931.0,Health Technology,-49.1669609322333,,4.086441114751684,,-84238000.0,0.0,,,0.10624449826453,0.0,39242104.0,2026-10-01
CSTL,34.9,36.03,34.1375,35.53,639605.0,1.8635321100917388,22725165.650000002,1085423951.0,Health Technology,-4.19599613575015,,2.3061679770434704,2.9677649337490672,-19415000.0,357278000.0,3.1793201239498767,-8.98683937997862,0.0779737463566155,0.0,30549500.0,2026-10-01
MHO,136.84,136.84,134.7825,135.13,167641.0,-0.48604462773399854,22653328.33,3416496165.0000005,Consumer Durables,10.0596935822426,11.379464248119984,1.0566856775730058,0.834590854844091,317361000.0,4261666000.0,-4.938117939507174,9.28885557901534,0.31619157097619804,0.0,25283000.0,2026-10-01
TYRA,22.19,22.45,21.7,21.87,1034684.0,-0.5004549590536825,22628539.080000002,1503692371.0,Health Technology,-45.3072607809262,,3.689451744434191,,-148565000.0,0.0,,,0.0157833423814694,0.0,59676939.0,2026-10-01
BJRI,59.56,59.57,56.86,57.29,394124.0,-3.8112827400940277,22579363.96,1218774049.0,Consumer Services,10.440301953411,30.58239470453211,3.0532227514925028,0.9100540430361828,40924000.0,1432562000.0,3.53791636522115,3.02967690054602,1.09377500641674,0.0,21273800.0,2026-10-01
CSIQ,11.54,11.69,11.04,11.52,1954974.0,-0.2597402597402696,22521300.48,782170606.9999999,Electronic Technology,-6.64168927008976,,0.28387466243680276,0.15717430850997238,-186304000.00006,4990203000.0038805,-15.696930800423376,-1.72315635255451,2.89289553586529,0.0,67896700.0,2026-10-01
CATY,59.87,60.265,59.175,59.5,375343.0,-0.6014032743067148,22332908.5,3969472373.9999995,Finance,11.7063315820283,11.629725186661975,1.3050913037489242,4.785447299631791,347263000.0,1379545000.0,0.25559072925841625,53.64271291127211,0.050629978067454603,2.47243568326094,66713800.00000001,2026-10-01
RWT,3.98,3.98,3.82,3.88,5696701.0,0.7792207792207742,22103199.88,487376230.0,Finance,0.0183162901260099,,0.5621892926122821,0.35985999181142597,181999.99999999898,1340893000.0,20.852778573913543,95.4325960386101,29.437214551973103,18.7012987012987,125612000.0,2026-10-01
BUSE,29.38,29.74,29.01,29.13,757786.0,-0.8509189925119129,22074306.18,2405466486.0,Finance,9.62271645071912,12.11025193315041,1.0144905328147462,3.179963750259849,231005000.0,1099327000.0,35.64369018769773,38.07175706440997,0.194339005742461,3.50578624914908,82577000.0,2026-10-01
SPNT,24.87,24.93,24.24,24.25,908966.0,-2.375201288244766,22042425.5,2817001642.0,Finance,23.0783275515793,5.925183863952892,1.236697217762746,0.9100918628328674,505600000.0,3248300000.0,22.554235049990567,21.0294615645107,0.307966079353223,0.0,116165000.0,2026-10-01
ALH,21.74,21.84,21.28,21.3,1034330.0,-1.9788311090658064,22031229.0,4234207529.9999995,Producer Manufacturing,,23.97838568051334,8.422767571158547,2.4903905830455346,179077000.0,1776122000.0,,19.2188937471638,3.78921838783164,0.0,198789100.0,2026-10-01
GRDN,41.23,41.89,40.54,40.78,540208.0,0.24582104228122276,22029682.240000002,2582937982.9999995,Retail Trade,31.7494267491377,39.40096618357488,10.515295913526003,1.7745235976892286,65908000.0,1463406000.0,10.312195651452882,5.71700539699851,0.143469604621905,0.0,49798904.0,2026-10-01
FBK,51.94,52.11,51.435,51.7,424913.0,-0.36615918288687166,21968002.1,2583869771.0,Finance,11.0792434790134,13.811711904253047,1.3342407202525612,3.8652646941375255,196527000.0,1028915000.0,43.17649874623243,38.77807750168595,0.19232999626652,1.58026594719599,49978100.0,2026-10-01
AVTX,15.8,15.99,15.14,15.33,1432738.0,-1.6046213093709885,21963873.54,822147737.0,Health Technology,-36.2714511400239,,1.8075336303835436,11513.895686779675,-100333000.0,59000.0,-86.62131519274377,-154844.06779661,0.00499710248294923,0.0,53630000.0,2026-10-01
FRME,40.12,40.26,39.55,39.78,551483.0,-0.7361197754210896,21937993.740000002,2498240495.0,Finance,7.37210089177105,12.772925764192141,0.9260806951983951,3.6422192675887812,185966000.0,1087467000.0,5.051513029197962,29.864646408895958,0.594602801373436,3.61821584529008,62801400.0,2026-10-01
GIII,27.32,27.435,26.855,27.12,808083.0,-0.4770642201834826,21915210.96,1162810901.0,Consumer Non-Durables,7.67664455081095,8.940168122630626,0.6336199887481053,0.4239049509647068,135402000.0,2850192000.0,-8.740385166476743,7.75884571986729,0.187365387765693,1.10091743119266,42876500.0,2026-10-01
ARI,6.25,6.26,6.2,6.2,3526407.0,-0.4815409309791372,21863723.400000002,796974991.0,Finance,7.8326582283379,7.859044238813538,0.6335031189810818,3.5131650624129627,121455000.0,233365000.0,-63.128598423803474,224.119726608532,0.29599158471861403,16.0513643659711,128544000.00000001,2026-10-01
SCTX,23.03,23.4,17.695,18.405,1183612.0,-20.0825010855406,21784378.860000003,348437561.00000006,Health Technology,,,,,,,,,,0.0,18931680.0,2026-10-01
TRMK,45.26,45.5699,44.55,44.83,485784.0,-0.9062776304155695,21777696.72,2603304187.0,Finance,11.1188728223575,11.39089338347393,1.2176804043904943,3.193369522082434,234298000.0,1131600000.0,-0.3103628417360938,33.348645808029666,0.358699328382543,2.16622458001768,58070600.0,2026-10-01
GRBK,67.96,68.02,66.08,66.11,328193.0,-1.913946587537101,21696839.23,2843437166.0,Consumer Durables,15.744086051141,9.958424969119994,1.474900587550777,1.4939438775797627,291334000.0,1952553000.0,-8.662832091056835,19.5012888254506,0.14773960564840402,0.0,43010700.0,2026-10-01
BRC,85.31,85.9399,83.36,83.49,259725.0,-1.5215852795470703,21684440.25,3915615131.0000005,Producer Manufacturing,16.1095124938573,19.412216047803945,2.884299482111228,2.434670012909515,205378000.0,1661565000.0,9.775337687177302,15.8291730988556,0.0615758248978684,1.15593300306676,43360600.0,2026-10-01
TRAX,36.74,37.31,35.32,35.44,610640.0,-1.5008337965536387,21641081.599999998,1266301011.9999998,Health Technology,,,7.430548275500576,,,,,,0.0256700395743975,0.0,35730843.0,2026-10-01
IOSP,97.16,97.2425,95.09,95.32,226956.0,-1.4474772539288727,21633445.919999998,2347831325.0,Process Industries,9.2087312414734,19.466568639464114,1.7476786236829154,1.2972482709950603,121500000.0,1842100000.0,2.8703858826157367,8.1320232343521,0.0356557987196665,1.85070306038048,24631000.0,2026-10-01
AMSC,29.515,29.83,28.95,29.11,742478.0,-0.2056907781967853,21613534.58,1410150908.0000002,Producer Manufacturing,30.1626563897569,9.616146934460888,2.4635106762002525,4.284,136575000.0,320870000.0,25.8871578385716,4.40521083304765,0.0068072960518731,0.0,48442100.0,2026-10-01
KN,37.24,37.48,36.95,37.15,580791.0,-0.45551982851018674,21576385.65,3172993954.0,Electronic Technology,9.49662688116243,47.92311661506708,3.9886792371798587,5.166028346456691,67900000.0,635000000.0,12.768602379683895,14.6299212598425,0.18881206788183502,0.0,85410300.0,2026-10-01
AVBP,29.69,30.9,29.65,30.28,712456.0,2.5050778605281043,21573167.68,1493038148.0,Health Technology,-53.0994258250623,,3.988424611793777,,-163735000.0,0.0,,,0.0009568178038986921,0.0,49307728.0,2026-10-01
WYFI,18.78,19.05,17.88,18.01,1197389.0,-2.806260118726387,21564975.89,699654611.0000001,Technology Services,-13.7709352089862,,261.12802667826594,938.1129363678335,-359467.082645015,763686.085807359,-93.80871215719347,-37.1282760267232,0.9519541415470719,0.0,38848118.0,2026-10-01
IE,10.79,10.95,9.92,9.92,2172809.0,-6.766917293233088,21554265.28,1583135500.0,Non-Energy Minerals,-8.40474830191075,,3.010978537672137,557.3500094211062,-34424000.0,3023000.0,-20.572779821334734,-3915.94442606682,0.0696988887811205,0.0,159590260.0,2026-10-01
HWKN,127.0,127.66,125.86,126.0,171061.0,-0.11890606420927917,21553686.0,2630264659.9999995,Process Industries,15.6136471025663,32.588454376163874,4.767804153741251,2.3783865319921627,80627000.0,1106099000.0,9.317331867992852,10.3582952339709,0.470085953404207,0.610384462940943,20875100.0,2026-10-01
BWMN,42.6,42.65,42.6,42.64,504828.0,0.11739845034044884,21525865.92,739111161.0,Industrial Services,2.71740848454195,105.59683011391779,2.864803961814259,1.3403695001715297,6877000.0,527601000.0,14.155862701654781,4.83225012841143,1.1095121875146199,0.0,17333800.0,2026-10-01
NWBI,14.94,15.195,14.72,14.84,1450333.0,-0.5361930294906171,21522941.72,2173453388.0,Finance,8.56843093171965,14.22682389032691,1.1271747865279826,3.1169074374527903,152924000.0,940901000.0,14.538135108354009,33.44579052292593,0.444689678931331,5.36193029490617,146459000.0,2026-10-01
CTNM,11.59,13.545,11.59,13.42,1597799.0,16.695652173913043,21442462.58,504875613.0,Health Technology,-28.0053521469408,,2.1062015236217877,,-57558000.0,0.0,,,0.027430526579320703,0.0,32958633.0,2026-10-01
QNST,14.5,15.26,14.44,15.01,1421646.0,3.9473684210526336,21338906.46,856867035.0,Commercial Services,28.6474496417085,10.713011205481408,2.6245893068531334,0.6465849895494513,81235000.0,1293712000.0,18.286457757122314,3.27623149510865,0.240361878350439,0.0,57086400.0,2026-10-01
SFBS,40.29,41.445,39.77,39.98,532957.0,-0.24950099800399558,21307620.86,4369814072.0,Finance,17.3399066447052,13.636673715805989,2.210149994997034,7.006780450864462,320719000.0,1036122000.0000001,3.0525217543521257,63.045604167332456,0.829908014386845,1.84006986027944,109300000.0,2026-10-01
WLY,47.77,48.925,47.74,47.76,445482.0,0.04189359028067872,21276220.32,2430911752.9999995,Consumer Services,25.9055302340112,12.639601968983222,3.0391133119653633,1.4542443290844609,198190000.0,1666089000.0,-0.2700227463186879,17.5598062288389,1.72497205281047,2.97968160871387,41925500.0,2026-10-01
DCH,5.4,5.41,5.2039,5.22,4053853.0,-1.6949152542372856,21161112.66,1240296037.0000002,Producer Manufacturing,-14.9906079626151,,0.8211898443042933,0.15335250556318927,-163600000.0,8223700000.000001,40.98093670712475,3.43762539975923,3.4435980658409,0.0,237605000.0,2026-10-01
LINC,21.73,22.16,21.52,21.87,964522.0,1.5320334261838526,21094096.14,693748781.0,Commercial Services,11.9044449143361,30.082530949105916,3.427872822313305,1.1856813380333542,22801000.0,570778000.0,22.022643897349944,5.91876351225871,1.12703259564502,0.0,31721500.0,2026-10-01
PRKS,32.39,32.82,31.97,32.4,649722.0,0.6836544437538808,21050992.8,1469058467.9999998,Consumer Services,,12.741358291714185,,0.92158784514017,133579000.00000001,1647012000.0,-3.5394384361203812,20.6741663084422,,0.0,45341300.0,2026-10-01
CBL,53.45,53.74,52.535,53.36,392868.0,0.0,20963436.48,1651105616.0,Finance,60.6425854081133,7.75829480357091,3.8628122518327728,2.806687715826146,217350000.0,588147000.0,9.026753075343127,27.4966972542579,4.75863287135384,3.70127436281859,30942757.0,2026-10-01
FELE,97.33,97.33,95.84,95.89,218582.0,-0.7555371558683543,20959827.98,4239437248.9999995,Producer Manufacturing,11.6326419755861,27.637988182735263,3.0121872802075518,1.952593397670586,155260000.0,2211886000.0,7.380195974103144,13.102076689305,0.219052240518533,1.14365555785552,44211500.0,2026-10-01
NWPX,103.24,103.24,100.2055,103.03,203379.0,0.6643869076697674,20954138.37,992920937.0,Non-Energy Minerals,12.2177196029341,20.708298997045404,2.3726822132659717,1.744509135917664,48752000.0,574436000.0,15.117896264113284,11.4674219582338,0.240283132904286,0.0,9637200.0,2026-10-01
WD,36.42,36.42,35.09,35.11,594060.0,-3.278236914600545,20857446.6,1205176915.0,Finance,2.16640729405911,31.31187015071792,0.6842682042919656,0.94994565593522,37447000.0,1271528000.0,9.221755223244694,15.1688362348293,1.39382803703717,7.46556473829201,34325700.0,2026-10-01
ALRM,53.92,54.765,53.875,54.47,382869.0,1.170133729569085,20854874.43,2673944628.0000005,Technology Services,14.1895534962089,24.070882495912322,3.089642748358326,2.8379083973368053,117901000.0,1060983999.9999999,8.722192675846184,13.009621257248,0.656442498452782,0.0,49090200.0,2026-10-01
LADR,8.9,8.93,8.71,8.73,2387303.0,-3.322259136212613,20841155.19,1107534036.9999998,Finance,3.56568762374465,21.026011560693643,0.7748628457259613,2.7085427585315,52272000.0,417570000.0,-5.220509794130331,60.3723926527289,2.81123730085935,10.1882613510521,126865000.0,2026-10-01
UPBD,15.7,15.815,15.42,15.7,1326573.0,0.5121638924455831,20827196.099999998,915300694.0,Finance,12.7334029648361,10.210718002081164,1.2480603393452214,0.19328787684296814,90337000.0,4744317000.0,5.853008019212911,7.4808871329635,2.32932433353787,9.98719590268886,58299400.0,2026-10-01
HAWK,15.36,15.52,15.0,15.1,1373265.0,-1.820546163849162,20736301.5,1479279892.0,Technology Services,,,1.861063591680183,8.987329147100953,-21614000.0,167640000.0,88.23053861959781,-8.36136960152708,0.020979645654728502,0.0,97965550.0,2026-10-01
PLAB,31.25,31.2558,30.49,30.78,672029.0,-0.9333762471837759,20685052.62,1815932918.0,Electronic Technology,13.7213791613073,10.88093891402715,1.39864969868596,2.1046606515978468,165085000.0,866823000.0,1.2463908277969333,22.4744844103121,0.00303975813113827,0.0,58997200.0,2026-10-01
SBH,16.43,16.79,16.3,16.42,1258870.0,-0.24301336573511026,20670645.400000002,1537278035.0000002,Retail Trade,23.5275330201061,8.537409660479385,1.7728467254160578,0.43217533382585394,192265000.0,3729115000.0,1.0771198164676086,8.54886481108789,1.73890213592144,0.0,93622300.0,2026-10-01
DBD,60.37,61.35,59.28,61.22,337445.0,1.6099585062240647,20658382.9,2078210306.9999998,Electronic Technology,10.762679055362,20.03010077215024,2.1479262266984915,0.5492833161157016,111200000.0,3872000000.0,5.438008877270375,8.99535123966942,1.14403631861329,0.0,33946587.0,2026-10-01
OFRM,15.84,16.0,15.52,15.75,1309970.0,-0.379506641366227,20632027.5,661352799.9999999,Consumer Non-Durables,-16.0119929928581,,4.257942075767038,2.3031332286855464,-9506000.0,288173000.0,42.94862891384579,-6.3590273897971,0.00106902281011321,0.0,41990654.0,2026-10-01
EZPW,30.375,30.47,29.32,29.76,688132.0,-1.3262599469495973,20478808.32,1828554900.9999998,Finance,14.6947982029481,15.12502541166904,1.57090116730203,1.586708211814614,158310000.0,1584461000.0,28.606968404682398,13.9703659477892,0.6971222292633751,0.0,58473200.0,2026-10-01
VOR,18.54,19.81,18.38,19.08,1069917.0,4.091653027823241,20414016.36,1128816536.0,Health Technology,,,,,627779000.0,0.0,,,,0.0,59162300.0,2026-10-01
ELMT,19.665,21.4499,19.2797,19.96,1022739.0,4.229765013054843,20413870.44,607971541.0,Producer Manufacturing,,,3.2417701104248247,,,,,,0.12179073599121301,0.0,30459497.0,2026-10-01
NBR,78.25,79.0424,76.17,78.12,260337.0,1.0869565217391348,20337526.44,1186733551.0,Industrial Services,49.2407101413899,5.809431029738754,2.1249672224077956,0.34318486700007655,209793000.0,3214062000.0,6.0537227306294,7.89984760717124,3.9118222183015803,0.0,15191200.0,2026-10-01
WMK,73.43,73.43,72.04,72.98,278550.0,0.1646994235520238,20328579.0,1805860873.0000002,Retail Trade,7.16572523759512,18.74213513444105,1.3027390186044627,0.35564497379450705,97396000.0,5069357000.0,4.502742978050404,2.32236553866694,0.12291706193104501,1.86659346692287,24744600.0,2026-10-01
RDVT,79.5,80.9,78.47,79.01,256599.0,-0.3908219868885377,20273886.990000002,1267871464.0,Technology Services,15.7599437969762,69.95749955728706,9.99156515130247,11.5864096878503,16376000.000000002,99023000.0,20.175002123812185,17.9392666350242,0.0237160878758556,0.0,16047000.0,2026-10-01
VERX,11.18,11.79,11.14,11.78,1719548.0,5.650224215246627,20256275.439999998,1910931909.0,Technology Services,1.46172229729592,547.9069767441861,7.893960918862411,2.2852827965086804,3575000.0,787439000.0,10.826981106582295,1.08097262137131,1.4513141468310802,0.0,80062300.0,2026-10-01
ITIC,289.05,291.31,281.72,282.9,71540.0,-3.146290526892396,20238666.0,534114045.0,Finance,14.629089567036,13.253813575203328,1.8638145187659239,1.887750369382061,40431000.0,293057000.0,8.672048533212692,17.6958748639343,0.0304182907551706,0.62994282584135,1888000.0,2026-10-01
SLDE,22.58,22.82,22.31,22.31,905461.0,-0.8444444444444501,20200834.91,2606069451.0,Technology Services,53.8821006380406,5.4343060359526465,2.157921972404521,2.062570204493084,555761000.0,1388800000.0,41.43171092857332,53.049323156682,0.0323480228787983,0.311111111111111,116811720.0,2026-10-01
OMCL,34.26,34.46,33.71,34.05,592462.0,-0.7577965607694698,20173331.099999998,1553186746.0000002,Technology Services,3.05906644583802,40.26250443419652,1.202474873395817,1.274258279638372,39083000.0,1246703000.0,8.453375251951016,4.72927393292548,0.154843005408,0.0,45614900.0,2026-10-01
OTEX,22.4,22.615,22.254,22.42,898846.0,0.493052442850753,20152127.32,5428481473.983705,Technology Services,16.0748425238754,8.938892106854608,1.353975093081017,1.062925171582255,625583693.7727485,5104464604.195354,-3.6344924231020954,23.172503844045,1.4879691707040998,4.79574044837386,242127000.0,2026-10-01
LNN,113.0,114.29,111.55,111.94,179707.0,-0.8678710591569287,20116401.58,1138305037.9999998,Producer Manufacturing,10.7410261199838,21.47571176425447,2.280759125634294,1.8598304706811741,55202000.0,627856000.0,-7.369501937867269,9.94766315843123,0.27616330325228,1.3195182430039,10168900.0,2026-10-01
LZB,29.95,30.25,29.64,29.64,677949.0,-0.13477088948786775,20094408.36,1187164040.0000002,Consumer Durables,8.0307397112584,15.0083548534103,1.171605870836382,0.5625583682251273,81489000.0,2110094999.9999998,0.1990119207713059,6.64818408649847,0.534424530722618,3.18733153638814,40052800.0,2026-10-01
ENR,21.99,22.03,21.365,21.39,937973.0,-1.970669110907423,20063242.47,1464865072.9999998,Consumer Non-Durables,42.184265010352,18.201157249829816,7.209010757906658,0.5051500451640963,81500000.0,2989100000.0,2.170494941208641,15.6936870629955,16.884842519685,5.49954170485793,68483600.0,2026-10-01
MD,26.14,26.51,25.64,25.73,779502.0,-1.2663085188027563,20056586.46,2090646677.0,Health Services,20.3887492491529,12.358309317963498,2.3722091047469074,1.087649712271706,174806000.0,1950625000.0,0.5101186412294375,12.3372765139378,0.703714171879629,0.0,81253300.0,2026-10-01
KURA,10.9,10.95,10.605,10.71,1871401.0,-0.8792225821378886,20042704.71,952768211.9999999,Health Technology,-167.708813083294,,19.67122784461383,12.432221107154415,-296775000.0,77225000.0,-7.269539739910422,-411.900291356426,0.504945179740249,0.0,88960600.0,2026-10-01
UAMY,4.26,4.41,4.17,4.17,4799825.0,-0.23923444976076047,20015270.25,624121359.0,Non-Energy Minerals,-14.8739029203797,,3.4433783091939025,17.40651136963278,-16251805.000000002,36442250.0,35.88768256449419,-65.1848637227394,0.00201125457581532,0.0,149669000.0,2026-10-01
ZVRA,11.37,11.38,10.935,10.97,1818341.0,-3.2627865961199225,19947200.77,651440098.0000001,Health Technology,33.4422274114464,11.833872707659115,2.9909263419634873,5.111722826906537,55996000.0,136071000.0,119.39858110287005,28.7107465955273,0.00687335746972231,0.0,59383800.0,2026-10-01
WBI,28.56,28.83,28.0,28.12,704878.0,-1.1946591707659868,19821169.36,3471588683.0,Industrial Services,,376.43908969210173,2.0519736016369086,1.8480271388504173,4086999.9999999995,750880000.0,102.703322868103,16.9787449392713,2.13600325296116,0.527055516514406,55453117.0,2026-10-01
FCF,20.38,20.51,20.045,20.23,979392.0,-0.49188391539595605,19813100.16,2044361284.9999998,Finance,10.906676039502,12.386725446975264,1.3034197533489127,3.7838979450089045,168341000.0,743086000.0,4.869147482867239,39.55066599224414,0.19348597473310702,2.70536153467782,101056000.0,2026-10-01
TDOC,5.81,5.92,5.75,5.8,3407543.0,0.8695652173913012,19763749.4,1053767356.0,Health Services,-12.9852828093507,,0.8041839751091194,0.41811925502514474,-177395000.0,2489480000.0,-2.076413658984812,-5.85065957549368,0.790931739978689,0.0,181684000.0,2026-10-01
DLO,13.76,13.895,13.65,13.76,1435023.0,0.5113221329437567,19745916.48,3881849321.0,Technology Services,41.2815925392301,20.128730251609127,7.345914635773963,2.9873256325700726,203974000.000038,1355896000.00026,57.02655064033165,17.6842471693994,0.124703839718055,1.43656683710738,165878000.0,2026-10-01
FSK,11.18,11.2275,10.99,10.99,1796505.0,-1.0801080108010732,19743589.95,3036979514.9999995,Miscellaneous,-6.5737575598212,,0.6005818922646802,3.6735177879220724,-375000000.0,847000000.0,-35.392829900839054,6.25737898465171,1.22835990888383,20.7020702070207,276340000.0,2026-10-01
ESQ,118.38,120.06,116.27,116.37,169391.0,-1.2306908843999225,19712030.67,1408610332.0000002,Finance,18.2589027478066,19.21660584242945,3.207044087555032,6.443589534344438,52714000.0,179892000.0,19.98959465859141,45.416144397092,0.00691731718974032,0.657783058903412,12104600.0,2026-10-01
AB,35.49,35.5,34.8,34.88,564828.0,-1.7741481272880752,19701200.64,3249951710.0,Finance,19.3858871535543,10.298198996161796,2.5878960953782166,,312510000.0,0.0,,,0.0,9.77189524077725,93075200.0,2026-10-01
CIM,9.84,9.9088,9.51,9.53,2064568.0,-6.568627450980393,19675333.04,797773646.0,Finance,0.0480540586334911,,0.5371265476909758,0.9323896796442706,1211000.0,916887000.0,14.399950092017841,70.1503020546698,5.56804281788654,16.078431372549,83711800.0,2026-10-01
OCFC,16.68,16.77,16.41,16.53,1188181.0,-0.8398320335932846,19640631.93,1627497879.0,Finance,2.36314131042353,19.444771203387837,0.6747266499883057,2.6494487424621225,47900000.0,750644000.0,10.464036542528222,28.660549628338998,0.977978748112879,4.79904019196161,96645200.0,2026-10-01
SMBK,49.38,49.825,48.74,49.57,394934.0,0.06055712555510928,19576878.38,847571280.9999999,Finance,10.4744826956859,14.625870411896612,1.4694090497455878,3.9559023929797146,57391000.0,333404000.0,11.514559599702988,34.03840631223136,0.19141451879385102,0.686314089624546,17098500.0,2026-10-01
RAPP,33.17,34.05,32.62,33.6,582026.0,1.7565112053300975,19556073.6,1612070361.0,Health Technology,-39.9628225710115,,3.809865055940385,78.37821027400008,-137160000.0,20000000.0,,-767.58,0.0238930687638027,0.0,47978287.0,2026-10-01
TEN,47.56,48.83,47.155,47.25,413871.0,0.16959932160270996,19555404.75,1391485590.0,Transportation,16.8897802727216,4.78500394952707,0.6772342926793051,1.4731567343755398,322534000.0,959697000.0,23.231139040907678,38.2915649418514,1.02312794787646,4.23998304006784,29449400.0,2026-10-01
BRVE,22.3,22.3,20.005,20.2,967641.0,-9.579230080572966,19546348.2,1818787194.0,Health Technology,,,,,,,,,0.00488887377353036,0.0,90038970.0,2026-10-01
SCHL,34.92,35.3,34.32,35.16,554982.0,1.0344827586206882,19513167.119999997,647276069.0,Consumer Services,7.37699576409254,25.144818708431664,0.9859499330361648,0.4181043798868478,56600000.0,1573100000.0,-2.52803767271826,1.46208124086199,0.776389946686976,2.44252873563218,17581300.0,2026-10-01
GTY,28.57,28.63,28.18,28.24,689562.0,-0.9122807017543915,19473230.88,1748979465.0,Finance,9.46408567332058,17.255285347672,1.5580973336342125,7.540977286390127,99606000.0,229554000.0,9.275003570238493,61.6369133188705,0.9619270844469151,6.75438596491228,61932700.0,2026-10-01
DHC,7.93,7.94,7.77,7.85,2480620.0,-1.008827238335436,19472867.0,1900712489.9999998,Finance,-15.4723771337749,,1.201130439705547,1.2726451752675585,-265954999.99999997,1500135000.0,-1.4906408113814038,-2.15440610345069,1.52760023022041,0.504413619167718,242129000.0,2026-10-01
TIC,8.53,8.58,8.3,8.32,2340182.0,-1.6548463356974061,19470314.240000002,1815593263.0,Commercial Services,-7.0429725067784,,0.8731122358494428,0.8985568768293508,-115341000.000882,2054532000.0156298,,-0.962019574289029,0.8123963941960249,0.0,121412510.0,2026-10-01
GBX,41.28,41.29,40.03,40.07,485174.0,-2.5297981026514207,19440922.18,1239753201.0,Producer Manufacturing,6.96087352138308,11.776980954620267,0.7880281086302746,0.49732744560039616,107100000.0,2624100000.0,-25.643931880649458,5.65527228383065,1.19463513857107,3.21089759182681,30939700.0,2026-10-01
VIR,10.7,11.258,10.54,11.18,1737683.0,4.976525821596238,19427295.94,1891834458.0,Health Technology,-26.0811983637009,,1.9251996232256907,5.93140684223372,-251679000.0,303227000.0,1495.9315789473685,-92.1642861618523,0.09493604534587011,0.0,169216000.0,2026-10-01
PLUS,90.19,90.93,88.76,90.01,215394.0,0.21153417947006453,19387613.94,2348398567.0000005,Technology Services,12.1646898922133,18.79358583538648,2.195517397908197,0.9537725676116697,125771000.0,2454347000.0,15.01340696149798,6.87665599037137,0.0,1.15787129815186,26090400.0,2026-10-01
SRAD,11.6,11.9,11.46,11.56,1670875.0,0.0,19315315.0,3603915206.0,Technology Services,1.98229675523677,192.02657807308972,3.978510536513848,2.0994864608967463,19935755.3399809,1615355097.14668,24.677560439115396,12.5063402873244,0.0780126703958604,0.0,217450448.0,2026-10-01
OSW,23.17,23.225,22.46,22.49,858787.0,-2.850971922246221,19314119.63,2282705979.0,Consumer Services,14.32104531318,28.54785478547855,3.9208029190717686,2.350057898688685,80952000.0,1009522000.0,9.81922376525415,9.49934721581105,0.156048395407795,0.863930885529158,101499000.0,2026-10-01
PFS,22.28,22.425,22.0,22.15,870688.0,-0.3150315031503163,19285739.2,2888861043.0,Finance,11.1394700189152,9.245731936386024,0.9937686443784325,3.1938880641857565,312715000.0,1411732000.0,3.7176463673565348,47.41306799453653,0.99051697893178,4.32043204320432,130423000.0,2026-10-01
ACHV,8.08,8.28,7.87,8.09,2378245.0,5.201560468140435,19240002.05,832481148.9999999,Health Technology,-844.991108476586,,,,-114040000.0,0.0,,,,0.0,102902000.0,2026-10-01
BANR,67.47,67.89,66.5,67.0,285612.0,-0.6966058989180359,19136004.0,2454844688.0,Finance,10.7817301594571,11.050999538167183,1.138914216981177,3.385470253480752,208353000.0,885156000.0,2.885995673738009,37.45916462060956,0.27322918495465603,3.02356602934638,36639500.0,2026-10-01
WDFC,203.17,203.4,200.39,201.97,94725.0,-0.5024878072811519,19131608.25,2710658745.0,Process Industries,33.2153155591224,30.683803533719217,9.737271568005902,4.055985009278414,88983000.0,674684000.0,10.151590599260414,17.4760332244429,0.41047884534662205,1.97054042071038,13421100.0,2026-10-01
BHVN,13.5,13.625,13.21,13.35,1432116.0,0.4514672686230286,19118748.599999998,2016434487.0000002,Health Technology,-799.461885851685,,164.9573705671568,,-586841000.0,0.0,,,24.3033055146457,0.0,151043780.0,2026-10-01
OTTR,89.89,89.89,88.03,88.04,217079.0,-1.2450925406618052,19111635.16,3696410205.0,Utilities,10.6848101775434,19.011423265455964,1.9694537808076684,2.844172101734435,195069000.0,1315071000.0,0.26922549064458573,24.6419394846362,0.674906799668171,2.53224901850813,41985600.0,2026-10-01
HBNC,18.89,19.0,18.76,18.83,1012019.0,-0.15906680805939097,19056317.77,966817318.0,Finance,-18.983402558006,,1.3311635061842901,9.328084982502801,-143993000.0,103731000.0,-72.33439003582936,3197.0637583892726,0.5220293890433481,3.39342523860021,51344500.0,2026-10-01
RVLV,21.4,21.55,21.205,21.33,892907.0,0.2820874471085977,19045706.31,1516252052.0,Retail Trade,14.4303211560944,21.173317450863607,2.817355331511452,1.1687496403459714,72640000.0,1310287000.0,10.801451773026855,6.29953590320289,0.0573560617040332,0.0,41061500.0,2026-10-01
SENEA,182.23,182.23,177.865,178.0,106963.0,-1.8526687251874798,19039414.0,1206396383.0000002,Consumer Non-Durables,16.8022906639373,10.279154106464317,1.5567787833091624,0.7018833976182984,119181000.0,1767391000.0,12.456780209949237,8.56663862156139,0.310212587932691,0.0,5211510.0,2026-10-01
HAPN,14.98,14.98,14.56,14.78,1286233.0,-0.9383378016085828,19010523.74,1705722273.0,Finance,13.1548007398688,8.904150852460992,1.0882041759651184,1.0405721225370441,195579000.0,1681516000.0,23.25832837934616,14.8912053171067,0.034210652231469296,0.0,115407000.0,2026-10-01
TSHA,5.03,5.03,4.82,4.87,3901851.0,-2.404809619238479,19002014.37,1586809236.9999998,Health Technology,-47.0549204157907,,4.090786909481889,335.7392451412953,-149633000.0,5485000.0,-32.26722647567301,-2854.91340018232,0.146878373004601,0.0,325834000.0,2026-10-01
GRPN,20.21,20.73,19.7,19.76,959930.0,-1.1505752876438065,18968216.8,803546306.9999999,Retail Trade,,,,1.5658158705127325,-125655000.0,497408000.0,1.980740014802756,1.54983434122491,,0.0,40665300.0,2026-10-01
CTBI,74.69,75.08,73.8,74.22,254155.0,-0.37583892617449816,18863384.1,1348425530.0,Finance,12.7158714684676,12.421341545052885,1.5116286648135537,4.5361360058132565,108002000.0,420997000.0,7.696932022542331,47.079582307267906,0.42333546752901596,2.84563758389262,18168000.0,2026-10-01
LCLN,23.51,23.55,22.9,23.09,811809.0,-0.9862778730703277,18744669.81,2359603215.0,Finance,,,17.536398089147788,,,,,,1.7972353312771698,0.0,34846973.0,2026-10-01
VITL,9.24,9.42,9.05,9.28,2018808.0,-1.17145899893505,18734538.24,398404516.0,Process Industries,0.05257561536219,,1.4044348663062758,0.526554019292856,155999.999999999,765672000.0,16.372899336876678,0.475791200409575,0.381621206192073,0.0,42931500.0,2026-10-01
CXM,4.82,5.005,4.81,4.95,3782104.0,2.697095435684645,18721414.8,1149248137.9999998,Technology Services,4.3572669096465,52.60361317747078,2.2588299717075846,1.313337656178041,23157000.0,872882000.0,6.349419080665913,5.52812407633563,0.0796031393112689,0.0,131086999.99999999,2026-10-01
RPD,11.88,12.595,11.705,12.22,1530379.0,4.399829132849215,18701231.380000003,823635868.0,Technology Services,14.0281594004548,40.15773907328295,4.181923958796756,0.9288266261470096,20141000.0,855922000.0,0.06558634307619825,1.54009360666042,4.88880246461689,0.0,67400600.0,2026-10-01
BORR,3.95,3.99,3.89,3.89,4805614.0,-0.5115089514066501,18693838.46,1200114655.0,Industrial Services,-24.3744301489243,,1.248038910580739,1.1832042531793352,-240600000.000032,1015800000.00036,2.7098078867677464,20.8407166765118,2.5845465890183,5.62659846547315,307701080.0,2026-10-01
SHOE,13.1,13.13,12.54,12.79,1460180.0,-2.1423106350420897,18675702.2,347680993.0,Retail Trade,3.61147413362543,14.497846293357515,0.5137183690666833,0.3227153200875022,24332000.0,1106260000.0,-4.130850565070408,2.85095727948222,0.523944544343691,4.89671002295333,27183800.0,2026-10-01
FWRG,10.4,10.42,9.93,10.17,1835466.0,-2.023121387283245,18666689.22,627615447.0,Consumer Services,2.88292342583704,36.0,0.9896664035989993,0.4906208962636713,17809000.0,1318005000.0,19.273556211748673,2.4953623089442,1.69642792378688,0.0,61712437.0,2026-10-01
ANNX,4.19,4.27,4.05,4.23,4411914.0,2.421307506053282,18662396.220000003,801919797.0,Health Technology,-105.260752367053,,3.9695200915898727,,-202668000.0,0.0,,,0.132488807434121,0.0,189579000.0,2026-10-01
PRG,31.74,31.96,30.8,30.92,603193.0,-1.8100984439504502,18650727.560000002,1231594142.0,Finance,17.1818023314584,8.569844789356985,1.529273570324575,0.4873378461089559,146670000.0,2632083000.0,4.5217328457924175,8.49688250712458,1.10147763677453,1.74658621784694,39831600.0,2026-10-01
SKE,30.45,30.55,29.71,29.73,623105.0,-1.4910536779324033,18524911.65,3730006040.792297,Non-Energy Minerals,-175.174389680224,,30.940305545768258,,-174758848.0,0.0,,,6.57169454511391,0.0,125463000.0,2026-10-01
EFOR,32.75,33.68,32.55,32.9,561632.0,0.0,18477692.8,1348900063.0,Technology Services,4.57061042429582,16.936065067435393,0.745449078690647,0.34004739336492895,83000000.0,3966800000.0,-0.9513346150965067,5.70232933346778,0.834635200265913,0.0,41000000.0,2026-10-01
CSR,55.06,55.06,54.355,54.4,336088.0,-1.324142934881197,18283187.2,913788728.0,Finance,3.08655263672048,68.96551724137932,1.3429197395624402,2.658357428889427,21722000.0,348612000.0,30.529137773517633,29.4057576904983,1.44219813659437,5.58679484853981,16797600.0,2026-10-01
AEVA,14.02,14.44,13.845,14.04,1294828.0,0.5010737294201755,18179385.119999997,978668827.9999998,Electronic Technology,,,35.027318314497414,41.83151884526349,-32421999.999999996,21598000.0,56.2242314647378,-610.94545791277,3.7185252451870703,0.0,69705800.0,2026-10-01
STAA,22.48,22.75,22.05,22.61,798871.0,0.802496656263931,18062473.31,1133755548.0000002,Health Technology,1.09377737826776,340.0,3.101496152965077,3.4016532583409376,3839000.0,339590000.0,51.29940431902125,17.9952295415059,0.0983612389777722,0.0,50144000.0,2026-10-01
MNPR,80.0,82.35,79.33,79.67,226312.0,-0.41249999999999787,18030277.04,534758733.00000006,Health Technology,-19.4963964858482,,4.086651161979525,,-17844746.0,0.0,,,0.00082402678323949,0.0,6712170.0,2026-10-01
INTA,35.25,36.57,35.21,36.21,496972.0,2.869318181818176,17995356.12,2770468546.0,Technology Services,-9.86662972552092,,8.721560390964841,4.6689246372045945,-41310000.0,577805000.0,14.616559549313656,-6.05723384186706,0.07198609584922061,0.0,76511200.0,2026-10-01
SCSC,57.86,58.82,57.57,58.73,305592.0,1.5211754537597155,17947418.16,1182987382.0,Distribution Services,8.68082286989717,16.07851726120404,1.3000872849338412,0.3713734799187005,78874000.0,3226061000.0,6.092159654828812,3.18267385520609,0.12175886481216301,0.0,20142800.0,2026-10-01
MGRC,114.49,115.02,113.29,114.35,156777.0,0.10505121246606876,17927449.95,2793074526.0,Finance,12.6903372055368,18.41740755057338,2.2426374907406625,2.99933389576323,152831000.0,932857000.0,-0.9217916255990212,25.3236026529254,0.47363662713907095,1.71583647027926,24425700.0,2026-10-01
NBHC,39.14,39.42,38.93,39.19,457360.0,-0.10196278358398968,17923938.4,1745504783.9999998,Finance,6.44612126025947,16.482314842074274,1.0457306359050906,3.851164589671633,97388000.0,644783000.0,8.271539014380613,26.399452720660232,0.20804096089878202,3.23731837879174,44539500.0,2026-10-01
REX,42.95,43.785,42.335,43.45,410879.0,2.0192533458558333,17852692.55,1441481588.0000002,Process Industries,19.7735419518168,11.914228522855028,2.1399228839757947,2.05281863191366,120558000.0,686521000.0,5.650635654190578,15.2199277225314,0.0264525601191174,0.0,33175600.000000004,2026-10-01
MFA,8.1,8.115,7.84,7.85,2269063.0,-1.8750000000000044,17812144.55,793540291.0,Finance,8.18372443002989,7.847645706288113,0.4468410048628824,0.9814451318341598,147234000.0,859451000.0,19.702363542667726,80.2642617205635,6.569644071690139,18.0,101088000.0,2026-10-01
LMB,48.46,49.87,47.19,48.93,363081.0,2.0437956204379497,17765553.33,583489936.0,Industrial Services,16.1715041131229,19.56104581434397,2.8712952047081495,0.8443301238280069,30215000.0,683771000.0,23.66567254878201,5.64925976679327,0.2933132494536,0.0,11925000.0,2026-10-01
COLL,22.14,22.33,21.82,21.82,811563.0,-1.844354475933424,17708304.66,710363498.0,Health Technology,17.6120856804168,17.678036133841044,2.2734613501151317,0.8928434339798651,47915000.0,808208000.0,14.3140025487725,20.1188307960327,3.90460679236572,0.0,32555600.0,2026-10-01
RXT,3.965,3.9898,3.72,3.725,4749623.0,-5.456852791878169,17692345.675,949401336.0,Technology Services,,,,0.36466360743098264,-159000000.0,2702200000.0,0.33790056069213914,-1.70231663089335,,0.0,254873000.0,2026-10-01
PBLS,31.95,32.86,31.2,32.29,547140.0,1.1908492635537418,17667150.599999998,3988888562.0,Health Technology,,,3.806746039699091,,,,,,0.045347387791175996,0.0,121952030.0,2026-10-01
METC,8.53,8.95,8.25,8.27,2119256.0,-1.3126491646778184,17526247.119999997,483352955.0,Energy Minerals,-17.0688287312061,,1.393006333378251,1.0501196899585772,-61747000.0,515414999.99999994,-17.654680557707955,-13.6088394788665,1.24557060311062,0.0,51875300.0,2026-10-01
INVX,27.4,27.78,27.0,27.02,648009.0,-1.4228383801532307,17509203.18,1889666136.0,Industrial Services,5.99361651993231,30.52762399728844,1.758173685696847,1.9103557592711593,61556000.0,997529000.0,15.034947696657913,11.1833340183594,0.0704336990398668,0.0,69935800.0,2026-10-01
GOOD,12.725,12.73,12.515,12.625,1386226.0,0.03961965134707434,17501103.25,615827242.9999999,Finance,7.21919347331786,50.399201596806385,3.910012419128555,3.6138884288777944,24352000.0,170200000.0,10.775559084637214,38.9741480611046,2.6339832749974,9.50871632329636,48407500.0,2026-10-01
KMTS,28.46,29.58,28.17,28.29,616808.0,-0.5973295853829996,17449498.32,1685003322.9999998,Health Technology,-73.7353511300908,,7.541023809269942,15.61757819856454,-149873000.0,106726000.0,60.72224564785253,-134.476135149823,0.343798486218109,0.0,59561794.0,2026-10-01
ECPG,95.46,95.46,94.23,94.44,183568.0,-0.850393700787404,17336161.919999998,2003012561.9999995,Finance,30.5424451862775,7.148047229791099,1.8568148782698985,1.145906926192125,301559000.0,1894432000.0,28.841635058696628,37.7713214303812,3.87452408741125,0.0,21209400.0,2026-10-01
BANF,105.83,106.15,104.74,105.28,164562.0,-1.0061118946873469,17325087.36,3537276069.9999995,Finance,13.6675047182803,14.199778802837798,1.8074095896057467,5.178266059702777,251833000.0,959955000.0,4.087016487722578,45.67219231841479,0.0471320532400796,1.84297132110954,33598700.0,2026-10-01
HUN,8.34,8.485,8.33,8.4,2062488.0,0.23866348448686842,17324899.2,1473180310.0,Process Industries,-6.08695652173913,,0.541106717839902,0.24637029501525962,-170000000.0,5898000000.0,0.6484641638225256,-0.101729399796541,0.929049034175334,6.11575178997613,175379000.0,2026-10-01
RHLD,119.64,121.02,116.05,118.25,145907.0,-1.5977365399018073,17253502.75,924667149.0000001,Commercial Services,,21.751526745640497,,0.8697902869752269,47154000.0,1119574000.0,,9.39687774099792,,0.0,7819595.0,2026-10-01
CBU,59.93,60.355,59.16,59.54,289533.0,-0.48470666889520164,17238794.82,3132751077.0,Finance,11.4894981010431,13.841361353914824,1.510884892851261,3.673480725900536,227254000.0,1047319999.9999999,7.2174067048245245,35.47646383467279,0.368636579641204,3.14223633628614,52615900.0,2026-10-01
PMT,8.08,8.15,7.88,7.88,2186900.0,-1.5000000000000013,17232772.0,687154623.0,Finance,8.93773331085429,5.516275813790689,0.5237888545974104,0.3717016614050803,166198000.0,1878711000.0,21.8595422461669,81.8530896982027,12.366761916375202,20.0,87202400.0,2026-10-01
PPTA,21.94,22.36,21.55,21.57,796736.0,0.18578727357175637,17185595.52,2698316418.0,Non-Energy Minerals,-37.7895571166679,,3.7484424934702028,,-232329068.001308,0.0,,,0.00506355490727235,0.0,125095800.0,2026-10-01
FPI,11.17,11.46,11.01,11.35,1513755.0,2.344454463480611,17181119.25,495208712.00000006,Finance,5.50444839377063,24.641771602257922,1.0764803739133237,9.345207811133795,25475000.0,51465000.0,-6.432376415831865,45.6562712523074,0.48763489013139,2.70513976555455,43630700.0,2026-10-01
BBW,25.55,25.737,24.42,25.07,685320.0,-1.4931237721021573,17180972.4,308845724.0,Retail Trade,32.8099951652714,6.214829321500285,1.9657718889131095,0.6110707943586778,51576000.0,517751000.0,-0.9123130686406975,12.3433851407337,0.789392252684013,3.53634577603143,12319300.0,2026-10-01
LMAT,82.81,83.345,81.82,82.59,207866.0,-0.36192544335866467,17167652.94,1888771850.0,Health Technology,16.7741128031182,29.422871392946206,4.492566784706017,7.748196066028562,65673000.0,262432000.00000003,11.845004453650088,29.4621082794781,0.452617154602681,1.14609723730245,22869300.0,2026-10-01
TDAY,6.28,6.45,6.264,6.29,2728767.0,-0.15873015873015534,17163944.43,923484786.9999999,Consumer Services,-20.6190895320752,,6.006608223992055,0.5477711966301668,-40293000.0,2230614000.0,-6.674649435934511,5.56940824364951,7.2327945624247905,0.0,146818000.0,2026-10-01
LFTO,15.82,16.25,15.68,15.8,1084703.0,-0.18951358180669212,17138307.400000002,2675438170.0,Technology Services,,62.72330289797539,,3.3555016691869906,41870000.0,798838000.0,35.45803086491977,35.836802956294,,0.0,169331530.0,2026-10-01
USLM,110.99,114.09,110.41,113.11,151187.0,2.361990950226244,17100761.57,3244940873.0,Non-Energy Minerals,21.3535585557679,24.196205104070852,4.664079863759881,8.436246899168227,134423000.0,376915000.0,6.999091580082893,42.1086982476155,0.0046655963296159,0.217194570135747,28688400.0,2026-10-01
FLOC,18.22,18.505,17.83,18.1,941986.0,0.33259423503327207,17049946.6,1635393421.0,Industrial Services,19.2870555736611,21.445497630331754,2.179297158605876,0.9679023525062118,49712000.0,819543000.0,,18.9487311831106,0.936995237534472,1.88470066518847,43972690.0,2026-10-01
DCOM,39.57,39.615,39.085,39.42,431366.0,-0.1266784899923921,17004447.720000003,1740652828.0,Finance,8.57757951821843,14.31164681963404,1.2959759978143968,3.4998674437065094,126582000.0,748953000.0,14.800894552823221,37.10640724988254,0.431325865398275,2.53356979984799,44156600.0,2026-10-01
CCOI,7.4,7.945,7.13,7.79,2181961.0,6.130790190735698,16997476.19,398970555.0,Communications,-721.502631998724,,,0.37135943456681014,-45231000.0,957213000.0,-4.544829016701437,-6.58129381861717,,1.08991825613079,51215700.0,2026-10-01
VRTS,132.08,132.97,130.61,132.32,127499.0,0.8075575194270931,16870667.68,876314352.9999999,Finance,13.0106560603798,7.539515219199781,0.9270335221542936,1.0684809507853728,119807000.0,832659000.0,-5.174815140434051,14.9098250304146,0.542426098538104,7.31372847783026,6622690.0,2026-10-01
NXRT,19.28,19.77,18.76,19.51,864287.0,1.2454592631032797,16862239.37,500483135.99999994,Finance,,,2.0111142150005823,,,253069000.0,-0.46489492666695514,11.1131746677784,,10.8977685521536,25549800.0,2026-10-01
BCAX,18.71,18.95,18.385,18.61,905369.0,0.2693965517241418,16848917.09,1231478370.0,Health Technology,-41.0111464615848,,2.6174549505201155,,-185363000.0,0.0,,,0.00248097139736501,0.0,66172934.99999999,2026-10-01
ZBIO,26.99,28.38,26.54,26.97,623266.0,0.7847533632286895,16809484.02,1757816085.0,Health Technology,-199.038878376407,,6.91238924671104,1688.885522640002,-484384000.0,1000000.0,-93.33333333333333,-27390.1,1.57670064792369,0.0,65176720.0,2026-10-01
LBRX,37.61,39.23,37.34,38.38,437215.0,2.950643776824038,16780311.700000003,1238107146.0,Health Technology,,,3.3121384090689423,,-85685000.0,0.0,,,0.0156974487508538,0.0,32259174.0,2026-10-01
SAFT,103.6,103.67,103.55,103.58,161773.0,-0.048248576666985586,16756447.34,1520604442.0000002,Finance,7.84219603432847,22.284374260450505,1.734868307114903,1.1792657960737412,68616000.0,1279335000.0,7.043437880442285,6.48508795585206,0.06818311443283209,3.55109524269034,14680500.0,2026-10-01
TRNS,88.14,89.155,87.155,88.42,189217.0,0.9706520497887502,16730567.14,827594709.0,Electronic Technology,1.15747310789591,242.44584590074032,2.7320859423641726,2.3810429738402616,3446000.0,348398000.0,20.91359001589516,4.42884287510261,0.472926619104058,0.0,9359810.0,2026-10-01
NBTB,50.21,50.56,49.98,50.16,333324.0,-0.11947431302270464,16719531.839999998,2606316799.0,Finance,11.4242275115128,12.283279459300617,1.340622657217807,3.534736542848244,214152000.0,948193000.0,14.460076894755586,37.51497260131853,0.242394359024219,2.94703305455994,51960100.0,2026-10-01
IMTX,8.56,9.16,8.43,8.78,1898932.0,2.5700934579439116,16672622.959999999,1313803116.0,Health Technology,-48.0760252353301,,2.6267449305019532,24.07397047492073,-240916522.98612,48599434.7138889,-65.40250225290592,-555.602763341954,0.0365492649358774,0.0,149636000.0,2026-10-01
XHR,18.05,18.39,17.9408,18.06,921253.0,-1.4729950900163644,16637829.18,1665959719.0000002,Finance,-0.622167957834278,,1.5010335189262374,1.5471456111480122,-7236000.0,1092894000.0,1.649334378758158,6.64245571848688,1.25000833427188,3.05510092744135,92245800.0,2026-10-01
ESRT,4.04,4.08,4.01,4.03,4122786.0,0.0,16614827.580000002,697724576.0,Finance,0.700355762241061,223.8888888888889,0.6700685531673626,0.8789932515321767,7274000.0,784178000.0,2.0378208940075493,16.7813940202352,2.17884335350296,3.47394540942928,172166000.0,2026-10-01
MLAB,132.47,132.7,129.26,129.94,127591.0,-0.7940143533363812,16579174.54,727127240.0,Health Technology,2.65739530969728,153.7387600567913,3.852064592785131,3.0195289218139916,4800000.0,249725000.0,3.042694274007535,9.00110121133247,0.854794447976266,0.488624217437777,5595870.0,2026-10-01
NEXT,6.525,6.69,6.31,6.35,2595133.0,0.1577287066246023,16479094.549999999,1690277422.0,Energy Minerals,-352.946850393701,,,,-358594000.0,0.0,,,,0.0,266185000.0,2026-10-01
STBA,48.76,48.9,47.84,48.37,340609.0,-0.7998359310910594,16475257.329999998,1705791784.9999998,Finance,9.87215141360639,12.872920825016633,1.2150924683609967,4.227343733724955,140644000.0,573471000.0,2.4388283334941,42.31582241910631,0.19609492703810702,2.99425758818704,35265500.0,2026-10-01
PUBM,18.89,19.15,18.48,18.73,879224.0,-0.3723404255319164,16467865.52,853152676.0000001,Technology Services,-5.59322174551671,,3.562516167318431,2.9975612623890777,-13480000.0,289166000.0,-1.0410392597054154,-4.68831052060063,0.17137495392245602,0.0,37303600.0,2026-10-01
SB,8.41,8.61,8.38,8.54,1925908.0,2.891566265060222,16447254.319999998,972137857.0000001,Transportation,10.3192925594792,11.036443525458774,0.9992219173594332,2.7485917810910045,86984000.0006224,307499000.00229096,10.807256007471453,33.2840106797015,0.587684826422882,2.83132530120482,113833000.0,2026-10-01
ATEC,10.41,10.54,10.125,10.32,1588348.0,-0.4821600771456021,16391751.360000001,1593935102.0000002,Health Technology,-373.443335370408,,,1.9921216683107341,-109994000.0,815052000.0,19.4677501627003,-4.76349975216305,52.3689960117912,0.0,154451000.0,2026-10-01
CGEM,15.39,15.78,14.955,15.35,1067167.0,0.7879185817465477,16381013.45,987844642.0000001,Health Technology,-50.2980710160953,,3.07950334732986,,-204688000.0,0.0,,,0.00643659441685263,0.0,64354699.99999999,2026-10-01
OFG,50.19,50.62,49.95,50.08,325422.0,-0.7727362789776115,16297133.76,2116655890.9999998,Finance,16.0807520812627,9.866230619200536,1.5040732815256972,2.8577908172532442,220445000.0,918815000.0,4.562648937889343,33.665218924290016,0.40963012125587706,2.57578759659204,42265500.0,2026-10-01
SKWD,53.35,53.53,52.49,52.8,308313.0,-1.271503365744203,16278926.399999999,2344134744.0,Finance,17.3383309065206,12.291933418693983,1.8493617775448952,1.4079022532497691,187900000.0,1735662000.0,37.98947704842179,15.1940873280627,0.34492484243063504,0.0,44396492.0,2026-10-01
CLYM,11.69,11.93,11.32,11.47,1411230.0,-0.26086956521738575,16186808.100000001,658793833.0,Health Technology,-27.0973475880003,,2.750164242589902,,-57624000.0,0.0,,,0.00548535360492931,0.0,57436300.0,2026-10-01
CHCO,139.78,140.06,138.39,139.12,116220.0,-0.5433228481555554,16168526.4,1953962631.0000002,Finance,16.6095842518644,15.218009582357961,2.4166115291755643,6.125012253184732,130648000.0,401618000.0,3.2261878447358545,51.05825789917826,0.652143707452509,2.48784672576494,14045200.0,2026-10-01
NHP,16.17,16.47,15.6878,16.04,1005493.0,-1.1706715958102358,16128107.719999999,310634177.0,Finance,-5.28064135173885,,1.1094188554172701,2.904539646476385,-44916000.0,344192000.0,-0.5119044522102075,9.48162653402752,0.816749262895067,0.0,44275000.0,2026-10-01
VREX,18.46,18.475,18.45,18.45,872049.0,-0.10828370330265066,16089304.049999999,783450569.9999999,Health Technology,4.64334488916903,35.351599923356964,1.565906855277106,0.909620809248556,22100000.0,865000000.0,5.308010713416119,8.34682080924856,0.763793797825211,0.0,42463400.0,2026-10-01
PAYS,12.95,13.52,12.8831,13.48,1191587.0,4.902723735408567,16062592.76,761109815.0,Commercial Services,30.8176670855448,52.63568918391254,12.647776318258584,7.913040639555378,15773207.0,100642169.0,46.83845627377347,17.0060096777127,0.09492363499847549,0.0,56462200.0,2026-10-01
NMM,91.96,92.96,89.2602,89.91,178485.0,-1.1869436201780397,16047586.35,2544768575.9999995,Transportation,13.1627949488453,5.869067124476967,0.7227243307063068,1.7480618178826353,438517000.00290704,1479646000.00986,13.380576326016582,34.7001918026321,0.698466449527278,0.241784811517749,28303500.0,2026-10-01
BLX,55.52,55.82,54.54,55.02,291668.0,-0.8827238335434966,16047573.360000001,1930034825.0000002,Finance,15.2126697958164,9.085804874826607,1.3136340748370314,5.874794524020088,226275000.0,843184000.0,0.473301144406896,65.89566236150931,2.94951399403467,4.84147000540443,28736600.0,2026-10-01
PRSU,50.1,51.07,49.73,49.73,322607.0,-0.7385229540918253,16043246.11,1355846388.0,Consumer Services,7.87947556579192,34.75920877891941,2.125236380730563,2.900684560147337,41274000.0,483230000.0,-26.317234018221324,16.1227572791424,0.45372697910683796,0.0,27264200.0,2026-10-01
OPY,118.81,120.52,117.51,117.96,135974.0,-0.6234203875315999,16039493.04,1251359808.0,Finance,10.9394361957519,13.350687567200497,1.2843857089986592,0.7586675083404839,102847000.0,1796658000.0,20.968171975826,12.8712865776347,1.50632677133328,0.640269587194608,10608300.0,2026-10-01
SFL,13.14,13.405,13.1,13.16,1217965.0,0.7656967840735042,16028419.4,1979730167.0,Transportation,6.2454394109235,27.934621099554235,1.762546424213852,2.410992270516159,63850000.0,728962000.0,-15.605173707267827,27.7509664426952,2.3029425002269703,6.27871362940276,150435000.0,2026-10-01
PSNL,16.42,16.59,16.26,16.28,984127.0,-0.4281345565749253,16021587.56,1738702012.0,Health Services,-50.3199605624545,,7.363716958260209,24.74119013908625,-107179000.0,69669000.0,-13.2574672858797,-164.074408991086,0.161574410722866,0.0,106800000.0,2026-10-01
UPWK,8.1,8.21,8.03,8.16,1953795.0,0.7407407407407469,15942967.200000001,1019211448.0,Commercial Services,16.6951931274182,10.669456066945607,1.6659657088724924,1.3370794621241184,101834000.0,787282000.0,1.860256901245174,16.8383120660704,0.62069050135293,0.0,124903000.0,2026-10-01
ASC,18.69,19.2,18.53,18.66,853455.0,1.1930585683297117,15925470.3,762295916.0000001,Transportation,16.2340059923179,7.229195722919573,1.088966077481162,2.0510853167239196,109259000.00071399,368286000.002445,13.598746449289422,28.4835698343089,0.049970143624878095,7.4295010845987,40851900.0,2026-10-01
GTM,3.65,3.83,3.64,3.79,4188287.0,4.407713498622594,15873607.73,1103307065.0,Technology Services,-45.4488175746629,,1.3368701013763766,0.8500020497336407,-541000000.0,1257700000.0,2.661007264713085,22.5172934722112,1.8322674067817102,0.0,291110000.0,2026-10-01
PLGO,23.89,23.9912,23.59,23.66,670783.0,-0.8797653958944317,15870725.78,1957352335.0,Finance,17.6368317964744,5.794333014963387,0.8814918747014813,0.818434138465878,400700000.0,2482200000.0,-4.457274826789838,21.0579324792523,0.324476469263679,2.51361541684122,82728330.0,2026-10-01
SVM,10.93,10.99,10.6308,10.67,1485621.0,-1.4773776546629747,15851576.07,2360360201.3541803,Non-Energy Minerals,3.6201572033744,105.91369671558351,2.3947268214144075,5.778641271959712,30464175.732169837,482029001.7717356,52.58999755992577,56.4956945417775,0.12003088784308,0.22685993485342,221215000.0,2026-10-01
HROW,31.62,31.86,30.76,30.8,514374.0,-1.9108280254777004,15842719.200000001,1154625756.9999998,Health Technology,-114.799395565424,,75.95561035758323,4.255544719406083,-37226000.0,275594000.0,21.054550406086243,2.06862268409327,19.7857894736842,0.0,37487900.0,2026-10-01
PRK,180.81,181.2,177.55,178.66,88630.0,-0.6892718176764919,15834635.799999999,3227342783.0,Finance,12.5940068638251,15.995058058855653,1.8692157862418979,5.089227950845946,190236000.0,757082000.0,14.448416867597372,39.561297871214876,0.09031574630945871,2.42912729294052,18064200.0,2026-10-01
UVE,42.43,42.535,41.78,42.09,374786.0,-0.35511363636363297,15774742.740000002,1171379633.0,Finance,40.1653754510426,5.54779353614172,1.8384295993717281,0.7528521360781345,219898000.0,1629505000.0,3.9642177888961836,18.3691366396544,0.15357644529196202,1.51515151515152,27830400.0,2026-10-01
PCRX,25.59,25.77,24.905,25.05,628469.0,-2.3391812865496995,15743148.450000001,998540191.0,Health Technology,2.04764072983746,72.19020172910663,1.4844998657727668,1.3853455808642623,14638000.0,746164000.0,5.711711303283427,3.70293930020746,0.61329124849697,0.0,39861900.0,2026-10-01
ADRX,20.65,21.61,19.23,19.94,788842.0,-3.368063968984736,15729509.48,2037886097.0000002,Commercial Services,,,,,,,,,0.0647274092146007,0.0,106801325.0,2026-10-01
AOSL,27.61,27.86,27.01,27.5,571545.0,-0.39840637450198996,15717487.5,832129550.0,Electronic Technology,-5.21715086657684,,1.0426824921855686,1.2258287415280456,-42265000.000032,678927000.000479,-2.475716858980035,-6.36209783967965,0.0350695136364035,0.0,30259300.0,2026-10-01
KRUS,39.17,41.41,38.59,40.81,384631.0,4.186877712535105,15696791.110000001,495832782.99999994,Consumer Services,-0.906847220705471,,2.1479320430302216,1.5183084778401925,-2076000.0,318843000.0,18.385085787908377,-0.884761465674329,0.9028139972102611,0.0,11149800.0,2026-10-01
FOXF,18.83,19.21,18.37,18.37,853164.0,-1.7647058823529322,15672622.680000002,772109472.9999999,Producer Manufacturing,-36.730009115703,,1.1575036735146524,0.5399120752134603,-298572000.0,1464206000.0,1.5503671666717527,4.75438565338484,1.01965978409317,0.0,42031000.0,2026-10-01
MGTX,11.19,11.6,10.97,11.0,1423927.0,-1.1680143755615524,15663197.0,1056472908.0,Health Technology,72.2841506049457,15.58736006801757,4.806137874987984,2.6265416803479757,78982000.0,397501000.0,948.3450694938945,45.9442869326115,0.52103705490509,0.0,96043000.0,2026-10-01
AVO,13.14,13.275,12.99,13.11,1192664.0,0.3060443764345765,15635825.04,1149463869.0,Process Industries,0.240114054175734,382.21574344023327,1.5045342600009637,0.8089755154351871,1600000.0,1338500000.0,-6.175522220664517,3.82517743742996,0.678795811518325,0.0,87678400.0,2026-10-01
KLRA,11.16,11.665,10.86,11.42,1368805.0,3.9126478616924447,15631753.1,1480530798.0,Health Technology,,,1.323479476217352,,,,,,0.009133955138475631,0.0,129643679.99999999,2026-10-01
CHPT,9.58,10.4387,9.5666,10.08,1549908.0,5.882352941176476,15623072.64,270651270.0,Producer Manufacturing,-1015.07668312971,,,0.5788758309770643,-175725000.0,432888000.0,8.839391447988715,-39.111271275711,,0.0,26850300.0,2026-10-01
SVV,9.45,9.56,9.13,9.21,1695989.0,-1.9169329073482395,15620058.690000001,1420699000.0,Retail Trade,5.71846696319513,60.95301125082727,3.1871820604214975,0.8571223827677875,24813000.0,1743015000.0,10.029448247781913,7.97944940232872,3.23456945713476,0.0,154256130.0,2026-10-01
WVE,3.79,3.84,3.62,3.7,4209280.0,1.6483516483516498,15574336.0,729078246.0,Health Technology,-67.4168414746005,,1.576836695120756,11.359650482293434,-202473000.00066802,65371000.0001758,-30.416409426913592,-333.358828838677,0.0961148350679132,0.0,197048000.0,2026-10-01
VSTS,13.48,13.67,13.31,13.36,1164455.0,-0.74294205052007,15557118.799999999,1765659031.0,Consumer Non-Durables,-0.602080005727601,,2.0117028100597185,0.6705543373092301,-5298000.0,2696499000.0,-0.39193102309511735,4.17682335502442,1.5254474626596999,0.0,132160110.0,2026-10-01
GOLD,43.42,43.7,42.37,42.57,365417.0,-0.7229477611940351,15555801.69,1241117977.0000002,Finance,10.7971983223503,14.569287107703891,1.4156388016053882,0.049834355443568394,82341000.0,25513409000.0,132.39189391302034,0.516171711902553,1.02964784124479,1.86567164179104,29154800.0,2026-10-01
VZLA,3.82,3.87,3.74,3.79,4103281.0,-1.3020833333333286,15551434.99,1345665617.3111112,Non-Energy Minerals,,,3.1915052188945943,,-121101891.4126,0.0,,,0.570270109965717,0.0,355057000.0,2026-10-01
PFBC,106.18,106.45,104.5,104.73,148242.0,-1.430588235294114,15525384.66,1241376882.0,Finance,17.5767119758991,9.562462336334253,1.5643769573383515,4.389362667786672,135445000.0,505881000.0,0.5751628269461697,66.34700769718684,0.481546311593682,2.96470588235294,11853100.0,2026-10-01
FWDI,8.37,8.5,7.765,7.8,1984681.0,-2.621722846441947,15480511.799999999,595048097.0,Finance,-461.366954946267,,1.2146600119908744,13.07233164554679,-1101657037.0,53121449.0,171.5850214312161,18.8588982201897,0.249902121673159,0.0,76288200.0,2026-10-01
PAYO,7.14,7.15,7.13,7.14,2163563.0,0.0,15447839.819999998,2419394882.0,Commercial Services,7.0578159059557,51.589595375722546,3.700651501251691,2.2281423388286985,50267000.0,1081396000.0,6.306451549480754,12.4709172218133,0.13184092543571102,0.0,338851000.0,2026-10-01
ADNT,17.27,17.78,16.84,16.84,916384.0,-1.9219569015725209,15431906.56,1298312338.0,Producer Manufacturing,2.73192942515652,28.160535117056856,0.750903737618895,0.08990241967473249,48000000.0,15126000000.0,4.9760566312721215,2.57834192780643,1.5320994794679001,0.0,77096900.0,2026-10-01
CIGI,90.73,90.73,89.04,89.8,171440.0,-0.2665482007996547,15395312.0,4589123346.15035,Finance,7.34502279758115,43.68085000404705,2.9764891668310165,0.7965921252408716,105518599.00314726,5796462436.319484,9.429535620152357,7.10929246705427,2.14554595848911,0.32743172392206,49778100.0,2026-10-01
SA,29.525,29.525,28.215,28.34,542399.0,-1.3574660633484181,15371587.66,3057070175.1493683,Non-Energy Minerals,3.27347126484345,140.21484436844938,3.921006696249302,,24504128.0,0.0,,,0.507736496797228,0.0,107871000.0,2026-10-01
EFSC,59.3,59.97,58.605,58.95,259901.0,-0.623735670937285,15321163.950000001,2133549089.9999998,Finance,9.60293863505347,11.731576747795977,1.0855997722358273,2.833999979169489,190318000.0,1018848000.0,7.978112888405617,35.619004718111086,0.334212380551987,2.19150370869858,36192500.0,2026-10-01
BOBS,14.05,14.07,13.59,13.86,1105035.0,0.14450867052022812,15315785.1,1811322784.0,Retail Trade,,13.53119203358391,3.4100135317997293,0.7342221150501815,133683000.0,2463412000.0,,8.78927276476692,1.68250397234794,0.0,130687070.0,2026-10-01
CLPT,11.85,12.54,11.54,12.21,1253821.0,3.7383177570093564,15309154.41,372456609.00000006,Health Technology,-226.521183525017,,34.561820652173914,8.39805465597577,-34566000.0,42279000.0,25.856577263120293,-73.4241585657182,5.9341128433556,0.0,30504200.0,2026-10-01
LILAK,8.41,8.46,8.11,8.22,1861132.0,-1.9677996422182369,15298505.040000001,1610587044.0,Communications,-17.2811262648482,,3.1095491910254323,0.37829755014133665,-98200000.0000003,4457400000.00002,1.0817062385196223,16.646475523848,16.9672410528309,0.0,156500000.0,2026-10-01
MPTI,76.33,79.425,76.1,78.26,195123.0,2.8518859245630197,15270325.98,340155227.00000006,Electronic Technology,12.3951331353238,29.28234677841802,2.8650127252545783,5.673386918450788,9515000.0,58198000.0,11.84825014894394,18.4937626722568,0.00111190666722824,0.0,4346476.0,2026-10-01
EVC,7.42,7.491,7.22,7.35,2076492.0,0.13623978201634587,15262216.2,678319043.0,Consumer Services,5.67273732910058,337.1559633027523,8.115717992601999,1.1104530623639473,4923000.0,679880000.0,71.38218923933209,8.43457669000412,2.4685846956604998,2.72479564032698,82935600.0,2026-10-01
TAC,11.87,12.14,11.735,12.08,1259859.0,2.4597116200169715,15219096.72,3820903700.4552846,Utilities,-1.36904761904762,,6.462788377321382,2.237371873200888,-16191999.999999998,1595264000.0,-13.366386235626686,-1.19152691968226,2.38012352610893,1.58114558472554,316300000.0,2026-10-01
WRLD,172.39,172.74,169.44,170.78,89015.0,-1.0028404150483972,15201981.7,796377934.9999999,Finance,10.0702993428837,20.19153464175928,2.1967954673824495,1.333827450844034,39779279.0,592499902.0,4.356322373884558,17.385340597069,1.78935786390257,0.0,4663180.0,2026-10-01
VNDA,5.16,5.19,4.9,4.91,3077088.0,-2.385685884691851,15108502.08,296871790.99999994,Health Technology,-77.8053938067752,,1.3481048281921393,1.4043122695518762,-274853000.0,215721000.0,6.022598259177164,-86.0695064458258,0.103694620432818,0.0,60462700.0,2026-10-01
ALOY,8.13,8.49,8.08,8.17,1847196.0,2.124999999999999,15091591.32,567152663.9999999,Non-Energy Minerals,-150.228546582978,,2.948277044216938,175.33534788380496,-145863714.0,2835372.0,21.23839353480069,-4460.02044881589,0.0032160920022664802,0.0,69418900.0,2026-10-01
ARDX,3.43,3.46,3.365,3.42,4412507.0,0.8849557522123837,15090773.94,852221530.0,Health Technology,-38.6090163025396,,5.71820294604491,1.8650680374322965,-55702000.0,450894000.0,16.76775105789002,-7.86238007159111,1.71924597182796,0.0,249188000.0,2026-10-01
LIME,28.42,29.09,28.0,28.17,535103.0,-0.914526908195561,15073851.510000002,1830604691.0,Consumer Durables,,,2.6834756200952987,,,,,,0.396224147105517,0.0,64984190.0,2026-10-01
MTW,22.45,22.535,21.46,21.46,697029.0,-2.9837251356238705,14958242.34,773889838.0,Producer Manufacturing,2.9224537037037,39.011088892928555,1.103822590094504,0.3482904218620691,20200000.0,2320000000.0,8.858858858858872,3.4698275862069,0.739409499358151,0.0,36062000.0,2026-10-01
HG,33.36,33.37,32.88,33.04,452344.0,-0.9295352323838149,14945445.76,3258219289.0,Finance,21.6549738077619,5.574865859008538,1.1428994431824353,1.1059592020241464,585705000.0,2973699000.0,17.4051158910525,29.0221707038944,0.05254423614687061,0.0,65890656.00000001,2026-10-01
TRIN,17.83,17.87,17.55,17.55,850864.0,-1.1824324324324371,14932663.200000001,1661872134.0,Miscellaneous,12.9054878591611,10.048093438680867,1.302530769042369,5.831520247394834,141342000.0,275511000.0,8.535129705135024,85.3269016482101,1.18960428590937,0.0,94693600.0,2026-10-01
EPC,27.73,28.08,26.86,26.98,553039.0,-1.8909090909090893,14920992.22,1243478851.0,Consumer Non-Durables,-2.87327850985832,,0.8516158764178473,0.6252439500390328,-93200000.0,2049600000.0,-7.001225100957393,6.46467603434817,0.876224398931434,2.18181818181818,46088900.0,2026-10-01
NBN,124.18,124.8,122.745,123.66,120349.0,-0.5308880308880282,14882357.34,1057955946.9999999,Finance,19.5740247819265,9.714824416686307,1.7520089802148797,4.484306720544337,107475000.0,383421000.0,9.276290851675679,62.669840283070656,1.41792456111007,0.0321750321750322,8555360.0,2026-10-01
JOE,66.35,66.83,65.38,65.78,226208.0,-0.3484320557491349,14879962.24,3744884960.0,Finance,16.3712019158809,30.764194182022266,4.903992676068098,6.8888734368063655,123048000.0,547840000.0,28.412841284128415,30.1781542056075,0.487251802250213,0.969550068171489,56930400.0,2026-10-01
HLIT,10.64,10.76,10.51,10.56,1408146.0,0.09478672985781789,14870021.76,1151741698.9999998,Electronic Technology,7.34107800701086,,3.1949655088950744,2.3340173143408074,-47136000.0,495774000.0,-28.053183646696194,11.9372940089638,0.361105715062745,0.0,109066000.0,2026-10-01
FDMT,14.76,14.83,14.075,14.31,1037055.0,-1.2422360248447184,14840257.05,790544658.0,Health Technology,-43.2503086721486,,1.9381734848115462,11.066880497565398,-179175000.0,92008000.0,278712.1212121212,-214.236805495174,0.09620050090884791,0.0,55244200.0,2026-10-01
AUPH,16.43,16.4411,16.19,16.195,913844.0,-1.3702801461632241,14799703.58,2154763786.9999995,Health Technology,66.1177795439022,7.079781420765027,3.5006603592094714,7.038566067500465,314114000.00165904,311507000.001581,19.75925662534958,45.1505102614109,0.104309245621796,0.0,133050999.99999999,2026-10-01
JJSF,77.57,77.57,76.225,76.45,192787.0,-0.984328454863348,14738566.15,1428208890.0,Consumer Non-Durables,5.29247551828623,29.392541330257593,1.596398674936896,0.9492271167899722,49273000.0,1524797000.0,-4.685056252680113,6.03516402511285,0.215122685597768,4.14454086258257,18681600.0,2026-10-01
CUBI,74.72,75.08,73.79,74.0,198951.0,-0.6977992485238809,14722374.0,2500001350.0,Finance,14.3245069730294,9.017791859614917,1.1330558163200155,2.8350125819002985,291450000.0,1524107000.0,11.548237932374603,41.13259903347945,1.0742206980847702,0.0,33783800.0,2026-10-01
FBNC,62.03,62.425,60.98,61.11,240503.0,-1.9258545979778572,14697138.33,2528378720.0,Finance,8.104893908282,19.00127483598147,1.4730192338564467,6.096470287052708,132622000.00000001,574353000.0,4.147755399570972,39.08045705205209,0.0518421635225988,1.50858610174932,41374200.0,2026-10-01
HTH,37.65,37.77,37.28,37.66,389867.0,0.1595744680850935,14682391.219999999,2157406528.0,Finance,7.48044741177491,13.98128898128898,1.0146266815025957,1.6971037576767762,161760000.0,1598448000.0,1.9385211322846003,16.6279436562674,0.706492185945755,2.12765957446809,57286400.0,2026-10-01
APMD,23.57,24.5,21.485,21.91,669622.0,-8.326359832635976,14671418.02,912130284.0,Health Technology,,,,,,,,,1.1518105450270901,0.0,41630780.0,2026-10-01
CCS,61.43,61.43,59.98,60.25,242166.0,-0.44613350958361386,14590501.5,1713082193.0,Consumer Durables,5.22115927077814,13.221417599297782,0.6676662267272608,0.44819777805404454,133916000.0,3869059000.0,-8.373696997454916,3.17219251502756,0.660678686279378,2.06543291473893,28432900.0,2026-10-01
XPRO,15.86,16.105,15.75,15.77,923048.0,-1.2523481527864813,14556466.959999999,1771746172.0,Industrial Services,1.37026778690746,87.75737340011129,1.1753613844967077,1.175957678875435,20729000.0,1554238000.0,-7.114457028488307,5.10758326588335,0.113782187529889,0.0,112349000.0,2026-10-01
CNXN,89.62,90.585,88.51,90.23,161237.0,0.8269080344172635,14548414.51,2277233852.0,Technology Services,10.4320614758336,23.879846499933837,2.390410804667434,0.7589312349370069,95843000.0,2987869000.0,3.2309811553739296,4.12477923228897,0.00792106229990028,0.838082467314784,25238100.0,2026-10-01
USAS,4.54,4.6,4.36,4.36,3327452.0,-3.111111111111104,14507690.72,1474367183.5128207,Non-Energy Minerals,-27.1482708520192,,4.98629820149256,8.259727270884373,-47472857.780268736,179959553.3939808,78.3489233988484,19.0974912020179,0.188258781085956,0.0,338158000.0,2026-10-01
QDEL,10.64,10.64,10.34,10.54,1376265.0,-0.5191127890514534,14505833.1,722785048.9999999,Health Technology,-45.9059462299676,,0.4055902184261098,0.27065059655159535,-1048400000.0000001,2673700000.0,-2.5726050358925776,-1.15944197179938,1.73271733618795,0.0,68575400.0,2026-10-01
GPRE,14.88,15.34,14.835,15.06,962666.0,2.3793337865397666,14497749.96,1055635687.9999999,Process Industries,15.4447596868509,9.768437439190503,1.213517912684727,0.662514475168502,123953000.0,1876044655.0,-21.509563806896367,7.0099311681896,0.630661636400003,0.0,70095300.0,2026-10-01
VET,11.37,11.605,11.32,11.39,1270687.0,0.7964601769911492,14473124.930000002,1742081926.3502157,Energy Minerals,-18.5143004951288,,1.144518961996263,1.3389170859880737,-314262784.0,1319265728.0,-6.272847583745945,14.0600344618366,0.626781327804092,3.3083645443196,152948000.0,2026-10-01
FSUN,38.66,39.035,38.34,38.61,374451.0,-0.025893319523557768,14457553.11,1696923696.0,Finance,3.18563117627764,19.598984771573605,0.927363269160884,3.4466242246752357,46714000.0,719684000.0,27.399571253825876,23.231950856590565,0.150156852756516,0.0,43950367.0,2026-10-01
WABC,58.41,58.71,57.845,58.32,247038.0,-0.0856604420078759,14407256.16,1347842415.0000002,Finance,12.4861191787174,12.862246923382294,1.5723842732454447,5.403432419879226,110810000.0,265644000.0,-8.508410596938845,59.14506095648687,0.180519675366994,3.22083261949632,23111200.0,2026-10-01
CLOV,4.27,4.41,4.215,4.31,3341494.0,-0.34682080924856806,14401839.139999999,2289287507.0,Finance,-5.09746875503168,,5.651495482737369,0.9524972842522671,-18362000.0,2476712000.0,54.03893900418447,-0.741386160360995,0.0,0.0,435441000.0,2026-10-01
UVSP,41.23,41.455,40.6,40.98,351355.0,-0.6063545961678389,14398527.899999999,1130259806.0,Finance,10.5216180131759,11.867597231473168,1.1846594407644262,3.408711380743745,98429000.0,520596000.0,2.407962939284555,36.43676937541023,0.282611634440761,2.18287654620422,27580800.0,2026-10-01
CTRN,50.73,51.89,48.92,51.56,278746.0,1.6962524654832334,14372143.76,429981899.99999994,Retail Trade,6.17186383393726,62.4969696969697,3.4447234132959914,0.4769083010526749,7341000.0,869974000.0,11.148104804296834,0.590592362530374,1.80390064663126,0.0,8339449.999999999,2026-10-01
NPK,146.76,148.87,144.01,148.16,96982.0,0.9401825861834006,14368853.12,1057279700.0,Electronic Technology,10.9023398901871,24.739926862257253,2.570737353615368,1.9313547929889234,42810000.0,544681000.0,20.878245373421837,9.32913026156594,0.022318617164837802,0.681291729118408,7136070.0,2026-10-01
HRTG,33.34,33.45,32.91,33.15,432810.0,-1.0152284263959492,14347651.5,985629641.0,Finance,45.2749124633292,4.723769896119811,1.736094745210421,1.1785947524185958,215289000.0,854628000.0,1.449158377056575,34.4608414421245,0.161757038581856,0.0,29732400.0,2026-10-01
APEI,41.26,42.61,40.875,42.18,339408.0,2.652713555609628,14316229.44,771959059.0000001,Consumer Services,15.5798170551785,17.360167921965676,2.4669321143327703,1.1570160206223226,45672000.0,668014000.0,3.640530045039245,10.1981395599493,0.488659701901247,0.0,18301500.0,2026-10-01
UVV,42.01,42.4499,41.465,41.79,342525.0,0.33613445378151396,14314119.75,1040539999.9999999,Distribution Services,1.34309731275191,55.712571657112385,0.7503945901200739,0.3659647283382271,19124000.0,2854487000.0,-3.04039135922739,6.21547759720048,0.876428271587071,7.89915966386555,24899300.0,2026-10-01
TRS,39.26,39.5,38.56,38.595,370052.0,-1.7938931297709884,14282156.94,1384552089.0000002,Process Industries,9.05147644910746,1.6062510404528052,0.9596945687180599,1.853927850861762,905200000.0,767610000.0,-21.176990059968784,5.69820612029546,0.303456928761065,0.407124681933842,35873900.0,2026-10-01
ASTH,35.49,35.97,34.81,35.57,400576.0,0.33850493653031716,14248488.32,1764427294.0,Health Services,5.08208073648621,43.40451494813911,2.1090716764184796,0.45903799147493585,40547000.0,3844194000.0,58.90897381151883,2.61316156260584,1.17969487752703,0.0,49604400.0,2026-10-01
FET,80.42,81.685,80.0,80.95,175893.0,0.596495588418049,14238538.35,928714962.0000001,Industrial Services,-0.507370168685356,,3.146132918771862,1.1368279638278365,-1583000.0,833348000.0,3.928295726502122,4.08676807288192,0.7851108764519541,0.0,11472700.0,2026-10-01
TCBK,51.65,52.975,50.86,51.19,275527.0,-0.6790842064416015,14104227.129999999,1636371794.0,Finance,10.3820234016341,12.26254641274404,1.2178645189363777,3.7880073068391766,135507000.0,549160000.0,3.4983169932792926,42.600337414816494,0.0573514449688261,2.79394644935972,31966600.0,2026-10-01
MAZE,27.21,28.02,26.95,27.18,518010.0,0.5921539600296082,14079511.8,1509826393.0000002,Health Technology,-37.348922643361,,3.32936455439432,79.70350683400005,-133590000.0,20000000.0,700.0,-728.06,0.133347604629196,0.0,55549168.0,2026-10-01
AMSF,23.92,23.92,23.35,23.63,595756.0,-1.0054461667364976,14077714.28,438007045.0,Finance,18.2251954666858,9.504464644839514,1.7520913133937484,1.3301139098644952,46981000.0,335628000.0,9.53594705116364,17.4514641209911,0.0,6.70297444490993,18536100.0,2026-10-01
CAAP,25.95,26.31,25.4,25.44,552838.0,-2.153846153846149,14064198.72,4151256789.0000005,Transportation,17.5405562079878,14.189302247755036,2.2278912011433705,1.9645659088448801,292597000.0,2161546000.0,16.221398261796548,23.0377701885595,0.584654551264901,3.49186538461539,163178000.0,2026-10-01
AAT,21.35,21.41,21.22,21.26,660430.0,-0.37488284910964526,14040741.8,1305453580.9999998,Finance,1.63722679103115,71.77582714382174,1.1632837870741992,2.9458601481788036,18880000.0,439739000.0,-11.572036156328865,22.7664591951135,1.5301065572163601,6.37300843486411,61404200.0,2026-10-01
WFG,71.31,71.745,69.1,69.38,202327.0,-1.9918067523661684,14037447.26,5432719242.967467,Non-Energy Minerals,-19.3026576973975,,0.977227116204166,1.0902619981137631,-1175979113.3366919,5096534589.201665,-14.753935857242755,-13.2841067358894,0.0682716492993173,1.76955984863573,76022400.0,2026-10-01
CSWC,23.36,23.385,23.07,23.13,603428.0,-0.8147512864494052,13957289.639999999,1474164305.0000002,Miscellaneous,11.08039272278,12.764900662251655,1.3927501124496684,7.164089865797538,109415000.0,229504000.0,25.03963605655289,81.4513036809816,1.15835896815739,9.95197255574614,63733900.0,2026-10-01
NAVI,9.16,9.16,8.89,9.07,1534845.0,0.0,13921044.15,850619297.9999999,Finance,-1.97501007658202,,0.3547203223848469,0.28808090939485115,-49000000.0,2991000000.0,-17.19269102990033,78.9368104312939,18.4891576313595,7.05622932745314,93783800.0,2026-10-01
UROY,4.08,4.27,4.03,4.04,3439827.0,-0.980392156862746,13896901.08,1539511988.0,Non-Energy Minerals,,174.8917748917749,1.6010842986735572,14.674038198042355,3191153.35507368,39504913.394415,132.4100214858637,3.36630482897185,0.6165687685638931,0.0,146483000.0,2026-10-01
CRSR,13.58,13.72,13.38,13.5,1027216.0,0.29717682020801744,13867416.0,1460389011.0,Technology Services,5.24846876967979,44.002607561929594,2.1963754923541727,1.01258919781049,33295000.0,1451465000.0,3.1101440380085306,2.93951283703017,0.27805954389986404,0.0,108177000.0,2026-10-01
HCSG,20.9,20.91,20.265,20.45,677911.0,-2.1531100478468868,13863279.95,1403528586.0,Commercial Services,24.6923324095273,11.91516634620987,2.6795284030010715,0.7835563666943058,122953000.0,1864594000.0,5.218625889756527,6.47486798734738,0.0341703254555337,0.0,68632200.0,2026-10-01
ZURA,4.04,4.23,3.98,4.16,3325658.0,4.0000000000000036,13834737.280000001,398649207.0,Health Technology,-72.1043995178775,,2.0141474491500397,,-116445000.001396,0.0,,,0.0,0.0,95829140.0,2026-10-01
ARLO,12.39,12.62,12.36,12.4,1113644.0,-0.24135156878519198,13809185.6,1334404930.0,Electronic Technology,22.0679988005737,44.78150957024197,8.413453383361718,2.3460647199584423,30542000.0,587145000.0,15.645742648362255,3.16838259714381,0.0487557167639174,0.0,107613000.0,2026-10-01
NNI,123.91,124.1281,122.585,123.08,112164.0,-0.7659437232927541,13805145.12,4403733368.0,Finance,8.08125004594636,14.992752122592668,1.1679705430009688,2.1300972856407596,296805000.0,2098370000.0,-6.773128560645205,42.8730395497458,1.8679440790825899,1.04007095057647,25162800.0,2026-10-01
QCRH,99.04,99.95,97.725,97.875,140717.0,-1.1563320541304747,13772676.375,1602763237.0,Finance,12.9083570458903,11.576127452719724,1.3932911908123498,4.152718118405161,142012000.0,620218000.0,6.166626440234649,39.60455680952465,0.574308310364712,0.32316703696223,16375599.999999998,2026-10-01
BLKB,41.4,42.2,41.055,41.62,330416.0,0.45860487569393604,13751913.92,1889135854.0000002,Technology Services,194.448315911731,12.990823397215804,28.26024960278121,1.6200456699304677,150678000.0,1147843000.0,0.6657300316070482,20.184206376656,17.1566015217067,0.0,45390100.0,2026-10-01
SNDA,37.79,38.09,37.195,37.58,365711.0,-0.0797660196756212,13743419.379999999,1805643511.0,Health Services,-25.2450156261281,,2.0664054058661057,3.3468897833158704,-122379000.0,525972999.99999994,49.3694072342806,-10.6860998568368,1.82401797610923,0.0,48048000.0,2026-10-01
PDS,79.83,82.12,79.05,80.58,170438.0,1.6910651186269605,13733894.04,1014298304.2609303,Industrial Services,-2.00872481389936,,0.9190244940716555,0.7598130874611027,-23059520.0,1351404736.0,-0.4530972555599795,6.77231665406862,0.43543942571453004,0.0,12587500.0,2026-10-01
YSS,8.92,9.16,8.605,8.65,1584560.0,-2.0385050962627376,13706444.0,1188143231.0,Electronic Technology,,,0.6407098917459529,,,,,,0.101566782582496,0.0,137357600.0,2026-10-01
GMRS,9.84,10.07,9.56,9.63,1419843.0,-2.1341463414634054,13673088.090000002,520229068.00000006,Health Services,,,0.6591326143334992,,,,,,6.024560887815589,0.0,54021710.0,2026-10-01
HYLN,4.05,4.28,3.97,4.17,3273471.0,3.9900249376558645,13650374.07,744750395.0,Producer Manufacturing,-27.0803224626306,,4.39280296645879,77.38194875743484,-52185000.0,9247000.0,163.222317107885,-648.675246025738,0.0179663676204295,0.0,178597000.0,2026-10-01
ULCC,6.155,6.19,5.81,5.97,2275928.0,-2.0508613617719442,13587290.16,1374388035.0,Transportation,-120.249221183801,,10.105113492103792,0.3374380190828111,-386000000.0,4154000000.0,9.952355743779778,-17.1882522869523,38.544117647058805,0.0,230216000.0,2026-10-01
WGO,26.65,26.8199,26.28,26.37,515108.0,-1.087771942985743,13583397.96,745450713.0,Consumer Durables,3.14247235032445,19.401118304885227,0.6024254649835915,0.2669666090758434,38500000.0,2836100000.0,3.439346414764024,2.42234053806283,0.386422553467272,5.25131282820705,28268900.0,2026-10-01
AGEN,9.92,10.31,9.62,9.93,1367323.0,0.40444893832152823,13577517.389999999,448457828.0,Health Technology,,3.7457563183704266,,3.081042858327118,92012000.0,132693000.00000001,30.467229072031166,27.0413661609882,,0.0,45161900.0,2026-10-01
WS,36.05,36.1,35.18,35.23,385396.0,-1.1503928170594941,13577501.079999998,1794849298.0,Non-Energy Minerals,0.748573032656498,251.28388017118402,1.6539944929448192,0.5164167489401245,8000000.0,3443800000.0,11.330941066175281,3.14187815784889,0.33320793755290096,1.79573512906846,50946617.0,2026-10-01
OOMA,21.34,21.34,20.42,20.43,661934.0,-4.039455143259744,13523311.62,563868016.0,Communications,11.721874899467,52.70897832817337,5.710468353439698,2.0053348670845956,10931000.0,306586000.0,17.1888676959066,4.80680787772436,0.618376785079026,0.0,27600000.0,2026-10-01
TFIN,60.03,60.44,59.61,59.99,225418.0,-0.23282887077997766,13522825.82,1433433313.0,Finance,4.1209290670676,40.671186440677964,1.5610269418313847,3.1802747517850176,38647000.0,540421000.0,9.209936020499306,10.99215909588681,0.117621044304619,0.0,23894500.0,2026-10-01
TMP,97.21,97.99,95.6375,96.25,140488.0,-0.7322607260726008,13521970.0,1384354606.9999998,Finance,20.3631822735919,7.8789466359967575,1.435797619514675,5.246516496849672,175299000.0,393686000.0,-13.649254795301754,20.986587037030045,0.7584578907672631,2.7743399339934,14382900.0,2026-10-01
EVTC,26.86,27.19,26.71,26.95,501032.0,-0.33284023668639,13502812.4,1610331117.0,Commercial Services,15.5654722737333,17.590235624306505,2.510475061993364,1.6679113969013126,97578000.0,996162000.0,12.358939711636395,19.9273812893887,2.06458542821286,0.739644970414201,59752500.0,2026-10-01
HMN,45.42,45.63,44.595,44.6,302364.0,-1.9995605361458946,13485434.4,1806346896.0,Finance,12.384744341995,10.417639914042791,1.2017025376670427,1.0738285321573804,177300000.0,1746100000.0,5.875576036866359,14.5696122787927,0.395368953356844,3.1201933640958,40501100.0,2026-10-01
RGNX,7.49,7.86,7.35,7.53,1788568.0,1.0738255033557056,13467917.040000001,497079401.00000006,Health Technology,-137.632600440016,,5.683190435937689,2.263667312387527,-196432000.0,174482000.0,12.003954243750883,-94.0761797778567,3.49002995889361,0.0,66013200.0,2026-10-01
ICFI,83.5,84.09,82.67,83.13,161964.0,0.012030798845032368,13464067.319999998,1490843859.0000002,Commercial Services,8.63757431153463,17.19551547244746,1.4199472093246104,0.8237724462446063,88549000.0,1821073000.0,-7.891477141968394,8.08232289424971,0.537893514704328,0.673724735322425,17933900.0,2026-10-01
ARHS,9.53,9.72,9.36,9.47,1419535.0,0.10570824524312669,13442996.450000001,1342388933.0,Consumer Durables,17.2821524932547,19.405737704918035,3.2534234809913496,0.9523764744410718,69177000.0,1408588000.0,5.437100612223053,6.61506416354534,1.46822606260559,0.0,54636130.0,2026-10-01
LZ,5.552,5.705,5.53,5.61,2393747.0,1.0810810810810902,13428920.67,960795642.0000001,Technology Services,10.4935119922293,59.80810234541578,7.3878002528445,1.20203755485846,16853000.0,792494000.0,12.263359795105423,4.4112636814916,0.11903488628141799,0.0,171265000.0,2026-10-01
CNMD,46.66,47.18,46.17,46.23,290076.0,-0.9852216748768492,13410213.479999999,1384646189.0,Health Technology,5.52737910050581,25.0,1.331192904911707,1.0235146234287844,56497000.0,1373857000.0,3.860316769139238,10.9531778052592,0.8010918099847321,0.428357249946455,29951200.0,2026-10-01
NP,27.88,28.285,27.245,27.35,489551.0,-1.2991699747383594,13389219.850000001,3753325220.0,Finance,,119.22406277244988,,22.282934335062286,38999000.0,181799000.0,32.95037369645025,43.7125616752567,,0.0,93798090.0,2026-10-01
NTB,58.85,58.9,57.84,57.86,231238.0,-0.9755262707513269,13379430.68,2275442126.0,Finance,21.136849167694,10.18446807012603,1.9809274958625114,3.759545876828215,234388000.0,799816000.0,-1.4084576488889875,38.33106910715251,0.0340270311445796,3.42289919561869,39326700.0,2026-10-01
JANX,17.08,17.5634,16.79,17.28,772493.0,1.9469026548672677,13348679.040000001,1056443465.0000001,Health Technology,-10.6950221527235,,1.1373337027912724,44.44946459375,-102592000.0,24000000.0,5366.970387243736,-598.145833333333,0.0226189244642149,0.0,61136800.0,2026-10-01
OLMA,8.59,8.86,8.42,8.64,1542813.0,1.1709601873536468,13329904.32,755979398.0,Health Technology,-52.7370456303171,,1.7548777069597963,,-204567000.0,0.0,,,0.00850047844222926,0.0,87497600.0,2026-10-01
OBK,52.46,52.88,51.8,52.25,254587.0,-0.9478672985781991,13302170.75,1611895678.0,Finance,8.01648366230689,16.350095440748508,1.2582839030449506,3.9288060439928243,99678000.0,606301000.0,3.6296821720663517,28.714374158879963,0.119801070522233,1.51658767772512,30849700.0,2026-10-01
MEC,16.54,17.1422,14.78,15.0,883416.0,-8.088235294117649,13251240.0,382504950.0,Producer Manufacturing,-6.04654332226157,,1.1750246167657212,0.6337130585785415,-17303000.0,586341000.0,11.768092183642931,-1.17082039291129,0.512845485492375,0.0,25500300.0,2026-10-01
GSL,44.61,45.03,44.04,44.14,300189.0,0.24982966159436618,13250342.46,1590604067.0,Transportation,21.3461426495238,4.260329900489349,0.8170737689517521,2.033150507787825,383129000.0,780385000.0,5.552857921553405,48.4655650736495,0.34507691959965203,5.67794685441744,36035400.0,2026-10-01
CADL,11.02,11.245,10.37,10.44,1268853.0,-4.044117647058835,13246825.32,798853758.0000001,Health Technology,-81.8443191272996,,6.30042908094603,,-88531000.0,0.0,,,0.39258701339887403,0.0,76518600.0,2026-10-01
PAR,13.61,13.95,13.41,13.76,962525.0,1.8504811250925242,13244344.0,569150833.0,Technology Services,-8.62400413171763,,0.6994002236454203,1.1228978571155337,-72136000.0,496667000.0,18.813603111797946,-9.5089869067202,0.530292343045332,0.0,41362700.0,2026-10-01
ATTO,18.19,18.34,16.79,17.14,769561.0,-5.616740088105725,13190275.540000001,782462575.0,Health Technology,,,,,,,,,0.0383622868392349,0.0,45651260.0,2026-10-01
AMTB,29.16,29.53,28.585,28.67,459373.0,-1.5791280466872548,13170223.91,1123573217.0,Finance,6.13198234579081,20.574094007893795,1.2286844462348772,2.886667049887141,56373000.0,620145000.0,5.133556209566951,19.66014547278656,0.9973828946519401,1.23583934088568,39189900.0,2026-10-01
AMPH,26.73,26.79,25.77,25.81,509363.0,-3.2608695652173956,13146659.03,1097904332.0,Health Technology,10.2969313186147,15.126296665299185,1.4290784520328514,1.6162908088693613,78547000.0,730019000.0,1.0156653230549109,15.6550719912769,0.896069423307996,0.0,42537900.0,2026-10-01
FIZZ,29.66,29.845,29.09,29.2,448114.0,-1.384667342114151,13084928.799999999,2733566920.0,Consumer Non-Durables,40.1203896145605,15.635876840696119,7.437197704656653,2.3488396280508406,174892000.0,1180699000.0,-1.8044803874929725,18.2756993950194,0.159832799841176,0.0,93615300.0,2026-10-01
HLF,12.46,12.46,12.11,12.13,1078333.0,-2.4919614147909863,13080179.290000001,1271265046.0,Consumer Non-Durables,,7.835411149150572,,0.24996250504739764,164200000.0,5200700000.0,5.522978593892665,8.95264099063588,,0.0,104803000.0,2026-10-01
JBIO,14.43,14.74,13.95,14.05,930921.0,-0.9167842031029549,13079440.05,893543277.0,Health Technology,-47.7776859748921,,2.029862821726034,,-153240000.0,0.0,,,0.00142754850368821,0.0,63597400.0,2026-10-01
TTI,5.82,5.92,5.78,5.87,2220349.0,1.0327022375215231,13033448.63,869187228.0,Process Industries,2.12287848123732,143.52078239608804,2.1314296918686138,1.2729171120078524,6207000.0,641830000.0,5.700442676082316,7.81047941043579,0.548890986892924,0.0,148073000.0,2026-10-01
DAC,155.78,158.1599,153.9,154.31,84344.0,-0.11004660797513431,13015122.64,2808992162.9999995,Transportation,14.1397151814653,5.223004098929405,0.6924142520938901,2.6730032993089674,540799000.00399,1055063000.00793,2.4516030052364384,48.4236486351999,0.298441459777871,2.33039875712066,18203600.0,2026-10-01
WWW,19.43,19.43,18.89,19.11,679248.0,-0.6756756756756706,12980429.28,1568287761.0000002,Consumer Non-Durables,26.6011094301563,14.82544608223429,3.49097206491637,0.8083205246439199,105500000.0,1951800000.0,7.159327989458658,8.69453837483349,1.6593944790739101,2.07900207900208,82066300.0,2026-10-01
MRAM,18.73,18.795,18.2,18.44,702901.0,-1.019860440150283,12961494.440000001,449014196.00000006,Electronic Technology,-3.84161187327784,,6.122056001540474,7.122235490707683,-2635000.0,62471000.0,20.89211417513304,-7.42264410686559,0.0548374300682561,0.0,24350000.0,2026-10-01
DMC,30.66,30.815,29.81,29.96,430720.0,-2.123489055864092,12904371.200000001,1412500628.9999998,Process Industries,1.67166527361227,42.07865168539326,0.7036467974911093,0.33812901527752004,34000000.0,4309600000.0,-0.13903049402168877,3.76601076666048,0.29645312344326,3.9202874877491,47146200.0,2026-10-01
MRTN,13.11,13.1779,12.89,12.92,997414.0,-1.147666411629689,12886588.88,1055068841.0,Transportation,1.64562777628104,83.35483870967742,1.3774427753552887,1.2440507341598566,12644000.0,857647000.0,-6.865775047997985,0.876234627999631,0.000155360187581107,1.8362662586075,81661700.0,2026-10-01
FG,21.84,22.22,21.42,21.68,591506.0,-0.9140767824497225,12823850.08,2838675418.0,Finance,9.24063225378579,7.6214582015046055,0.6159241390556701,0.469605415222057,418000000.0,6057000000.0,13.682432432432432,11.1606405811458,0.488175309177696,4.43327239488117,130935210.00000001,2026-10-01
EPAC,35.51,35.51,34.88,34.89,367198.0,-1.2454005094820202,12811538.22,1784192428.0,Producer Manufacturing,21.6449232417863,19.720777752656566,4.207010478337935,2.873279113302203,93317000.0,634083000.0,4.272988444315811,21.7633969054524,0.43580376767572,0.11321822813473,51137600.0,2026-10-01
KFRC,51.91,52.61,50.9301,52.46,242903.0,1.1179645335389325,12742691.38,939506144.0000001,Commercial Services,28.2730344742063,25.038182512409314,7.600310039334429,0.6551964878402928,36479000.0,1344358000.0,-1.2550635537976194,4.04029283866351,0.9873653217717671,3.04548959136469,17909000.0,2026-10-01
LOB,36.64,36.94,36.115,36.19,351793.0,-1.2281659388646364,12731388.67,1675004243.0000002,Finance,11.7487802814518,12.704040439498717,1.3767937027381036,2.873815686402572,139561000.0,1057382000.0000001,7.1125612737028945,27.480006261983192,0.0759911156067955,0.327510917030568,46283600.0,2026-10-01
ADTN,6.93,6.935,6.73,6.835,1856554.0,-0.5094614264919962,12689546.59,556925421.0,Electronic Technology,-15.114840694059,,4.2855620136811945,0.48857807801080083,-22605000.0,1138227000.0,15.747817704053823,-0.176239010320437,1.87389669258747,0.0,81481400.0,2026-10-01
WLDN,75.72,76.8,73.64,73.88,170993.0,-2.430005282620184,12632962.84,1125346838.0,Commercial Services,21.1904607397794,17.342723004694836,3.2036133011526586,1.5742443535287496,65309000.0,741835000.0,18.09424807218405,7.07987625280554,0.254493316022998,0.0,15232100.0,2026-10-01
VSTM,7.98,8.4,7.92,8.05,1568537.0,1.6414141414141512,12626722.850000001,729035697.0,Health Technology,-471.160595988006,,14.571718195641155,9.059236341201473,-202698000.0,87526000.0,3995.7416939635004,-182.569750702648,1.68707238026647,0.0,90563400.0,2026-10-01
LWLG,5.16,5.2,4.98,5.0,2505570.0,-3.2882011605415844,12527850.0,770836258.0000001,Process Industries,-34.3595390192706,,7.396012070291699,3170.769360801748,-22858978.0,250251.0,165.22282867892534,-9688.2054417365,0.0240232981920772,0.0,154167000.0,2026-10-01
IART,16.67,16.67,16.14,16.28,768910.0,-2.1634615384615348,12517854.8,1266136463.0,Health Technology,-0.695760596108236,,1.213599470429322,0.7894291197366443,-7243000.0,1647666000.0,1.5988412424455998,10.7101196480355,1.9636996023489102,0.0,77772500.0,2026-10-01
AAUC,21.43,21.82,20.83,20.88,597224.0,-2.0637898686679232,12470037.12,2909696256.7970486,Non-Energy Minerals,-13.9605037271528,,5.258993120028035,2.0065646490503233,-60605257.572624154,1453837142.1251955,47.4406301524453,32.1122087131939,0.388506327503469,0.0,139353270.0,2026-10-01
CODI,11.06,11.09,10.5,10.91,1137850.0,-1.177536231884049,12413943.5,820824416.0000001,Finance,-18.9935222069171,,,0.4635033615771292,-102037000.0,1792016000.0,8.371044144478116,4.60933384523352,3.7001946842729003,0.0,75236000.0,2026-10-01
SLDB,7.24,7.54,7.16,7.23,1711185.0,0.9776536312849202,12371867.55,775238451.0,Health Technology,-65.4997264242543,,2.0318291802145367,,-207099000.0,0.0,,,0.0538795696050257,0.0,107225000.0,2026-10-01
OSBC,24.64,24.82,24.285,24.49,505073.0,-0.6490872210953352,12369237.77,1245946208.0,Finance,11.3998495183353,14.04726396696111,1.3817898268897768,3.365623806885458,92422000.0,457346000.0,33.9246548265714,32.4992403047164,0.519115296557087,1.13590263691684,50875700.0,2026-10-01
HOPE,13.45,13.61,13.18,13.29,930386.0,-1.1160714285714313,12364829.94,1697689003.0,Finance,5.65844588757135,13.36484312148029,0.7394593656228734,3.004352144615507,127880000.0,1018230000.0,7.353758272437719,29.84332506955684,0.278639912328843,4.16666666666667,127742000.0,2026-10-01
HLMN,7.17,7.17,6.94,6.99,1766842.0,-1.6877637130801704,12350225.58,1359869493.0,Distribution Services,3.38614679634643,33.71924746743849,1.1361032147332595,0.8736228549390228,41178000.0,1602402000.0,6.471610706682506,6.55441019169971,0.653782585310074,0.0,194545000.0,2026-10-01
EFXT,22.82,23.05,22.67,22.79,539382.0,0.48500881834214915,12292515.78,2782724781.3150086,Producer Manufacturing,4.50258555079545,55.15787883951115,2.3805543733911256,1.1112637777012944,50681130.3354738,2499959083.5647297,4.79362846210114,11.0833435275751,0.51025641025641,0.528771384136859,122103000.0,2026-10-01
OXM,25.32,25.32,24.195,24.44,502264.0,-2.2790883646541396,12275332.16,366069033.0,Consumer Non-Durables,-1.17201523086049,,0.6485111838990912,0.25694925347913067,-6807000.0,1467608000.0,-1.8016318129932138,2.76443028383601,0.928446913597744,11.1155537784886,14978300.0,2026-10-01
IMKTA,85.85,86.0,84.0425,84.82,144431.0,-0.16478342749529257,12250637.42,1576518868.0000002,Retail Trade,6.34371639771306,15.409490589346703,0.9359341902100312,0.29787467159226283,103994087.0,5417587794.0,1.015253561217059,2.64742803354005,0.312549170205137,0.776836158192091,14548800.0,2026-10-01
HTB,45.63,45.9,45.175,45.77,267259.0,-0.04367765887747548,12232444.430000002,764046859.9999999,Finance,10.893875108698,11.989207879295893,1.248575336531563,3.514090433730202,64266999.99999999,286335000.0,-2.3933377875345996,37.2815461393245,0.30528971028971,1.22297444856956,16693200.0,2026-10-01
WTI,3.54,3.67,3.5,3.57,3419734.0,2.2922636103151754,12208450.379999999,538866312.0,Energy Minerals,,,,0.9792778527264498,-108570000.0,561866000.0,13.749339509384534,0.989381809897734,,1.14613180515759,150943000.0,2026-10-01
EVLV,4.72,4.77,4.62,4.65,2616130.0,-1.273885350318463,12165004.5,842236589.0,Electronic Technology,-4.93692909960853,,7.07482579192405,4.948151512818269,-5221000.0,171435000.0,41.6689391873466,-19.9515851488902,0.349728247152064,0.0,181126000.0,2026-10-01
RIGL,49.27,49.7,47.8039,48.15,252210.0,-1.5136019635917406,12143911.5,899435431.0,Health Technology,126.896695811225,2.949951906287717,2.111285577792871,3.45675271420055,321909000.0,276785000.0,3.3084379350629476,31.4504037429774,0.09390675611510449,0.0,18679900.0,2026-10-01
NWN,47.21,47.26,46.65,46.67,259473.0,-0.7443641003828187,12109604.91,1964505443.9999998,Utilities,8.34789614690315,15.514261019878997,1.259860289673384,1.5339945855635662,125992000.0,1292840000.0,4.405437184241469,35.6484174375793,1.73274781231262,4.18970650786899,42093500.0,2026-10-01
DFIN,47.01,47.3875,46.31,47.19,256358.0,0.5325948018747337,12097534.02,1160184165.0,Technology Services,8.59060402684564,32.558299986201185,3.008758490226795,1.5274366559485524,35200000.0,777500000.0,2.980132450331126,19.9228295819936,0.546463603510583,0.0,24585400.0,2026-10-01
RDWR,29.38,30.07,28.94,29.81,405723.0,1.91452991452991,12094602.629999999,1254478975.0,Electronic Technology,6.61143171494622,78.77906976744185,4.049011924278995,4.0228839048727005,16948000.0000168,317649000.00027096,9.984315110454293,4.52197236572488,0.050640163952489,0.0,42082500.0,2026-10-01
BXC,74.93,75.0,71.03,71.13,169323.0,-4.83007760235483,12043944.989999998,559097186.0,Distribution Services,-0.313488199937238,,0.8996059718254994,0.1951557273995812,-1948000.0,3009900000.0,2.125433199265215,1.02066513837669,1.08036969932966,0.0,7860220.0,2026-10-01
SIBN,19.15,19.27,18.8,18.8,640213.0,-1.8276762402088662,12036004.4,842589137.9999999,Health Technology,-8.29963991040291,,4.608283634955303,3.9874567608752667,-14636000.0,213604000.0,15.298334250952706,-8.30696054381004,0.23468990441301502,0.0,44818600.0,2026-10-01
TNC,68.0,68.355,66.83,67.22,178844.0,-0.1930215293244179,12021893.68,1146054172.0,Producer Manufacturing,3.08782586686915,66.42292490118577,2.148582708927454,0.9504368568786987,18300000.0,1216800000.0,-2.912311497646214,3.81328073635766,0.733595800524934,1.84112843355605,17049300.0,2026-10-01
ODD,18.19,18.79,17.77,18.66,643700.0,4.245810055865931,12011442.0,860684148.0,Technology Services,5.09935122715124,78.30465799412505,4.345811043390571,1.4256000353416756,15158000.0,679085000.0,-9.67860781481511,-1.13962169684207,2.29883011608405,0.0,34577553.0,2026-10-01
DMRA,20.78,21.85,20.31,21.28,563014.0,3.0009680542110404,11980937.92,1313731895.0,Health Technology,-99.9963855719642,,3.403852367500888,,-262826000.00000003,0.0,,,0.0,0.0,61735500.0,2026-10-01
IRMD,87.06,87.405,85.825,86.22,138811.0,-0.27758501040943195,11968284.42,1102494390.0,Health Technology,23.5192289763152,48.12995422574522,10.83531997622312,12.890029940560849,23054652.0,86339064.0,11.211287081344828,31.9157386278823,0.0,0.89058524173028,12787000.0,2026-10-01
PSIX,47.04,47.46,45.86,45.97,260041.0,-2.399150743099793,11954084.77,1060318707.9999999,Producer Manufacturing,40.0650686852524,15.62808091109978,5.217999316677053,1.6070844203091428,67854000.0,676188000.0,13.170676190890621,13.0009701443977,0.6634575610140451,0.0,23065400.0,2026-10-01
SYBT,77.26,77.76,76.51,77.09,154522.0,-0.20711974110031922,11912100.98,2394927377.0,Finance,13.277142715053,15.357797434058492,1.9215722344402877,5.58034313262123,149507000.0,588001000.0,9.303008615962302,45.46412704414406,0.37672979287415204,1.65695792880259,31066600.0,2026-10-01
ACRS,5.3,5.395,5.21,5.26,2263473.0,-0.3787878787878875,11905867.98,774266159.0,Health Technology,-59.0964419475655,,5.903611753350243,91.69613790485461,-75738000.0,8218999.999999999,-51.04532729763535,-1040.43070933204,0.0148497764506626,0.0,147199000.0,2026-10-01
IRD,4.96,5.32,4.83,4.84,2458482.0,-2.3208879919273504,11899052.879999999,402667799.0,Health Technology,-4796.52328950301,,,55.99713621195211,-107610000.0,9856000.0,-36.087153881071266,-513.474025974026,,0.0,83195800.0,2026-10-01
TFSL,16.3,16.39,16.1,16.2,733479.0,-0.6134969325153461,11882359.799999999,4543172748.000001,Finance,5.2502498428649,44.9375866851595,2.7503497358306057,13.256587185150352,100947000.0,826717712.0,6.025063803482708,37.57895036774478,2.96867341605825,6.93251533742331,280443000.0,2026-10-01
HFWA,27.91,28.025,27.35,27.63,428436.0,-0.6472491909385103,11837686.68,1130496829.0,Finance,7.79807237985409,13.093545635484789,1.0185135011097484,3.9290038329399612,77899000.0,380990000.0,17.15919923736892,30.98443058380209,0.17008953835839102,3.48795397339087,40915600.0,2026-10-01
USPH,86.46,87.22,85.72,85.73,137611.0,-0.4875217643644825,11797391.030000001,1279322951.0,Health Services,0.539495221222533,506.37920850561136,2.8516430460058206,1.5984679938389803,2561000.0,812203000.0,11.319852195413453,9.84643001811124,0.859877055026568,2.12420197330238,14922700.0,2026-10-01
CCB,39.98,40.6025,39.385,39.94,294418.0,-0.10005002501250412,11759054.92,610535894.0,Finance,-0.832508247257759,,1.3168944634710158,0.9988975824698165,-3851000.0,727260000.0,7.29967069154775,-0.9049306509403344,0.113570699562194,0.0,15286300.0,2026-10-01
TGLS,34.92,35.9122,34.58,35.52,331019.0,2.2158273381295053,11757794.88,1575831195.0,Producer Manufacturing,17.0176150810645,12.489451476793251,1.9978334306377206,1.4681531910932433,129740000.00000001,1050079000.0,9.871470513762198,18.1254934152573,0.285753043972149,1.72661870503597,44364600.0,2026-10-01
AHCO,5.69,5.72,5.53,5.64,2079292.0,-0.5291005291005335,11727206.879999999,768981314.0,Health Services,-16.1154586619284,,0.5576930493054052,0.23919120069395777,-227598000.0,3226709000.0,-0.43347896803123465,4.53691361693912,1.49810586550557,0.0,136344000.0,2026-10-01
NSSC,35.64,35.74,35.35,35.62,329216.0,0.1405678942929355,11726673.92,1274071666.9999998,Commercial Services,23.9299459411359,29.710568020685624,6.6704619510258505,6.308736382688468,43027000.0,202316000.0,11.394607451781456,30.4662013879278,0.027114899320426,1.63058757379814,35768400.0,2026-10-01
LQDT,43.44,43.675,42.77,42.83,273719.0,-1.1082890787347124,11723384.77,1341933229.0,Retail Trade,14.9646120827353,41.871150650112426,5.688315379435737,2.905893232867259,33259000.0,489618000.0,5.1792880036433315,9.00171153838298,0.058693587504028005,0.0,31331600.0,2026-10-01
FBRT,6.62,6.64,6.375,6.39,1827425.0,-4.910714285714287,11677245.75,530660209.00000006,Finance,4.00468291656253,14.532635888105526,0.4327547242390729,0.9740820900974854,60888000.0,584700000.0,11.14025683720718,57.6569180776467,2.8549739737905298,16.5178571428571,83045420.0,2026-10-01
BELFA,199.32,199.32,194.25,197.73,59024.0,-0.3075526873046353,11670815.52,3426831247.0000005,Electronic Technology,8.1667191735268,51.32378134247002,3.1177547246448474,3.5984820325452893,53660000.0,744094000.0,25.261180336479054,16.4770848844366,0.037676591842053506,0.121004335988706,2115260.0,2026-10-01
GNK,26.33,26.71,26.04,26.16,445323.0,0.6928406466512691,11649649.68,1140225582.0,Transportation,4.52945250765236,28.82009474495979,1.2832184846249235,2.6277001283901527,40316000.0,440688000.0,25.644490822313838,16.5141778310279,0.36598365683173,6.9284064665127,43586600.0,2026-10-01
EPRX,8.33,9.21,8.125,9.1,1279354.0,9.572546658639373,11642121.4,599750336.0123172,Health Technology,-63.9942872341505,,5.862512410487811,,-48887094.12223648,0.0,,,0.014038278053859802,0.0,65906600.0,2026-10-01
FVR,16.92,17.26,16.64,16.66,698043.0,-1.9999999999999991,11629396.38,494307170.0,Finance,0.360995624445623,845.6852791878173,0.9009934723942306,5.6533029435460715,1457000.0,69508000.0,8.869919335891613,21.3529377913334,0.9803760158418741,5.05882352941176,24455954.0,2026-10-01
BV,10.11,10.17,9.95,10.0,1150906.0,-0.5964214711729672,11509060.0,925999985.0,Commercial Services,1.15063057956639,,0.7515994035307134,0.34203999999999946,20300000.0,2738000000.0,1.4524974062546316,4.22936449963477,0.553105982317143,0.0,92600000.0,2026-10-01
CWH,5.17,5.235,5.0,5.02,2283289.0,-1.5686274509803935,11462110.78,518535649.0,Retail Trade,-33.1868060637385,,1.3040925645941466,0.05221374272313113,-97277000.0,6268321000.0,-0.8008167213278716,2.43781388987577,15.210332884278001,4.90196078431373,63828000.0,2026-10-01
LBTYK,9.06,9.13,8.88,8.89,1288875.0,-1.3318534961154187,11458098.75,3117737717.0,Communications,-27.3212533642984,,0.32871468859182545,0.6271038686251217,-3035200000.0,4884800000.0,-35.67383918459796,-0.632574516868654,0.993333044251241,0.0,151397000.0,2026-10-01
LSPD,9.77,9.91,9.71,9.77,1172687.0,0.20512820512820074,11457151.99,1300415050.4431653,Technology Services,-6.61212402174401,,0.9102223051680801,1.1152647587606914,-94609814.60740761,1211166119.1610322,5.994875284252403,-8.64563743304601,0.0143526450501508,0.0,133103000.00000001,2026-10-01
KRP,14.44,14.44,14.2524,14.28,801888.0,-0.13986013986014928,11450960.639999999,1835139799.0000002,Miscellaneous,12.2875616867623,20.098522167487683,2.4463867826587493,4.9293958330312755,89089000.0,344855000.0,10.330142575990747,40.8020762349393,0.65747617460393,11.1888111888112,100896000.0,2026-10-01
STGW,8.2,8.39,8.11,8.14,1406688.0,-0.48899755501221454,11450440.32,1990030236.0,Commercial Services,2.28103668115452,137.96610169491527,2.9723976001723558,0.6637195172417447,16189999.9999964,3030689000.0152597,6.172138427055202,4.52642946867655,2.5480949649229703,0.0,244475000.0,2026-10-01
AORT,22.91,23.105,22.64,22.82,501373.0,-0.17497812773402951,11441331.86,1112616966.0,Health Technology,-0.7299936336421,,2.493692008274424,2.3535704195777503,-3159000.0,471474000.0,16.402699012682792,6.62581605772535,0.915576152698139,0.0,48756200.0,2026-10-01
UHT,38.28,38.41,37.36,37.39,305923.0,-1.6311496974480335,11438460.97,519671769.0,Finance,12.4675223824577,26.930279458369345,3.611154304169488,5.313682699861018,19266000.0,99294000.0,0.75290202126796,37.7897959594739,2.7455162014356502,7.84004209418574,13898700.0,2026-10-01
GEMI,5.46,5.548,5.12,5.16,2189530.0,-2.457466918714554,11297974.8,669005339.0000001,Finance,,,1.3889973108366016,3.9710364464692534,-517039000.0,161552000.0,28.467710511876454,-293.26780231752,1.1121892262981299,0.0,54525417.0,2026-10-01
GRC,75.43,75.43,74.14,74.48,151123.0,-0.7859331290795114,11255641.040000001,1967034919.0,Producer Manufacturing,14.8626909850072,31.46864965354065,4.456011247719046,2.823769148170942,62364000.0,702054000.0,4.181017660440524,14.8440148478607,0.622965154473828,1.01238843745837,26410200.0,2026-10-01
EYPT,3.42,3.46,3.25,3.27,3437253.0,-4.385964912280699,11239817.31,281913705.99999994,Health Technology,-148.704233548325,,1.669909457202825,106.12300466116903,-306643000.0,2789000.0,-94.62599714825234,-11365.2205091431,0.13440818215142,0.0,86212100.0,2026-10-01
BY,36.97,37.18,36.685,36.83,304924.0,-0.18970189701897097,11230350.92,1664215948.0,Finance,11.9746169938609,11.11748369958947,1.2761718310103172,3.5856774012145256,149481000.0,637867000.0,2.8093102119957387,43.671068703449386,0.472113110185054,1.30081300813008,45186400.0,2026-10-01
CNOB,30.2,30.39,29.84,30.05,373381.0,-0.5296259516716324,11220099.05,1512110909.0,Finance,10.2241594181923,9.862806879348824,0.9976991497146348,3.231562880008147,159648000.0,791505000.0,44.64347390677453,48.36536808663708,0.584424463196078,2.48262164846077,50319800.0,2026-10-01
HIFS,294.2,294.2,281.02,282.59,39688.0,-2.8432923055765795,11215431.92,616116819.9999999,Finance,13.9128847408763,9.412701267728547,1.2242343910440054,5.318250530855746,66307000.0,245376000.0,12.907916290883659,72.53017821880346,2.77173634568466,0.866396204359486,2180250.0,2026-10-01
ASM,5.68,5.71,5.53,5.55,2018353.0,-1.420959147424513,11201859.15,942696761.8481013,Non-Energy Minerals,20.7566696148723,21.428439052113962,3.3401219054221913,8.388340281091864,43724030.19351622,118084050.54274893,48.021237644056384,43.8265417054367,0.030360618607778604,0.0,169855000.0,2026-10-01
EIG,48.04,48.365,47.69,47.74,234001.0,-0.39641143334028317,11171207.74,857434608.0000001,Finance,0.78273855502343,68.52303717525477,0.9980653337665113,1.0465969278533898,7600000.0,837600000.0,-5.834738617200674,1.12225405921681,0.149743828598044,2.75401627373253,17960500.0,2026-10-01
AQST,4.73,4.74,4.615,4.63,2412532.0,-0.856531049250536,11170023.16,581118954.0,Health Technology,,,,10.792292982602111,-78227000.0,54087000.0,22.557328015952145,-97.5188122839129,,0.0,125512000.0,2026-10-01
ZGN,12.65,12.66,12.5,12.5,889456.0,-0.9508716323296293,11118200.0,5298384047.0,Consumer Non-Durables,8.24431111224324,36.43252696006995,2.83311801636409,1.479336950345334,91744186.6284166,2305390751.69039,10.776035816024683,8.53726110435933,1.1101718272668601,1.08399366085578,268889000.0,2026-10-01
UA,4.25,4.4,4.1908,4.35,2553469.0,3.0805687203791448,11107590.149999999,1893084845.0,Consumer Non-Durables,-29.8246352434259,,1.308140846171658,0.36797976284469924,-492486000.0,4953463000.0,-3.234513352994576,0.674558384709849,0.963561083273348,0.0,206256000.0,2026-10-01
CMP,22.22,22.3899,21.83,22.04,503682.0,-0.045351473922909585,11101151.28,925258481.9999999,Process Industries,6.97447886226378,52.25225225225225,3.5106106774172483,0.7209382400742979,17900000.0,1292100000.0,5.460333006856024,8.48231561024689,2.93965844402277,0.0,41980900.0,2026-10-01
SXC,9.4,9.68,9.37,9.43,1172529.0,1.071811361200425,11056948.469999999,800369909.0,Non-Energy Minerals,-8.65985909918467,,1.3667518410567616,0.4218560286677912,-54700000.0,1897600000.0,2.784097064240061,3.15661888701518,1.12824453551913,5.14469453376206,84874900.0,2026-10-01
GENB,15.54,15.605,15.0,15.02,733240.0,-2.594033722438394,11013264.799999999,1927853591.0,Health Technology,,,4.224595471076147,,,,,,0.137328553103312,0.0,128352430.0,2026-10-01
LGIH,48.34,48.975,46.51,46.64,236091.0,-2.5898078529657518,11011284.24,1084299389.0,Consumer Durables,3.15857483446111,16.361467761173085,0.5084267592939409,0.6532091550607334,66169000.0,1706383000.0,-16.523795896103767,4.0080685285777,0.7434443248231309,0.0,23248300.0,2026-10-01
SRCE,85.12,85.17,84.16,84.5,130107.0,-0.48286420916263884,10994041.5,2034914234.0000002,Finance,13.5505427112325,12.009835273383647,1.5529097485609396,4.525825238394673,169990000.0,607409000.0,4.238822465415843,49.04172737055128,0.224574706117577,1.97856553998351,24081800.0,2026-10-01
DRVN,11.9,11.955,11.765,11.81,929590.0,0.0847457627118626,10978457.9,1948411655.9999998,Consumer Services,20.5758153494101,13.207336166405726,2.338211040870187,0.9791722155336743,147505000.0,1987643000.0,-10.585227628009125,14.5242883153564,2.6646669650818304,0.0,164980000.0,2026-10-01
GLUE,11.85,12.15,11.65,11.93,913958.0,1.6183986371379855,10903518.94,1017788890.9999999,Health Technology,-42.6593377206395,,2.0865799502928732,41.47188409162113,-161116000.0,28727000.0,-83.85996651422022,-633.042085842587,0.0779570719974717,0.0,85313400.0,2026-10-01
MATW,19.56,19.65,19.12,19.19,566770.0,-1.2352032938754425,10876316.3,598980805.0000001,Producer Manufacturing,-5.87397479495899,,1.2325522245030613,0.5511810539062424,-29364000.0,1108239000.0,-31.823458376677827,-1.46773394547566,1.29258099298719,5.24961399897066,31213200.0,2026-10-01
NVEC,111.97,112.7199,109.99,110.08,98656.0,-0.891329792023044,10860052.48,532475224.00000006,Electronic Technology,29.8132795598172,29.5802654914817,8.907280293694264,17.217083594697744,18017568.0,31260631.0,24.0693537657067,62.0687311142248,0.015152696254035002,3.60133249302242,4837170.0,2026-10-01
DFH,11.14,11.14,10.484,10.7,1014926.0,-2.7272727272727337,10859708.2,968725732.0,Consumer Durables,9.57826286533651,7.532028720259045,0.6794155502345253,0.24306373945112594,146691000.0,4133734999.9999995,-12.197586362098372,4.37490550313458,1.1497782527621099,0.0,32808999.999999996,2026-10-01
XXI,6.75,6.97,6.415,6.5,1669247.0,-0.45941807044410793,10850105.5,4234613432.0,Finance,,,1.637621971344135,,,,,,0.18736737997695901,0.0,346636200.0,2026-10-01
MLKN,20.13,20.14,19.61,19.66,550352.0,-1.5030060120240516,10819920.32,1352604000.0000002,Producer Manufacturing,7.37282072523252,13.934368133815294,0.9970544799493662,0.36698968230167506,97900000.0,3809400000.0,1.2034749342472304,5.66230902504332,1.3425011060315601,3.75751503006012,68799800.0,2026-10-01
TSLX,18.36,18.43,18.02,18.02,600330.0,-1.744820065430754,10817946.6,1718083419.9999998,Miscellaneous,5.62459730907713,19.147805759217935,1.109476108090802,5.028155945549025,89043000.0,346587000.0,-17.250345002124927,55.5462264885873,1.24307386116338,9.81461286804798,95343100.0,2026-10-01
OCSL,12.12,12.1617,11.87,11.9,905458.0,-1.6528925619834651,10774950.200000001,1048217720.0000001,Miscellaneous,2.95412802970005,24.817518248175183,0.7579043371871813,4.490359029667761,42237000.0,237362000.0,-8.10109723329952,61.447914999031,1.04033606761842,12.396694214876,88085500.0,2026-10-01
CDRE,25.66,25.725,25.08,25.09,426101.0,-1.7234625930278153,10690874.09,1074372271.0,Electronic Technology,10.6179942349197,29.63619182612804,3.097940098259894,1.6156643491120788,36062000.0,685648000.0,19.74146316758265,11.0893636384851,1.15290857607511,1.54719937328633,42820700.0,2026-10-01
HPP,11.81,11.81,11.3,11.54,923405.0,-1.029159519725566,10656093.7,640214452.0000001,Finance,-17.827626041086,,0.26209986050109674,0.9178561941191395,-551716000.0,819064000.0,2.5420683835800286,-0.898464588847759,1.33262445862667,0.0,54268700.0,2026-10-01
ETD,21.17,21.17,20.69,20.91,508643.0,-0.4759638267491738,10635725.13,527024340.00000006,Consumer Durables,8.36208369631649,13.409003462870336,1.1172790328242794,0.9241344326965042,39883000.0,579487000.0,-5.720663337937587,7.71095814056226,0.25594957862011297,7.42503569728701,25204400.0,2026-10-01
WNC,12.78,12.83,12.18,12.33,862399.0,-2.760252365930597,10633379.67,502289317.00000006,Producer Manufacturing,-23.0090663329752,,1.7174926557339598,0.3644685630950921,-77963000.0,1423518000.0,-17.26426279815874,-5.12863202291787,1.86391068711426,2.52365930599369,40737200.0,2026-10-01
C/PN,26.4,26.55,26.34,26.34,403547.0,-0.3028009084027322,10629427.98,2366385600.0,Finance,,,,,,,,,,,,2026-10-01
ECVT,9.85,9.895,9.7438,9.83,1079137.0,0.3061224489795853,10607916.71,1076074354.0,Process Industries,4.06695666107783,,1.8333395501510688,1.2496602834031854,-62571000.0,869221000.0,20.141119557705597,12.0710383205192,0.930825217906867,0.0,109468000.0,2026-10-01
FTH,28.49,30.18,27.665,29.74,356523.0,5.9494121838261425,10602994.02,768494248.0,Health Technology,-188.881321876555,,4.441961751931222,,-195529000.0,0.0,,,0.0032939212686048103,0.0,25840400.0,2026-10-01
ONT,14.19,14.4,13.19,13.38,790458.0,-5.1736357193479705,10576328.040000001,469871136.99999994,Industrial Services,-2.38955735183792,,1.0916362550512653,0.7063575400212063,-11164000.0,773340000.0,-0.8693512040424447,1.05115473142473,0.97278889433679,0.0,35117400.0,2026-10-01
RMIX,12.7,13.215,12.7,12.87,821567.0,2.877697841726614,10573567.29,945762685.0,Non-Energy Minerals,-14.3376527514915,,2.641766596739563,8.687192396149358,-43245165.0,97231000.0,,1.45712889921938,0.6539424140512401,0.0,49339226.0,2026-10-01
DOLE,12.96,13.04,12.71,12.71,829091.0,-1.9290123456790123,10537746.610000001,1200571367.9999998,Distribution Services,5.23123645726984,16.36410454486932,0.9034110698064526,0.13074260261407014,74422000.0,9486662000.0,8.323558136037633,1.93092154015817,1.08981634904367,2.62345679012346,94458800.0,2026-10-01
GSBC,77.68,77.9,76.5,77.21,136399.0,-0.4384268214055492,10531366.79,841396483.0,Finance,10.6487125830225,12.789253118219012,1.30983757403356,3.765689099401357,67298000.0,326398000.0,-8.871411301242697,35.833168870469045,0.8044598088831459,2.21792392005158,10897500.0,2026-10-01
CTS,59.4,59.51,58.525,58.69,179245.0,-0.8279824264954411,10519889.049999999,1675963117.0,Electronic Technology,12.4286268936358,24.530825496342736,2.926945553526348,3.026750890775211,69785000.0,565238000.0,8.475571607871448,15.9125890332922,0.156923264928467,0.270361608651571,28556200.0,2026-10-01
SHEN,11.37,11.625,10.95,11.22,932488.0,-0.970873786407762,10462515.360000001,621191738.0,Communications,-5.09392690399353,,0.7223591399677064,1.7219915641016572,-44875000.0,367003000.0,5.01492229817699,-4.49342375947881,0.846493584421202,0.970873786407767,55364700.0,2026-10-01
NRGV,3.97,4.06,3.875,3.97,2628173.0,0.0,10433846.81,721903094.0000001,Producer Manufacturing,-232.487090336783,,103.70950888192267,3.135497292726432,-113005000.0,225873000.0,336.7565163585737,-32.8441203685257,35.5644599303136,0.0,181840000.0,2026-10-01
STRZ,22.51,24.21,22.38,23.57,442450.0,6.266907123534719,10428546.5,403616733.99999994,Consumer Services,,,1.3382084925424826,,,,,,2.66035822913146,0.0,17124170.0,2026-10-01
ETRA,11.37,12.09,11.23,11.25,925708.0,-0.8810572687224639,10414215.0,706128216.0,Health Technology,,,,,,,,,,0.0,62766956.0,2026-10-01
MCB,87.34,87.91,86.38,87.12,119156.0,-0.4115226337448553,10380870.72,1080094498.0,Finance,10.2447233631398,11.027848101265823,1.115383704413076,3.130541432125026,86626000.0,556088000.0,10.54482419991929,35.35051151407023,0.0377600535445368,1.08596250571559,12397800.0,2026-10-01
ALMS,7.35,7.555,7.15,7.39,1403010.0,1.3717421124828484,10368243.9,986529138.0000001,Health Technology,-93.6456583305333,,2.1002731207671252,125.82616270072995,-438957000.0,7398000.0,-63.1114435302917,-5479.54852662882,0.0805625467203942,0.0,129435240.0,2026-10-01
SAFE,11.92,12.02,11.75,11.77,877023.0,-1.9166666666666703,10322560.709999999,833507697.0000001,Finance,4.82797226743976,7.275761884156519,0.34288267906443426,2.0751374007996435,116174000.0,413935000.0,8.23810893496849,75.7560969717468,1.93563771910333,5.9,70816300.0,2026-10-01
LXEO,3.44,3.5886,3.275,3.38,3053793.0,-1.1695906432748548,10321820.34,277457982.0,Health Technology,-46.7559117978777,,1.1305330898338986,,-87265000.0,0.0,,,0.028975457434453202,0.0,82088160.0,2026-10-01
FUBO,9.18,9.2499,8.81,8.96,1144784.0,-1.4301430143014193,10257264.64,978403262.0,Technology Services,,,0.3248083232132824,,,,,,0.49516015801257307,0.0,30204300.0,2026-10-01
CASH,71.65,71.89,70.67,71.14,143799.0,-0.6008103954170639,10229860.86,1477816904.0,Finance,21.0264655773831,8.911883346278156,1.7577137170110564,1.8344841967067793,175561000.0,836001000.0,1.949725187283616,25.912465773829346,0.262983590335421,0.279446695542825,20773400.0,2026-10-01
DOO,57.46,57.86,56.1,56.12,182091.0,-2.1617852161785254,10218946.92,3992954781.228228,Producer Manufacturing,28.2451185066929,52.85752917027798,17.132641430774704,0.6364837507054447,80343830.0,6655776980.0,18.399995621899638,7.13780767335747,9.12534225737755,1.14124432445699,36331100.0,2026-10-01
JBI,4.22,4.27,4.09,4.09,2498500.0,-2.3866348448687473,10218865.0,558022406.0000001,Producer Manufacturing,5.95088725578061,17.055879899916597,0.9757750134795325,0.6346186823685962,33200000.000000004,901800000.0,0.2556976097832129,10.8449767132402,1.08811188811189,0.0,136436000.0,2026-10-01
RYZ,24.03,24.2879,23.56,23.56,433729.0,-0.9667927700714605,10218655.24,1222732193.0000002,Non-Energy Minerals,-3.11443402066765,,0.9488942321246611,0.2143218650453836,-32700000.000000004,5839000000.0,31.538634827663888,0.33567391676657,1.03135672151506,3.15258511979823,51898700.0,2026-10-01
IHS,8.39,8.42,8.34,8.36,1219176.0,-0.23866348448688962,10192311.36,2828528376.0,Industrial Services,,19.966563171721994,,1.825076698215885,142100000.00004998,1553100000.0005,-10.27750369149164,33.4025497392312,,0.0,338340730.0,2026-10-01
HSHP,17.65,18.0,17.25,17.37,585542.0,0.7540603248260009,10170864.540000001,819342908.0,Transportation,32.660664389941,15.481283422459892,5.030146126179348,4.852718291452479,52600000.0,167300000.0,38.642578934283584,60.9085475194262,4.16154791154791,0.0,47170000.0,2026-10-01
JBSS,67.76,68.04,66.09,66.51,151725.0,-1.23255123255123,10091229.75,777733447.9999999,Consumer Non-Durables,16.7243416211545,12.638719975676498,2.0469471373054966,0.6772886492587651,61934000.0,1175673000.0,6.179927495786844,7.58697358874449,0.28779464558308,1.41075141075141,9096060.0,2026-10-01
CRVS,11.995,12.03,11.5,11.52,875847.0,-2.040816326530614,10089757.44,969073369.0,Health Technology,-35.4298393747791,,4.300722013574154,,-54129000.0,0.0,,,0.00323084570048995,0.0,84120900.0,2026-10-01
AIN,60.24,60.24,59.33,59.61,169215.0,0.0335626783017218,10086906.15,1692923995.0000002,Process Industries,-6.26384001478308,,2.2679748707927754,1.3924164926376545,-51185000.0,1223455000.0,3.2047367106888105,-0.899338349183255,0.604365895165411,1.86272864574593,28400000.0,2026-10-01
YSWY,19.93,20.355,19.65,20.16,499310.0,0.3984063745020013,10066089.6,1274006054.0,Retail Trade,,,3.235108631289085,,,,,,2.41824908711396,0.0,31185560.0,2026-10-01
MSDL,13.83,13.895,13.62,13.63,731378.0,-4.484933426769437,9968682.14,1146352869.0,Finance,3.47545654414111,19.70222607690084,0.6989600213328958,3.537554950378631,59746000.0,341889000.0,-14.751102112465341,55.4957895691292,1.20270373597885,13.3146461107218,84105125.0,2026-10-01
CYRX,17.38,17.59,17.25,17.4,571604.0,0.46189376443417024,9945909.6,881294343.0,Transportation,-6.5409655199833,,1.9829805565337497,4.685759480831524,-32875999.999999996,186452000.0,-8.011248704918842,-21.2462188659816,0.472831613677631,0.0,50649100.0,2026-10-01
MH,12.62,13.22,12.54,13.11,758191.0,4.213036565977737,9939884.01,2508058399.0,Commercial Services,17.2963026209092,27.04207920792079,3.180695531498833,1.1368372160924043,92678000.0,2116974000.0000002,0.13807587787453388,16.3792280868825,3.36610814444628,0.0,191308800.0,2026-10-01
EE,32.44,33.1,32.04,32.13,308249.0,-0.1863932898415507,9904040.370000001,3643609765.0000005,Utilities,7.02911724472816,22.132672039677622,1.4693380296053549,0.7080463235962783,47480000.0,1471321000.0,48.97386387913778,21.9763056464225,2.02737284730028,1.02516309412861,31380716.0,2026-10-01
AVLN,27.05,29.0,26.57,28.49,347615.0,5.129151291512904,9903551.35,1263049882.0,Health Technology,,,3.170734421777792,,,,,,0.0429500986579506,0.0,44333096.0,2026-10-01
NB,3.56,3.69,3.54,3.6,2747232.0,3.1518624641833775,9890035.200000001,525058634.99999994,Non-Energy Minerals,-19.8122999458646,,1.2174624700284413,,-45525000.0001069,0.0,,,0.000217976069010296,0.0,145849620.0,2026-10-01
DLX,23.62,23.62,22.97,22.97,430508.0,-2.255319148936175,9888768.76,1053318925.0,Commercial Services,14.9530807694308,10.52028945681048,1.4869623760325228,0.5160564841427633,100629000.0,2112947000.0,0.2976251224084072,12.5466469343528,2.08240282685512,5.1063829787234,45856300.0,2026-10-01
AMRC,21.29,21.555,20.68,20.71,477431.0,-1.5216357584403246,9887596.01,1099001195.9999998,Industrial Services,2.48659358076872,39.77338198578836,0.8886268633917485,0.559380084459151,28239000.0,2023937000.0,8.89267657814557,6.83460008883676,1.63439232628335,0.0,35066200.0,2026-10-01
BBUC,25.55,25.975,25.32,25.51,387505.0,0.9897070467141725,9885252.55,5240825993.0,Finance,-23.5204855842843,,0.9649836887116201,0.3212792688792756,-620000000.0017339,16275000000.0927,97.51213592294164,13.2964669738902,8.41134229423679,0.989707046714173,207007460.0,2026-10-01
CDZI,3.58,3.96,3.5,3.92,2520895.0,9.49720670391061,9881908.4,331934153.0,Finance,-183.132410330342,,70.74535282439993,25.434503546099332,-36838000.0,11844000.0,-21.323236349143084,-236.052009456265,25.7151125401929,0.0,84677100.0,2026-10-01
NPKI,11.45,11.5,11.3024,11.42,865011.0,0.1754385964912243,9878425.62,969670940.9999999,Producer Manufacturing,11.1774719656333,25.24872871987619,2.6110138141378854,3.254608098760175,38724000.0,300688000.0,28.09351583234288,17.42404086628,0.051688715240846894,0.0,84909900.0,2026-10-01
SPTX,18.85,20.75,18.445,20.17,488678.0,7.918673087212415,9856635.260000002,1079711236.0000002,Health Technology,,,2.554914188070565,,,,,,0.0118693238555426,0.0,53530550.0,2026-10-01
APOG,35.85,35.94,35.21,35.37,276584.0,-1.311383928571445,9782776.08,738111595.9999999,Producer Manufacturing,13.7558588129225,11.130692009944298,1.4550142662976406,0.5452775602425768,68353000.0,1400795000.0,1.794564348521183,9.02266213114696,0.5623385069694681,2.98549107142857,20868300.0,2026-10-01
ANGO,15.65,15.66,15.33,15.38,634475.0,-1.410256410256403,9758225.5,646797460.9999999,Health Technology,-20.7702200426801,,3.7544428387298368,2.0315753309138143,-36742000.0,320174000.0,9.461945038940438,-6.97402037642032,0.0641358115030001,0.0,42054500.0,2026-10-01
MNRO,13.86,14.155,13.62,13.99,697473.0,1.6715116279069797,9757647.27,437384206.0,Retail Trade,1.35995411797105,69.63663514186163,0.7508716336905744,0.3628150505261662,8074000.0,1143269000.0,-4.979940773961155,2.29114932706126,0.9061651290467669,8.13953488372093,31264100.0,2026-10-01
HAFC,31.16,31.265,30.66,30.9,314464.0,-0.834403080872919,9716937.6,916161990.9999999,Finance,11.2562630354284,10.390396449107232,1.1273743269502299,3.233811976160102,88672000.0,450869000.0,4.079917819919436,43.361006729004636,0.205387114239307,3.56225930680359,29649300.0,2026-10-01
PNTG,40.77,40.77,38.87,39.0,248728.0,-3.7037037037037033,9700392.0,1362233860.0,Health Services,9.61152705184348,43.00363876943433,3.7835755953553214,1.3218165397427626,32319000.000000004,1101710000.0,37.89939706329646,6.30011527534469,1.37959037090447,0.0,34929100.0,2026-10-01
RES,5.65,5.7,5.605,5.63,1721556.0,-0.17730496453900332,9692360.28,1247929008.0,Industrial Services,1.94784531431554,56.187624750499005,1.1255295286570213,0.6779873458488214,21424000.0,1788504000.0,25.359588813057275,3.09974145990168,0.046790572077178905,2.83687943262411,221657000.0,2026-10-01
CNNE,15.64,15.64,15.24,15.34,631673.0,-1.1597938144329878,9689863.82,665360628.0,Consumer Services,-12.4326635314237,,0.6947020140471102,1.6560744003915815,-145400000.0,408600000.0,-6.541628545288197,-17.2785119921684,0.208542188805347,3.8659793814433,43374200.0,2026-10-01
GSBD,9.23,9.23,9.06,9.09,1064562.0,-4.214963119072712,9676868.58,1023252853.9999999,Miscellaneous,4.07357754457533,17.629945694336698,0.7536938460773095,2.936393323465462,58477000.0,363807000.0,117.28901630532162,48.2852171618468,1.36461459138953,13.4878819810327,112569000.0,2026-10-01
MTX,66.08,66.08,65.39,65.4,147286.0,-1.073967629708053,9632504.4,2035821036.0,Process Industries,-4.207696395636,,1.3177688842930413,0.9575358606557379,-67300000.0,2147199999.9999998,4.056215168403187,13.3662444113264,0.624571169654994,0.726062622901225,31128800.0,2026-10-01
MAMA,12.94,13.12,12.76,12.89,745402.0,0.15540015540016588,9608231.780000001,607730886.0,Consumer Non-Durables,7.50686572619332,74.98545666084934,3.63009628626224,2.795993988609997,7394000.0,208604000.0,53.87634067539059,5.17247991409561,0.0771537459828202,0.0,47147500.0,2026-10-01
VELO,11.02,11.53,10.88,10.89,880419.0,0.8333333333333319,9587762.91,350103889.99999994,Producer Manufacturing,-62.1511953068291,,2.3891533753098884,5.5253014645332765,-52230000.0,57561000.0,31.52290643208043,-87.6374628654818,0.21028531653689503,0.0,32149099.999999996,2026-10-01
PRME,3.11,3.19,3.02,3.055,3132452.0,-1.1326860841423851,9569640.860000001,554106324.0,Health Technology,-373.286711897406,,13.86997185144829,134.45247146574997,-187892000.0,4073000.0000000005,-17.899617012699043,-4824.94475816352,2.82544148308172,0.0,181376860.0,2026-10-01
OABI,4.76,5.05,4.72,4.96,1928780.0,4.641350210970459,9566748.8,721136370.0,Commercial Services,-16.9507100766171,,2.7706865828385014,15.874568999141903,-44270000.0,38457000.0,67.00829461067443,-125.964063759524,0.0726657291930811,0.0,145390400.0,2026-10-01
ROCK,40.43,40.56,39.4901,39.6,240737.0,-1.02474381404648,9533185.200000001,1175481975.0,Producer Manufacturing,6.24079936560914,,1.3196115943207383,0.8251056860060564,-150791000.0,1445461000.0,14.46612051932831,10.9441209413467,1.53721574579681,0.0,29683900.0,2026-10-01
RYAM,8.17,8.17,7.96,7.97,1195368.0,-0.4993757802746571,9527082.959999999,539124345.9999999,Process Industries,-52.4428754431436,,2.767832026976812,0.3691064067222559,-140828000.0,1465044000.0,-3.5595654847088904,0.754516587897702,3.9782135411852897,0.0,67644200.0,2026-10-01
EGBN,27.98,28.195,27.495,27.79,340521.0,-0.6080114449213222,9463078.59,847149625.0,Finance,-3.28107920411822,,0.7364833832758643,2.8616772240896697,-38316000.0,594287000.0,-11.535604609240213,-18.664876591983504,0.183983395132229,0.143061516452074,30484000.0,2026-10-01
PAX,10.14,10.18,10.01,10.15,930175.0,0.8946322067594419,9441276.25,1638147492.0,Finance,12.2666366777569,23.194698354661792,2.875565905704103,3.6609917509158474,69809000.00083101,438371000.00526404,9.78019969099077,34.351268674249,0.616764340259279,6.21272365805169,68448400.0,2026-10-01
MBIN,49.72,49.72,48.51,48.96,192787.0,-1.3102197137673828,9438851.52,2249128160.0,Finance,11.7326091267848,9.84298667095555,1.2206852292599446,3.248806205337637,268585000.0,1345024000.0,-5.267769001572684,45.91421466404563,1.79538341484934,0.846603507357388,45938100.0,2026-10-01
NVGS,23.22,23.45,22.94,23.18,405174.0,0.8264462809917411,9391933.32,1425410766.0,Transportation,11.4241581636202,10.68990961077292,1.15071999428115,2.3334643661319756,140080000.00107,614475000.004737,8.394044700234808,25.9621628219162,0.7475958899243711,1.21792083514572,61493100.0,2026-10-01
SENS,10.12,10.64,10.01,10.17,922470.0,1.1940298507462608,9381519.9,537729133.0,Electronic Technology,-118.239449179336,,5.953008112949109,11.974853551344113,-109391000.0,48545000.0,90.62671797691038,-223.215573179524,0.695558778913335,0.0,52874100.0,2026-10-01
WHK,25.0,25.0,24.06,24.48,382713.0,-1.6472478907191648,9368814.24,674312562.0,Miscellaneous,,,2.4212907418269074,,,,,,0.21796869014480202,0.0,23795450.0,2026-10-01
TRUP,23.64,23.96,22.925,23.36,400601.0,-1.058873358746294,9358039.36,1024864154.0000001,Finance,6.06803603076103,43.94281414597442,2.5016224135087612,0.6803295533339991,23214000.0,1520756000.0,11.796044240403736,1.66213383343548,0.26096370249225,0.0,43872600.0,2026-10-01
CENTA,34.12,34.215,33.34,33.52,278788.0,-1.2665684830633275,9344973.760000002,2158530364.0,Consumer Non-Durables,9.97700894296628,12.481382186476022,1.2009438444104161,0.6819248783667013,166312000.0,3084065000.0,-1.163642190441854,8.80795313976846,0.806906803691419,0.0,51340000.0,2026-10-01
RBCAA,92.22,93.28,91.22,91.7,101907.0,-0.7360900627841445,9344871.9,1604512252.0000002,Finance,11.5476410109058,14.037719674239177,1.5410436041396767,4.437966508580158,128000000.0,504296000.0,-2.6921473888949032,40.447440406408745,0.221034459805826,2.04806235115826,17497400.0,2026-10-01
DEC,13.51,13.63,13.37,13.37,698327.0,-0.9629629629629688,9336631.99,946189033.0,Energy Minerals,,,0.7564232326598318,,,,,,3.11570636515966,10.7163333333333,70769558.0,2026-10-01
BKKT,8.4,8.6,7.77,7.81,1192868.0,-3.5802469135802477,9316299.08,351992464.0,Commercial Services,-3.42482626949016,,0.9930221440123688,0.30285505476511165,-30995000.0,1115126000.0,-70.48785083730931,-10.6536839783128,0.000177770253110979,0.0,45069500.0,2026-10-01
KRT,53.45,53.499,52.16,52.55,177081.0,-0.2657050673752146,9305606.549999999,1047411908.9999999,Process Industries,31.1537053468934,21.057060426350375,6.289014629289215,2.1473027333587362,50207000.0,493382000.0,11.617311042236953,12.764348922336,0.436802806494825,3.45416587587778,19931700.0,2026-10-01
CFFN,8.39,8.44,8.22,8.25,1127461.0,-1.4336917562723923,9301553.25,1037010813.0000001,Finance,8.00347089545814,12.678653757491933,1.0166496403524878,4.5277078803119855,82735000.0,443109000.0,7.534545772238159,44.74320162620068,1.60208945286492,4.06212664277181,125698000.0,2026-10-01
FOSL,6.21,6.715,6.18,6.57,1414979.0,6.655844155844158,9296412.030000001,388536999.0,Consumer Durables,-58.2177492223837,,4.137461978802592,0.36914354159265184,-69907000.0,985150000.0,-9.102232884295995,1.99583819722885,3.91953230166765,0.0,59138100.0,2026-10-01
ARCO,7.17,7.19,7.095,7.15,1298066.0,0.42134831460674504,9281171.9,1489731039.0,Consumer Services,36.3838238691034,5.866907360301962,1.8123978149833335,0.30113041598339874,256745000.0,4980968000.0,10.767117810403263,5.97672982440361,2.64665927063229,3.65168539325843,128354000.00000001,2026-10-01
ODC,91.39,91.39,90.06,90.59,102398.0,-0.18730718378140337,9276234.82,1216610020.0,Process Industries,19.9765075128974,23.388325200733227,4.265425381894238,3.13773229555459,53146000.0,489764000.0,3.3122249832300414,13.350103315066,0.19047702523612903,0.897972675187307,10254400.0,2026-10-01
TROX,3.98,4.045,3.88,3.95,2323785.0,-1.0025062656641612,9178950.75,630815116.0000001,Process Industries,-39.1164944780905,,0.5433377167160944,0.20896644495412858,-549000000.0,3052000000.0,3.5278154681139755,-3.40760157273919,2.9879414298018903,5.0125313283208,159700000.0,2026-10-01
WLFC,51.0,51.949,49.68,49.91,182857.0,-1.635790303508091,9126392.87,1055302607.9999999,Finance,12.5895355093874,12.521010511527557,1.6064828390230808,1.611910677008124,91484000.0,692929000.0,15.719412626231419,31.3359665997526,3.0058228084171703,1.05043358297201,21144100.0,2026-10-01
MBWM,58.89,59.34,58.19,58.32,156001.0,-0.9679062659195113,9097978.32,1008115469.0,Finance,13.7325901475722,10.262004891696433,1.335031576518461,3.901385615093214,95211000.0,384649000.0,4.467976469182342,43.76241344140856,0.9169394695440749,2.61504499915096,17285900.0,2026-10-01
VTOL,41.05,41.17,40.09,40.72,222130.0,-0.6344558321132211,9045133.6,1207022284.0,Transportation,10.052588811435,11.708888058199385,1.108107115206947,0.7863430674808962,104227000.0,1564013000.0,8.190746170985614,8.78707529924624,0.8902764708312491,0.915080527086384,29642000.0,2026-10-01
NABL,4.18,4.235,4.1,4.1,2204985.0,-2.380952380952394,9040438.5,774514794.0,Technology Services,-0.66280679906694,,0.9625723690079868,1.4908245601851404,-5349000.0,532780999.99999994,10.444509397861085,2.57310226903737,0.542506599322917,0.0,188906000.0,2026-10-01
GHRS,24.92,24.92,23.13,23.48,384732.0,-4.823672476692344,9033507.36,1611720895.9999998,Health Technology,-18.7936964004488,,4.483354496243186,,-62270000.0004458,0.0,,,0.00100141867645832,0.0,68642300.0,2026-10-01
VTS,16.75,16.87,16.63,16.7,540124.0,0.0,9020070.799999999,703142121.0,Energy Minerals,-1.7362274058148,,1.1456608267692228,2.51563145140029,-11249000.0,284477000.0,8.524331252956525,6.98861419376611,0.254037757864352,11.9760479041916,42104317.0,2026-10-01
UFCS,53.76,53.76,52.285,52.59,171412.0,-1.7468472676319389,9014557.08,1351849021.0,Finance,15.4646860540701,9.686866826303186,1.3831415065012123,0.9416874863270851,140961000.0,1471888000.0,11.184148405874172,12.7999548878719,0.14974364011594798,1.34516581036899,25705400.0,2026-10-01
LKFN,58.05,58.35,57.4,57.66,156248.0,-0.6718346253229984,9009259.68,1433303026.9999998,Finance,14.9985537860129,13.258830022075054,1.8536020831324138,5.2422452219382905,111228000.0,427092000.0,1.8255510388975646,48.55942333984724,0.10072482978462001,3.54866494401378,24857800.0,2026-10-01
BFC,149.9,150.98,148.145,148.81,60501.0,-0.6277128547579284,9003153.81,1649649229.0000002,Finance,11.2730617898457,19.383621419546444,2.0123178572418627,7.75427848205925,80695000.0,289427000.0,23.227020560047347,45.6802947656734,0.127968656552465,1.30217028380634,11085600.0,2026-10-01
INN,5.94,6.03,5.9,5.97,1501509.0,1.0152284263959324,8964008.73,720898144.0,Finance,-0.605734525195592,,0.7675909473126602,0.8524493139296524,-5252000.0,736149000.0,1.2399382231311191,8.81778009614901,1.66332438163555,5.41455160744501,107853000.0,2026-10-01
BRSP,3.91,3.93,3.82,3.83,2339916.0,-4.962779156327548,8961878.28,484587589.99999994,Finance,-2.89210077880404,,0.5627081689652487,1.5197612507105658,-26858000.0,336001000.0,-0.13642037686500624,34.5350162648326,2.96483348397414,15.8808933002481,126524000.0,2026-10-01
MITK,16.7,17.37,16.58,17.05,524370.0,2.772754671488854,8940508.5,769336468.0000001,Technology Services,9.23347981520748,36.564443491314606,3.070119365520669,4.083244787824278,22535000.0,197902000.0,11.097263857545443,18.0599488635789,0.20626848632660502,0.0,45122400.0,2026-10-01
RGR,42.26,42.75,42.18,42.48,209980.0,0.7112375533428097,8919950.399999999,678756317.0,Consumer Durables,4.20495712504705,57.13517148621384,2.342210908152581,1.1890873028989586,12176000.0,577242000.0,7.635966294418503,1.65822999712426,0.00514160107386997,1.04314841156946,15978300.0,2026-10-01
MYE,31.34,31.34,30.675,30.77,289318.0,-1.5674984005118426,8902314.86,1157507991.0,Producer Manufacturing,17.2471438626888,31.695508858673257,3.77634049655748,1.5684831409031745,36622000.0,753191000.0,-8.734653618910523,13.0609632881965,1.10621540108628,1.7274472168906,37618100.0,2026-10-01
LTGO,18.04,18.3199,16.25,16.7,532592.0,-7.734806629834265,8894286.4,1107199143.9999998,Health Technology,,,,,,,,,2.4996000639897598,0.0,66299350.00000001,2026-10-01
REF,12.26,12.58,11.85,12.04,737536.0,-1.8744906275468658,8879933.44,711315012.8,Retail Trade,,,1.8881357952282227,,,,,,1.15550435458911,0.0,59079320.0,2026-10-01
PGC,43.78,43.9,43.02,43.62,203512.0,-0.20590253946466117,8877193.44,773293206.0000001,Finance,7.71647831909641,15.171118530884808,1.1270167515201936,2.5649707423487222,51915000.0,468254000.0,10.626163543409028,22.88042142672607,0.164085584358432,0.457561198810341,17728000.0,2026-10-01
OIS,8.03,8.05,7.895,7.95,1116249.0,-0.7490636704119802,8874179.55,479564790.0,Industrial Services,-17.0375483288706,,1.1237638597542703,0.7273145403350937,-108360000.0,645666000.0,-2.8031558648596167,0.352813993612797,0.0623039134742404,0.0,60322600.0,2026-10-01
ROOT,46.49,46.525,45.72,46.11,191475.0,0.19556714471967904,8828912.25,714106296.0000001,Finance,15.3691612255148,13.756376980220173,2.1796430509519333,0.49910047846889943,61200000.0,1567500000.0,14.860408881072761,5.50558213716108,0.44964764719254396,0.0,13687000.0,2026-10-01
UTL,51.24,51.27,50.555,50.76,173488.0,-0.4510688370268758,8806250.879999999,925693508.9999999,Utilities,9.6217594560136,16.13733905579399,1.4376846140272814,1.530469936177701,56600000.0,596500000.0,20.797893884163628,19.3797150041911,1.4958831753922601,3.67719160619729,18236700.0,2026-10-01
SCL,62.61,62.83,61.9,62.38,140907.0,0.30551535616659403,8789778.66,1418055759.0000002,Process Industries,-0.216158147560539,,1.1699661913905643,0.5860122460321242,-2652000.0,2432788000.0,7.626675868598188,3.32001802047692,0.5835991373264711,2.52452162727127,22732500.0,2026-10-01
LTRX,7.29,7.29,7.0,7.21,1214860.0,-0.13850415512465078,8759140.6,338000464.0,Electronic Technology,-4.31801047228562,,2.8165382752316512,2.5193171159397525,-4181000.0,120899000.0,-1.646559228134686,-2.67992291085948,0.0695110500016768,0.0,46879400.0,2026-10-01
SBGI,12.86,12.94,12.66,12.69,687700.0,-0.5485893416927923,8726913.0,917716154.0000001,Consumer Services,14.0350877192982,16.474100999610542,2.4132081786648816,0.2827774324324323,52000000.0,3256000000.0,-6.463659867854064,5.86609336609337,11.0315789473684,7.83699059561129,48562800.0,2026-10-01
TRST,54.37,56.135,53.7,54.29,160658.0,-0.5313301575668727,8722122.82,924436046.0,Finance,9.64892120040272,15.078042548464145,1.409181875050291,4.824411036488328,65072999.99999999,285601000.0,6.496010142441644,41.20787216626927,0.220641789975442,2.78490289483327,17027700.0,2026-10-01
HELE,28.41,28.41,27.29,27.41,317131.0,-2.628774422735341,8692560.71,638435384.0,Consumer Durables,-39.8320784277751,,0.7566620630179967,0.36680813464651013,-412502000.0,1823263000.0,-2.0771894245729854,6.11085729266705,0.914437019201702,0.0,23292100.0,2026-10-01
CCCC,3.16,3.37,3.13,3.33,2609340.0,6.389776357827481,8689102.2,409673678.0,Health Technology,-48.1410014501731,,1.655209436184966,11.675013626530458,-101416000.0,35039000.0,2.3335280373831773,-288.341562259197,0.229947627039816,0.0,123025000.0,2026-10-01
BHRB,68.69,69.975,68.2,68.6,126489.0,0.07293946024799003,8677145.399999999,1384830412.0,Finance,9.79206405821419,10.986019249555595,1.1607401799857935,3.488625814997607,97049000.0,514712999.99999994,3.0931159492859455,33.71820477691762,0.5914377143503591,3.20933625091174,20187000.0,2026-10-01
NMAX,10.95,11.23,10.8,10.81,796938.0,-0.3686635944700382,8614899.780000001,1396226633.0,Consumer Services,-5.82442051163334,,12.33609878008422,6.900328244568528,-6407892.0,203287446.0,,-7.39862706524435,0.10230104307776401,0.0,89921350.0,2026-10-01
SWIM,6.16,6.35,6.125,6.23,1380757.0,1.465798045602618,8602116.110000001,732935128.0,Producer Manufacturing,1.31528906230707,150.84745762711864,1.7797457506070562,1.2728551510295802,5326000.0,576642000.0,10.504227446591598,6.25466060397959,0.762901281378211,0.0,117646000.0,2026-10-01
MCHB,14.94,15.04,14.665,14.78,576914.0,-0.5383580080753706,8526788.92,3420927562.0,Finance,18.187003057313,11.832519413978062,1.2717468277316528,4.280514194301108,281254000.0,1028807000.0,211.29275783294753,35.327579620721146,0.10728676683528302,10.4979811574697,220312000.0,2026-10-01
SHO/PH,22.27,22.58,22.07,22.53,377799.0,-0.44189129474148414,8511811.47,2084431566.0000002,Finance,2.73884040387924,100.40106951871658,2.5613012729201223,4.185990627121534,52870000.0,1003107000.0,7.28428586554638,9.71521482753086,0.518349911632032,3.1858407079646,185944000.0,2026-10-01
CYD,32.98,33.0,31.02,31.03,274193.0,-4.8451395277522185,8508208.790000001,1164193557.0,Producer Manufacturing,7.52975006894493,11.082934495321096,0.7776996931306785,0.3256163598067831,105765012.98186599,3790916042.95971,21.00929581919455,4.12663633082769,0.14084919141387,2.66789328426863,37518300.0,2026-10-01
BHC,5.83,5.925,5.72,5.83,1457638.0,0.5172413793103492,8498029.540000001,2180365013.746683,Health Technology,,,,0.20815523981607148,-1059119976.1970079,10560812059.005823,4.592491401215067,25.1813976542643,,0.0,373990570.0,2026-10-01
MEI,14.43,14.56,13.63,13.79,614612.0,-3.8354253835425434,8475499.479999999,491545291.0,Electronic Technology,-5.44701006512729,,0.7381622383177395,0.4899564597069242,-36800000.0,1044099999.9999999,1.3590913503543347,0.814098266449574,0.502488312471724,1.39470013947001,35645100.0,2026-10-01
TK,14.25,14.62,14.22,14.25,593204.0,0.9922041105598908,8453157.0,1249601995.0,Transportation,25.6359347869187,,1.6427743865534592,1.0778460509840428,181672000.0,1151123000.0,15.980062830094768,47.5041329206349,0.0492936453055612,0.0,87691400.0,2026-10-01
KREF,6.36,6.38,6.18,6.21,1358143.0,-2.664576802507836,8434068.03,366458309.0,Finance,-17.1543524285139,,0.606700079134793,0.9621736623996211,-186281000.0,414182000.0,-19.571625531584363,26.3471131048669,4.63082802711831,13.3228840125392,58578000.0,2026-10-01
NGL/PB,25.9,26.25,25.5,25.52,329277.0,-1.4671814671814634,8403149.04,1839762536.0,Industrial Services,-35.3219513433965,,,0.9413816682486775,-132065000.0,3523995000.0,-21.601367751063965,11.9735981464219,39.5712607309867,0.0,124814000.0,2026-10-01
REAX,16.845,16.91,16.25,16.36,511768.0,-0.3654080389768713,8372524.4799999995,598178560.9999999,Finance,-25.1728344857138,,4.531667659238535,0.16881601597190113,-16094000.0000963,2239814000.0113297,38.44420297143134,-0.158406010498895,0.0,0.0,36563480.0,2026-10-01
CVLG,33.33,33.33,32.12,32.32,256902.0,-2.0902756740381636,8303072.64,820209785.0,Transportation,0.231877630316674,307.5166508087536,1.9840563393423885,0.7122494739498678,3791000.0,1232297000.0,8.340945556849903,0.805081891784205,0.785794213246656,0.84822780975462,20677800.0,2026-10-01
CHMG,81.12,81.84,80.115,80.86,102548.0,-0.5901155642980133,8292031.28,389864241.99999994,Finance,13.135256972218,11.747613720561956,1.4416564179384421,3.279560194691001,33188000.000000004,161778000.0,18.418914467664603,36.8312705754886,0.526607018024049,1.67199409884436,4821470.0,2026-10-01
CFFI,99.46,100.1,96.08,97.97,84624.0,-1.1901159858799866,8290613.28,318568158.0,Finance,11.2279916154859,10.929028803462662,1.1463275337530099,2.1637150412341395,29086000.0,195137000.0,8.946915896199027,24.145960128030495,0.425415339201181,1.89611699445285,3251690.0,2026-10-01
ELE,19.97,19.97,19.1,19.1,434013.0,-3.340080971659919,8289648.300000001,1383099587.0,Energy Minerals,0.575968644634556,339.8576512455516,1.5617972934298214,18.514963633801788,2845000.00001561,71020000.0003995,136.91496814297764,20.6322162771079,0.0,0.303643724696356,24767100.0,2026-10-01
UMH,15.56,15.56,15.38,15.4,538258.0,-0.4524886877828072,8289173.2,1314938282.0,Finance,3.43864635949834,123.00319488817891,2.35867479235238,4.878827221002049,31332000.0,271364000.0,8.367011165599093,34.0362022965463,0.8893967965874591,5.81771170006464,85385600.0,2026-10-01
FDUS,19.51,19.69,19.23,19.27,430132.0,-1.3312852022529522,8288643.64,766379615.0,Miscellaneous,10.8063112648739,9.259081299250433,0.9903890630621369,4.568165020706998,77307000.0,162264000.0,3.2706443914081147,74.4274762116058,0.9795918090992561,8.80696364567332,39770600.0,2026-10-01
MANU,20.81,21.19,20.665,20.95,395529.0,0.672753483901973,8286332.55,3613694794.0,Consumer Services,-24.8616073781535,,17.930810181618995,3.947178179012736,-57809615.188256204,909092870.212794,5.460015579934441,-1.79853566723223,4.60368574715854,0.0,56143200.0,2026-10-01
NOMD,10.61,10.65,10.29,10.33,801088.0,-1.7126546146527093,8275239.04,1444042757.0,Consumer Non-Durables,4.9276357043438,10.229748465042583,0.5017071642617426,0.4258967433785205,145061144.118518,3457295748.0713596,3.564348841166861,12.7722637636393,0.91837140019861,6.47002854424358,139791000.0,2026-10-01
SII,121.32,121.83,119.11,119.38,69317.0,-0.7234927234927272,8275063.46,3071967112.255169,Finance,28.3480942963997,30.024764268629138,7.84240368040996,7.882094304640721,102560211.55198087,394070714.15687567,93.67487124965203,35.6167870243463,0.0,1.29979458888432,25732700.0,2026-10-01
OIG,10.08,10.1,9.26,9.64,855558.0,-5.304518664047143,8247579.12,954672860.0,Finance,,,,,,,,,,0.0,39097190.0,2026-10-01
PSQL,6.25,6.4599,6.1,6.36,1294580.0,3.583061889250825,8233528.800000001,1350187871.0000002,Electronic Technology,,,0.8867126939335468,,-2456307.0,0.0,,,0.0,0.0,212293690.0,2026-10-01
PRAA,19.33,19.54,19.06,19.49,421918.0,0.2572016460905203,8223181.819999999,733759637.0,Commercial Services,-22.250559731094,,0.7018471291247472,0.5590293475078264,-265048000.0,1331970000.0,12.252861164017597,37.1814680510822,3.7212906360685998,0.0,37648000.0,2026-10-01
ARVN,7.55,8.04,7.442,7.735,1061021.0,3.1333333333333373,8206997.4350000005,505762206.0,Health Technology,1.58770806658131,48.22319201995013,0.8984272006820382,1.5558888538048619,9300000.0,316700000.0,-15.048283261802576,-4.01010419955795,0.0145855567413732,0.0,65386200.0,2026-10-01
CGBD,10.76,10.945,10.69,10.69,767693.0,-3.693693693693695,8206638.17,735520938.9999999,Miscellaneous,3.24525006225689,21.164125915660264,0.6836896215403802,3.639311152390071,37010000.0,212107000.0,11.893206444329559,58.1244371944349,1.19324086515298,13.963963963964,68804600.0,2026-10-01
CBLL,25.0,25.25,24.36,24.39,336291.0,-1.8905872888173727,8202137.49,936041868.0,Health Technology,-43.9294700267583,,7.26554540742462,9.272622985367379,-65997000.0,101964000.0,31.704103643808367,-68.6212780981523,0.17074653386640498,0.0,38378100.0,2026-10-01
SEPN,39.13,39.85,38.49,39.13,209580.0,0.0,8200865.4,1826468897.0000002,Health Technology,-6.34219485579854,,4.620822159162702,17.82344749044313,-24236000.0,98882000.0,13520.110192837466,-56.67866750268,0.0582978426307338,0.0,46676950.0,2026-10-01
GEF.B,106.0,106.0,102.89,102.89,79685.0,-1.9815185291035518,8198789.65,4172217117.0,Process Industries,8.65295748613678,26.594122360360828,1.94899427614345,1.5350175829927568,224700000.0,3934500000.0,-24.384525205158265,6.8242470453679,0.41128225645129,3.2771267981328,21359700.0,2026-10-01
BUR,3.91,3.92,3.79,3.92,2091106.0,0.5128205128205132,8197135.52,860771269.0,Finance,-101.533399858107,,1.0509270678062435,,-1686518000.01771,-1528260000.0172899,-337.1884908670848,,2.94893163984524,3.21489743589744,219584000.0,2026-10-01
ADAM,8.02,8.035,7.7725,7.78,1053212.0,-1.8915510718789341,8193989.36,699264795.0,Finance,14.1663390179509,4.630125572814379,0.7502910029693394,0.880670316085181,202130000.0,831548000.0,42.502065003924365,82.7120021934993,7.6886135678791305,12.1059268600252,89879800.0,2026-10-01
OPTX,7.88,8.62,7.88,8.25,991270.0,11.336032388663964,8177977.5,332309014.0,Electronic Technology,-11.6396669430853,,10.904188530115386,9.931105844765701,-2414591.0,29242712.0,1.4789497555743178,-4.63178996530828,0.142302133811913,0.0,40279877.0,2026-10-01
FRNM,15.88,16.26,15.58,15.75,518521.0,-1.0678391959798992,8166705.75,1692287344.0,Health Technology,-0.916496688625644,,2.062690062155727,,-762626.0,0.0,,,0.0,0.0,107446815.0,2026-10-01
TREE,24.42,24.525,24.07,24.43,333217.0,0.32854209445584515,8140491.31,342986463.0,Finance,82.7831499895189,1.893343460098736,1.068847705171289,0.2698496020640782,181661000.0,1268169000.0,25.2939520132786,8.54720467067087,1.35941416333096,0.0,14039600.0,2026-10-01
ARCT,13.8,14.055,13.52,13.69,593059.0,-0.07299270072992545,8118977.71,389111803.0,Health Technology,-46.3067906797105,,2.264801445237796,20.796576586190994,-93276000.0000943,18724000.0000077,-82.94748729532144,-563.287759026183,0.133480396721922,0.0,28423100.0,2026-10-01
SPT,9.48,9.92,9.41,9.77,830500.0,3.825717321997869,8113985.0,592376727.9999999,Technology Services,-14.3046992440252,,2.5898288910389797,1.1765284580676763,-29547000.0,481824000.0,11.845309253821423,-5.55949890416418,0.200752570553489,0.0,55022900.0,2026-10-01
IPI,32.45,32.95,32.03,32.08,252898.0,-0.8346213292117561,8112967.84,431690114.0,Non-Energy Minerals,2.52085783639048,32.4040404040404,0.8223945627619331,1.4580653048749423,13129000.0,294465000.0,4.204413554907567,5.95486730171667,0.00629478947491013,0.0,13456700.0,2026-10-01
MOV,33.93,33.935,32.9,33.28,241818.0,-0.9228937183685688,8047703.04,531038353.0,Consumer Durables,8.31216368383041,18.424403476720368,1.4686076293460284,1.1228834752941785,41375000.0,690566000.0,4.829116787146644,7.07014246284931,0.134704993512864,4.31676094075618,15956600.0,2026-10-01
EMBC,5.81,5.9,5.63,5.66,1417513.0,-1.736111111111105,8023123.58,320693323.0,Health Technology,,3.814787355934488,,0.3308423677235692,87500000.0,1018700000.0,-7.600907029478458,26.3767546873466,,5.55555555555556,56659600.0,2026-10-01
LMRI,10.26,10.485,9.93,10.25,781551.0,-0.09746588693956908,8010897.75,984768483.9999999,Health Services,,,1.6010896782044053,,,,,,1.58578092254264,0.0,96074974.0,2026-10-01
BEAG,10.68,10.7,10.68,10.68,749550.0,0.0,8005194.0,334476260.0,Finance,3.05485149903685,42.096964919195905,1.2668768638392063,,7943971.0,0.0,,,0.0020565956487325903,0.0,26158000.0,2026-10-01
TXO,14.11,14.215,13.44,13.67,585444.0,-3.04964539007092,8003019.4799999995,757952392.0,Energy Minerals,-5.34802869506815,,1.1695756331279945,1.3879257078850773,-37465000.0,575835000.0,75.15414026688244,29.372129168946,0.416786898602429,10.0,55446407.0,2026-10-01
CTO,20.76,20.76,20.445,20.49,389539.0,-0.7748184019370468,7981654.109999999,768076955.0,Finance,8.49726610331826,15.029707327807525,1.158147958064757,4.489502528243323,52566000.0,161100000.0,14.25856052653976,24.6362507759156,1.04111384037287,7.36077481840194,37485500.0,2026-10-01
SVC,6.37,6.445,6.28,6.44,1235816.0,1.0989010989011034,7958655.04,834041129.0,Finance,-56.2757296829937,,0.20687001175047368,0.09840233082493662,-422743000.0,1658297000.0,-12.040169968636109,10.8126590110215,5.67798203247546,3.13971742543171,129508999.99999999,2026-10-01
PSUS,37.22,37.265,36.76,37.1,213190.0,1.2554585152838451,7909349.0,3709999847.0000005,Miscellaneous,,,0.8078327111279501,,,,,,0.0,0.0,100000000.0,2026-10-01
CTKB,5.76,5.985,5.67,5.96,1324207.0,3.472222222222225,7892273.72,774700149.9999999,Health Technology,-23.0383796680824,,2.406233598449675,3.6074509754292294,-80578000.0,206709000.0,5.444946055551305,-21.5999303368504,0.109273374457221,0.0,129983000.0,2026-10-01
FSBC,42.4,42.65,42.02,42.37,186115.0,0.023607176581676135,7885692.55,1039616286.0,Finance,16.1720266857418,12.537357597277703,1.9140878583041911,5.06174294190775,72007000.0,278565000.0,18.894982820802834,53.96073424497977,0.18020520462417502,2.24268177525968,24536600.0,2026-10-01
TBLA,3.41,3.47,3.35,3.36,2332089.0,-1.4662756598240547,7835819.04,907722106.0000001,Technology Services,12.7493658167055,8.300395256916996,0.9667757166656595,0.506371528868325,118762000.000168,1962294000.00169,7.995238354675774,2.6304926784693,0.167807222441959,0.0,252116000.0,2026-10-01
MSBI,32.53,32.59,31.94,32.16,243359.0,-0.7100957085520345,7826425.4399999995,667387901.0000001,Finance,7.32923850329677,20.649800950301785,1.4517188378124004,2.2267677790681404,41901000.0,434509000.0,-21.577690623629444,19.130834749646876,0.620550195896701,3.98271071318308,20752100.0,2026-10-01
SHIP,16.68,17.125,16.39,16.41,476399.0,-0.09132420091324546,7817707.59,355575120.0,Transportation,20.9697451699217,5.737361023704636,1.1356275639854507,1.7783582070507769,59853000.0004551,194954000.001475,31.977145642871722,37.0312996912144,0.942246949145503,3.53120243531202,21668200.0,2026-10-01
KRNT,16.55,16.84,16.2,16.62,470193.0,0.42296072507553045,7814607.66,714103826.0000001,Process Industries,-2.96630420269112,,1.1568104605734357,3.287190077968692,-20327000.0000083,215848000.000187,3.9534962121648745,-17.1138949631184,0.027498655708058803,0.0,42966500.0,2026-10-01
ALX,245.19,247.4,244.77,246.5,31656.0,-0.21050927050441673,7803204.0,1258947051.0000002,Finance,92.0237353347603,7.457313310018515,5.629774174113271,5.908126339512666,169816000.0,214802000.0,-1.5071828473696518,28.6096032625395,3.73204902894604,7.28685936361428,5107290.0,2026-10-01
OSPN,17.83,18.15,17.71,17.91,435321.0,0.5050505050505042,7796599.11,660022410.0000001,Technology Services,26.5134586724084,10.053325849003649,2.4088898931534266,2.75866306253653,68403000.0,246384000.0,2.3946272576904857,18.5848107019936,0.0454073424016382,2.86195286195286,36852200.0,2026-10-01
ASPN,5.24,5.5092,5.18,5.48,1419047.0,4.980842911877407,7776377.5600000005,454778542.00000006,Process Industries,-50.3568215054536,,2.3629245071491405,2.141122267416831,-126202000.0,202089000.0,-49.118398690753445,-41.4935993547397,0.650062609436619,0.0,82988800.0,2026-10-01
ASIX,16.11,16.23,15.76,15.92,488329.0,-0.5621486570893293,7774197.68,429858889.0,Process Industries,-2.18764886057641,,0.5394057591729473,0.2832957957082791,-17727000.0,1559887000.0,2.958556838890528,-0.60978776026725,0.531979691609613,3.99750156152405,27001200.0,2026-10-01
ATII,10.69,10.695,10.68,10.68,724300.0,-0.09354536950420755,7735524.0,316021211.0,Finance,-79.9143140358457,,3.2211073008749467,,-130579182.0,0.0,,,0.0,0.0,29590000.0,2026-10-01
MG,21.3,21.3,20.99,21.06,365850.0,-1.3120899718837917,7704800.999999999,670978987.0,Industrial Services,11.8360460805027,25.215517241379306,2.795595013062039,0.9505231002340444,26975000.0,739170000.0,5.228167329826534,7.70891675798531,0.877656138654709,0.0,31860400.0,2026-10-01
PNRG,199.78,202.0,197.5,197.5,38978.0,-1.0223514082389455,7698155.0,312563499.99999994,Energy Minerals,11.7155009228707,19.027524880295193,1.4349399671976357,2.6853608526859154,24818000.0,176290000.0,-19.153053830702486,15.34687163197,0.0027789350315205403,0.0,1582600.0,2026-10-01
RNW,6.85,6.85,6.84,6.84,1124559.0,-0.1459854014598509,7691983.56,2492514477.0000005,Utilities,8.90601159221945,20.61482820976492,1.8092318435384767,1.668005395804555,122684312.024941,1515685558.03775,14.06087050298169,42.0540651807695,6.143426783632919,0.0,246039000.0,2026-10-01
PLOW,40.08,40.1463,39.04,39.25,195275.0,-1.5056461731493134,7664543.75,905774108.0,Producer Manufacturing,17.9647177718472,17.810146111262362,3.0216783286769973,1.3446683387593248,51462000.0,699104000.0,20.05062326025473,11.2674223005447,0.9684374572430661,2.96110414052698,23077000.0,2026-10-01
MCS,28.89,28.89,27.82,27.89,274096.0,-2.8222996515679397,7644537.44,840428869.9999999,Consumer Services,5.00981992749381,38.51677945035216,1.8365406396350363,1.1282725814354833,22677000.0,789797000.0,1.805514378891195,4.75679193514283,0.700355013526409,1.14982578397213,23847600.0,2026-10-01
CAL,12.63,12.63,11.93,12.18,626209.0,-2.1686746987951775,7627225.62,420270645.0,Retail Trade,7.71833411301014,8.076923076923077,0.6240224033264801,0.14354489692557434,49662000.0,2847166000.0,7.322495662305539,3.51177275929819,1.30249479632165,2.24899598393574,34505000.0,2026-10-01
NVRI,19.64,19.84,19.29,19.53,390385.0,0.15384615384615968,7624219.050000001,550553039.0,Non-Energy Minerals,,,0.8614761369345653,,,,,,0.657606782238871,0.0,28190119.0,2026-10-01
SSYS,8.55,8.6,8.3,8.31,917157.0,-2.3501762632197334,7621574.670000001,727847990.0,Electronic Technology,-13.3850018390781,,0.8891485359543422,1.3536590147878658,-115176000.0,547273000.0,-3.0515554500539417,-14.0540461524687,0.031043623792130402,0.0,87587000.0,2026-10-01
IBCP,35.47,35.52,34.845,35.24,215558.0,-0.3111739745403096,7596263.920000001,782303195.0,Finance,14.3844163810826,10.232585150556055,1.3739884185720814,3.1164832720370086,71754000.0,319718000.0,0.23576180533348384,35.87953154924326,0.329172446552223,3.11173974540311,22199300.0,2026-10-01
CLB,9.73,9.89,9.63,9.7,783023.0,-0.10298661174048983,7595323.1,445080072.0,Energy Minerals,9.9214910703736,17.19858156028369,1.6322931531191942,0.8767356726476343,26488000.0002563,519182000.003943,0.3486812354172159,7.60426979364739,0.605551052741601,0.411946446961895,45884500.0,2026-10-01
HOV,114.16,114.16,110.6,111.17,68276.0,-0.9091719404581478,7590242.92,650691655.0,Consumer Durables,2.12704855839892,128.59456333140542,0.9693709474024922,0.2546801002063323,17591000.0,2824572000.0,-10.15558004076533,2.98243415285572,1.19085438994657,0.0,5122260.0,2026-10-01
IIIV,14.0,14.27,13.63,13.82,548962.0,-1.1444921316165961,7586654.84,363770166.0,Technology Services,1.86008116389141,37.200538358008075,0.8986104699173564,1.2523993352493794,8912000.0,218157000.0,-8.150222091236344,3.10647836191367,0.423715099430755,0.0,18019700.0,2026-10-01
AVR,7.66,7.955,7.54,7.77,976391.0,2.371541501976281,7586558.069999999,757252335.0000001,Health Technology,-75.1027038394738,,3.0108226869558137,329.53261284567304,-103564000.0,2242000.0,-9.563699304544041,-4738.35860838537,0.013214684928019301,0.0,97458470.0,2026-10-01
MSEX,53.22,53.48,52.8,52.97,143040.0,-0.4323308270676766,7576828.8,998163766.0000001,Utilities,9.76802469513127,20.447000694819735,1.9154268704340465,4.835565947579557,47940000.0,206141000.0,5.264743579923505,29.2222313853139,0.839807822982764,2.70676691729323,18843900.0,2026-10-01
RRBI,99.69,100.27,99.1243,99.87,75801.0,0.010014019627483594,7570245.87,657554681.0,Finance,12.7656441649616,14.381372040781061,1.7100816565275223,5.003919138121711,45950000.0,175332000.0,7.254408984969995,43.3037405123699,0.0035964020377011103,0.801121570198278,6584110.0,2026-10-01
TSSI,10.1,10.135,9.665,9.73,773777.0,-0.9164969450101819,7528850.21,274571542.0,Technology Services,31.9945677583098,19.153543307086615,3.4002194591798935,1.5020849868323694,14371000.0,193277000.0,-26.516793272045685,4.86193390832846,0.482776227956561,0.0,28219100.0,2026-10-01
CARE,30.04,30.32,29.645,29.89,251097.0,-0.7636122177954862,7505289.33,662479881.0,Finance,26.8692956357082,5.148743389661172,1.2286628251599236,2.5845362679072337,126928000.0,349443000.0,40.08538785327721,65.03029398128139,0.0,0.664010624169987,22163900.0,2026-10-01
PRTH,7.78,7.8,7.78,7.8,961278.0,0.12836970474967632,7497968.399999999,643283342.0,Technology Services,,11.396843950905902,,0.6527324789255278,56157000.0,1000381000.0,8.907766303270996,13.7651554757637,,0.0,82472200.0,2026-10-01
DC,6.29,6.33,6.0311,6.09,1228813.0,-1.9323671497584558,7483471.17,817113523.0,Non-Energy Minerals,-23.4377357585099,,4.441365227537923,,-36139397.0001755,0.0,,,0.00609330162253995,0.0,134172990.0,2026-10-01
CPF,36.01,36.285,35.57,35.89,206953.0,-0.16689847009736375,7427543.17,924075276.0,Finance,14.2457335833609,11.500993398705377,1.5531511788629497,3.1320251260481795,82996000.0,366728000.0,5.045945140814409,34.151631535568775,0.168715025715584,3.22670375521558,25747400.0,2026-10-01
ODTX,22.48,23.5,21.695,22.22,334166.0,-0.9803921568627558,7425168.52,1067860479.0000001,Health Technology,,,2.526332065998435,,,,,,0.0589358080437585,0.0,48058530.0,2026-10-01
SHMD,4.51,4.9799,4.41,4.86,1527403.0,8.240534521158132,7423178.58,323597765.0,Electronic Technology,,,,2.554298567566206,-126309674.138336,112031970.081189,114.80958360799542,-0.422613053970074,,0.0,60958904.0,2026-10-01
XPEL,44.25,44.805,43.59,44.17,168024.0,-0.022634676324124064,7421620.08,1217799861.0,Consumer Durables,19.482971888265,22.330637007077858,3.9781145160200846,2.4036492425539633,54734000.0,508089000.0,13.1860983700047,13.41202033502,0.207594936708861,0.0,27570700.0,2026-10-01
DSGN,12.7,12.82,12.4,12.57,589520.0,-0.3961965134706731,7410266.4,786651367.0,Health Technology,-34.1267067571313,,3.8969614861157185,,-70795000.0,0.0,,,0.0131874882343033,0.0,62581600.0,2026-10-01
ATLC,87.91,87.975,85.961,87.53,84647.0,0.05715592135344897,7409151.91,1327833427.0,Finance,22.8969159301607,11.364875743332727,1.8918320749937538,0.632082735578305,154005000.0,2652982000.0,83.71891715210894,24.517128273015,8.48462754707978,0.0,15170000.0,2026-10-01
GLIBK,23.18,23.54,23.03,23.2,318309.0,0.38944180008654206,7384768.8,925523825.0,Technology Services,-20.9838107098381,,0.5335998879440235,0.8922779922779923,-337000000.0,1036000000.0,12.602575946959405,13.030888030888,0.730835734870317,0.0,35853250.0,2026-10-01
ABTC,9.05,9.18,8.42,8.48,869504.0,-2.7522935779816535,7373393.92,617511212.0,Technology Services,-58.970685891744,,0.918811915516978,2.294540811050118,-194922000.0,271674000.0,2495.032954436909,7.11514535803942,0.30523515337642404,0.0,24004700.0,2026-10-01
DKL,53.64,53.8051,53.18,53.21,138241.0,0.018796992481199266,7355803.61,3075394400.0,Industrial Services,,18.474411499201445,,2.3617533924415643,154075000.0,1199269000.0,30.325152980885946,15.3938774370054,,8.47744360902256,57797300.0,2026-10-01
HNRG,14.17,14.26,13.83,13.87,530120.0,-1.5613910574875844,7352764.399999999,653878346.9999999,Utilities,-0.58370801798486,670.0483091787439,3.4355068425289486,1.4909378416665355,-911999.999999995,445427000.0,8.469033164576073,1.7208206956471,0.250662001134859,0.0,47143400.0,2026-10-01
PAHC,35.68,36.02,35.06,35.74,205543.0,0.818053596614948,7346106.82,1451101321.0000002,Health Technology,29.715760348889,14.681838721603748,3.761008632219869,0.957418287285429,99720000.0,1518093000.0,17.117376361174653,13.2304806095542,2.04621027973135,1.3540197461213,21105600.0,2026-10-01
REPX,40.17,40.73,39.935,40.01,183281.0,0.5529027393817514,7333072.81,886372929.0,Energy Minerals,19.9411040676841,7.36032671682702,1.4007210510064116,1.7478949489521756,118673000.0,483860000.0,23.155630782544513,39.4291737279378,0.42234674447465403,4.0211108318673,22153800.0,2026-10-01
ANGX,4.66,4.755,4.6,4.67,1564068.0,0.214592274678107,7304197.56,872152059.0,Consumer Services,,,,2.0773413789788258,-154776812.0,413287246.0,,-30.0975242289475,,0.0,130093840.0,2026-10-01
CRMD,7.95,7.95,7.66,7.7,948364.0,-2.90037831021437,7302402.8,600171254.0,Health Technology,54.93238184266,3.658652475529792,1.2977272918790923,1.586503373731254,187171980.0,462248289.0,280.49981405858057,46.9533303129219,0.314973103054686,0.0,77944300.0,2026-10-01
BTGO,7.41,7.71,7.11,7.4,986435.0,1.7881705639614962,7299619.0,869837606.0000001,Technology Services,,,2.0557896871588155,0.04240835754256242,-95747000.0,20069963000.0,,-0.703603688756178,1.05591320793221,0.0,108690240.0,2026-10-01
TRTX,6.39,6.4,6.21,6.26,1161173.0,-1.2618296529968467,7268942.9799999995,480573988.0,Finance,5.22167289286766,11.419190076614374,0.46140148120194346,1.4513549830126555,55750000.0,340842000.0,3.7832998900787715,75.7503476684212,3.35580673512725,15.1419558359621,76769000.0,2026-10-01
THFF,74.57,74.68,73.39,73.9,98087.0,-0.4847831941826009,7248629.300000001,1174378667.0,Finance,13.4176736293317,10.351734861113059,1.3004299337502219,3.192119718055308,84763000.0,363817000.0,8.245042471846595,37.90746430507861,0.9015219337511191,2.94909776461083,11891900.0,2026-10-01
WEAV,7.36,7.38,7.36,7.38,980377.0,0.27173913043477677,7235182.26,593724308.9999999,Technology Services,-25.0759859868413,,6.940917555442694,2.2735614068979437,-20543000.0,257786999.99999997,16.73338344638958,-7.98760216768107,0.604702891642835,0.0,80450450.0,2026-10-01
KARD,14.81,14.87,14.16,14.75,487834.0,0.6139154160982255,7195551.5,1379179466.0000002,Health Technology,,,2.239810003371104,,,,,,0.0216840340394007,0.0,93503700.0,2026-10-01
BWFG,65.48,65.6998,64.75,64.8,111032.0,-0.8112658809122932,7194873.6,516583809.0,Finance,13.9016793289276,12.098806923206183,1.5971007691716173,4.266750949999995,42177000.0,216851000.0,9.030071747841783,47.777414075286416,0.30856259659969104,1.22455227307516,7971970.0,2026-10-01
FMBH,48.99,49.09,48.36,48.74,146351.0,-0.286415711947628,7133147.74,1296577213.0,Finance,10.0462752344325,12.110219395234427,1.1765137536726828,3.399003755720799,100256000.0,506792000.0,10.339121801682545,33.71580914544101,0.441604401748501,2.06628477905074,26601900.0,2026-10-01
ACDC,4.27,4.4377,4.07,4.34,1642647.0,2.8436018957346,7129087.9799999995,790412859.0000001,Industrial Services,-52.2885060426845,,1.4568011466434831,0.42972080792256473,-406700000.0,1787300000.0,-16.175780883594403,-10.7200805684552,1.9828990228013001,0.0,182122760.0,2026-10-01
ASTE,40.85,40.85,40.18,40.24,176873.0,-1.1059228311624374,7117369.5200000005,926540836.0,Producer Manufacturing,2.87390029325513,47.876264128494945,1.3427714415472305,0.6094351487621372,19600000.0,1555100000.0,18.700862529577893,5.38229052794033,0.5708895661007111,1.2779552715655,23025400.0,2026-10-01
INNV,8.95,8.95,8.72,8.8,807590.0,-2.0044543429844066,7106792.000000001,1200772487.0,Technology Services,-1.078264491437,,5.080479412511835,1.2444878414924823,-2537000.0,989707000.0,15.931474756940379,6.69672943608563,0.36905302564059,0.0,136451000.0,2026-10-01
FULC,3.73,3.73,3.665,3.7,1918415.0,0.0,7098135.5,282299853.0,Health Technology,-32.3759462933867,,0.9084569980652322,,-84999000.0,0.0,,,0.0169876117246063,0.0,76297300.0,2026-10-01
JBGS,10.18,10.29,9.99,10.04,705480.0,-0.594059405940599,7083019.199999999,588099746.0,Finance,-12.8852011923626,,0.5500655531309084,1.157861568419189,-153927000.0,508410000.0,-1.0823525749406955,0.364272929328691,2.4113321949376103,6.93069306930693,58575700.0,2026-10-01
AMBP,4.35,4.365,4.305,4.34,1630182.0,-0.2298850574712595,7074989.88,2594045428.0,Process Industries,,83.62235067437379,,0.433983475212821,41000000.0,5991000000.0,14.528770789523993,5.25788683024537,,9.19540229885058,597706000.0,2026-10-01
FNKO,5.36,5.485,5.3,5.41,1306182.0,1.5009380863039414,7066444.62,303429394.0,Consumer Durables,-1.06975357171903,,1.6137403578267897,0.328384981638126,-1973000.0,932639000.0,-3.9211828140871243,2.74854472094776,1.39242731791519,0.0,55995800.0,2026-10-01
RZLT,4.19,4.345,4.135,4.14,1702788.0,1.222493887530558,7049542.319999999,400430457.0,Health Technology,-59.0425167609031,,3.963960513591405,,-77586000.0,0.0,,,0.009276272011282491,0.0,96722300.0,2026-10-01
PICS,8.21,8.61,8.08,8.48,830103.0,3.5409035409035527,7039273.44,1098902294.0,Commercial Services,30.545803724735,4463.1578947368425,0.9015138629018541,0.4128448214045501,251601831.740193,2570752791.7130003,88.53791395083405,5.68779350731661,5.685569368984099,0.0,43135918.0,2026-10-01
BBSI,30.54,30.75,30.01,30.26,231870.0,-1.0464355788096689,7016386.2,733356549.0,Commercial Services,16.3325162885216,22.358504507167137,3.574681426895639,0.5966532422367311,35082000.0,1266348000.0,5.588745631903385,4.12501145024906,0.12021297477672001,1.04643557880968,24235200.0,2026-10-01
AD,34.08,34.08,33.594,33.72,207890.0,-0.2661934338953073,7010050.8,2916982426.0,Communications,22.0606417286616,3.915330399544837,2.304226191371042,13.69785557064581,745787000.0,213530000.0,-94.22891891891891,0.827050063222967,0.946309536226662,0.0,53500000.0,2026-10-01
RCBC,51.37,51.845,50.3,51.2,136412.0,-0.736719658782465,6984294.4,727024864.0,Finance,14.5208410064394,9.466930458739347,1.2617743011076508,5.074937303375414,78260000.0,291320000.0,,74.00521405049398,0.0,0.368359829391237,14199700.0,2026-10-01
CAC,56.15,56.52,55.24,55.345,125929.0,-1.4336598397150486,6969540.505,935167195.0,Finance,12.8667981545258,10.611434925991256,1.2881810869087564,3.6021274191175072,88657000.0,374857000.0,12.799672605703522,42.443735969363686,0.825198436204241,2.9919857524488,16897000.0,2026-10-01
GPRK,10.65,10.7,10.4,10.45,665734.0,-0.5708848715509087,6956920.3,678167133.0000001,Energy Minerals,28.5746482444356,7.0531857451403885,1.544096895404797,1.3822446385069682,81143000.0,507086000.0,-9.506133622674238,29.0366920009624,1.8110004005333102,1.00856327307326,64896400.0,2026-10-01
HNST,5.27,5.27,5.11,5.13,1354204.0,-1.5355086372360858,6947066.52,550368911.0,Retail Trade,-6.87251446131598,,3.3506198320118084,1.722997514195493,-12166000.0,342010000.0,-12.256306714248698,-2.35724101634455,0.0569273140941205,0.0,107284000.0,2026-10-01
GABC,48.85,49.13,48.145,48.36,143653.0,-0.9422367882015584,6947059.08,1817311169.9999998,Finance,12.4574321457004,12.770002640612622,1.4998939280968964,4.7525218706997245,142081000.0,502741000.0,21.775053046671385,45.96024121676078,0.143712238766549,2.49897582957804,37578800.0,2026-10-01
OBE,10.37,10.59,10.24,10.3,670694.0,0.684261974584558,6908148.2,687273358.1688224,Energy Minerals,1.99119005837482,37.50495211018154,0.69774508731097,1.8539572975114664,19571200.0,382764800.0,-24.91023908126251,22.015817546441,0.267661975855418,0.0,66725600.0,2026-10-01
PKE,29.83,29.855,29.16,29.69,232281.0,0.30405405405405356,6896422.890000001,645793470.9999999,Electronic Technology,10.7863663719665,47.77152051488334,4.731964267214931,8.244640678099545,12725000.0,76213000.0,20.10369389813414,19.8076443651346,0.00234360090079774,1.68918918918919,21751200.0,2026-10-01
EROK,20.61,21.41,20.095,20.8,330592.0,2.6147015293537303,6876313.600000001,2735606953.9999995,Finance,,,1.5516436232668962,,,,,,0.00453280948778643,0.0,26355259.0,2026-10-01
KOP,46.34,46.34,45.46,45.59,150737.0,-1.0633680555555445,6872099.83,862178374.0,Process Industries,-19.019479098271,,2.226927801916262,0.46552141121791485,-86900000.0,1893400000.0,-4.978420154571916,10.1246434984684,2.58811369509044,0.759548611111111,18911600.0,2026-10-01
XIFR,10.47,10.54,10.4,10.47,655838.0,0.2873563218390914,6866623.86,2021282003.0,Utilities,2.05255792256259,15.65958719712833,0.3050110963444697,0.8217796327212048,63000000.0,1198000000.0,-2.83860502838605,-0.333889816360601,1.8628359592215,0.0,94272800.0,2026-10-01
TR,38.16,38.21,37.4,37.57,182540.0,-1.157590107866345,6858027.8,2866647488.9999995,Consumer Non-Durables,10.3455357796027,29.540808303192325,2.9574107660142572,3.8817492830807034,95458000.0,734741000.0,1.6451568723204986,12.1245445674054,0.0139519547018276,0.926437654298816,42981500.0,2026-10-01
HTLD,11.72,11.825,11.58,11.61,588223.0,-0.3433476394849865,6829269.029999999,897831588.0,Transportation,-2.8467661343319,,1.1871019987484814,1.2252623308397308,-21963000.0,736284000.0,-21.020247917927065,-6.66821498226228,0.193583832378877,0.686695278969957,77332600.0,2026-10-01
LAND,9.54,9.56,9.27,9.46,720935.0,-0.21097046413501658,6820045.100000001,408071990.0,Finance,-0.962786930159978,,0.6062621885295963,4.597470118327813,-6466000.0,88483000.0,21.59770225514313,24.0147825005933,0.73102207511094,5.91139240506329,43136600.0,2026-10-01
DDD,3.54,3.6399,3.53,3.6,1891037.0,2.2727272727272747,6807733.2,598129305.0,Technology Services,-21.3096507636813,,2.18646939853871,1.3527138770150735,-54852000.0,387641000.0,-6.217853496620232,-14.9468193508943,0.556317923110947,0.0,166147000.0,2026-10-01
IDR,29.15,29.6,28.0,28.0,242826.0,-2.473005921281786,6799128.0,443132759.0,Non-Energy Minerals,26.3563646743137,19.657399606852007,3.675235215053763,9.021406045763854,22378825.0,50865599.0,66.7925364653738,45.1433000916789,0.0176307226839142,0.0,15826200.0,2026-10-01
MAX,9.45,9.71,9.32,9.57,710055.0,2.0255863539445573,6795226.350000001,586296259.0,Technology Services,789.171198960955,5.961131182259873,17.84748512709573,0.4754708815660956,97218000.0,1224548000.0,13.836045335554498,7.05852281821538,6.21955511755596,0.0,52975700.0,2026-10-01
DSP,12.22,12.49,12.07,12.31,548666.0,1.1503697617091255,6754078.46,818600465.9999999,Technology Services,12.3270368846061,89.00939985538685,7.210806251317979,2.0392205847134353,8686000.0,388498000.0,21.988501307811386,36.4871891232387,0.195136140468404,0.0,21184100.0,2026-10-01
BLSM,21.24,21.24,18.41,18.64,362166.0,-12.7749181094993,6750774.24,592470671.0,Health Technology,,,,,,,,,,0.0,31784908.0,2026-10-01
FLNG,31.03,31.42,30.76,30.76,219171.0,-0.29173419773095577,6741699.96,1633736615.9999998,Transportation,14.0293136589057,16.196293176074136,2.3685789065574063,4.62933367988,102730000.000681,360473000.00272495,1.3028437179566665,49.4600150357882,2.55333311505934,9.72447325769854,54092377.0,2026-10-01
AGNT,3.59,3.68,3.56,3.67,1822520.0,3.380281690140848,6688648.399999999,613322835.0,Finance,-6.88677090970278,,2.1837958775646213,0.11883942545325295,-17190000.0,4963617000.0,8.065476533895968,-0.232209697081785,0.015456539387293,5.63380281690141,167118000.0,2026-10-01
CPS,21.41,21.94,20.635,20.84,319789.0,-1.744460160301749,6664402.76,370310277.0,Producer Manufacturing,,,,0.13794479786033972,-56462000.0,2775581000.0,2.0753927333120523,3.14027945860704,,0.0,17769200.0,2026-10-01
GOOS,7.76,7.92,7.675,7.78,854863.0,0.9079118028534408,6650834.140000001,759799558.4162163,Consumer Non-Durables,11.8838763575606,20.07472545619685,2.052226364894078,0.693587687154261,40057600.0,1084371200.0,7.597061323569311,10.2902032071674,1.58471192241871,0.0,46656532.0,2026-10-01
DAKT,17.47,17.575,17.275,17.39,382292.0,-0.11487650775416182,6648057.88,836331112.0,Producer Manufacturing,16.182691390223,17.672764227642276,2.632578882751083,0.9965672557266276,48336000.0,854299000.0,14.003664455449377,7.24956953010597,0.047659526238241004,0.0,48092600.0,2026-10-01
HSTM,29.7,30.2999,29.57,29.71,223159.0,-0.10087424344316605,6630053.890000001,909003752.0,Technology Services,5.9957124999293,41.39035943159654,2.436086551178726,2.714893200920525,21200000.0,321117000.0,8.775418260159682,8.03538897037528,0.037657912816702,0.457296570275723,30595900.0,2026-10-01
IEP,6.88,6.895,6.735,6.75,978658.0,-1.603498542274057,6605941.5,4798676514.0,Energy Minerals,-23.7459733087897,,2.646820090736914,0.42015380390002716,-516000000.0,10923000000.0,12.388105772198786,1.23592419664927,4.32377275234418,29.1545189504373,710915000.0,2026-10-01
IRWD,4.16,4.17,3.96,3.97,1662299.0,-4.567307692307691,6599327.03,656002645.0000001,Health Technology,,5.1773604590505995,,1.7863756948083291,129868000.0,389316000.0,26.188662610730617,60.6389154311665,,0.0,165240000.0,2026-10-01
SSMR,15.24,15.24,14.71,14.72,447895.0,-1.2743125419181722,6593014.4,2115655699.2,Non-Energy Minerals,,,6.558048980428323,,,,,,0.000717678846958292,0.0,143726610.0,2026-10-01
ALVO,5.95,5.97,5.76,5.8,1136284.0,-2.027027027027029,6590447.2,2264502528.0,Health Technology,,,,4.293809715867734,-179590000.0,491954000.0,-12.166128663657659,9.12341397772963,,0.0,390432000.0,2026-10-01
FBIZ,68.95,69.14,67.9,68.78,95345.0,-0.2465554749818734,6557829.100000001,575573071.0,Finance,14.7439136767635,10.486834281183771,1.5015667335945975,3.183848115372934,54560000.0,287861000.0,6.555198554887618,36.45487583964355,0.8942214531996651,1.89992748368383,8368320.000000001,2026-10-01
LAR,5.56,5.67,5.49,5.5,1185009.0,0.18214936247722746,6517549.5,887699957.8544064,Non-Energy Minerals,-6.61706444011689,,1.1461631226691626,,-52294872.058125734,0.0,,,0.315347203287192,0.0,161400000.0,2026-10-01
NTGR,22.18,22.48,21.94,22.21,293214.0,0.7713248638838553,6512282.94,603646049.9999999,Technology Services,-5.25815576628014,,1.3207800749532288,0.8578365229607104,-25754000.0,694752000.0,-0.6953804724585023,-3.52183225093271,0.100371364408172,0.0,27179000.0,2026-10-01
RZAI,27.63,35.11,19.243,21.88,297135.0,,6501313.8,1217477351.3199997,Technology Services,,,,,,,,,,0.0,55643389.0,2026-10-01
MYGN,4.28,4.385,4.22,4.31,1504783.0,1.8912529550827228,6485614.7299999995,412249988.0,Health Technology,-32.5433526011561,,1.3558276997801104,0.49715348375898843,-112600000.0,806600000.0,-3.1576419738263897,-11.2199355318621,0.692662059888121,0.0,95649600.0,2026-10-01
GTN,4.54,4.605,4.48,4.5,1440761.0,-0.2217294900221682,6483424.5,465502301.99999994,Consumer Services,-0.935420039575463,,0.21777709594726505,0.14326556543837357,-26000000.0,3148000000.0,-11.298957452803608,14.4218551461245,2.15799120234604,7.09534368070953,93115100.0,2026-10-01
FMNB,15.21,15.32,14.935,15.03,431209.0,-1.1834319526627315,6481071.27,890490962.0,Finance,10.8696079233854,10.222403591103856,1.1356166557109504,4.027315206802971,66397000.00000001,323736000.0,16.7651323335281,39.88205680766497,0.595777547604955,4.47074293228139,59247600.0,2026-10-01
CMRE,14.84,15.07,14.68,14.69,440611.0,-0.40677966101695257,6472575.59,1775912370.0,Transportation,16.2593924071706,5.568612585291888,0.7991509089593575,2.169500298433993,338802000.002596,820907000.006198,-52.60229047503472,46.0908482934183,0.6778464946152469,3.1864406779661,120893000.0,2026-10-01
CTOS,9.21,9.3105,9.025,9.11,708030.0,-1.193058568329731,6450153.3,2072575242.9999998,Finance,2.66685926763482,97.01810436634717,2.54005252973618,1.0403921368243663,21416000.0,2035310000.0,7.027225998133224,8.85648869214026,3.1228986331387603,0.0,227506000.0,2026-10-01
LYNX,12.52,12.58,12.05,12.34,521370.0,-0.6441223832528187,6433705.8,1430815448.0,Technology Services,,,,,,,,,,0.0,115949390.0,2026-10-01
NMFC,7.04,7.0699,6.92,6.92,929655.0,-1.3542409123307164,6433212.6,653610564.0,Miscellaneous,-4.14474473445185,,0.6356957883316752,3.2649541045779005,-48370000.0,203150000.0,-50.2144345055753,31.5195668225449,1.30948344698064,17.2487526728439,94452400.0,2026-10-01
FWRD,15.24,15.73,14.905,15.25,421327.0,1.5989340439706876,6425236.75,515158186.99999994,Transportation,-1564.52535474645,,,0.1936160797434549,-286195000.0,2518075000.0,-0.11238014239313772,2.9893470210379,,0.0,33780900.0,2026-10-01
FVRR,8.55,8.81,8.505,8.62,743448.0,0.8187134502923802,6408521.76,309895249.99999994,Technology Services,7.13200019000471,10.545632493271347,0.708727127722988,0.7471541322949693,30030000.000033803,418351000.000359,-0.18490859551953928,4.1969542322128,0.006124558610973891,0.0,35950700.0,2026-10-01
CMCO,16.39,16.39,15.9,15.93,402216.0,-2.0897357098955123,6407300.88,459807422.99999994,Producer Manufacturing,-27.7766705327565,,0.8157839079070611,0.3146169421998238,-316366000.0,1488992000.0,55.22929543869453,1.43835561238744,1.80657228777734,1.72095881991395,28864200.0,2026-10-01
OPRT,8.23,8.2589,7.99,8.14,785963.0,-1.0935601458080175,6397738.82,374336272.0,Finance,4.97470381370974,20.38567493112948,0.9187006367701465,0.5463750692428456,19479000.0,948480000.0,-2.339474526900199,5.392797238887813,6.539101472983029,0.0,45987300.0,2026-10-01
PHR,10.0,10.38,9.98,10.33,619229.0,3.1968031968031996,6396635.57,641192865.0,Technology Services,3.11926167222522,61.160449970396684,1.723484943281829,1.2313267896367224,10447000.0,507793000.0,12.925198811578218,5.00617377553452,0.182726414612304,0.0,62070900.0,2026-10-01
IBTA,39.8,40.33,38.0,39.4,162256.0,0.33104150751208417,6392886.399999999,913135441.0,Technology Services,-3.70017844522672,,3.7933381664697787,2.6640456562560146,-11021000.0,343174000.0,-6.64573834887542,-3.38166644326202,0.10404308428508201,0.0,20148602.0,2026-10-01
CLMB,32.76,33.23,31.71,32.125,197282.0,-1.8784361637141171,6337684.25,599473022.0,Distribution Services,17.6105383435649,28.85565436090901,4.7960932554612015,0.8415759518835357,20267000.0,711773000.0,23.051084214875605,4.03415133757532,0.0164090501792115,0.259621258399511,18660600.0,2026-10-01
NX,19.3,19.3,18.72,18.87,334762.0,-1.3591217982226766,6316958.94,864740549.9999999,Producer Manufacturing,6.20083604781127,18.989634698601186,1.1599580275918793,0.4686942254153863,45354000.0,1863147000.0,1.2604105750354901,5.95637381269433,1.13016806091403,1.67276529012023,45826200.0,2026-10-01
GRNT,4.34,4.4,4.27,4.34,1455484.0,1.1655011655011613,6316800.56,572447053.0,Energy Minerals,-4.65821574500825,,1.0179143544687377,1.1322228879568605,-28062000.0,495693000.0,14.602618996975947,20.6761039595072,0.8217108573846901,10.2564102564103,131900000.0,2026-10-01
EQBK,47.22,47.56,46.74,47.14,133885.0,-0.6742520016856306,6311338.9,970730019.9999999,Finance,4.8979625318034,28.314012853624842,1.17260735488984,3.8803346978964726,35826000.0,379003000.0,10.853624650843095,23.01758050205328,0.653925377572656,1.51706700379267,20592500.0,2026-10-01
SILC,51.91,54.25,51.04,52.3,120628.0,1.81039517227954,6308844.399999999,300600053.0,Electronic Technology,-8.27675997396778,,2.6175547334198175,3.8909236867892,-9790000.000008311,75426000.00006099,28.601387870602235,-14.1741574523383,0.056078021595263004,0.0,5747610.0,2026-10-01
BVS,14.01,14.01,13.57,13.63,461150.0,-2.6428571428571375,6285474.5,1146172261.0,Health Technology,27.9626644213293,17.578024245550687,4.072279221516453,1.7044637156095759,54464000.0,581848000.0,3.1385714944109813,10.5598025601188,1.15524340139988,0.0,68305100.0,2026-10-01
MTRX,9.55,9.615,9.38,9.57,656649.0,1.0559662090813056,6284130.930000001,270753680.99999994,Industrial Services,-1.81325574285503,,1.8626939576310115,0.30919458078458706,-2580000.0,873632000.0,13.564006104361706,0.0394903117101937,0.13716118571781,0.0,28291900.0,2026-10-01
ACB,4.01,4.02,3.815,3.9,1609723.0,-3.2258064516129115,6277919.7,252881874.55035976,Process Industries,-7.03822154837909,,0.6653438584408129,1.219927310149459,-77851136.0,204247296.0,-22.29913146074702,-56.7915787732142,0.0430329462695231,0.0,64841500.0,2026-10-01
BWLP,25.01,25.47,24.93,25.05,249968.0,1.499189627228529,6261698.4,3783415374.8053946,Transportation,23.6596905705817,8.652493294074187,1.9855003747497257,1.044478606986046,439893075.61375505,3494107695.7500086,-7.6512559142332615,15.4236411647126,0.486121564792788,7.5628074639525,151814600.0,2026-10-01
KYIV,12.75,12.75,12.31,12.34,507332.0,-3.3672670321064975,6260476.88,2861197256.9999995,Finance,20.2338971854498,18.02249160216153,2.057115803617123,2.3034249050624984,163000000.0,1280000000.0,,36.171875,0.392779783393502,0.0,231863620.0,2026-10-01
KODK,9.57,9.7,9.52,9.56,653559.0,-0.3128258602711091,6248024.04,935924056.0,Producer Manufacturing,-12.992398064962,,1.5022848558372253,0.8685920704845819,-94000000.0,1135000000.0,9.450337512054002,4.66960352422908,0.212338593974175,0.0,97900000.0,2026-10-01
CRTO,15.45,15.69,15.15,15.2,405841.0,-1.6181229773462786,6168783.199999999,744762881.0,Commercial Services,9.42309687840407,7.697761571963942,0.6545074680593896,0.4190791969231575,104431000.00092,1863453000.0142,-4.243455400120458,9.96563905825145,0.131427963264347,0.0,55833600.0,2026-10-01
GIC,42.55,42.72,41.792,41.94,146222.0,-1.0148690110927536,6132550.68,1598263778.0,Retail Trade,26.1768791480167,18.959359884272864,4.663741356955247,1.1269558557304014,84800000.0,1436200000.0,8.42518496149781,8.0629438796825,0.288590604026846,2.59617654000472,38108300.0,2026-10-01
SLP,18.47,18.48,18.43,18.43,332435.0,-0.2705627705627744,6126777.05,372743775.0,Technology Services,6.16786015965664,46.040469647764176,2.679822954290334,4.557955592385872,8105000.0,82058000.0,2.083773932299118,14.6250213263789,0.0035027151436688602,0.0,20224800.0,2026-10-01
BFST,30.4,30.505,29.95,30.09,202712.0,-1.0522854324235458,6099604.08,979425924.0,Finance,10.0111092144014,10.717720391807658,0.948036927125293,2.887987707879823,92954000.0,536429999.99999994,8.876467436309598,34.658183451934086,0.610837843813611,1.97303518579415,32549900.0,2026-10-01
XMAX,8.67,8.69,8.61,8.63,703937.0,-0.23121387283236502,6074976.3100000005,559876656.0,Consumer Durables,52.8696799954989,19.893960350391886,5.203214778818153,32.87775886891344,29830083.0,16049204.0,63.53393471972154,-20.5148554408057,0.0527372816894775,0.0,64875600.00000001,2026-10-01
ITG,8.12,8.24,7.33,7.775,775632.0,-4.718137254901958,6030538.8,376656251.85,Industrial Services,,,10.956877113866968,,,,,,25.4619211077496,0.0,48444534.0,2026-10-01
FLGT,22.07,22.25,21.69,22.02,273541.0,-0.2717391304347768,6023372.82,605886767.0,Health Services,-7.967334513896,,0.6049010168215775,1.9088895200227258,-84382000.0,323932000.0,6.8296270401651595,-36.0615808256054,0.00958747787332309,0.0,27515300.0,2026-10-01
CHCT,14.4,14.41,14.17,14.18,424594.0,-1.459346768589304,6020742.92,406311474.0,Finance,4.20767502834301,21.326515265453448,0.9808946894029478,3.115565314954317,17926000.0,124780000.0,5.656223539373412,30.4992787305658,1.362754138885,12.2480889506602,28653800.0,2026-10-01
HGTY,13.55,13.61,13.38,13.46,447257.0,-0.6642066420664196,6020079.220000001,4625161314.0,Finance,9.16675516739237,138.33504624871532,6.3598864103496995,0.9824621502423107,25463000.0,1403972000.0,7.754652192666704,4.13961247090398,0.8744304471551481,0.0,102071000.0,2026-10-01
MFIC,8.92,8.92,8.72,8.74,688630.0,-1.354401805869066,6018626.2,719936743.0,Finance,-2.39395359595615,,0.6537032964895984,2.8126109780982627,-29652000.0,260024999.99999997,1.2404658171072034,36.1176809922123,1.5795627065703,15.5756207674944,82372600.0,2026-10-01
CRON,3.37,3.38,3.25,3.3,1820935.0,-2.3668639053254457,6009085.5,1215762429.5744681,Health Technology,6.44825705850991,18.447461629279815,1.1461580781221345,7.2922959136823495,67933872.04621945,174262874.20380676,30.5550571198268,-2.19555393282325,0.00121178434543059,0.0,368413000.0,2026-10-01
SFST,59.45,59.79,58.68,59.26,101176.0,-0.4869857262804352,5995689.76,561296187.0,Finance,9.92842189713312,12.665099380209446,1.2406392034451499,4.183636672572383,39601000.0,235996000.0,8.919555083767943,38.48311218335344,0.619608285352932,0.0,9471760.0,2026-10-01
STLN,6.51,6.59,6.315,6.32,946918.0,-2.918586789554524,5984521.760000001,631892154.0,Health Services,,,,1.1421743252038332,-30532000.0,587244000.0,38.37823062567157,-4.44278698462649,,0.0,99982900.0,2026-10-01
EVMN,8.4,8.525,8.11,8.26,724199.0,-1.0778443113772438,5981883.74,299772872.0,Health Technology,-178.026007728978,,1.0796200155799887,30.173262740000013,-94668000.0,10000000.0,,-1018.93,0.0310858616789031,0.0,36292114.0,2026-10-01
NBBK,22.27,22.34,22.03,22.12,269636.0,-0.6735518634934826,5964348.32,903123981.9999999,Finance,7.4947882496878,14.66065747613998,1.072590937479392,3.439873312416746,59176000.0,414553000.0,28.347363565154666,38.599038480103495,0.215257208415182,1.25729681185451,40828387.0,2026-10-01
CLDT,13.4,13.455,13.19,13.38,443959.0,-0.7418397626112733,5940171.42,623047904.0,Finance,1.60349212178788,174.21875000000003,0.8633684014908269,2.1425092879178926,11832000.0,301454000.0,-3.1367281887820675,10.1909412381325,0.601436352777997,2.81899109792285,46565600.0,2026-10-01
BRBS,3.86,3.87,3.8,3.85,1542396.0,0.2604166666666727,5938224.600000001,340237103.0,Finance,3.03003895672157,41.442411194833156,1.2533653673988274,4.045049911437017,9388000.0,136451000.0,-10.980415182474133,14.728359203885343,0.621909461613598,0.0,88373300.0,2026-10-01
GDOT,12.34,12.39,12.24,12.3,482674.0,0.16286644951141166,5936890.2,700917724.0,Finance,-2.78968307510201,,0.7461301323744045,0.3071391906223686,-25948000.0,2269571000.0,17.72751251804502,2.09696017441182,0.06973699197680219,0.0,56985200.0,2026-10-01
ABEO,5.16,5.33,5.1,5.25,1130693.0,1.744186046511625,5936138.25,300216090.0,Health Technology,-43.1273445483037,,2.3460960960960957,11.53486154388714,-62887000.0,25520000.0,6280.0,-327.644984326019,0.155179684205594,0.0,57184000.0,2026-10-01
EVH,3.53,3.575,3.41,3.49,1695929.0,-0.8522727272727216,5918792.21,394577075.99999994,Commercial Services,-78.9524619536158,,1.0262170522576775,0.18891008088628758,-504991000.0,2097018000.0,-4.503898138365696,-1.3274087299203,2.5322958173178503,0.0,113059000.0,2026-10-01
PHAT,7.4,7.5,7.19,7.3,809200.0,-0.8152173913043546,5907160.0,590576876.9999999,Health Technology,,,,2.571855836904324,-99072000.0,239663000.0,110.1606482049843,-16.9575612422443,,0.0,80900900.0,2026-10-01
KARO,60.9,61.78,59.54,60.0,98209.0,-1.36445832648364,5892540.0,1853598061.0,Technology Services,29.1925216782329,30.780280100548914,8.375677033893574,5.535215554448965,60218871.5146332,339502801.926035,29.841416708695267,25.2300089086805,0.29944192311920304,0.0,30893300.0,2026-10-01
STDN,12.07,12.5,11.8,11.81,498438.0,-1.7470881863560657,5886552.78,1848864333.88,Process Industries,,,,,,,,,0.0,0.0,144972440.0,2026-10-01
BOW,33.78,33.83,33.77,33.77,174120.0,0.0,5880032.4,1112485281.0,Finance,14.1010330580856,18.181328739097665,2.347316677139346,1.8518690916236515,62168000.0,611949000.0,24.59310445925751,14.8679056588049,0.30926553839207205,0.0,32943005.0,2026-10-01
SMTI,35.09,35.17,35.04,35.14,167005.0,0.14249073810201524,5868555.7,322867545.0,Health Technology,-1.31380708712728,,40.66941345308088,2.7680492919336888,-32014974.000000004,109814925.0,12.929644295081294,10.3763281721496,6.1093839224118405,0.0,9188030.0,2026-10-01
LYTS,20.98,20.98,20.56,20.75,282710.0,-0.38406144983196494,5866232.5,773172748.9999999,Producer Manufacturing,7.63579241764021,30.78635014836795,2.1270728709538202,1.1387962233662174,22579000.0,689397000.0,20.23450539522862,7.01134469688728,0.850417409482723,0.960153624579933,37261300.0,2026-10-01
TECX,23.66,23.66,22.6,23.29,251633.0,-0.2142245072836363,5860532.569999999,455304752.00000006,Commercial Services,-33.8002253689826,,2.0013233310132077,,-85787000.0,0.0,,,0.0196519035408272,0.0,19549400.0,2026-10-01
SMBC,71.04,71.31,69.9,70.9,82571.0,-0.0704721634954153,5854283.9,780841495.0,Finance,12.5997692382219,11.02695304602081,1.3216806707650575,3.897511314475045,71527000.0,316543000.0,3.700949398190312,43.46405065691319,0.292782192666732,1.43763213530655,11013300.0,2026-10-01
PKOH,47.3,47.3,45.72,46.2,126514.0,-2.0356234096691983,5844946.800000001,669438441.0,Producer Manufacturing,7.18971398583049,23.805843252434688,1.6961298868365637,0.40470901069680476,27400000.0,1654700000.0,2.68073223704623,5.26379404121593,1.80005113781642,1.06022052586938,14490000.0,2026-10-01
CMCL,23.65,23.81,23.15,23.54,247861.0,0.5123825789923032,5834647.9399999995,455147737.00000006,Non-Energy Minerals,24.5982132795641,6.985370485771091,1.5484376829478463,1.63132233281199,65477000.000340395,277381000.001397,35.4809561491565,44.8830309213673,0.39757093284343703,2.39111870196413,19335100.0,2026-10-01
ORN,8.5,8.62,8.36,8.55,681230.0,1.664684898929852,5824516.500000001,346234727.0,Industrial Services,2.26853455060601,93.54485776805252,2.105320181032912,0.379731417134876,3603000.0,896499000.0,7.04542360900496,0.71968847706467,0.904662008914184,0.0,40495300.0,2026-10-01
BFH/PB,24.49,24.555,24.35,24.4,238533.0,0.1231021748050783,5820205.199999999,3755483600.0,Finance,17.3939672331955,1.9074868860276584,0.2806181419628779,0.2506593378822336,568000000.0,4754000000.0,0.8485362749257531,17.26055092241597,0.9762258543833581,0.919356450484661,38419300.0,2026-10-01
PFLT,7.03,7.05,6.91,6.91,840899.0,-1.2857142857142836,5810612.09,685595643.0,Miscellaneous,4.77392973965652,13.642645607107603,0.6737184480880923,2.4111442259623392,50249000.0,288048000.0,12.582517441519611,53.3730489362884,1.54724069380884,17.25,99217900.0,2026-10-01
HBT,35.55,35.9,35.05,35.37,164185.0,-0.8966096945923238,5807223.449999999,1286251659.0,Finance,11.555479589486,15.20832437545685,1.681962203641541,4.851820863153266,77747000.0,331426000.0,13.289830352045994,39.46370722724036,0.19526815241398002,2.57775287195293,36365600.0,2026-10-01
NNBR,3.91,4.005,3.66,3.67,1577025.0,-5.412371134020618,5787681.75,303070237.0,Producer Manufacturing,-18.5411120606948,,9.096542322468707,0.4278138616468108,-28312000.0,455790000.0,5.091201704368597,-3.00884179117576,1.4985454063444001,0.0,82580400.0,2026-10-01
NCDL,11.4,11.4462,11.1574,11.24,511878.0,-3.7671232876712284,5753508.72,555110609.0,Miscellaneous,5.3962018836842,11.847791714978392,0.6538673870842576,3.1911272111703664,46858000.0,180764000.0,-11.340216298403512,65.4787457679626,1.28215415240911,13.8698630136986,49387066.0,2026-10-01
SPIR,11.12,11.88,11.11,11.18,513985.0,0.2690582959641198,5746352.3,454158156.00000006,Technology Services,-61.6437096065331,,3.030229110256431,6.845310274620459,-90468000.0,62377000.0,-33.13287238033982,-108.145630601023,0.0671726097653949,0.0,39115000.0,2026-10-01
CGNT,8.54,8.79,8.45,8.69,658128.0,2.355712603062418,5719132.319999999,641715085.0000001,Technology Services,-0.0296213735719062,,3.285096473719228,1.5028538738601922,-58999.9999873907,421711000.000362,27.70916865521945,4.87632525592261,0.180166990032814,0.0,73845200.0,2026-10-01
MTUS,18.9,19.34,18.875,18.99,300711.0,0.9569377990430608,5710501.89,787121886.0000001,Non-Energy Minerals,1.17195977718296,107.34878462408139,1.1382353575821218,0.6631582822085894,8100000.0,1222500000.0,16.118920972644375,0.613496932515337,0.021233569261880702,0.0,41449300.0,2026-10-01
NRDS,8.55,8.82,8.44,8.78,650168.0,2.8103044496487146,5708475.04,561245452.0,Technology Services,18.1614976250349,9.86738592942234,1.7214774904073704,0.6534093023255796,65000000.0,860000000.0,11.514522821576763,10.5581395348837,0.037446286065070604,0.0,32237522.0,2026-10-01
ALRS,31.88,32.195,31.4,31.58,180187.0,-0.598048473402585,5690305.46,787211224.0000001,Finance,4.95172436034106,29.50574605250864,1.35310228047865,3.3942336251614504,27638000.0,335397000.0,-11.759227346991393,15.231997038246172,0.766520390367371,2.67548001259049,24927500.0,2026-10-01
ITRN,51.05,51.53,50.37,51.22,110562.0,0.41168398353264235,5662985.64,1018949165.0,Communications,30.1699987041239,15.860040253909274,4.666115818424143,2.564970360779995,64023000.0000538,393229000.000329,15.788404346144446,21.7575509435977,0.0190317439964831,5.88119976475201,19893600.0,2026-10-01
HMH,17.77,18.32,17.47,17.52,322661.0,-1.4068655036578503,5653020.72,769728561.0,Industrial Services,8.84362188202353,19.85494106980961,3.660822305941941,1.0245431192372807,38817000.0,762010000.0,-9.71199452117771,11.910079920211,1.1653278544285401,0.0,12042625.0,2026-10-01
ENTA,12.67,13.41,12.44,13.18,425884.0,4.27215189873417,5613151.12,383872813.0,Health Technology,-70.1203790470593,,3.797461060177368,5.634521437984624,-63230000.0,65257999.99999999,0.6974662839860392,-89.9920316283061,1.80116357303993,0.0,29125400.0,2026-10-01
SPRY,4.43,4.45,4.24,4.31,1298238.0,-2.0454545454545623,5595405.779999999,428618038.00000006,Health Technology,-210.348918387174,,34.25256298180084,3.737161771019535,-215432000.0,116927000.0,4.084066975849883,-184.958991507522,7.72666240409207,0.0,99447300.0,2026-10-01
GRRR,13.93,14.28,13.78,13.86,403211.0,0.07220216606498042,5588504.46,381282064.0,Technology Services,-36.9225882468568,,2.2097016424492293,2.6871326804410893,-49667252.0000115,140396043.000033,,-25.4852595809978,0.43595063876795304,0.0,27509530.0,2026-10-01
XRX,3.25,3.26,3.145,3.165,1762083.0,-1.4018691588785024,5576992.695,415610432.00000006,Electronic Technology,-98.7720234917245,,1.2860207713686675,0.054166939538481396,-925000000.0,7757000000.0,25.639779721412374,1.08289287095527,7.86405959031657,3.11526479750779,131315000.0,2026-10-01
IMSR,4.05,4.165,3.87,3.89,1431680.0,-2.0151133501259464,5569235.2,412088161.0,Industrial Services,-19.3802633465188,,1.4630990619616813,,-49209667.0,0.0,,,0.013772216975437901,0.0,105935260.0,2026-10-01
SVIA,3.81,4.04,3.442,3.875,1436230.0,1.174934725848562,5565391.25,342432104.99999994,Technology Services,,,1.306063843771171,,,,,,0.355080405184289,0.0,88369576.0,2026-10-01
BBDC,8.79,8.79,8.61,8.62,645235.0,-1.1467889908257043,5561925.699999999,902573348.0,Miscellaneous,7.50388718757134,10.383040231269572,0.7876641918903483,3.4533201276872587,87110000.0,264396000.00000003,11.069289128991889,64.4627755336692,1.21714987354763,11.9266055045872,104707000.0,2026-10-01
GCO,34.61,34.61,33.34,34.14,162315.0,-1.0434782608695636,5541434.1,369399991.99999994,Retail Trade,7.82811255403927,8.89641693811075,0.6642212016138981,0.15480072057971894,41632000.0,2433041000.0,2.998287624115502,1.34925798619916,1.04836303245208,0.0,10820200.0,2026-10-01
YEXT,6.48,6.665,6.44,6.47,855293.0,-0.1543209876543314,5533745.71,640392209.0,Technology Services,27.7632830475421,37.013729977116704,18.01275091177371,1.5081720643849204,26124000.0,443023000.0,-1.4753467643114642,10.0529769334775,6.215972183276321,0.0,98978700.0,2026-10-01
OFIX,9.75,9.75,9.38,9.41,588028.0,-3.4871794871794854,5533343.48,383293842.99999994,Health Technology,-13.9089853040974,,0.8930266104847587,0.4786848314745964,-61723000.0004558,833186000.006281,2.985797807681796,-4.34308785793359,0.610233468474766,0.0,40732600.0,2026-10-01
RUSHB,55.06,55.06,53.56,53.91,102582.0,-1.1188554658840912,5530195.62,5550050266.000001,Retail Trade,11.8269810236691,24.39918533604888,2.6955283030471815,0.906510005074471,265233000.0,7236522000.0,-5.863392607192996,5.12874831307084,0.63702395311291,0.929347028613353,25016000.0,2026-10-01
DRTS,15.14,15.335,14.88,14.91,369266.0,-1.8433179723502262,5505756.06,1378849307.0,Health Technology,-141.68260916145,,31.249345042231678,,-92574000.0,0.0,,,0.343933719214618,0.0,92478200.0,2026-10-01
ERII,6.75,6.775,6.66,6.67,824636.0,-1.1851851851851862,5500322.12,340469327.0,Producer Manufacturing,8.57682038665306,23.644097837646225,1.979011206484748,2.8810367992834247,15339000.0,120573000.0,-14.954681713983426,16.332844003218,0.04773362399842301,0.0,51044900.0,2026-10-01
SBSI,30.4,30.65,30.01,30.08,182851.0,-0.8896210873146725,5500158.08,896624024.0,Finance,8.99042649899625,11.840655014958273,1.0158778190778341,3.6539756768845835,75954000.0,430570000.0,-4.091647194830478,36.88723761781761,1.85575275591979,4.77759472817133,29808000.0,2026-10-01
LXFR,17.3,17.3,17.27,17.27,318328.0,0.0,5497524.56,466172615.00000006,Non-Energy Minerals,4.86533449175663,58.76148349778836,2.0751325345214577,1.2943664340789354,8000000.000042959,363200000.00195396,-10.054482417239408,10.4625550660793,0.311629995509654,3.01100173711639,26993200.0,2026-10-01
TWI,6.9,6.99,6.695,6.78,808393.0,-2.164502164502157,5480904.54,437597151.99999994,Producer Manufacturing,-14.32236995568,,0.8722119449297213,0.23946117946542209,-76750000.0,1866744000.0,4.691166375786834,1.30216033907167,1.42975073065145,0.0,64542400.0,2026-10-01
ABX,8.03,8.25,7.995,8.06,678682.0,0.0,5470176.92,788205589.0,Finance,6.54727224307684,28.22128851540616,1.8003046669436364,2.9690066262415433,28195231.0,267283948.0,63.768110329941294,33.4239888584705,0.783091161018578,2.48138957816377,97792300.0,2026-10-01
PBI/PB,20.71,20.84,20.33,20.42,266503.0,-1.4002897151134677,5441991.260000001,2237312434.0,Technology Services,,16.635437881873727,,1.5430090863251777,187346000.0,1866211000.0,-5.312360312200488,24.0031807764503,,2.33271945979128,137090000.0,2026-10-01
CCNE,33.54,33.855,33.0,33.28,163374.0,-0.5379557680812903,5437086.72,985782980.9999999,Finance,12.3186494328673,10.725450385123594,1.1575249556537164,2.9419732881171945,95268000.0,496240000.0,32.72991826079514,39.086415483593996,0.30822136968949304,2.21159593544531,29620900.0,2026-10-01
DBCA,10.03,10.03,10.01,10.01,542820.0,-0.14962593516210043,5433628.2,433147022.0,Finance,,,1.4829959184278168,,,,,,0.0,0.0,30950000.0,2026-10-01
BSVN,55.39,55.62,54.53,54.53,99330.0,-1.3567293777134588,5416464.9,519444917.0,Finance,16.8538536428693,12.469130156407209,1.9492215803457842,5.395224074386451,41980000.0,138260000.0,-0.2258737272051554,56.075402672628414,0.0,1.95369030390738,9525860.0,2026-10-01
CVEO,32.7,33.19,32.425,32.79,165063.0,1.2349490583513387,5412415.77,338945639.00000006,Consumer Services,-7.18129739435301,,2.2620844566720106,0.5169761753491471,-13244000.000074599,684795000.003445,8.007229976270391,1.85880445972788,1.3895325859894998,0.0,10336900.0,2026-10-01
AKTS,19.83,19.87,19.23,19.47,277271.0,-1.117318435754202,5398466.37,1082911677.0,Health Technology,,,2.2214894590496312,,,,,,0.0231830013324038,0.0,53746670.0,2026-10-01
IMXI,11.68,11.725,11.45,11.58,463769.0,-0.6008583690987149,5370445.0200000005,349850627.0,Commercial Services,11.9376657697328,18.6413393432067,2.0627996002657767,0.7441771827529277,18611000.0,479177000.0,-13.269247476868276,-6.5005206844235,0.7987319374815689,0.0,30211600.0,2026-10-01
INMD,14.21,14.215,14.11,14.17,378731.0,-0.35161744022504016,5366618.27,815400899.0,Health Technology,12.3275743477023,11.499756533030352,1.2946408993231688,2.2538676276256693,77514000.0000719,374625000.00032496,-6.7078227218324145,18.4720720720739,0.00707480441368611,0.0,57544200.0,2026-10-01
BIOA,7.2,7.26,6.97,7.09,755933.0,-0.7002801120448154,5359564.97,325409110.0,Health Technology,-28.2110934247582,,0.8656898656898657,30.91740183679381,-94464000.0,10355000.0,168.05591509189748,-1026.27716079189,0.00756175432700386,0.0,45896908.0,2026-10-01
RCMT,41.18,41.525,40.64,40.68,131624.0,-1.2621359223301047,5354464.32,289265669.0,Commercial Services,39.5067430260484,17.674661105318037,5.905623262464887,0.8876162904390938,17108000.0,333619000.0,11.237479827685085,7.73427172912814,0.5985006759247881,0.0,7110760.0,2026-10-01
MGPI,13.4,13.5,12.88,13.25,403970.0,-0.674662668665666,5352602.5,283736505.0,Process Industries,-33.6129420904832,,0.4802006912715461,0.5718204771885477,-240769000.0,500012000.0,-17.950653425313913,13.1924833803989,0.639400284015416,3.59820089955023,21414100.0,2026-10-01
SGHT,9.39,9.58,9.19,9.36,571345.0,0.10695187165775173,5347789.199999999,515623566.0,Health Technology,-48.4223715685158,,9.682424743974344,6.1123469925758735,-29757000.0,83377000.0,9.270932990839155,-33.432481379757,0.7935493628766971,0.0,55088000.0,2026-10-01
TCBX,42.45,42.82,41.8,42.39,126079.0,-0.4929577464788752,5344488.8100000005,706004175.0,Finance,12.7364408580772,11.287745646269373,1.0516301010820204,3.6609870674899483,74310000.0,407623000.0,16.80344544990859,38.394340125014246,0.23771678347220299,0.0,16654969.999999998,2026-10-01
CARS,10.47,10.6,10.26,10.27,520117.0,-1.8164435946462836,5341601.59,549781006.0,Technology Services,7.40098961828701,17.81130766562608,1.2484531094627154,0.8166386038121186,34297000.0,725633000.0,1.0849138741650357,11.4454552094516,1.00793498720709,0.0,53532700.0,2026-10-01
MATV,11.83,11.83,11.51,11.59,460736.0,-1.1935208866155205,5339930.24,639653241.9999999,Process Industries,19.9932379127691,7.310457928598462,1.3573256351850658,0.32849663816517444,88700000.0,1988200000.0,1.0623697453362475,4.04888844180666,2.19864032292331,3.41005967604433,55190100.0,2026-10-01
EBF,22.56,22.68,22.31,22.51,236447.0,0.22261798753339584,5322421.970000001,569464090.0,Commercial Services,12.571115002542,14.709534078285305,,1.4323383284485545,38945000.0,397152000.0,2.2678288635105384,13.6388586737572,0.010381426730105201,4.45235975066785,25298300.0,2026-10-01
SKYH,9.86,9.93,9.47,9.47,561761.0,-3.8578680203045583,5319876.67,773031470.0,Finance,0.76066241703358,,2.587672078826995,10.000337369987335,925999.9999999991,33939000.0,62.23231357552581,-80.7772768791066,4.81450718945968,0.0,39583200.0,2026-10-01
PRTA,8.98,8.99,8.365,8.38,634780.0,-4.555808656036431,5319456.4,430203825.0,Health Technology,-14.3947698218456,,1.5114349614024962,8.395985695914863,-43992000.0006041,54530000.0002097,427.3184411573041,-109.789106914507,0.0243681398161671,0.0,51337000.0,2026-10-01
BCSF,11.27,11.34,11.04,11.04,481584.0,-1.6918967052537957,5316687.359999999,716148319.0,Finance,5.76119671983419,11.2012987012987,0.6628763429400367,3.2539434396580234,63932000.0,223874000.0,-11.577957881100211,66.6607109356156,1.38946467166189,14.959928762244,64868500.0,2026-10-01
ISTR,29.09,29.24,28.5768,28.88,183171.0,-0.9941720946177672,5289978.4799999995,397880503.99999994,Finance,9.94377726270263,12.70511636091681,1.0208114036793041,3.8025928902534187,33613000.0,190944000.0,23.04440563721542,38.81353230826014,0.468862167128426,1.54268083647583,13777000.0,2026-10-01
ACEL,10.86,10.93,10.61,10.66,495396.0,-2.0220588235294175,5280921.36,865522418.0,Consumer Services,20.8235443228638,15.773897602841078,3.0501675303085363,0.6525315245229081,56682000.0,1390822000.0,8.69507792894918,8.20795184430502,2.07121367979032,0.0,81193500.0,2026-10-01
SPFI,41.92,41.985,41.32,41.73,126431.0,-0.1674641148325366,5275965.63,786155868.0000001,Finance,12.0145150709653,11.36933304272014,1.24833189295038,3.6541383802723724,65108999.99999999,313012000.0,6.551835650945484,36.35605412036752,0.0960564655069748,1.62679425837321,18839100.0,2026-10-01
ORRF,41.01,41.09,40.42,40.58,129542.0,-0.7095669195008543,5256814.359999999,798193469.0000001,Finance,14.7548325012093,9.118486394175672,1.2840033058813554,3.095830728090632,86323000.0,359627000.0,-0.5219714865814326,41.84045779506812,0.489153060403764,2.8627355028138,19669600.0,2026-10-01
SVCO,8.4,9.0,8.4,8.76,599363.0,3.6686390532544437,5250419.88,296839243.0,Technology Services,-27.0317295969318,,3.5279050848549773,3.8490353279988914,-22061000.0,72485000.0,31.860435502355788,-28.3658688004415,0.0606444670293537,0.0,33885757.0,2026-10-01
YORW,30.63,30.895,30.5,30.62,171216.0,-0.32552083333332643,5242633.92,496919148.0,Utilities,8.99991868796412,19.12315763177617,1.6885278265194823,5.849174980221046,23797000.0,83422000.0,9.425992969200902,36.5575028170027,0.6446465223123871,2.94010416666667,16228600.0,2026-10-01
JACK,13.49,13.65,13.17,13.22,395830.0,-1.7830609212481439,5232872.600000001,253550759.0,Consumer Services,,3.145222687476209,,0.2205383153521591,81133000.0,1187631000.0,-20.208127996904082,15.1064598347467,,0.0,19179300.0,2026-10-01
HBB,38.99,39.99,38.1,38.25,136791.0,-1.493690445531801,5232255.75,514163350.0,Consumer Durables,30.1773795733749,8.987734386014381,2.3733514514672898,0.8596864846265397,57444000.0,610305000.0,-3.328433531120608,12.5334054284333,0.41336384692757,1.24903425186711,9858180.0,2026-10-01
TCMD,22.64,22.7271,22.28,22.29,234323.0,-1.0652463382157211,5223059.67,504919445.0,Health Technology,11.875480583243,20.532424465733236,2.2606307453894896,1.4830039965859205,24865000.0,350314000.0,17.220287032668455,9.99960035853549,0.0641630479458175,0.0,22652300.0,2026-10-01
ARLP,24.51,24.741,24.29,24.29,214673.0,-0.36915504511894937,5214407.17,3125122327.0,Energy Minerals,14.7934377778345,11.846468981662115,1.7665942767872858,1.4425217736565987,263482000.00000003,2174457000.0,-5.111511996899972,16.4442433214361,0.334010548272763,9.84413453650533,128658999.99999999,2026-10-01
SHBI,22.56,22.6,22.23,22.39,232503.0,-0.4003558718861203,5205742.17,747205246.0000001,Finance,11.2062536136985,11.316654030831439,1.2144492887416916,3.1753714201812566,66188000.0,345627000.0,2.7926730252768137,35.976237490084905,0.161264456437934,2.22419928825623,33372300.000000004,2026-10-01
GLOO,4.41,4.46,4.21,4.28,1215908.0,-4.250559284116321,5204086.24,391752867.99999994,Technology Services,-262.681038091252,,2.8101506844817967,2.4364234647542204,-125509000.0,154288000.0,275.45140409792185,-65.4360676138131,0.328541016593275,0.0,40215324.0,2026-10-01
NEXN,8.93,9.02,8.66,9.0,578127.0,0.7838745800671924,5203143.0,512562880.99999994,Technology Services,2.73342849822821,40.37685060565276,1.0536642931902847,1.2996499140671538,13069000.0000163,382862000.00032395,2.990213748083116,5.11698732180405,0.0771810247381005,0.0,56951400.0,2026-10-01
IBEX,43.13,43.77,42.9501,43.26,120205.0,-0.2766251728907435,5200068.3,574433687.9999999,Commercial Services,30.4269732283878,13.824177931166712,3.382335234300601,1.003010452182662,46331000.0,644076000.0,15.369362301239716,8.71123904632372,0.36682135933736704,0.0,13278600.0,2026-10-01
ASMB,23.65,23.865,23.225,23.49,221147.0,0.04258943781941231,5194743.029999999,478270388.00000006,Health Technology,-0.0259460260881114,,1.5255554898890547,5.9146717627095935,-41999.9999999998,74845000.0,125.11805576442987,-11.7549602511858,0.0076885577901449,0.0,20360600.0,2026-10-01
USAC,25.15,25.16,24.76,24.87,208436.0,-0.5597760895641766,5183803.32,3604741090.0,Industrial Services,122.351110423212,23.258206303189006,12.55978142849207,3.0964563439869184,146242000.0,1176161000.0,19.86732829266453,30.1103335342695,10.302518227452099,8.39664134346261,144943000.0,2026-10-01
EGY,5.7,5.7391,5.64,5.66,915235.0,0.35460992907802236,5180230.100000001,595385458.9999999,Energy Minerals,-24.7426263659134,,1.5654256657899177,1.687143796417525,-110339000.0,349814000.0,-25.456819746120097,9.11884601531099,0.6882879566697779,4.43262411347518,105192000.0,2026-10-01
CWBC,26.29,26.345,25.825,26.04,198546.0,-0.7621951219512169,5170137.84,706493315.0,Finance,7.33472224753043,14.049096304289183,1.1623396593951996,4.339041111632985,36227000.0,214888000.0,12.914718091534864,35.890178664015274,0.411784738902965,1.82926829268293,27131100.0,2026-10-01
MBUU,23.43,23.43,22.64,22.92,225439.0,-1.757393913416188,5167061.880000001,451015872.0,Consumer Durables,0.317912432722479,309.31174089068827,0.8595347037136625,0.504039753605441,1653000.0,914590000.0,13.253364142151492,1.33261898774314,0.33702292696320696,0.0,19677800.0,2026-10-01
LXU,9.71,9.845,9.63,9.77,528447.0,1.1387163561076545,5162927.1899999995,703415658.9999999,Process Industries,7.0999800003285,19.258821210329195,1.3045591471361122,1.0633708223730702,36743000.0,658059000.0,22.12262759092959,9.48136869186502,0.908074114873975,0.0,71997500.0,2026-10-01
MASS,11.89,12.47,11.825,12.34,414118.0,4.135021097046415,5110216.12,510057890.0,Health Technology,-24.8767159077302,,3.7048379058358702,7.348337702169604,-34482000.0,60840000.0,0.7201390613359822,-35.4240631163708,0.0339049902970828,0.0,41333700.0,2026-10-01
SWBI,14.1,14.17,13.93,14.06,363360.0,0.0,5108841.600000001,630445916.0000001,Electronic Technology,6.63341828335914,25.960118168389958,1.687028597894454,1.1596770133163081,24480000.0,551354000.0,16.960222993913913,6.60555650271876,0.19469256252308,3.69843527738265,44839700.0,2026-10-01
GCMG,12.89,12.99,12.74,12.89,395772.0,0.7031249999999989,5101501.08,2613990255.0,Finance,682.075254808797,24.96610497772613,31.093207255885762,4.613939588726272,44502000.0,564782000.0,7.620572038339157,28.2540874178001,16.2973004972768,3.671875,61126300.0,2026-10-01
HPK,7.82,8.21,7.71,8.16,625168.0,4.749679075738127,5101370.88,1031854865.9999999,Energy Minerals,-6.07316513868804,,0.6652280566454734,1.1681141986109225,-97329000.0,843005000.0,-12.57238921753271,15.7078546390591,0.76681952306997,1.54043645699615,126453000.0,2026-10-01
NPB,14.71,14.79,14.46,14.57,349372.0,-1.7532029669588656,5090350.04,503857461.0,Finance,14.7568312190308,6.305721457630053,0.8237702670383905,2.0292608604136384,89716000.0,507806000.0,19.647611552761663,46.15286540534484,2.66586827717903,0.674308833445718,34581840.0,2026-10-01
KYTX,6.875,7.1,6.73,6.8,746992.0,-0.5847953216374274,5079545.6,420535437.0,Health Technology,-87.2401593479764,,2.5290280350196,,-152638000.0,0.0,,,0.199324671245371,0.0,61843445.0,2026-10-01
NVCT,20.73,21.62,20.41,21.12,240278.0,2.8738431563565503,5074671.36,689442698.0,Health Technology,-233.297372274023,,62.07747927811416,,-30275000.0,0.0,,,0.0,0.0,32644066.000000004,2026-10-01
HBCP,66.44,66.975,65.55,66.06,76270.0,-0.6467137915475901,5038396.2,519941723.00000006,Finance,10.8417848134296,11.043313997224962,1.1462372065543391,3.413410364191439,46743000.0,209429000.0,2.0634031043641414,38.46073387418366,0.12081410144732599,1.87998195217326,7870750.0,2026-10-01
EBS,6.88,6.88,6.56,6.6,760581.0,-4.624277456647403,5019834.6,338404003.0,Health Technology,-40.2917046490428,,0.9917400078437619,0.46360945209036575,-176800000.0,770200000.0,-9.55847815875998,17.7746039989613,1.7229056824838902,0.0,51273300.0,2026-10-01
EOLS,7.97,8.15,7.87,8.0,624366.0,0.12515644555694352,4994928.0,528403503.0,Health Technology,,,,1.664434685928062,-34333000.0,316488000.0,13.86877071033061,-6.51209524531736,,0.0,66050399.99999999,2026-10-01
TIPT,17.28,17.34,16.88,16.99,293955.0,-1.2209302325581446,4994295.449999999,632702370.0,Finance,-2.34164273210132,,0.6979751736105404,1.1914600244934619,-83950000.0,541369000.0,-73.08278437598354,4.95964859458152,0.008407900582390701,1.3953488372093,37239700.0,2026-10-01
KRNY,9.15,9.2,9.09,9.16,544963.0,0.4385964912280803,4991861.08,594753132.0000001,Finance,4.79482121229751,15.952629745733192,0.7505754275043285,3.246543445549888,36264000.0,347138000.0,1.0508604829882864,26.614189143665644,1.51397602619119,4.82456140350877,64929400.0,2026-10-01
NEXA,12.52,12.62,12.14,12.19,407078.0,-1.534733441033936,4962280.819999999,1614426647.9999998,Non-Energy Minerals,26.5196584413885,5.815562234626211,1.341197880049159,0.4774316507080557,277605000.000319,3434198000.00355,23.370012900287275,20.7537247415524,1.5412452283140101,1.06733441033926,132439000.0,2026-10-01
FOUR/PA,50.0,50.08,49.31,49.31,99885.0,-3.3516268130145055,4925329.350000001,2855987162.0,Commercial Services,6.54103722161657,79.32754182754182,6.351524894087582,0.8497462354168841,105000000.0,4781900000.0,32.43692358822389,9.66352286747945,2.8226205191594604,0.0,78960100.0,2026-10-01
CSV,31.26,31.42,30.725,31.17,157936.0,0.6132989025177575,4922865.12,495051154.99999994,Consumer Services,17.1262400711748,11.154451760664186,1.772033591889919,1.1770698516626494,44082000.0,416955000.0,1.3281003183552456,23.3830988955643,1.9661200777466399,1.45255003227889,15882300.0,2026-10-01
CASS,53.82,53.89,52.84,53.25,92436.0,-0.7270693512304262,4922217.0,681927460.0,Commercial Services,15.1250499499471,19.201644309822587,2.7871992965266,3.260627175649218,36609000.0,214991000.0,2.057372885781151,21.3320557604737,0.343936991138868,2.36763609246831,12806100.0,2026-10-01
AMCX,11.59,11.77,11.59,11.66,420923.0,1.0398613518197661,4907962.18,480974645.0,Consumer Services,-2.09791398244639,,0.5278327666449527,0.22100086992679954,-19751000.0,2246166000.0,-4.588017208568943,7.72218081833667,1.9200791022205201,0.0,29765600.0,2026-10-01
PSTL,23.29,23.33,22.87,22.87,214544.0,-1.8033490768570124,4906621.28,816473317.9999999,Finance,4.90046360353528,42.148912642830815,2.0601432101301036,6.098879856295784,14344000.0,105912000.0,22.10846707249585,37.618022509253,1.21214720332803,4.1970802919708,30248900.0,2026-10-01
CTEV,21.43,21.985,20.88,21.17,230376.0,-2.171903881700549,4877059.920000001,358777774.0,Technology Services,,,,0.36908934972337554,-283109000.0,994669000.0,6.320306988477244,4.20612284086465,,0.0,16947500.0,2026-10-01
GDYN,7.705,7.91,7.64,7.88,618580.0,3.141361256544505,4874410.4,639279859.0,Technology Services,0.544034580982171,230.40935672514618,1.2287598413839453,1.5010219579204929,2862000.0,422581000.0,8.569292469433003,1.11883875517356,0.0321354041448286,0.0,81126900.0,2026-10-01
NGVC,30.64,30.81,30.23,30.46,159778.0,0.23033892727871105,4866837.88,701976593.0,Retail Trade,21.5610623714408,14.867965051007955,2.9320375639638527,0.5260875613077496,47641000.0,1343835000.0,2.010010961349855,4.70199094382867,1.34777959701941,1.97433366238894,23045900.0,2026-10-01
LOCO,14.45,14.62,14.18,14.35,338256.0,-0.6232686980609409,4853973.6,436712666.0,Consumer Services,11.793221147422,12.24193823579594,1.3777873790835553,0.8677240802014433,34862000.0,500789000.0,4.3984656757489216,9.81411332916658,0.692026002781957,0.0,30432900.0,2026-10-01
FISI,39.32,39.36,38.73,38.98,123920.0,-0.7890048358360965,4830401.6,768153898.0,Finance,13.2720910378128,9.667179207380586,1.226777229780914,3.1156325655749386,82626000.0,375824000.0,46.45213331826558,39.331048085641115,0.454700586378549,3.20692288114024,19706400.0,2026-10-01
OBX,14.58,14.7,13.11,13.73,351595.0,-5.829903978052124,4827399.350000001,848141569.0,Health Technology,,0.08482324886016829,,,124246000.0,0.0,,,0.0958538113929478,0.0,61772900.0,2026-10-01
BDSX,29.15,30.13,28.1431,29.83,161482.0,2.367879203843506,4817008.06,314739846.0,Health Services,-540.011670881152,,34.41631861919376,2.9145944685687653,-27762000.0,102939000.0,34.46235435498197,-19.9943655951583,7.85170603674541,0.0,10551100.0,2026-10-01
TBN,33.24,33.95,32.79,32.96,145940.0,-0.1817080557238106,4810182.4,1152281788.9999998,Energy Minerals,-4.81057408318027,,1.4435670822907694,,-26072000.000106003,0.0,,,0.10640473032714401,0.0,34960007.0,2026-10-01
DCTH,15.88,16.02,15.7,15.97,300801.0,0.7570977917981135,4803791.97,554139771.0,Health Technology,0.470523722974736,2618.032786885246,4.5659358881989,6.604827789306013,532000.0,95418000.0,35.84567198177677,-1.90110880546647,0.020331008295843802,0.0,34698800.0,2026-10-01
MDXG,4.7,4.7,4.565,4.66,1028516.0,-0.2141327623126293,4792884.5600000005,679243756.0,Health Technology,2.88423977236742,118.27411167512692,3.143826698239862,1.9432955502529752,6239000.0,355173000.0,-2.3643800821389105,2.46415127276004,0.0796563010698926,0.0,145760000.0,2026-10-01
NGS,31.98,32.45,31.56,32.38,147831.0,1.2507817385866233,4786767.78,417646479.0,Producer Manufacturing,7.3047975744605,20.149346608587432,1.418080659797282,2.16815276267303,20479000.0,189418000.0,15.422067040808244,23.0764763644427,1.1181584183968,1.6260162601626,12898300.0,2026-10-01
LRMR,3.13,3.225,3.075,3.195,1496998.0,1.751592356687889,4782908.609999999,331905969.0,Health Technology,-139.627724117847,,2.61816572702242,,-172605000.0,0.0,,,0.0389065959083701,0.0,103883000.0,2026-10-01
ATS,18.3,18.43,18.04,18.05,263981.0,-1.366120218579235,4764857.05,1771190354.815319,Producer Manufacturing,2.69162162578165,53.504183108210654,1.3811108669677776,0.8726003176808217,33239359.999999996,2062670719.9999998,9.029454023418742,6.81722771533791,0.7722126659196841,0.0,98126900.0,2026-10-01
CTGO,17.11,17.27,16.77,16.78,282677.0,-1.1196228638774175,4743320.0600000005,561134850.0000001,Non-Energy Minerals,-23.6884021740374,,1.6372057444651618,,-38981788.0,0.0,,,0.09687062580823451,0.0,33440700.0,2026-10-01
FLXS,86.05,86.6,84.5,84.65,55951.0,-1.9800833719314423,4736252.15,346365889.0,Consumer Durables,21.9858838520426,13.641564469082882,2.6042740243894187,0.9270227232140908,33128000.0,459178000.0,4.1047627036794365,9.26655893792821,0.388748642271246,0.984251968503937,4091739.9999999995,2026-10-01
EIKN,7.95,8.1617,7.71,8.04,585753.0,1.6434892541087105,4709454.119999999,435486851.0,Health Technology,,,0.9332407830865197,,,,,,0.540662379421222,0.0,54165030.0,2026-10-01
SLRC,11.75,11.75,11.565,11.59,405169.0,-1.0247651579846369,4695908.71,632288217.0000001,Miscellaneous,7.47264056530001,8.570583450417807,0.6438076975848046,3.025358799677967,73772000.0,211160000.0,-3.915983364123659,67.3688198522447,1.17470499650242,13.1511528608027,54554600.0,2026-10-01
DSGR,34.94,34.97,34.9,34.9,134414.0,-0.1430615164520866,4691048.6,1614314252.0,Distribution Services,1.37367819705695,183.4910620399579,2.4647623728952412,0.7903513066372638,8957000.0,2053286000.0,6.445896934494864,4.20715867151483,1.291360362906,0.0,46255400.0,2026-10-01
BHB,38.8,39.165,38.41,38.69,121161.0,-0.2835051546391738,4687719.09,648679645.0,Finance,9.69627223559817,13.085091991341992,1.1795167121573753,3.372036871849235,49374000.0,267487000.00000003,18.93650038461711,32.28251596390994,0.511618554750051,3.4020618556701,16766100.000000002,2026-10-01
GILT,10.0,10.11,9.84,9.87,473321.0,-0.7042253521126789,4671678.27,760282691.0,Electronic Technology,7.0364993706263,22.63242375601926,1.3709018784272546,1.6185475371818103,30270000.0000256,487787000.00043,39.46892887979305,4.65203049691757,0.0176548679878592,0.0,77029700.0,2026-10-01
GTE,9.82,9.98,9.71,9.86,471589.0,1.1282051282051224,4649867.54,348851011.00000006,Energy Minerals,-97.85260560787,,2.6381765009645664,0.5401529413949052,-255409000.001326,638421000.00319,2.6933600570000533,3.88458399709481,4.51879272793272,0.0,35380400.0,2026-10-01
IA,19.09,19.09,18.52,18.57,248872.0,-0.8542445274959966,4621553.04,332387651.0,Electronic Technology,28.5011517687798,17.69919939001144,4.305338202051817,3.6736326815389537,19093790.0,93151207.0,20.296650149111027,27.3683700094192,0.703547656634688,0.0,17899200.0,2026-10-01
NGL,14.81,14.8425,14.56,14.74,311401.0,-0.4054054054054087,4590050.74,1839762536.0,Industrial Services,-35.3219513433965,,,0.5379323818563873,-132065000.0,3523995000.0,-21.601367751063965,11.9735981464219,39.5712607309867,0.0,124814000.0,2026-10-01
UPB,5.23,5.455,5.145,5.27,851221.0,1.5414258188824506,4485934.67,288643370.00000006,Health Technology,-46.0497278210975,,1.0652727158794362,89.67947924002534,-156500000.0,3158000.0,15.975027543150935,-5382.64724509183,0.00352085386242097,0.0,54771040.0,2026-10-01
NGNE,28.52,28.615,27.4,27.82,160126.0,-2.007749207467419,4454705.32,556716670.9999999,Health Technology,-45.3151382173247,,2.0282718642530573,,-111110000.00058699,0.0,,,0.0384326656933769,0.0,20011400.0,2026-10-01
KBDC,12.8,12.8,12.56,12.56,351198.0,-3.9020657995409316,4411046.88,829434937.0,Finance,6.72436369606804,11.537754914569172,0.784861668130992,3.920234179456689,74539000.0,221201000.0,-2.9675477922146287,70.0842220423958,1.15331165325975,12.2417750573833,66037809.99999999,2026-10-01
SUJA,9.77,9.87,9.28,9.71,453692.0,-0.7157464212678785,4405349.32,375048869.00000006,Consumer Non-Durables,,,3.1880489206271037,,,,,,1.62854252732868,0.0,23788700.0,2026-10-01
BUUU,40.22,41.9999,37.715,39.75,110033.0,-1.730531520395557,4373811.75,749188119.0,Commercial Services,,,,,,,,,,0.0,13847500.0,2026-10-01
PTLO,3.57,3.62,3.5,3.53,1238353.0,-0.5633802816901414,4371386.09,268079574.00000003,Consumer Services,2.95399268210609,18.414188836724048,0.5330619197477545,0.34692093963271997,13870000.0,748750000.0,2.885040824234563,6.48467445742905,1.43998667041561,0.0,72518680.0,2026-10-01
AFYA,11.87,12.33,11.855,12.04,362910.0,1.8612521150592118,4369436.399999999,1101089549.0,Consumer Services,16.6169989100095,7.326274796154314,1.12789738007425,1.4565409345293103,148443097.15306902,724674456.2116251,16.98619623619397,32.4625034233249,0.637850495010213,0.00555015228426396,52878500.0,2026-10-01
MBINL,23.41,23.5,22.76,22.91,190651.0,-1.5047291487532304,4367814.41,2249128160.0,Finance,11.7326091267848,4.605858346233489,0.5711989093616284,1.5232258080256693,268585000.0,1345024000.0,-5.267769001572684,45.91421466404563,1.79538341484934,0.846603507357388,45938100.0,2026-10-01
AEBI,10.88,10.9,10.55,10.58,412128.0,-2.3985239852398506,4360314.24,821042364.0,Consumer Durables,3.57903889985467,31.00820633059789,0.799457154990411,0.35883606669285906,26360788.7005654,2341784669.9319,,5.87053832766639,0.954226838642052,0.922509225092251,77603250.0,2026-10-01
BFS,30.24,30.39,29.825,30.08,144740.0,-0.26525198938992656,4353779.2,743490427.9999999,Finance,11.2772870851239,30.968804694739006,6.720015727696383,2.4245151651765235,34863000.0,303887000.0,8.977099127141802,40.2926087657583,5.423092910320401,7.82493368700265,24717100.0,2026-10-01
TITN,23.51,23.685,22.99,23.08,188114.0,-1.7035775127768402,4341671.12,543139238.9999999,Distribution Services,-9.71902037643719,,0.973808434835001,0.23388233701746744,-56767000.0,2305109000.0,-10.672243865255936,-0.215824934959692,1.58543078412391,0.0,23532900.0,2026-10-01
CRNC,7.79,7.975,7.715,7.83,553132.0,2.086049543676664,4331023.56,354152923.99999994,Technology Services,-9.5606890105488,,2.126919796380705,1.1832102722508353,-15394000.0,309494000.0,25.837680475874887,11.9013615772842,1.1244214145737401,0.0,45230300.0,2026-10-01
LWAY,21.12,21.31,20.85,21.19,204167.0,0.23651844843898157,4326298.73,320111970.0,Consumer Non-Durables,13.3165921479757,30.24118738404453,3.784557078229063,1.3333228551745173,10871000.0,242409000.0,25.586853243947548,6.48820794607461,0.265637193463712,0.0,15106700.0,2026-10-01
PBAM,85.25,86.36,84.95,85.05,50765.0,-0.11743981209631066,4317563.25,487318513.0,Finance,16.728925449099,11.058955088029542,1.705580164975024,3.6741303490906385,44537000.0,175435000.0,3.546069988844753,47.13212084773785,0.0909896468148895,0.0,5729790.0,2026-10-01
HY,32.33,32.645,31.459,31.47,136377.0,-1.6562500000000036,4291784.1899999995,564276052.0,Producer Manufacturing,-25.0133732748475,,1.445675537488567,0.16328167730173193,-116900000.0,3510400000.0,-11.142611248924213,-1.43003646308113,1.2820512820512802,4.515625,14488200.0,2026-10-01
INR,12.72,13.05,12.55,12.6,339800.0,-0.7092198581560273,4281480.0,799120461.0,Energy Minerals,16.1983198770266,5.249343832020997,0.5887572595872812,0.8790657289053935,60961000.0,522681000.00000006,75.39866306930296,43.8569605552909,0.727257790826083,0.0,18642029.0,2026-10-01
JILL,24.67,24.6796,23.975,24.37,174847.0,-0.4493464052287559,4261021.390000001,362210763.0,Retail Trade,20.7759009957064,13.609963140846645,2.589850379550703,0.6273643740670602,27146000.0,588194000.0,-2.246752189166596,8.48597571549523,1.56914197438153,1.38888888888889,14863000.0,2026-10-01
AURA,6.21,6.36,6.12,6.28,677458.0,2.1138211382113803,4254436.24,651266235.0000001,Health Technology,-53.4852295181018,,2.0612804227594244,,-131011000.0,0.0,,,0.052634750861967804,0.0,103704810.0,2026-10-01
ARKO,4.1,4.145,3.98,4.12,1028956.0,0.24330900243308481,4239298.72,462205163.00000006,Retail Trade,3.41251339501481,54.28194993412385,1.1495022543636446,0.060033738133796956,14792000.0,7933456000.0,-2.0533054708103404,1.52052270788418,4.64895278156195,2.91970802919708,112186000.0,2026-10-01
IVR/PC,23.98,24.08,23.58,23.66,178846.0,-1.33444537114262,4231496.36,653377316.0,Finance,14.1212227826489,16.02981029810298,2.9282468143248943,6.727954591142901,120009000.0,338260000.0,31.49127887766326,100.488086087625,6.27110098644783,22.6837060702875,107640000.0,2026-10-01
CBIO,14.89,15.0,14.23,14.59,289531.0,-1.1517615176151756,4224257.29,541930090.0,Health Technology,-109.169644539501,,2.542844046450911,37.92441082554908,-165124000.0,11883000.0,,-1417.73962804006,0.00880218063765275,0.0,37143900.0,2026-10-01
ASTL,4.21,4.285,4.16,4.17,1007870.0,-0.7142857142857202,4202817.9,440608309.2252101,Producer Manufacturing,-139.132624158837,,2.1172699034338076,0.42354194605229206,-778060800.0064063,1086483200.00937,-35.61353252001719,-54.4093824920671,3.67997293640053,2.38117647058824,105661470.0,2026-10-01
JCAP,19.11,19.215,18.93,19.08,219857.0,-0.2092050209205162,4194871.56,1095679171.0,Finance,33.1621942777774,7.386759581881532,2.3013321915123295,1.6092951699463358,147074000.0,659620000.0,72.54440346333935,45.8156211151875,2.96010206010206,5.02092050209205,57425537.0,2026-10-01
MPB,35.73,35.8,35.14,35.4,117825.0,-0.979020979020983,4171005.0,896866636.0,Finance,8.12355635828244,12.550521165709423,0.9938412723189657,3.48097539033852,68141000.0,386883000.0,20.29121142210421,37.30492573213409,0.173717467543771,2.48951048951049,25335200.0,2026-10-01
GSM,4.01,4.165,3.97,3.975,1044164.0,-0.37593984962406324,4150551.9,742770547.0,Non-Energy Minerals,-5.28495283345551,,1.0346497027496955,0.5505050075140131,-40444000.0,1367445000.0,-8.536940188444891,-4.12908745872777,0.311765648179748,1.45363408521303,186861000.0,2026-10-01
KE,27.76,27.76,26.99,27.33,150465.0,-1.3713460844460574,4112208.4499999997,655701218.0000001,Electronic Technology,4.83716242891873,24.198689569683015,1.1194364561091206,0.47520457209765726,27935000.0,1431378000.0,-3.7228758205104233,3.63467930902948,0.22742218849763798,0.0,23992000.0,2026-10-01
SRTA,5.13,5.175,5.079,5.11,798316.0,0.19607843137256228,4079394.7600000002,452065383.0,Health Services,-9.21901683458793,,1.6184612266099099,1.7177108819220634,-16431000.000000002,255975000.0,0.6424445921027282,-3.03623400722727,0.0152335331056359,0.0,88466800.0,2026-10-01
MNR,10.34,10.37,10.21,10.24,398117.0,0.0,4076718.08,1709548399.0,Energy Minerals,6.25028731740591,19.360937795424466,0.9271222180674753,1.2660715999164085,100612000.0,1358996000.0,39.26579349455693,21.4998425308095,0.64617318809963,17.578125,166948090.0,2026-10-01
MMI,29.15,29.245,28.22,28.45,143212.0,-2.03168044077135,4074381.4,1077430041.0,Finance,2.4196756013375,77.0793822812246,1.861126593242115,1.3593193010795077,14357000.0,812224000.0,11.891533717314848,1.33522279568198,0.128090058437105,1.72176308539945,37871000.0,2026-10-01
UAN,124.7,126.4099,123.45,123.78,32887.0,0.05658394632609118,4070752.86,1308309574.0000002,Process Industries,48.2957251457405,8.16582334430642,3.770692658390111,1.9318949673194896,160223000.0,676856000.0,17.472400261722402,28.4750375264458,1.67054310483964,11.6967100476922,10569600.0,2026-10-01
OCS,9.2,9.48,9.02,9.34,434739.0,2.3001095290251814,4060462.26,575232618.0,Commercial Services,-44.2413649797061,,2.120462233523282,,-99914661.9761661,0.0,,,0.011594031102823501,0.0,61588100.0,2026-10-01
BCAL,21.47,21.51,21.16,21.35,189482.0,-0.2802428771601995,4045440.7,686414028.0,Finance,10.6145739014823,11.588774900939043,1.1686060418300754,3.8531678348619756,60197000.0,231235000.0,-2.100788748375297,47.3598248956985,0.0903211509614073,1.40121438580103,32150500.0,2026-10-01
STVN,21.415,21.52,20.94,20.98,192809.0,-1.0377358490565984,4045132.8200000003,5727617430.000001,Health Technology,9.2030651047295,36.474269819193324,3.233936292379903,4.051259298878552,157037399.237974,1428795070.70859,14.729079490883013,16.6457724365282,0.285835130332442,0.293382075471698,49709700.0,2026-10-01
PFIS,68.66,69.18,66.63,67.36,59304.0,-2.036067481093667,3994717.44,674298354.0,Finance,11.0210709505465,11.933106575963718,1.2575852309907385,3.5580746498785785,56774000.0,285651000.0,0.4063340304750523,36.60742367760264,0.6180497402948609,3.62492728330425,10010400.0,2026-10-01
DRUG,50.0,50.956,49.01,49.82,79829.0,0.16083634901487392,3977080.78,491427486.0,Health Technology,-13.9253848159435,,2.2652023632307916,,-17750045.922312602,0.0,,,0.000213094750212692,0.0,9864060.0,2026-10-01
PBYI,9.85,10.1,9.74,9.93,398967.0,1.5337423312883474,3961742.31,512587286.9999999,Health Technology,21.9664394767781,19.229279628195197,3.662733439317765,2.22446697177008,26718000.0,231244000.0,-2.863959808789307,13.1618550102922,0.03476873772953,0.0,51620100.0,2026-10-01
PINE,17.44,17.49,16.9701,17.35,227858.0,0.1732101616628241,3953336.3000000003,311179296.0,Finance,2.30597246515827,87.0110330992979,0.9051468685570238,4.534014880565612,6539000.0,69871000.0,24.01668441604544,38.7757438708477,1.16880082777186,6.75519630484988,17935400.0,2026-10-01
SOPH,8.48,8.67,8.2824,8.38,471239.0,0.9638554216867478,3948982.8200000003,713371229.0,Technology Services,-101.217696014675,,8.582636036829546,7.112461079020957,-80878000.0005257,86167000.0005627,23.646825852835395,-84.3292675850316,0.743846098318054,0.0,85127800.0,2026-10-01
PERI,8.61,8.77,8.57,8.69,454371.0,1.0465116279069753,3948483.9899999998,341780451.0,Technology Services,-1.96392054923824,,0.5487891904317436,0.7292675520031426,-12873999.9999967,436218000.000403,2.857830029846201,-3.95948814583119,0.0354774482570369,0.0,39330300.0,2026-10-01
KELYA,16.42,16.49,16.14,16.21,243538.0,-1.0378510378510266,3947750.98,583885182.0,Commercial Services,-24.3761398514301,,0.5727973890898529,0.1419054416578478,-274000000.0,4063100000.0,-9.626548633199137,0.758041889197903,0.131059063136456,1.83150183150183,31435900.0,2026-10-01
SD,13.47,13.6,13.415,13.49,292105.0,0.5216095380029827,3940496.45,500145765.9999999,Energy Minerals,16.2211785133275,6.007570696949455,0.9216130209094797,2.6308606169543487,82959000.0,189155000.0,29.580407604041785,41.7287409796199,0.0,3.725782414307,37075300.0,2026-10-01
IIIN,29.18,29.2925,28.8,29.13,134231.0,0.13750429700927863,3910149.03,563905685.0,Producer Manufacturing,9.99961517740322,15.661290322580644,1.518304877495782,0.8013232817092462,36379000.0,707680000.0,17.05587148466834,6.58051661768031,0.00694399569197631,0.412512891027845,19358200.0,2026-10-01
VEL,15.16,15.25,14.88,15.02,260142.0,-0.6613756613756591,3907332.84,593011498.9999999,Finance,16.0999581638159,5.534470687939865,0.8179633909647175,0.8632883537893645,106214000.0,688387000.0,31.58652302234184,86.985373053239,9.77350572458516,0.0,39481500.0,2026-10-01
CRAQ,10.385,10.4,10.38,10.4,374503.0,0.0,3894831.2,325789357.5036006,Finance,3.58563048481662,40.01539053482108,1.4095196790632116,,8141684.0,0.0,,,1.30226887036807e-06,0.0,23660000.0,2026-10-01
FOR,26.23,26.23,25.445,25.75,151108.0,-1.189562547966227,3891031.0,1313703914.0,Finance,9.64393789417122,7.728091236494598,0.7074624790749083,0.7750916048237467,170500000.0,1724800000.0,11.760513186029936,14.7321428571429,0.43638909835182604,0.0,51017600.0,2026-10-01
PDYN,5.25,5.325,5.15,5.16,753949.0,-1.1494252873563144,3890376.8400000003,254586717.0,Producer Manufacturing,-48.3930218568278,,3.579455589777741,20.271221577436236,-30167000.0,11842000.0,171.79251778746846,-360.673872656646,0.149019663198905,0.0,49338500.0,2026-10-01
STRT,66.61,67.37,64.6917,64.96,59888.0,-2.389181066867023,3890324.4799999995,258866441.0,Producer Manufacturing,8.95102099348598,13.003703332999699,1.0827316305645005,0.46989956713244363,20598000.0,579392000.0,2.535279064746419,4.7675839500718,0.0103835807011222,0.0,3985010.0,2026-10-01
FCBC,47.17,47.795,46.78,46.99,82608.0,-0.5923418658768799,3881749.9200000004,888596340.0000001,Finance,11.3771667743196,14.858498023715415,1.647624951612632,5.05269894953229,59271000.0,195100000.0,5.32339302198781,40.36911674429345,0.0054238545724355405,2.66553839644595,18910300.0,2026-10-01
KRSA,34.3,34.33,30.2501,32.0,121132.0,-5.88235294117647,3876224.0,1457325684.0,Health Technology,-98.22069268507,,3.824905393355661,10.867217979873695,-6707000.0,1900000.0,-12.603495860165593,-359.157894736842,0.0,0.0,45541400.0,2026-10-01
ARQQ,24.48,25.0,23.9,24.06,160439.0,-0.24875621890548205,3860162.34,418701987.99999994,Technology Services,-230.330688126393,,13.995288369252247,368.25987347859274,-51209000.0002988,1086000.0000061002,350.62240663697867,-4855.24861878472,0.0761971583932647,0.0,17402400.0,2026-10-01
CRCT,6.41,6.495,6.37,6.38,605038.0,-0.46801872074883377,3860142.44,1336255409.0,Distribution Services,25.8961378055552,15.477923338185347,3.627947707512354,1.9613326158975926,87675000.0,689790000.0,-3.111897688725955,15.4961654996448,0.0281946055172451,3.1201248049922,54662100.0,2026-10-01
FLG/PA,23.71,23.71,23.02,23.02,166909.0,-2.540220152413215,3842245.1799999997,4844133410.0,Finance,0.59124222454887,1139.6039603960396,1.2570085598897414,5.352623493703345,48000000.0,4434000000.0,-21.424774056353005,5.645933014354067,1.39479179461983,0.337837837837838,415093000.0,2026-10-01
TATT,35.79,36.0,35.0,35.04,109124.0,-1.072840203274993,3823704.96,455454716.00000006,Electronic Technology,11.8618838733044,21.856287425149702,2.410643154640282,2.489224882526568,21038000.0000152,186854000.000153,12.057043820333611,9.85314737709594,0.08824728081086089,0.0,12998100.0,2026-10-01
MCBS,34.49,34.68,34.01,34.28,111329.0,-0.34883720930231815,3816358.12,986620496.0,Finance,15.9423638931664,11.882972823072658,1.737454770676751,5.461184638417115,80027000.0,281761000.0,17.810790921710627,62.2853727152579,0.685265931031568,3.13953488372093,28781200.0,2026-10-01
RLMD,3.78,3.845,3.72,3.77,999525.0,1.0723860589812342,3768209.25,402145315.99999994,Health Technology,-55.6613259281459,,1.9468816326952174,,-61925397.0,0.0,,,0.0,0.0,106670000.0,2026-10-01
BSM,14.33,14.39,14.26,14.32,262584.0,0.06988120195667216,3760202.88,3046015316.0,Miscellaneous,25.5934572818154,11.959245030900284,3.7465628164105733,6.8151344546098,283586000.0,446396000.0,0.6366497434463853,63.2960420792301,0.17602692852767798,8.52550663871419,212711000.0,2026-10-01
ARDT,10.62,10.62,10.31,10.34,363302.0,-2.268431001890361,3756542.68,1458414769.0,Health Services,6.00560278281271,18.82395776442745,1.086491672156917,0.236264412563964,78227000.0,6405940000.0,3.3446154143986893,4.02588847226168,1.6780803051798199,0.0,141045910.0,2026-10-01
RPC,7.43,7.45,7.27,7.43,505265.0,1.0884353741496609,3754118.9499999997,819085838.0,Finance,7.76517004834617,30.8298755186722,2.228788265114814,2.807282695190031,27377000.0,312913000.0,4.433831284125649,23.6413955316654,1.41282700927178,2.10884353741497,78989700.0,2026-10-01
CEPO,10.77,10.81,10.77,10.77,348145.0,-0.046403712296991015,3749521.65,274635012.0,Finance,-3.62723235647058,,1.4005347259789438,,-7244131.0,0.0,,,0.00471930564471533,0.0,20500000.0,2026-10-01
USNA,14.73,14.73,14.33,14.47,257515.0,-1.564625850340127,3726242.0500000003,267355450.00000003,Health Technology,-4.19230427307101,,0.5076127886148801,0.2975211334839125,-22164000.0,913361000.0,1.572472173136526,4.54234415526829,0.0,0.0,18476500.0,2026-10-01
OEC,5.81,5.83,5.52,5.62,662997.0,-3.270223752151455,3726043.14,317657553.0,Process Industries,-22.7444496929944,,0.8352815805548826,0.18252578716265774,-96300000.0009401,1823000000.01356,-1.0153662373056482,3.8507953922123,2.65500920326058,1.42512908777969,56522700.0,2026-10-01
PACK,4.41,4.41,4.095,4.15,895418.0,-5.0343249427917565,3715984.7,355896893.0,Process Industries,-7.17725942015299,,0.6844841463575547,0.8954650865518061,-38000000.0,417900000.0,9.771473601260835,-2.34505862646566,0.823619926909021,0.0,85758300.0,2026-10-01
AII,25.04,25.38,24.15,24.99,148526.0,-1.0688836104513186,3711664.7399999998,489639752.99999994,Finance,26.2403689046505,5.555308554152587,1.3240983785490763,1.471883869900804,88088000.0,336205000.0,,36.2073734774914,0.09059615337776951,0.0,19593428.0,2026-10-01
TMQ,3.15,3.22,3.09,3.1,1194916.0,0.0,3704239.6,535511483.2954545,Non-Energy Minerals,-40.9044467078794,,4.628646042345631,,-50151063.07632496,0.0,,,0.000793630254565531,0.0,172746000.0,2026-10-01
CCAP,9.25,9.33,9.135,9.18,402619.0,-3.7735849056603716,3696042.42,338245877.00000006,Finance,-0.458742498191746,,0.5152642834290333,2.8225084881228555,-3168000.0,124567000.0,-28.84406667352138,63.8604124687919,1.40596175495201,16.7714884696017,36846000.0,2026-10-01
GROY,3.07,3.07,2.98,3.0,1229483.0,-1.6393442622950762,3688449.0,695042175.0000001,Non-Energy Minerals,0.234000908879856,731.7073170731707,0.9558401835213153,32.347287749728814,1501000.0000143799,22559000.0001196,82.2802197806854,22.9354138038118,7.45341614906832e-05,0.0,231681000.0,2026-10-01
TWIN,26.46,26.56,25.71,26.2,140221.0,-0.945179584120983,3673790.1999999997,380919601.0,Producer Manufacturing,18.0042484980387,10.978420280745862,1.7204176806405733,1.0174304298790873,34538000.0,381270000.0,11.89535654960703,4.66703386051879,0.23015742941171102,0.642722117202268,14538900.0,2026-10-01
BGSI,79.86,79.86,78.34,78.41,46433.0,-0.7091300493858456,3640811.53,2182654833.6025066,Consumer Services,0.695935344133194,176.59400810066737,1.2626733563398462,0.6317537824689242,8820408.162856152,3495759410.283627,11.313516499264615,4.52860587928024,1.17116847472807,0.554711924966503,27836400.0,2026-10-01
SI,18.84,19.5,18.44,18.9,191193.0,0.5854177754124504,3613547.6999999997,393478268.0,Health Technology,-40.5408845788877,,3.1653731623250247,6.487781038381474,-35033000.0,60055000.0,60.9018326010074,-58.534676546499,0.119442120841645,0.0,20818956.0,2026-10-01
CLFD,30.57,31.385,30.57,31.14,115336.0,2.232435981615232,3591563.04,423004345.0,Electronic Technology,2.92988189562614,,1.7218289649894778,3.1802502102425048,-6883000.0,130183000.0,-27.401446584020654,2.31366614688554,0.041785946649316896,0.0,13584000.0,2026-10-01
WEST,8.15,8.22,7.93,8.04,439824.0,-0.9852216748768483,3536184.9599999995,784924196.0,Consumer Non-Durables,-23.9161619680064,,,0.6054046363789188,-63854000.0,1308780000.0,38.5697284889655,-0.453093720869818,2.36897920737677,0.0,97627390.0,2026-10-01
GEL,13.83,13.83,13.63,13.76,256242.0,-0.4341534008683104,3525889.92,1681669085.0,Process Industries,58.8543087692808,68.52589641434263,,0.9228982832107705,78735000.0,1833306000.0,-17.25125016418349,18.6009986330705,,5.24602026049204,122174000.0,2026-10-01
RCKY,45.42,45.69,44.69,44.69,78782.0,-1.6505281690140847,3520767.5799999996,334813489.0,Consumer Non-Durables,11.4840550072907,11.737668750328307,1.2693231658720496,0.6836343475385422,28865000.0,505026000.0,9.235434583239604,8.840336933148,0.493149541785519,1.39744718309859,7491910.0,2026-10-01
AGRO,10.06,10.3,9.99,10.14,345964.0,1.1976047904191716,3508074.9600000004,1463282846.0000002,Process Industries,3.1799505215354,31.766917293233085,0.8407625567141607,0.9059714827269226,49481000.0,1596039000.0,7.202977429487841,1.85979164669535,1.3414466819579598,2.95526946107784,144308000.0,2026-10-01
DUOT,9.01,9.136,8.835,8.84,395893.0,-1.4492753623188492,3499694.12,278216887.0,Technology Services,38.5842636051574,9.0020366598778,1.3328950661773353,12.633389538845647,40114848.0,25232875.0,63.9783050812211,-32.1605048968855,0.00459315285603476,0.0,31472500.0,2026-10-01
TASK,8.11,8.15,7.8,7.83,446389.0,-4.8602673147023125,3495225.87,717909371.0,Commercial Services,25.4338313230183,6.772770521581179,2.3940561364887176,0.6205138106114323,107381000.0,1226790000.0,11.378028353147855,12.3630776253475,1.82210808917941,0.0,36654300.0,2026-10-01
COFS,32.78,32.98,32.26,32.31,107970.0,-1.4338010982306248,3488510.7,483212861.0,Finance,11.9668868378461,8.88442819039239,1.000768153828999,2.8695561326527588,54715000.0,239939000.0,35.313358259878974,38.98497885372612,0.711644799131514,3.50823672971324,14955500.0,2026-10-01
CCBG,48.83,48.96,48.0901,48.33,72059.0,-1.0442260442260547,3482611.4699999997,827085651.9999999,Finance,11.2627426088765,13.408239700374532,1.4505973021231306,3.2578261784020097,61749000.0,288818000.0,1.4703144048652124,31.780436696190012,0.18794762276462698,2.17035217035217,17113300.0,2026-10-01
TCPC,4.11,4.12,3.98,4.0,869241.0,-1.960784313725492,3476964.0,335611084.0,Finance,-16.7849097895632,,0.6079840464986199,,-108471117.0,-41365163.0,-140.99940078568676,,1.64958455667796,20.5882352941176,83902800.0,2026-10-01
AVNW,19.7,20.41,19.7,20.05,173196.0,2.24375318714942,3472579.8000000003,257815544.0,Electronic Technology,0.957082087034534,103.56404958677686,0.9298097947694142,0.5762373715548964,2539000.0,439682000.0,1.1679544230866579,4.86283268362135,0.37092539680165204,0.0,12858600.0,2026-10-01
PESI,15.51,15.8,15.33,15.65,220575.0,1.55743024010383,3451998.75,332067191.0,Industrial Services,-31.64229393171,,5.689998691118512,5.34687653025534,-21182000.0,57180000.0,-4.73016877988637,-33.3823015040224,0.0895079718841077,0.0,21218400.0,2026-10-01
OPFI,6.09,6.1,5.985,6.03,571634.0,-0.8223684210526285,3446953.02,513805777.00000006,Finance,47.5779105064008,3.552073515551367,1.2416732731372329,0.8556009716874667,101723000.0,611390000.0,10.155001468397034,39.2991380297355,0.708710818215833,0.0,85208200.0,2026-10-01
HIPO,31.08,31.43,30.635,30.77,111067.0,-0.7099064214262629,3417531.59,812001278.0,Finance,30.3971933341686,6.620336503291879,1.7436925026322558,1.6223381701301218,121300000.0,507200000.0,19.341176470588238,6.64432176656152,0.10889175257731999,0.0,26389400.0,2026-10-01
SMP,37.79,37.97,37.0627,37.1,91177.0,-1.0666666666666629,3382666.7,828824869.0,Consumer Durables,12.6725751309779,16.621119125487212,1.1546474403862685,0.46681958886933106,51031000.0,1836691000.0,11.324793965993251,11.0217233056622,0.9721787592740949,3.46666666666667,22340300.0,2026-10-01
SBR,70.11,70.11,68.9,69.15,48555.0,-1.3692768506632347,3357578.2500000005,1008161711.9999999,Miscellaneous,914.236810114147,14.120025320074326,119.85232945091515,13.558706097933811,71399463.0,75387568.0,-2.954533137545501,94.7098638332517,0.0,6.86646698045928,14579300.0,2026-10-01
XRN,35.5,35.5,34.75,34.76,96575.0,-1.557632398753906,3356947.0,503834363.0,Finance,9.98940653312635,9.33781061114842,1.053399410205428,2.859831039526111,57946000.0,163411000.0,4.161062702778503,28.5280672659735,0.9899215614044969,7.73152081563296,13237800.0,2026-10-01
KIDS,22.8,23.07,22.05,22.27,149843.0,-2.152899824253084,3337003.61,581464968.0,Health Technology,-11.3644425627353,,1.6923096797530002,2.1657856737560612,-39726000.0,252725000.0,14.493528380441528,-9.01137600158275,0.308648658087272,0.0,26109800.0,2026-10-01
ADV,29.56,29.56,25.73,25.96,128325.0,-12.148900169204737,3331317.0,332865088.0,Commercial Services,-50.0941185020986,,0.8123850542429751,0.10584433960014342,-275703000.0,3606194000.0,2.2437989324801944,2.44482132686151,3.7413223039664203,0.0,12822200.0,2026-10-01
ACNB,62.8,62.88,61.74,62.3,53192.0,-0.8119726158255135,3313861.5999999996,633586600.0,Finance,13.3406644428968,11.81221796670585,1.4968534842328227,3.9755913044960405,54592000.0,201100000.0,24.94951691571655,42.9819885708619,0.7733929630338381,2.41999681579366,10169900.0,2026-10-01
MAGN,11.53,11.83,11.32,11.34,291632.0,-2.409638554216862,3307106.88,405971997.00000006,Process Industries,-10.4283054003724,,0.3991858579785425,0.1270274056029232,-112000000.0,3284000000.0,150.84365657334124,4.38489646772229,1.92822025565388,0.0,35800000.0,2026-10-01
ALTO,3.74,3.74,3.645,3.69,892965.0,1.6528925619834725,3295040.85,286227742.99999994,Process Industries,22.2294439859575,5.541372578465235,1.1015221304452956,0.29657492772935057,51986000.0,943329000.0,1.0922297583313063,5.48663297746597,0.31914328701655,0.0,77567600.0,2026-10-01
OSUR,3.83,3.935,3.76,3.92,837478.0,2.6178010471204214,3282913.76,270357027.0,Health Technology,-14.0661820076793,,0.8507682958590156,2.384118777354725,-49126000.0,112412000.0,-18.855435167072105,-64.8462797566096,0.054525657929932,0.0,68968600.0,2026-10-01
DMLP,28.51,28.6203,27.99,28.04,116696.0,-1.7863397548161175,3272155.84,1376523118.9999998,Miscellaneous,26.7142748661613,16.00091303355398,4.3822497007129755,7.167242213470811,84431000.0,192223000.0,13.914651274423234,45.4529374736634,0.011306223442843799,11.1858984238179,49091400.0,2026-10-01
MCFT,20.21,20.28,19.66,19.8,165085.0,-1.3944223107569602,3268683.0,481919521.99999994,Consumer Durables,-0.567253761909317,,1.2696889967340779,1.163071655560427,-1662000.0,348903000.0,22.76541767680144,2.61734636847491,0.0,0.0,24339400.0,2026-10-01
NRIM,24.28,24.44,23.9,24.23,134093.0,-0.2059308072487673,3249073.39,538990676.0,Finance,21.4861883910052,7.967511755614744,1.5505433621001896,2.4698218061878814,68523000.0,263178000.0,18.071045949268274,41.281522558172064,0.26763306426093303,2.63591433278418,22244800.0,2026-10-01
KRO,7.93,7.935,7.6,7.65,424301.0,-3.409090909090904,3245902.6500000004,880496031.0000001,Process Industries,-13.6938290148955,,1.1724317614063051,0.4691431218156559,-109400000.0,1943100000.0,2.700845665961945,-0.833719314497453,0.7837549933422101,2.52525252525253,115098000.0,2026-10-01
MLR,53.71,53.71,52.25,52.61,61642.0,-1.6267763649962557,3242985.62,597238373.0000001,Consumer Durables,3.41366922344093,42.44453408632513,1.4216813293598678,0.7987212252866048,14315000.0,771444000.0,-20.947348034197493,2.85659101632782,0.0135993696633841,1.53328347045625,11352200.0,2026-10-01
CCSI,35.16,35.68,34.705,34.9,92579.0,0.605361775727878,3231007.1,639539825.0,Technology Services,1254.7623782064,7.079681921454074,15.402948186071145,1.876319222449352,94653000.0,354665000.0,1.4502495745076445,41.8042378018694,13.6153587066352,0.0,18324923.0,2026-10-01
TSAT,46.73,47.3,46.05,46.14,69716.0,0.7203667321545476,3216696.24,704113425.1605427,Communications,-70.6809679076884,,2.648600275257879,2.744989473785715,-261950655.99999997,254604416.0,-29.155375217838387,0.76288386137026,10.0746858769424,0.0,15147524.0,2026-10-01
SMC,30.24,30.7951,30.0,30.23,106089.0,0.033090668431507486,3207070.47,613913399.0000001,Industrial Services,1.20718719169729,,0.7799577434736268,0.727612920258104,7770000.0,583332000.0,20.936172506515017,15.9547221822221,2.0716908293294303,0.0,13783600.0,2026-10-01
CIVB,26.57,26.61,26.16,26.38,121276.0,-0.6403013182674264,3199260.88,548264705.0000001,Finance,11.1640275943897,9.80231866825208,0.9678308152488752,2.965848324683863,54197000.0,261293000.0,4.8830320156706595,35.38151137197359,0.412888485051651,2.67419962335217,20783300.0,2026-10-01
ESEA,71.63,72.57,71.0391,71.32,44720.0,0.9912206173888256,3189430.4,468923373.0,Transportation,29.4901684337286,3.669573718196084,0.9697929617126226,2.1846142391036505,135926541.0,226634350.0,2.53362775357712,59.3509536396402,0.398018204259941,4.17728688756726,6574920.0,2026-10-01
VOXR,5.1,5.14,5.01,5.02,632074.0,-0.8884501480750407,3173011.4799999995,348866330.0,Finance,49.3912860383666,7.384524860253015,2.283645097896499,10.827929349423412,48156941.0002889,33367229.0001817,209.77405782935548,29.2594269665006,0.0,1.08588351431392,69495300.0,2026-10-01
GLAD,19.47,19.5,19.18,19.23,164780.0,-1.0293360782295382,3168719.4,434464708.0,Miscellaneous,9.85671430434702,10.218939313423318,0.8944810103030444,5.96576737080816,50255000.0,92382000.0,-38.82553935396718,83.3907038167608,0.809969099747522,9.49562532166753,22593100.0,2026-10-01
PANL,8.09,8.23,8.01,8.02,391315.0,-0.12453300124532736,3138346.3,525099667.0,Transportation,11.0285783567073,10.902664491571505,1.1704543464428112,0.735175628856229,47587328.0,710248832.0,22.50291488856548,8.94525188040014,0.7790111651275331,2.4906600249066,65473800.0,2026-10-01
PXED,25.25,25.74,25.25,25.43,123010.0,0.19700551615445513,3128144.3,916684750.0,Technology Services,26.1564140751212,11.40000896579549,2.824118393084408,0.9744590008681231,82897000.0,1013680000.0,2.3901609770337275,17.1006629311025,0.20262139365622703,0.0,36047375.0,2026-10-01
TTAM,13.78,13.82,13.61,13.63,229380.0,-0.9447674418604579,3126449.4000000004,2512860522.0,Non-Energy Minerals,17.4382397928927,14.189048511347075,2.30845184684616,1.4841733699826758,177223000.001419,1711558000.0129302,5.46176701516673,15.2673762735541,0.5273818633796,1.16279069767442,184362470.0,2026-10-01
MPLT,10.45,10.51,9.93,10.19,303256.0,0.3940886699507305,3090178.6399999997,538523193.0,Health Technology,-111.549774304713,,1.3293223195696073,,-229826000.0,0.0,,,0.00570486851814102,0.0,52848210.0,2026-10-01
ATNI,28.0,28.07,27.31,27.82,110809.0,-0.3581661891117529,3082706.38,428521401.0,Communications,31.30757119419,2.7037271004421983,0.7156623555427046,0.5879484105794274,165538000.0,734104000.0,2.0165565812897013,8.39649422970043,1.12574485283311,3.99355300859599,15403400.0,2026-10-01
PPHC,10.24,10.51,9.825,10.21,301925.0,-0.5842259006815844,3082654.2500000005,308510810.0,Commercial Services,,,2.751242909688633,1.2751671270396552,-39628000.0,200953000.0,48.8697087017035,-3.14799978104333,0.651289400863507,2.56085686465433,25181070.0,2026-10-01
BATRA,59.78,59.9999,57.82,58.03,53040.0,-2.3228412725130374,3077911.2,3397805838.0,Consumer Services,-12.3780863498173,,7.240554090170663,5.081442063450788,-64187000.0,749967000.0,6.76553115341743,-5.40357109046131,1.7302612006323401,0.0,10318187.0,2026-10-01
XZO,14.84,14.84,14.39,14.47,212298.0,-0.5498281786941586,3071952.06,1303543319.0000002,Technology Services,,15.46931793884969,4.529249183827419,5.787646695491051,83752000.0,221803000.0,329.01104427380517,48.5133203788948,0.022979411529959602,0.0,90085915.0,2026-10-01
NEWT,11.29,11.37,11.11,11.13,275932.0,-0.8021390374331537,3071123.16,321487063.0,Finance,18.042513779145,5.012836103229294,0.8807581642246005,0.8444603560678066,65453999.99999999,380714000.0,8.037072351245204,37.228208051188,6.54939243733867,6.77361853832442,28884700.0,2026-10-01
ACAA,10.03,10.03,10.0,10.0,305008.0,-0.19960079840318934,3050080.0,356825085.9413811,Finance,,,1.311085093355814,,,,,,0.0,0.0,28586008.0,2026-10-01
APC,15.06,15.105,14.5,14.86,203979.0,-1.3934970139349756,3031127.94,706893495.0,Distribution Services,,,2.742269144674074,,,,,,3.03905701439616,0.0,12570223.0,2026-10-01
RITM/PF,24.37,24.66,24.275,24.64,123011.0,1.1494252873563264,3030991.04,4986574523.0,Finance,5.43694477663872,41.0188113867155,1.9987297034433473,2.366264603406381,465498000.0,5850094000.0,11.861807569805904,42.3236105266001,4.53132002896961,10.9649122807018,558407000.0,2026-10-01
DBRG/PH,14.6,14.865,14.59,14.75,205463.0,0.597446529899608,3030579.25,3044483713.0,Finance,15.873708408532,9.58414554905783,1.7754741418742268,4.472198891422008,338699000.0,596981000.0,99.25070006975665,34.5550360899258,0.136298772311674,0.25,187495000.0,2026-10-01
SMWB,7.72,7.99,7.72,7.76,390291.0,0.9102730819245696,3028658.16,679780212.0,Technology Services,-94.0203782057817,,30.076353629704272,2.2864768405080738,-21777000.0000232,295611000.000248,10.159979429601941,-1.81116399592851,2.00808116298476,0.0,87600500.0,2026-10-01
HVT,27.62,27.86,27.375,27.67,109248.0,0.6181818181818244,3022892.16,433702009.0,Retail Trade,7.62342994241522,20.11193487425498,1.4672802340860813,0.5810846828653216,22830000.0,780394000.0,7.959516253538039,3.33523835395967,0.78454596153323,4.8,14383700.0,2026-10-01
NRC,21.1,21.56,20.68,21.19,142652.0,0.6650831353919266,3022795.8800000004,468713614.99999994,Health Services,39.1720773397425,85.30595813204509,71.63381900544269,3.309304908711679,5460000.0,139996000.0,-0.22734561522289137,10.530300865739,13.7468315773401,2.85035629453682,22119600.0,2026-10-01
BBOT,3.94,4.15,3.875,4.1,736320.0,4.59183673469387,3018911.9999999995,328714471.0,Health Technology,-71.0891966589366,,1.0165877364806226,,-182114000.0,0.0,,,0.00778058382232786,0.0,80174270.0,2026-10-01
ASYS,16.7,16.91,16.56,16.78,179880.0,1.0234798314268616,3018386.4000000004,293785971.00000006,Producer Manufacturing,4.78128604641433,63.8022813688213,2.541380736091696,3.2623662233977417,4000000.0,81666000.0,-2.3531099791950645,8.25435309675997,0.154765097187741,0.0,17508100.0,2026-10-01
GAIN,15.87,15.91,15.55,15.6,192995.0,-1.4529374605180065,3010722.0,621222717.0,Miscellaneous,29.171189903517,3.7334865020103387,0.9604361857877609,9.367716368864516,165126000.0,67293000.0,-57.46602616775173,308.462990207005,0.882534828458921,6.06443461781428,39822000.0,2026-10-01
NEWP,6.41,6.47,6.225,6.28,476516.0,-1.7214397496087548,2992520.48,1165517009.222472,Non-Energy Minerals,-2.83394014726014,,7.306577669758327,,-4083467.073076026,0.0,,,0.0,0.0,185592000.0,2026-10-01
BMRC,27.31,27.5,26.86,27.08,109744.0,-0.6238532110091806,2971867.52,438540240.0,Finance,-3.41442155498778,,1.1049940180161357,6.856125210441017,-14259000.0,109136000.0,-20.464085820895523,-36.96681718772126,0.171605106331488,3.6697247706422,16194199.999999998,2026-10-01
VLOS,10.67,10.69,10.545,10.68,278150.0,0.0,2970642.0,327425811.86013985,Finance,1.40777717057153,94.42970822281167,1.3195334189135595,,4066007.0,0.0,,,0.0123766699647398,0.0,23470345.0,2026-10-01
CBAN,20.59,20.59,20.04,20.14,147062.0,-1.2260912211868562,2961828.68,427390211.00000006,Finance,9.57060525896321,12.19349760852455,1.0927342935722375,2.845558816018578,32723000.0,212251000.0,16.30956556047521,30.101435129003324,0.5979187929204091,2.32957332025503,21221000.0,2026-10-01
BHFAM,10.23,10.34,10.08,10.09,291751.0,-1.368523949169116,2943767.59,2869827049.0,Finance,13.5973165344024,0.8054537762131698,0.08858896048098273,0.08892497913886416,831000000.0,6654000000.0,2.621838371375694,16.9371806432221,0.481526717557252,0.0,57511600.0,2026-10-01
RCEL,11.9,12.12,11.6,11.73,249739.0,-1.9230769230769267,2929438.47,362771906.99999994,Health Technology,,,,4.862736113162866,-43082000.000181,75630000.00030689,0.9962074677925217,-46.5674996694451,,0.0,24842900.0,2026-10-01
ADUR,12.39,12.809,12.3009,12.49,233577.0,1.9591836734693895,2917376.73,445952263.3583522,Process Industries,-128.936061426149,,19.556977311792473,3524.4624777412096,-19452109.918500002,121140.747,-27.961229936395586,-10777.8464887624,0.0162371734352065,0.0,35704700.0,2026-10-01
AROW,37.42,37.42,36.7,36.85,79020.0,-1.2329134280353815,2911887.0,682599186.0,Finance,11.9502299920918,11.846589082492125,1.366079703429101,3.5066966319069803,51076000.0,249487000.0,8.429708245867939,36.87208552364971,0.750778613776198,3.18949343339587,18523700.0,2026-10-01
HSLV,5.44,5.44,5.22,5.22,553055.0,-2.7932960893854815,2886947.1,1062392236.9852347,Non-Energy Minerals,1.18698408805957,179.53444860224522,2.6406450021270853,20.041887343472744,2525474.708889581,54635616.90038284,,-59.5813629321641,0.00103548973449745,0.0,203523000.0,2026-10-01
ILPT,7.22,7.265,7.08,7.1,405782.0,-1.1142061281337057,2881052.1999999997,473895742.99999994,Finance,-9.63218845524045,,1.0267549193852774,1.044138888156912,-47235000.0,455388000.0,2.687905328005628,32.8513267806793,9.09247498158818,3.48189415041783,66745900.00000001,2026-10-01
QUAD,9.33,9.35,9.21,9.23,309371.0,-0.7526881720430137,2855494.33,475338715.99999994,Commercial Services,29.4756731223429,14.72794000319132,3.811907357848482,0.1956165075091498,31200000.0,2377100000.0,-8.024763010253434,5.0649951621724,3.7626303127506,4.03225806451613,38199300.0,2026-10-01
SPH,16.68,16.78,16.38,16.44,173683.0,-1.0234798314268403,2855348.52,1096751679.0,Distribution Services,19.2268300650709,8.439858308948098,1.5381664569308715,0.7943179136900647,130658999.99999999,1394347000.0,-2.4784180536487006,15.0458960359222,1.8620799919217101,7.8266104756171,66712400.0,2026-10-01
TLS,4.07,4.16,4.031,4.07,699404.0,0.7425742574257487,2846574.2800000003,304178731.0,Technology Services,-14.8631423904525,,3.2562865532166834,1.617330621347597,-15742000.0,193708000.0,65.93255039018665,-1.96223181283168,0.07457206170447371,0.0,74736800.0,2026-10-01
NATH,101.41,101.58,101.41,101.43,27991.0,-0.11816838995567734,2839127.1300000004,415625758.0,Consumer Services,,21.012180974477957,,2.4792017241481226,19921000.0,169127000.0,12.441743732257185,17.7257327333897,,1.96947316592811,4097660.0000000005,2026-10-01
DBI,6.32,6.32,6.02,6.05,467853.0,-3.968253968253968,2830510.65,309298287.0,Retail Trade,5.82181246401966,21.22062434233602,1.0254445853135996,0.12189371447652095,16939000.0,2892981000.0,-0.8382700294813564,3.34789616661845,4.01509042966545,3.17460317460318,43390700.0,2026-10-01
ASLE,5.32,5.32,5.235,5.24,538584.0,-1.318267419962324,2822180.16,250088216.0,Distribution Services,-0.896978120731386,,0.5967986988877222,0.8279286588907835,-3743000.0,303674000.0,-13.380283698867315,0.60624222027569,0.424801991076462,0.0,47726800.0,2026-10-01
CZFS,79.94,80.11,78.195,78.61,35428.0,-1.8111416437671783,2784995.08,378102702.99999994,Finance,12.3186383509931,9.190497346084598,1.071491563690707,3.2678864383037696,41051000.0,175678000.0,3.225237823831152,42.78744400717388,1.11674361525141,2.51061703722208,4809860.0,2026-10-01
MSIF,12.14,12.2931,11.75,11.77,234948.0,-2.4046434494195763,2765337.96,533713379.00000006,Miscellaneous,13.4628714015064,5.517532345771611,0.7127583749109051,3.495005187831536,99059000.0,156470000.0,14.327675524802535,90.9088004090241,0.882986111111111,11.6086235489221,45345230.0,2026-10-01
MUZE,10.0,10.0,10.0,10.0,274975.0,0.0,2749750.0,273202074.8129676,Finance,,,1.3796071982385174,,,,,,0.0,0.0,20611876.0,2026-10-01
PRLD,4.02,4.02,3.86,3.91,703218.0,-1.262626262626258,2749582.38,312031625.00000006,Health Technology,-57.7255440876839,,2.331892053078873,17.37508153228681,-60488000.0,22424000.0,220.34285714285713,-300.557438458794,0.13197939177316,0.0,65075300.0,2026-10-01
TTGT,3.74,3.82,3.69,3.7,742750.0,-1.0695187165775408,2748175.0,267630833.99999997,Technology Services,-30.4153761217214,,0.5279913923133015,0.5574161349418847,-178772000.0,485157000.0,,-5.88118897593975,0.25976016856858797,0.0,72332660.0,2026-10-01
UNTY,54.77,54.96,53.715,54.22,50648.0,-1.1305616338439177,2746134.56,544508578.0000001,Finance,16.9512746998856,9.44484122145383,1.4645306452092128,4.138386639496776,58622000.0,193705000.0,10.153539948820017,55.88951891556658,0.8779493992948071,1.13056163384391,10042600.0,2026-10-01
ARTV,7.1,7.4,6.96,7.12,383976.0,1.2802275960170675,2733909.12,348097659.0,Health Technology,-36.5813232690824,,0.9997093541624837,,-90821000.0,0.0,,,0.0283422829221127,0.0,48890120.0,2026-10-01
WBTN,11.04,11.09,10.78,10.79,253046.0,-1.6408386508660118,2730366.34,1464322327.9999998,Technology Services,-25.7315201644937,,1.2574013627480571,1.0845255044135331,-344143000.0,1368064000.0,-0.48561909888415267,-3.3357357550524,0.0194390757204828,0.0,135711070.0,2026-10-01
COSO,26.36,26.67,26.02,26.22,104004.0,-0.4177744018230134,2726984.88,313445561.99999994,Finance,11.4969064934414,11.806556195965417,1.1669120356606892,3.7233355716492715,27539000.0,140586000.0,5.3054987528370265,39.34632949355872,0.30380455538129,0.569692366122294,11954400.0,2026-10-01
PCB,27.81,27.92,27.38,27.38,99539.0,-1.2621709340064962,2725377.82,384541176.0,Finance,10.6867379785138,9.481594348443396,1.1653855796090722,3.2739597344846274,41516000.0,212743000.0,6.3411927600633815,48.64211880941509,0.268941200560351,3.10133429498738,14044600.0,2026-10-01
REFI,10.48,10.48,10.02,10.02,270202.0,-6.355140186915885,2707424.04,256723906.0,Finance,9.6147170804496,7.34065934065934,0.7080111246777914,3.7649819344062196,29405479.0,61710399.0,-2.584078347467891,60.3361339472137,0.465783075970148,17.5700934579439,25621145.0,2026-10-01
TLSI,4.26,4.5,4.245,4.31,627155.0,1.4117647058823437,2703038.05,265386523.00000003,Health Technology,,,40.44669669669669,5.49639553985403,-28212000.0,45077000.0,25.248680188941375,-67.6819664130266,5.25587786259542,0.0,61574600.0,2026-10-01
TJGC,34.76,35.8,30.2,30.2,88994.0,-13.205920390860761,2687618.8,305020710.0,Electronic Technology,-130.833053115775,,195.1534733441034,48.241014026833724,-3011910.15869873,3678502.18864548,-5.896746970571368,-73.8227236168793,2.60635299471726,0.0,10100023.0,2026-10-01
RMR,18.38,18.51,18.015,18.08,148508.0,-1.3100436681222816,2685024.6399999997,580010465.0,Finance,8.43601750076286,15.753245621678138,1.3784564337624234,0.4814103749888494,19214000.0,638979000.0,-15.208217774746347,10.2516671126907,0.818030563906756,9.82532751091703,16080200.000000002,2026-10-01
PMTS,24.78,24.78,24.26,24.51,107527.0,-1.0496568429551796,2635486.77,284119502.0,Finance,,21.14936577789283,,0.5077775138640818,13754000.0,587309000.0,16.909752150346065,9.22376466221359,,0.0,11592000.0,2026-10-01
GLSI,18.6,19.31,18.01,18.05,145097.0,-1.7954298150163128,2619000.85,264941650.0,Health Technology,-951.635363415677,,85.00117730162468,,-21680390.0,0.0,,,0.0,0.0,14678200.0,2026-10-01
AVBC,21.6,21.675,21.435,21.6,121119.0,0.3251277287505819,2616170.4000000004,431358626.0,Finance,6.05616202092392,22.789618062882468,1.1132396665847197,3.5265645301850705,17592000.0,152907000.0,,20.68120299426012,0.495371416249076,0.743149094287041,19970306.0,2026-10-01
CENT,39.605,39.605,38.65,38.89,66978.0,-0.9424350483953068,2604774.42,2158530364.0000005,Consumer Non-Durables,9.97700894296628,14.480935358951445,1.3933384877422756,0.7885823482968097,166312000.0,3084065000.0,-1.163642190441854,8.80795313976846,0.806906803691419,0.0,9650220.0,2026-10-01
IIPR/PA,24.7,24.96,24.5001,24.65,104461.0,-1.0834670947030622,2574963.65,1452458732.0,Finance,7.19141587430885,5.586275665140732,0.39453856194295434,2.834812500369805,134192000.0,263653000.00000003,-8.416613693757522,46.907867538014,0.328922731109706,13.9423958906623,27571300.0,2026-10-01
NRP,109.3,109.76,108.38,108.73,23637.0,-1.3607910732105597,2570051.0100000002,1440717339.9999998,Energy Minerals,17.1707310664872,13.871099431020847,2.258234153522538,7.350320406071044,104564000.0,199965000.0,-8.901017298169045,63.7701597779611,0.04287725084014651,2.72158214642112,13250400.0,2026-10-01
TKNO,9.1,9.197,8.78,8.9,288028.0,-1.9823788546255476,2563449.2,477825384.0,Health Technology,-24.1877438571439,,7.632213084528904,11.144261329061782,-16768999.999999998,43700000.0,12.272949156026,-35.0846681922197,0.437827476038339,0.0,53688200.0,2026-10-01
DGICA,17.87,18.09,17.76,17.79,143836.0,-1.5495296070835702,2558842.44,657846415.0,Finance,11.1789267891594,9.164434370492478,0.9746935796785976,0.6842135226516486,71085567.0,963176405.0,-3.102250697909756,9.24323898901988,0.0525439863837694,4.15052573325955,31542500.0,2026-10-01
FRBA,17.5,17.67,17.2,17.24,146959.0,-1.2600229095074593,2533573.1599999997,426759508.0,Finance,9.71741759678759,10.161499469527289,0.9413666197075429,2.8857883626656107,42543000.0,245793000.0,4.371587019847302,37.147188715312105,0.634357403844457,1.89003436426117,24754000.0,2026-10-01
MLAA,10.01,10.02,10.0099,10.01,253069.0,0.0,2533220.69,490289807.00000006,Finance,,,1.3845204801146345,,,,,,0.0,0.0,36980000.0,2026-10-01
WEYS,48.58,49.32,48.1128,48.41,52322.0,-0.12378791004745673,2532908.02,462363106.00000006,Consumer Non-Durables,13.8071061952006,13.29214717188358,1.8108508155935912,1.6542561728284866,34715000.0,280139000.0,-0.32449626580229207,15.2681347473933,0.0357503090719991,2.26944501753662,9550980.0,2026-10-01
CION,7.16,7.19,7.01,7.02,359922.0,-1.9553072625698404,2526652.44,345402964.0,Miscellaneous,0.379560651885255,117.19532554257094,0.5172436659755348,1.73774239618409,2707000.0000000102,204617000.0,3.6261059369888127,46.8480136059076,1.73702109689477,18.4357541899441,49202705.0,2026-10-01
VTEX,3.62,3.7,3.61,3.65,684084.0,1.6713091922005585,2496906.6,613842843.0,Technology Services,12.7633635445297,21.70035671819263,2.6954376947730663,2.463069064740313,30256000.0000316,252647000.000225,9.620132335366362,12.6556024809332,0.0316906598535842,0.0,90129400.0,2026-10-01
GDRX,3.24,3.35,3.23,3.29,757974.0,1.8575851393188871,2493734.46,1122368329.0,Health Services,2.51799118571367,69.85138004246284,1.727950251839558,1.431717254817057,16248999.999999998,785230000.0,-1.8307883491649937,12.0032347210371,0.8322253980460189,0.0,107181000.0,2026-10-01
NTWO,10.84,10.85,10.82,10.825,229095.0,0.0,2479953.375,261059753.99999997,Finance,2.81473788303292,52.753411306042885,1.4645180754676648,,4947816.0,0.0,,,0.0,0.0,17998375.0,2026-10-01
ZIP,3.4,3.635,3.4,3.51,698930.0,3.539823008849548,2453244.3,288615640.0,Technology Services,,10.173913043478262,,0.6196944255886512,28030000.0,452263000.0,0.41340938408218453,0.345595372603994,,0.0,69196700.0,2026-10-01
IMRX,4.16,4.23,4.09,4.095,596820.0,-0.8474576271186476,2443977.9,264935852.0,Health Technology,-52.1472479968834,,1.3890255112597563,,-57276207.0,0.0,,,0.019050549215853002,0.0,64697400.0,2026-10-01
XPER,5.53,5.58,5.46,5.51,441139.0,-0.36166365280290164,2430675.89,268732740.0,Technology Services,-7.78955412120784,,0.647058409058348,0.5861349452868306,-32518000.0,456837000.0,-3.868111333932355,0.977810466315119,0.157006018029999,0.0,48771824.0,2026-10-01
FRBT,17.07,17.58,16.81,17.03,142326.0,-0.23432923257175833,2423811.7800000003,900058473.47,Finance,,,0.8750785541009737,,,,,,0.156313878839451,0.0,32103172.0,2026-10-01
TACO,10.455,10.47,10.45,10.47,228965.0,0.19138755980862537,2397263.5500000003,392821315.0,Finance,3.16712407479326,41.963927855711425,1.3081744032625646,,9362047.0,0.0,,,0.000241339875563269,0.0,37518750.0,2026-10-01
JOUT,44.42,44.42,43.4773,43.65,54287.0,-1.3336347197106766,2369627.55,452655199.0,Consumer Durables,-1.81432506449332,,1.0512889308066433,0.6833296120981535,-7993000.0,660908000.0,17.489116077983812,2.66254909911818,0.119885750113205,2.98372513562387,9273550.0,2026-10-01
AIRJ,3.99,4.04,3.895,3.9,603512.0,-1.2658227848101333,2353696.8,293306923.0,Producer Manufacturing,-31.567389350625,,1.1356356647836467,,-84791175.0,0.0,,,0.000430799335975469,0.0,75206900.0,2026-10-01
CNL,12.54,12.78,12.21,12.26,190874.0,-1.9200000000000015,2340115.2399999998,1059902904.8738531,Non-Energy Minerals,-60.134207701105,,9.807769007424339,,-55348675.52610774,0.0,,,0.35200738663701603,0.0,86452100.0,2026-10-01
ACIC,9.25,9.25,9.01,9.04,257919.0,-2.164502164502176,2331587.76,438114978.00000006,Finance,31.6534194298423,4.489917552398927,1.2539689365261453,1.3780241759757526,100197000.0,330591000.0,3.286448049188932,43.2676630640278,0.44761846074392303,0.0,48464000.0,2026-10-01
AZ,5.58,5.8,5.52,5.75,403558.0,3.7906137184115516,2320458.5,253152204.0,Finance,,,3.973628925254312,17.198041255539522,-33019000.000185996,14415000.000081299,70.91534266093883,-268.477280610409,0.0712575318882542,0.0,41206000.0,2026-10-01
VMD,9.19,9.2374,8.95,9.1,253981.0,-1.4084507042253605,2311227.1,346602873.99999994,Health Services,10.2185305135696,24.863387978142075,2.4064970130347514,1.2585636846747086,14498000.0,301606000.0,25.207983925873034,8.47098532522563,0.0805398950204127,0.0,38088226.0,2026-10-01
RPAY,3.75,3.78,3.6,3.62,637349.0,-2.6881720430107547,2307203.38,319227841.0,Commercial Services,-30.2740268404201,,0.6350164192090713,0.9171502531904124,-167452000.0,337809000.0,8.84179052541024,0.266126716576527,1.6355019543195,0.0,82898500.0,2026-10-01
TWFG,24.3,24.3,23.77,24.01,95388.0,-0.6619776582540345,2290265.8800000004,1297783585.0,Finance,13.6271870794078,40.612313937753726,6.657682538626205,1.07951881775986,8505000.0,293223000.0,33.11980750896627,17.923900921824,0.16556520985460801,0.0,12880333.0,2026-10-01
PDLB,20.06,20.06,19.885,19.94,114585.0,-0.3498250874562733,2284824.9000000004,482306750.0,Finance,6.24033092495966,14.245909837822392,1.370198122127669,3.9478828851383105,33762000.0,203665000.0,12.28636012790826,37.161776554317186,1.15866089095674,0.0,24187900.0,2026-10-01
JMSB,22.97,23.03,22.65,22.71,100335.0,-0.8296943231440949,2278607.85,320486550.0,Finance,9.22663957112202,13.173617959278381,1.1705889902780806,4.7460228879214945,24336000.0,119322000.0,5.407196049504863,45.94259573526156,0.457225403968092,1.22270742358079,14112100.0,2026-10-01
XTND,3.73,3.76,3.55,3.56,634666.0,-3.260869565217394,2259410.96,886909756.0000001,Producer Manufacturing,-35.2333169576192,,1.4340787051397221,1.477678089375563,-10197673.0,42697957.0,73.33633607910686,-24.9762137331301,0.039717146869272905,0.0,249131960.0,2026-10-01
HQ,14.4,15.37,14.1,14.86,151906.0,4.79548660084626,2257323.1599999997,802025121.0,Technology Services,-493.208428643278,,18.363362250067965,,-125678267.0,0.0,,,0.00841475687509625,0.0,34227493.0,2026-10-01
RNGR,15.12,15.26,14.99,15.19,147973.0,0.9973404255319174,2247709.87,355476724.0,Industrial Services,4.93273542600897,25.128205128205124,1.1785526690454964,0.5948376768748957,14300000.0,606700000.0,6.084979891589438,3.98879182462502,0.162099702872235,1.59574468085106,23402000.0,2026-10-01
SEG,23.25,23.555,22.7,22.89,98088.0,-1.8859837119588416,2245234.32,293210271.0,Consumer Services,-27.0420793421781,,0.7256456946924201,2.4568803520750206,-124641000.0,121565000.0,2.663603888152283,-86.09139143668,0.232867487776196,0.0,12809536.0,2026-10-01
PLBC,61.52,61.54,60.76,61.26,36519.0,-0.503491960370314,2237153.94,426309328.0,Finance,15.4075991161019,12.053123462862764,1.5675830177994623,4.047963820293792,35839000.0,125310000.0,32.781621862185155,40.11066295306141,0.38083584129818904,2.09517622218613,6959020.0,2026-10-01
GFR,5.76,5.76,5.63,5.65,395503.0,0.1773049645390191,2234591.95,1358337321.0,Energy Minerals,-3.72342389676905,,1.0236972320313957,1.8882453200983693,-27151393.4372884,437613294.967167,-5.912687051159706,16.6839254060677,0.0280077533371525,0.0,240413700.0,2026-10-01
LILA,8.4,8.53,8.275,8.28,269012.0,-1.8957345971564,2227419.36,1610587044.0,Communications,-17.2811262648482,,3.1322466303759824,0.38077892942073716,-98200000.0000003,4457400000.00002,1.0817062385196223,16.646475523848,16.9672410528309,0.0,36900000.0,2026-10-01
CHSCL,25.23,25.2968,25.05,25.2,88089.0,0.3984063745019835,2219842.8,321403680.0,Distribution Services,5.25306290860613,,,,577494000.0,37405868000.0,3.81627601605203,0.630574860607432,0.33237800812506996,7.69822940723634,12272000.0,2026-10-01
GLP,46.44,46.5,45.73,46.3,47776.0,-0.30146425495262824,2212028.8,1574014699.0,Distribution Services,24.4182199956827,9.448979591836734,2.333817571075582,0.07384319870068248,174203000.0,21456187000.0,20.353773963267514,2.27628049662319,2.69957624498202,6.5891472868217,33996000.0,2026-10-01
RBB,26.19,26.28,25.795,26.03,83200.0,-0.3063960168517744,2165696.0,440322558.0,Finance,7.93493976361422,10.712815869618899,0.8262741858993121,3.3717098726109835,41765000.0,241916000.0,3.044269047446639,42.02858154478955,0.596742695358855,2.45116813481425,16916000.0,2026-10-01
SAR,17.01,17.04,16.62,16.66,129593.0,-2.1726365237815677,2159019.38,267908049.00000003,Miscellaneous,4.07032214903262,16.645019482465784,0.7170606195989109,2.1765222626888296,15768922.0,127166580.0,2.090403182197768,52.0461453001252,2.12109409860076,17.6159718144451,16080900.0,2026-10-01
STRO,16.22,16.66,15.85,16.11,133973.0,0.062111801242223666,2158305.03,267122676.0,Health Technology,,,,5.8378800096275985,-180636000.0,45702000.0,-56.25472610148077,-288.519102008665,,0.0,16581199.999999998,2026-10-01
QVCG,14.26,14.5,13.27,13.78,155190.0,-3.7709497206703975,2138518.1999999997,688998567.0,Retail Trade,,,,0.01310413566986998,-204000000.0,8845000000.0,-8.142070827707967,2.49858677218768,,0.0,7911870.0,2026-10-01
FNRN,17.29,17.38,17.125,17.28,122386.0,-0.11560693641618251,2114830.08,283310827.00000006,Finance,10.9819701533107,12.782956058588551,1.304654096787516,3.7550070905481268,22625000.0,91271000.0,4.519948696807292,38.57794606818391,0.0261749726000903,0.0,16395299.999999998,2026-10-01
OLP,22.19,22.285,21.9,21.98,96196.0,-0.40779338468509224,2114388.08,479714010.0,Finance,11.4455412964791,13.952012187380983,1.5217159528171131,4.507040904799517,34783000.0,103802000.0,9.516574877086367,34.2893200516368,1.78593156642971,8.15586769370186,21825000.0,2026-10-01
VBNK,22.35,22.59,22.1,22.22,95114.0,0.22552999548938724,2113433.08,720351940.0208861,Finance,6.19142055413379,29.53517182378636,1.7866254348208896,6.851382266164104,24137368.2,243260015.4,12.402272520686543,33.236275116335364,0.18961923032719502,0.319488817891374,32419100.0,2026-10-01
GORO,3.24,3.28,3.15,3.19,658651.0,-0.3125000000000072,2101096.69,432706344.5752212,Non-Energy Minerals,,,,4.450157594301999,-25292334.42361359,53790192.9881412,201.70106849164586,3.21349383698129,,0.0,135645000.0,2026-10-01
SIND,13.97,14.06,13.0001,13.8,151928.0,-0.1447178002894325,2096606.4000000001,2191314361.0,Non-Energy Minerals,,,9.93484755768331,,,,,,0.00502191296093976,0.0,158790880.0,2026-10-01
FMAO,34.97,35.125,34.2501,34.62,60322.0,-0.25929127052723544,2088347.64,476826850.0,Finance,10.7493052420912,11.933404570680086,1.169340974018473,3.6756925157673486,39531000.0,195391000.0,6.492876530156204,39.84037997352644,0.567195021782302,2.64333045231922,13773200.0,2026-10-01
CIM/PB,23.25,23.5,23.1238,23.47,88954.0,1.7338534893801412,2087750.38,797773646.0,Finance,0.0480540586334911,,1.3228079826135573,2.108846069548365,1211000.0,916887000.0,14.399950092017841,70.1503020546698,5.56804281788654,16.078431372549,83711800.0,2026-10-01
BOC,13.0,13.1,12.91,12.93,161347.0,-0.5384615384615407,2086216.71,389536497.0,Commercial Services,-2.65083737920801,,0.7784710900040217,3.6320325252409784,-13199172.0,108891184.0,-2.3997506250663774,-4.91106424189492,0.20228672995225702,0.0,29546000.0,2026-10-01
SGP,25.44,26.515,25.05,26.0,79568.0,2.201257861635215,2068768.0,869647453.0,Health Technology,,,3.7424233918734715,,,,,,0.007023463187068561,0.0,33447980.0,2026-10-01
BSRR,39.28,39.55,38.64,39.05,52816.0,-0.30635690579526303,2062464.7999999998,506220643.99999994,Finance,12.4638114375232,11.445906732713896,1.3797348223869659,3.255155858599468,45032000.0,200352000.0,-1.1076230527749806,38.165319994869826,0.9893730392998581,2.65509318355885,12963400.0,2026-10-01
NYAX,46.62,48.0,46.62,47.71,43151.0,7.0450975992820295,2058734.21,1782407264.3000002,Technology Services,4.08294289753634,187.62740233912103,7.245735337014694,3.5897571737492506,9667546.701382978,482154816.8936669,28.111142655373715,4.58983380506494,1.4606795147138498,0.0,37359200.0,2026-10-01
ELA,12.46,12.495,11.97,12.08,170400.0,-3.0497592295345166,2058432.0,313638789.99999994,Retail Trade,32.448371221369,14.023682377524958,3.916851214775089,1.1039456735116515,22365151.0,293044231.0,47.73791804837278,9.57131348543763,0.242253755698142,0.0,25963500.0,2026-10-01
FRST,15.42,15.43,15.17,15.28,133331.0,-0.5855562784645404,2037297.68,378929818.0,Finance,13.1091374943844,7.108960640178655,0.8734543059925366,1.7062863489589604,53108000.0,312514000.0,13.180091336769026,30.40078464039555,1.03282629791923,2.6024723487313,24799100.0,2026-10-01
III,5.43,5.57,5.4,5.53,365657.0,1.8416206261510228,2022083.2100000002,267726443.0,Commercial Services,12.3057158502169,23.76450365277181,2.7911671924290222,1.081451999616381,11686000.0,250248000.0,4.182313219706747,9.27080336306384,0.704400546807334,3.31491712707182,48413500.0,2026-10-01
KOYN,10.25,10.28,10.25,10.27,195987.0,0.19512195121950804,2012786.49,324099828.00000006,Finance,4.17053624647961,67.61026991441737,1.4095661089250102,,4792753.0,0.0,,,0.0,0.0,23891250.0,2026-10-01
RELL,17.3,18.0,17.3,17.73,113221.0,2.485549132947975,2007408.33,259933325.00000006,Electronic Technology,3.98489199650393,40.3137789904502,1.561833820176814,1.1066099210724385,6383000.0,228564000.0,9.408402701654788,2.46320505416426,0.008484981765535951,1.38728323699422,12828500.0,2026-10-01
MOBI,8.98,9.635,8.76,9.45,212108.0,4.767184035476715,2004420.5999999999,314600884.0,Health Technology,,,1.8223471831719253,,,,,,0.0488213244964052,0.0,33291096.000000004,2026-10-01
LSAK,4.14,4.34,4.105,4.33,460385.0,4.842615012106542,1993467.05,371618332.0,Technology Services,1.11270705518656,120.94972067039107,1.7565851659830996,0.4707733170350266,2998000.00000082,721554000.00023,9.3759142399448,2.61255567843848,0.89731433153726,0.0,85824100.0,2026-10-01
MTA,9.67,9.715,9.41,9.42,210116.0,-2.079002079002072,1979292.72,880731091.3348215,Finance,-0.180949557321915,,3.451110932392576,60.86504721181094,-449903.788491865,15190131.051131096,81.5339470405094,16.6876451941244,0.057383497254499795,0.0,93495900.0,2026-10-01
CHSCM,23.9,24.02,23.7836,24.02,82320.0,1.051745898190997,1977326.4,321403680.0,Distribution Services,5.25306290860613,,,,577494000.0,37405868000.0,3.81627601605203,0.630574860607432,0.33237800812506996,7.69822940723634,12272000.0,2026-10-01
VMET,9.08,9.19,8.8,8.8,224618.0,-2.4930747922437635,1976638.4000000001,957699687.1565497,Miscellaneous,12.0259834816224,9.775553296316573,1.1572177522757847,6.495876475263325,36058607.86094955,72172797.27763635,378.9648417176143,39.0533091177005,0.950447470669191,0.0,108829506.0,2026-10-01
FBLA,16.71,16.89,16.47,16.48,119535.0,-1.3764213046080216,1969936.8,262825955.0,Finance,0.908910833216973,,0.8500874847314384,4.26116876495734,-282000.0,76945000.0,-11.21560030000577,5.311679170457863,0.391753812329115,0.0,15948178.0,2026-10-01
PKBK,33.37,33.37,32.38,32.7,60196.0,-2.0077914294276136,1968409.2000000002,384600073.00000006,Finance,13.915910213073,8.514294641462273,1.1123648366167374,4.417271452252213,45799000.0,152143000.0,10.632557936606046,66.55267745123076,0.512623205198963,2.21756068324843,11761500.0,2026-10-01
RITM/PE,23.6,23.73,23.36,23.49,83672.0,-0.6488068551900374,1965455.2799999998,4986574523.0,Finance,5.43694477663872,39.10437822540369,1.9054448349790676,2.2966560149498534,465498000.0,5850094000.0,11.861807569805904,42.3236105266001,4.53132002896961,10.9649122807018,558407000.0,2026-10-01
CHSCP,26.0,26.2599,25.9931,26.19,74521.0,0.8083140877598186,1951704.99,321403680.0,Distribution Services,5.25306290860613,,,,577494000.0,37405868000.0,3.81627601605203,0.630574860607432,0.33237800812506996,7.69822940723634,12272000.0,2026-10-01
ALLT,8.43,8.72,8.38,8.44,228050.0,0.0,1924742.0,416118084.0,Electronic Technology,9.35071812712509,39.4392523364486,3.492885934926376,3.8602249562167374,10241000.0000087,108954000.000094,14.277023767056281,6.74321273197945,0.057984496124031004,0.0,49303100.0,2026-10-01
TDS/PV,18.09,18.0999,17.62,17.8,107514.0,-0.8908685968819607,1913749.2000000002,3649791751.0,Communications,10.5558163893218,6.540270429159318,0.5001775911447212,1.6602910417150296,386667000.0,1257964000.0,-73.81423813488759,-2.69204842109949,0.241554763948813,0.468384074941452,107600000.0,2026-10-01
SCZM,9.05,9.23,8.81,8.83,215486.0,-1.615598885793867,1902741.3800000001,821142149.4081146,Non-Energy Minerals,22.1046531962143,20.334976712651812,3.8579836966065546,2.052946293970146,40826112.34253263,412174114.0580772,32.56337468658252,29.994208620814,0.21196876407869,0.0,92994600.0,2026-10-01
BNED,11.45,11.7,11.44,11.59,163468.0,1.845342706502628,1894594.1199999999,401767145.0,Retail Trade,8.29021938099147,18.067030397505846,1.4441521804953479,0.22884388365978423,22169000.0,1717205000.0,5.034317104604015,2.80048101420622,0.9814635197758381,0.70298769771529,34665000.0,2026-10-01
FUNC,43.6,44.39,42.65,42.77,44161.0,-1.4970059880239488,1888765.9700000002,276030567.0,Finance,12.4181888922757,11.085767605816336,1.299738077098749,3.069966623258664,25055000.0,123126000.0,6.510380622837371,36.43864698350861,0.476381289611723,2.39520958083832,6453840.0,2026-10-01
ELVA,6.39,6.595,6.31,6.52,289415.0,2.6771653543307075,1886985.7999999998,325992818.88602144,Producer Manufacturing,9.67136385947947,69.26973550010199,4.85444757935205,4.784568296210628,4284778.716606326,69842528.27880655,24.050231596074497,9.20848875679494,0.6162953267691941,0.0,49998900.0,2026-10-01
FCCO,32.25,32.945,31.915,32.17,58537.0,-0.3716320842365979,1883135.29,302389350.0,Finance,12.0552303219161,12.03336575147752,1.3263561858003614,3.4350525526365967,23115000.0,126174000.0,15.684854263892836,35.574609073305055,0.49980481172006896,2.01300712294828,9399730.0,2026-10-01
AVBH,31.25,31.44,30.83,30.985,60733.0,-0.7845020813320556,1881812.005,340071888.0,Finance,-5.64038641321284,,1.1489470735315002,7.272956532976055,-14118000.0,99978000.0,-32.48743990059965,-43.29674129138215,0.09153063119334201,0.0,10975400.0,2026-10-01
LEGH,29.07,29.42,28.57,28.67,65459.0,-0.9329647546648223,1876709.53,681859678.0,Consumer Durables,9.53413046430678,13.384062368703608,1.2126780050156736,3.8404977716231334,51247000.0,179449000.0,-2.623667817064965,32.8851094182748,0.0019724602573269203,0.0,23783000.0,2026-10-01
OBT,37.43,37.44,36.79,36.95,50643.0,-0.964888769766817,1871258.85,495424236.0,Finance,16.9494131973813,10.41197024346258,1.615710212862715,3.799045318033439,47392000.0,158626000.0,6.51473234670033,40.19951756622051,0.112850098490679,1.79576521039936,13408000.0,2026-10-01
RLJ/PA,24.19,24.3536,24.0,24.04,76547.0,-1.8775510204081667,1840189.88,1692272166.0,Finance,1.25873809655944,4074.5762711864404,2.052173348892518,2.6764220499665954,27558000.0,1381603000.0,1.0715788010578255,9.51061918655359,1.30785727596031,5.4249547920434,152376000.0,2026-10-01
CSHR,5.04,5.18,4.94,4.97,368772.0,-0.600000000000005,1832796.8399999999,655045987.9999999,Technology Services,,,1.445141330169724,,,,,,0.0047241106161202305,0.0,131800000.00000001,2026-10-01
VLGEA,45.82,45.82,44.71,45.42,40224.0,-0.4165753124314793,1826974.08,606948121.0000001,Retail Trade,10.5978616056257,12.095872170439415,1.1789107352774373,0.274576116750348,52702000.0,2395813000.0,4.199579515790774,2.86537388352096,0.622018341496762,2.19250164437623,10684400.0,2026-10-01
DMAC,8.27,8.6,8.19,8.27,219107.0,0.8536585365853694,1812014.89,445965510.0,Health Technology,-114.615008854466,,11.632486567080203,,-37541000.0001917,0.0,,,0.00482549950440816,0.0,53925700.0,2026-10-01
USCB,22.35,22.51,21.54,21.83,82981.0,-2.063705697622256,1811475.2299999997,403297682.00000006,Finance,12.3621781287851,14.325086947962463,1.7277212599148088,4.247604907548489,28731000.0,159183000.0,4.717390732310607,40.6446897006136,1.2558030852605502,2.13100044863167,18474500.0,2026-10-01
GLRE,14.8,14.8,14.48,14.5,124917.0,-1.694915254237288,1811296.5,473299461.0,Finance,7.49889786930269,10.003449465332872,0.6833804237429923,0.7236918627998327,51030000.0006048,674809000.008165,-0.8523236508511913,5.24370599680766,0.0125458303353104,0.0,32641300.0,2026-10-01
PBT,32.26,32.6308,31.44,31.48,57515.0,-2.2967101179391634,1810572.2,1467244850.0,Miscellaneous,9976.54743984017,90.56386651323359,9072.046109510087,84.87118766110429,16204058.0,17694290.0,-3.9075489989338985,91.5778932073567,0.0,1.07900372439479,46608800.0,2026-10-01
PSFE,5.87,5.905,5.61,5.63,321487.0,-4.088586030664399,1809971.81,293973120.0,Commercial Services,-30.2516590530672,,0.5060364849609192,0.17420107504977742,-208304000.0,1762337000.0,5.126846899082612,5.67967420533076,4.46610887319522,0.0,52215500.0,2026-10-01
VOGX,23.97,24.4,21.81,22.79,79214.0,-6.271848653094805,1805287.0599999998,338547453.0,Health Technology,,,,,,,,,,0.0,14855087.0,2026-10-01
BHFAO,14.38,14.4499,14.09,14.1,128004.0,-1.6736401673640184,1804856.4,2869827049.0,Finance,13.5973165344024,1.1255597863831213,0.12379626786737925,0.12465143703336383,831000000.0,6654000000.0,2.621838371375694,16.9371806432221,0.481526717557252,0.0,57511600.0,2026-10-01
MESH,10.09,10.09,10.08,10.09,178154.0,0.09920634920634709,1797573.8599999999,435131257.0,Finance,,69.73047684865239,1.2877617959746277,,6241216.0,0.0,,,0.0,0.0,34500000.0,2026-10-01
SHO/PI,21.65,21.81,21.54,21.8,81930.0,-0.5927952576379344,1786074.0,2084431566.0000002,Finance,2.73884040387924,97.14795008912657,2.4783119285245747,4.05650792986192,52870000.0,1003107000.0,7.28428586554638,9.71521482753086,0.518349911632032,3.1858407079646,185944000.0,2026-10-01
RM,30.67,30.74,29.92,30.23,59058.0,-1.1122015047432119,1785323.34,278895744.0,Finance,12.6318998707644,6.371991062771384,0.746299423821295,0.4378834425826082,46819000.0,670485000.0,9.631789188314183,22.5304070933727,4.53985002550676,3.92541707556428,9225790.0,2026-10-01
TCBIO,18.58,18.82,18.23,18.4,96340.0,-0.755124056094933,1772655.9999999998,4043985663.0,Finance,10.1876602190876,2.393589343323967,0.23892504505814707,0.6155443698432578,364605000.0,2036795000.0,3.1082391116713364,35.902832092324424,0.233258592315666,0.214339299110492,43474400.0,2026-10-01
TBI,9.36,9.52,9.04,9.2,190586.0,-1.28755364806868,1753391.2,280087955.0,Commercial Services,-20.2251285147305,,1.0998075336816056,0.16762663282497856,-56616000.0,1691011000.0,10.173416128996529,-1.69200555170842,0.543613988518295,0.0,30444300.0,2026-10-01
HCKT,9.87,10.08,9.8,10.05,172194.0,1.8237082066869452,1730549.7000000002,250022623.0,Commercial Services,17.9047152949187,15.632291180587961,3.666852745761228,0.8655086905678664,16829000.0,286987000.0,-9.116905654641265,12.8033673999171,1.21769675280866,4.86322188449848,24877900.0,2026-10-01
OBIO,6.09,6.29,6.0,6.22,277394.0,2.3026315789473633,1725390.68,373853392.99999994,Health Technology,-397.301026417634,,19.347413605399858,12.133398669001762,-59029000.0,31976000.0,986.1413043478261,-181.357893420065,2.40516655336506,0.0,60105100.0,2026-10-01
OPI,15.94,16.255,15.695,15.93,108263.0,-0.12539184952977792,1724629.59,349720489.0,Finance,-135.724551361337,,0.6837757988007954,0.795560417206265,-1070448000.0000001,440142000.0,-5.745526498376776,7.02409676877008,3.35506545052839,0.125391849529781,73941100.0,2026-10-01
SBMT,8.72,9.04,8.655,8.77,196168.0,2.095459837019787,1720393.3599999999,258964954.99999997,Non-Energy Minerals,-15.4600545230016,,2.679376136137971,,-10491871.0,0.0,,,0.042392399646841404,0.0,29528500.0,2026-10-01
SLSR,7.05,7.35,6.89,6.96,246919.0,-1.2765957446808491,1718556.24,1162818499.55646,Non-Energy Minerals,,,,,-29196115.87994647,0.0,,,,0.0,167072000.0,2026-10-01
IGIC,24.6,24.805,24.295,24.3,70007.0,-1.219512195121954,1701170.1,1031940722.0,Finance,16.260835599357,9.755118426334805,1.5426416627518695,1.9929963306217784,108237000.0,524176000.00000006,-1.6653128300562874,22.6055752266414,0.0,1.01626016260163,42466700.0,2026-10-01
CHSCN,24.58,24.79,24.42,24.79,68564.0,1.2663398692810406,1699701.56,321403680.0,Distribution Services,5.25306290860613,,,,577494000.0,37405868000.0,3.81627601605203,0.630574860607432,0.33237800812506996,7.69822940723634,12272000.0,2026-10-01
TSBK,44.85,45.13,43.64,44.58,37932.0,-0.668449197860972,1691008.5599999998,346639300.0,Finance,11.8949931115179,11.18330281213155,1.2678045055690401,4.052585996275603,31514000.0,119032000.0,6.412537212025854,44.950226452399015,0.0524256421894102,2.58467023172906,7775670.0,2026-10-01
WTBA,28.67,28.855,28.37,28.51,59193.0,-0.2449265220433756,1687592.4300000002,485917121.00000006,Finance,14.7073023074035,12.754440119894422,1.7289842899550925,4.7555921218101185,38384000.0,200753000.0,0.14216732845142366,47.26817188074372,1.33089360309135,3.53393981805458,17043700.0,2026-10-01
BWB,20.31,20.31,20.0,20.17,83257.0,-0.3950617283950533,1679293.6900000002,562416682.0,Finance,11.0034163549572,10.96195652173913,1.1681809968168952,3.5921148925345063,56348000.0,305740000.0,13.621245173494072,45.623200635361854,0.793712094526646,0.0,27883800.0,2026-10-01
ADAMM,25.37,25.65,25.37,25.62,65469.0,1.065088757396448,1677315.78,699264795.0,Finance,14.1663390179509,15.247277271915731,2.4707526344568733,2.815257567813284,202130000.0,831548000.0,42.502065003924365,82.7120021934993,7.6886135678791305,12.1059268600252,89879800.0,2026-10-01
ISOU,9.41,9.63,8.895,8.9,188186.0,-4.094827586206886,1674855.4000000001,580782234.1706161,Non-Energy Minerals,-2.71820324135822,,1.5210543453781333,,-8826383.808,0.0,,,0.0118230573357304,0.0,65256400.0,2026-10-01
FSBW,43.94,44.03,43.2,43.29,38512.0,-1.2320328542094436,1667184.48,340352386.00000006,Finance,10.642313803328,9.961112772958419,1.0075718008373389,2.116233052901211,32787000.0,223232000.0,5.991557976003381,27.461012859143025,1.1943409831953902,2.6237736710016,7862150.0,2026-10-01
NPCE,14.02,14.06,13.73,13.76,120883.0,-1.291248206599711,1663350.08,472301993.0,Health Technology,-122.052297180805,,39.69765160694709,4.810147660771374,-19114000.0,98836000.0,11.590832110195326,-15.2555748917399,5.88496171000589,0.0,34324300.0,2026-10-01
ALCO,38.66,38.66,37.93,38.58,43005.0,0.20779220779220337,1659132.9,286208096.0,Process Industries,1.41485038788327,184.0648854961832,2.7294163590944107,16.77453277872164,1532000.0,17069000.0,-61.381479218986854,-140.769816626633,0.8148317736504209,0.519480519480519,7418560.0,2026-10-01
FCBM,12.59,12.645,12.51,12.63,131186.0,0.6374501992031878,1656879.1800000002,392399588.13,Finance,,,0.9132921978235734,,,,,,0.279999720705498,0.0,31068851.0,2026-10-01
CZNC,25.31,25.43,24.87,25.02,65249.0,-1.028481012658234,1632529.98,448730402.00000006,Finance,7.98898332953884,16.911118621155794,1.2969106365332779,3.1529746040479463,25265000.0,190892000.0,18.972147259911125,27.327849984560533,0.49123329067224397,4.43037974683544,17934900.0,2026-10-01
BRCB,7.25,7.25,6.98,7.13,226689.0,-0.696378830083563,1616292.57,357018206.0,Consumer Services,,94.43708609271523,2.898315074896852,0.6814956287350142,1536000.0,223560000.0,,3.27026301663983,3.49688827061063,0.0,22207657.0,2026-10-01
ATLCZ,25.47,25.62,25.3,25.62,62984.0,0.8661417322834741,1613650.08,1327833427.0,Finance,22.8969159301607,3.32649510504038,0.5537385783313147,0.18352653730782972,154005000.0,2652982000.0,83.71891715210894,24.517128273015,8.48462754707978,0.0,15170000.0,2026-10-01
WCCB,60.4,60.64,60.18,60.4,26604.0,0.09943652635067148,1606881.5999999999,635030117.0,Finance,14.0270846295389,12.0112953903671,1.5935990088025238,4.439784639968624,52981000.0,177765000.0,15.830455463608523,51.71875328240213,0.0,1.55783891282731,10513700.0,2026-10-01
ACCO,4.23,4.285,4.195,4.2,381379.0,-0.7092198581560342,1601791.8,387691782.0,Producer Manufacturing,8.85275519421861,6.767644215275539,0.5609318948546519,0.25735887481703124,58800000.0,1571300000.0,-0.6261067543637744,6.84783300451855,1.4563738966864401,7.09219858156028,92307600.0,2026-10-01
KREF/PA,18.56,18.69,18.31,18.4,86527.0,-0.27100271002710413,1592096.7999999998,366458309.0,Finance,-17.1543524285139,,1.7976298641030901,2.7824614531775875,-186281000.0,414182000.0,-19.571625531584363,26.3471131048669,4.63082802711831,13.3228840125392,58578000.0,2026-10-01
FENC,10.81,10.83,10.41,10.65,149210.0,-1.3888888888888922,1589086.5,373465257.00000006,Health Technology,-20.6295205695716,,8.791118081637707,6.643656810894017,-3608000.00001522,59221000.0003078,77.83016035118084,-2.67979264112023,0.0,0.0,35067158.0,2026-10-01
FRAF,62.64,62.655,60.89,61.82,25695.0,-1.0404994397310687,1588464.9,278164146.00000006,Finance,14.4456916435381,11.267656976214344,1.5110636157293362,2.9707093524268178,24645000.0,135435000.0,10.023883798011308,32.414565116377304,1.1700399793304102,2.14502961421482,4499580.0,2026-10-01
CLW,19.41,19.675,19.1,19.16,82709.0,-1.1861784424961341,1584704.44,309007951.0,Process Industries,-10.4243316163846,,0.38911430395148017,0.2056449457415325,-52100000.0,1520500000.0,-1.9285345717234261,-3.60407760605064,0.46984007052008603,0.0,16127800.0,2026-10-01
GBFH,18.71,19.385,18.16,18.18,86068.0,-2.5201072386058923,1564716.24,263909184.99999997,Finance,11.3883762274348,14.23760670373561,1.522313447520798,3.2882460994326443,18481000.0,119727000.0,19.998195922785495,28.686596838328,0.206643134077889,0.0,14516457.0,2026-10-01
MTAL,10.165,10.165,10.16,10.16,153890.0,0.0,1563522.4,311573335.66551894,Finance,,,1.1352589530141348,,,,,,0.0,0.0,23000000.0,2026-10-01
WHR/PA,28.76,29.0199,28.04,28.35,55023.0,0.49627791563275636,1559902.05,2000316967.0,Consumer Durables,5.98112905805213,9.530693202447388,0.46853548697694464,0.12330173627404985,187000000.0,14917000000.0,-3.9162640901771337,3.07702621170477,2.04856343757946,8.80339093576785,65199400.0,2026-10-01
PRE,22.83,23.5,22.57,23.13,67312.0,1.2697022767075268,1556926.5599999998,396528294.0,Finance,-57.6249513316626,,4.160580790456387,2.766368046545202,-67610000.0008117,142555000.001717,182.0521541351737,-35.477534986497,0.00733230838699967,0.0,15562500.0,2026-10-01
ISBA,37.94,38.1,37.23,37.47,41419.0,-1.4725216933999534,1551969.93,285853876.0,Finance,8.50930512101346,13.788408463661455,1.1298358375967272,3.269596987954624,19963000.0,118993000.0,11.105612564076228,30.1755249343832,0.58531829001544,2.94504338679989,7628870.0,2026-10-01
SABS,3.23,3.4,3.16,3.17,487796.0,-1.5527950310559087,1546313.32,288426787.99999994,Health Technology,-34.2746241460832,,1.2322691244669561,,-38867632.0,0.0,-100.0,,0.0238936611029634,0.0,90986400.0,2026-10-01
AVIR,5.2,5.29,5.14,5.21,296281.0,0.579150579150584,1543624.01,417866472.99999994,Health Technology,-58.1415963445391,,2.046781328325725,,-165289000.0,0.0,,,0.00207682285288845,0.0,80204700.0,2026-10-01
TRC,16.44,16.44,16.21,16.22,94950.0,-0.855745721271397,1540089.0,438287777.0,Finance,1.27216730991509,72.57270693512304,0.917208632165975,7.791757917553688,6037000.0,56837000.0,25.448606175646148,-0.906099899713215,0.200901672470511,0.0,27021400.0,2026-10-01
WSBF,19.97,20.08,19.52,19.66,77915.0,-1.601601601601603,1531808.9,353428365.99999994,Finance,8.69105714533222,11.393138618451554,1.0064363807810581,2.2825632740980115,30098000.0,206763000.0,4.599032741106479,25.317617024671414,1.17335793967459,3.2032032032032,17977000.0,2026-10-01
ASIC,26.21,26.21,25.55,25.55,59740.0,-3.07283763277693,1526357.0,1224533011.0,Finance,17.4560058427411,11.91920134353424,1.8430819504207347,2.5429964534539597,106838000.0,516885999.99999994,36.63316609481313,28.3795653200125,0.0026866588199171,0.0,47926930.0,2026-10-01
YDES,7.59,7.73,6.8,7.42,205694.0,-2.4967148488830535,1526249.48,525653894.00000006,Health Technology,,,117.49802058590657,,,,,,0.0011180229456216602,0.0,70842800.0,2026-10-01
KINS,17.98,17.98,17.525,17.58,86189.0,-1.6228315612758966,1515202.6199999999,254490406.0,Finance,31.5072970510739,7.254270859123545,1.9701584868106965,1.1645745731808343,35294057.0,225131117.0,34.04408338109123,19.7842091282299,0.0302297640451578,1.17515388919978,14476100.0,2026-10-01
MSB,20.23,20.7655,19.28,19.59,76448.0,-2.682563338301039,1497616.32,257020987.0,Non-Energy Minerals,32.1320280468571,39.62378640776699,14.611334039411071,22.17749883110942,6486127.0,11908728.0,-87.62041008866169,54.4653215691886,0.0,4.42126179831098,13120000.0,2026-10-01
BCML,30.83,30.87,30.34,30.34,49070.0,-1.4294996751137143,1488783.8,331316363.0,Finance,3.92911200807265,25.302310065882743,0.986876879465382,3.244273320902014,13083000.0,142253000.0,2.0144287312469524,19.256632722073004,0.138883091326515,3.73619233268356,10920100.0,2026-10-01
OZKAP,14.92,14.9999,14.6,14.62,101791.0,-1.3495276653171462,1488184.42,5017263667.0,Finance,11.329693173196,2.4154908634305916,0.26842034626224665,0.9350543306656391,691278000.0,2770161000.0,-0.4015704716808146,51.54008299280212,0.106438955423866,4.02597402597403,109166000.0,2026-10-01
FSTR,37.63,37.695,36.07,36.07,41050.0,-3.452890792291218,1480673.5,379447848.0,Producer Manufacturing,6.45849528748872,34.03472353274203,2.1023758537441175,0.7097926938692904,11382000.0,558353000.0,10.129014061171718,4.74789246229536,0.39501415539477797,0.0,10519800.0,2026-10-01
RLGT,8.79,8.85,8.645,8.69,169695.0,-1.025056947608199,1474649.5499999998,407511170.0,Transportation,8.0361038627711,22.47801345059493,1.687250868380841,0.4561090829191447,18786000.0,934356000.0,3.5072715509983428,1.99185321226599,0.33240174889452,0.0,46894300.0,2026-10-01
JONE,9.82,9.82,9.82,9.82,150131.0,0.0,1474286.4200000002,281904377.0,Finance,,,,,,,,,,0.0,21040500.0,2026-10-01
CMRC,3.11,3.235,3.08,3.16,463659.0,1.6077170418006517,1465162.4400000002,261834427.0,Technology Services,-12.7794678909232,,5.069627157800167,0.7422243938437406,-5776000.0,346899000.0,2.772403945002237,2.84924430453821,3.1863487574812597,0.0,82859000.0,2026-10-01
EVCM,8.13,8.81,8.06,8.66,168831.0,8.114856429463176,1462076.46,1529921061.0,Technology Services,3.89184625590027,44.63917525773196,2.13815017912563,2.3944615899822947,35146000.0,598101000.0,-6.772068141539124,13.4172990849372,0.7450935160874511,0.0,176665000.0,2026-10-01
BNTC,9.83,10.13,9.64,10.0,145985.0,2.564102564102564,1459850.0,348827248.0,Health Technology,-33.2079268558995,,1.9443110431034316,,-45546000.0001811,0.0,,,0.00430476857631926,0.0,34882700.0,2026-10-01
TDS/PU,19.8,19.9,19.43,19.52,74686.0,-1.3144590495450028,1457870.72,3649791751.0,Communications,10.5558163893218,7.172251616696061,0.5485093583789301,1.8285387976126553,386667000.0,1257964000.0,-73.81423813488759,-2.69204842109949,0.241554763948813,0.468384074941452,107600000.0,2026-10-01
FISN,5.29,5.474,5.05,5.13,282141.0,-2.1925643469971443,1447383.33,302187465.0,Producer Manufacturing,,,3.1035984802652274,,-106218941.0,0.0,,,0.000567059895701484,0.0,58905937.0,2026-10-01
BKTI,75.1,75.1,74.1,74.49,19245.0,-0.4011231448054704,1433560.0499999998,280781772.0,Electronic Technology,30.6448885732644,21.90366972477064,5.403072548706715,3.3201537813234396,13593000.0,90627000.0,15.704874498889257,17.8666401844925,0.0249470644850818,0.0,3769390.0,2026-10-01
LE,10.27,10.32,10.13,10.28,138984.0,0.4887585532746719,1428755.52,303713907.0,Retail Trade,97.93424457586,0.9149814867559098,0.6262026837780001,0.23319337408096358,351581000.0,1320813000.0,0.39792395433794114,3.45067772652147,0.155554202933837,0.0,29544200.0,2026-10-01
DBRG/PJ,15.35,15.61,15.29,15.5,91856.0,0.03226847370119898,1423768.0,3044483713.0,Finance,15.873708408532,10.071474983755685,1.8657524880712213,4.726151368301506,338699000.0,596981000.0,99.25070006975665,34.5550360899258,0.136298772311674,0.25,187495000.0,2026-10-01
ANIK,19.93,20.41,19.64,19.66,72123.0,-1.4289295562797701,1417938.18,263109109.99999997,Health Technology,-2.19052899766278,,1.9165641444578543,2.2675217149866564,-3784000.0,120654000.0,-2.495514861566808,-4.24436819334626,0.18392797307731498,0.0,13383000.0,2026-10-01
BALY,14.0,14.33,13.7,13.72,103062.0,-1.7191977077363911,1414010.6400000001,692441888.0,Consumer Services,-119.878072599515,,1.0423971487550876,0.2859473338839459,-764137000.0,2957917000.0,20.384157521270296,-0.297371427257763,10.6997389803328,0.0,50469520.0,2026-10-01
FAC,6.24,6.5,6.01,6.34,222887.0,2.2580645161290267,1413103.58,678527371.0000001,Finance,-2.70670333720743,,7.9827753364979035,,-4740231.0,0.0,,,0.0927540324003812,0.0,91510500.0,2026-10-01
RWAY,6.77,6.79,6.62,6.62,213198.0,-1.4880952380952328,1411370.76,277443538.0,Finance,1.55014918338572,61.2962962962963,0.556064674857561,3.2296814337769186,7762000.0,87545000.0,-38.599813439378316,59.2506710834428,1.38057774116655,19.6428571428571,41909904.0,2026-10-01
FRD,38.82,39.15,37.97,38.2,36080.0,-1.3939081053174989,1378256.0,275528620.0,Non-Energy Minerals,17.7519896759126,10.027036249573458,1.6785070251231198,0.3596824344142507,26755000.0,752107000.0,61.80398686820444,5.27079258669312,0.617242660720921,0.413009808982963,7212790.0,2026-10-01
FRPH,21.06,21.11,20.75,20.81,64793.0,-1.1870845204178537,1348342.3299999998,399516640.0,Finance,0.0224391338494334,4246.938775510204,0.9313916584724191,9.243828256508413,96000.0,43367000.0,2.474007561436673,11.5687043143404,0.500338037888219,0.0,19198300.0,2026-10-01
PPIH,31.25,31.305,30.66,30.76,43794.0,-1.441845562319767,1347103.4400000002,252083706.99999997,Producer Manufacturing,17.9395949198015,16.204825624275628,2.6963108927103185,1.140134183070998,15580000.0,226109000.0,24.78490499395692,12.0574590131308,0.567365493635683,0.0,8195180.000000001,2026-10-01
BHFAN,11.59,11.59,11.15,11.15,120594.0,-3.546712802768167,1344623.1,2869827049.0,Finance,13.5973165344024,0.8900703275299151,0.09789563026392048,0.10048609568379958,831000000.0,6654000000.0,2.621838371375694,16.9371806432221,0.481526717557252,0.0,57511600.0,2026-10-01
BPRN,43.61,43.66,42.35,42.92,31327.0,-1.4013324144268309,1344554.84,292422572.0,Finance,9.54326599233394,11.294142413557182,1.0446535861044524,3.4479358021824926,25856000.0,136221000.0,-2.7020656552669924,38.812398421174834,0.0733558871546818,3.21617275442224,6813200.0,2026-10-01
NKLR,3.35,3.615,3.34,3.39,396184.0,1.8018018018018036,1343063.76,374598089.0,Producer Manufacturing,925.889251830595,0.7251802254690142,,,516967000.0,0.0,,,,0.0,110500910.0,2026-10-01
MVBF,29.59,29.59,28.665,29.06,45764.0,-1.491525423728818,1329901.8399999999,376835729.00000006,Finance,11.9952137872609,9.810607339387596,1.092009504165306,2.978384687236805,38796000.0,197999000.0,-1.2818467368001196,6.405328841589466,0.167703305538061,2.30508474576271,12967500.0,2026-10-01
BBCP,9.72,9.93,9.61,9.69,137207.0,-0.10309278350515245,1329535.8299999998,488312230.0,Industrial Services,3.57543056934433,57.85074626865671,1.8230528704146174,1.1721148707762878,10354000.0,422910000.0,6.913437303286709,11.5395710671301,1.50964985965703,0.0,50393400.0,2026-10-01
KEN,61.18,62.93,59.72,60.2,22050.0,-7.626208378088076,1327410.0,3136925626.0,Utilities,8.15693455408613,26.110340041637752,2.010849904751852,2.8562716802180725,120274000.0,1188929000.0,53.35004075820582,8.11158614181335,2.02115384615385,5.90762620837809,52108400.0,2026-10-01
CHRN,19.64,20.42,19.5,19.73,67128.0,-0.10126582278480796,1324435.44,2873426845.0000005,Technology Services,-51.1591225120893,,15.914627260554632,6.084673584089923,-16065000.000000002,11565000.0,-34.08002735978112,-134.059662775616,0.680877655881128,0.0,145637000.0,2026-10-01
PLBL,5.8197,6.05,5.56,5.57,236364.0,-4.459691252144079,1316547.48,2040778242.0000002,Retail Trade,,,,,,,,,,0.0,319108200.0,2026-10-01
JAKK,25.33,25.635,24.82,25.13,52388.0,-0.789577575996839,1316510.44,287613144.0,Consumer Durables,6.67407542056384,18.083039504929122,1.1603150996564302,0.5147179060588322,16155000.000000002,584238000.0,-14.671663546051228,2.57463567929508,0.188094805849723,3.94788787998421,11445000.0,2026-10-01
KWY,9.25,9.56,9.1601,9.5,138506.0,3.373231773667035,1315807.0,274844498.0,Finance,-23.2156512873824,,21.180300091409716,1.6661190654099625,-7286000.0000321,157846000.00078002,32.66376426730539,-2.16983642283921,2.54543265923786,0.0,28931000.0,2026-10-01
INFU,13.02,13.08,12.755,12.89,101693.0,-1.074443591711426,1310822.77,256732470.0,Commercial Services,15.0299085151302,31.62414131501472,4.3399942761906365,1.9017422949733158,8543000.0,143335000.0,2.465579114421743,9.25593888443158,0.39316268217631,0.0,19917200.0,2026-10-01
TMS,7.77,7.77,6.96,7.265,180110.0,-6.136950904392772,1308499.15,537560549.0000001,Finance,-1.98737247151626,,4.819141244287012,2.8862287664469295,-3290082.0,148660000.0,,0.413818108435356,3.4655965204891204,0.0,73993195.0,2026-10-01
PSBD,9.995,10.05,9.7807,9.89,130797.0,-0.8024072216649957,1293582.33,303140580.0,Miscellaneous,-6.74531292263094,,0.748606109049732,3.1077851394469467,-30737277.0,99454347.0,-14.851140743217137,15.0830199508524,1.7148501085291599,14.4433299899699,30651220.0,2026-10-01
DBRG/PI,14.85,15.04,14.75,15.04,85376.0,0.6020066889632099,1284055.04,3044483713.0,Finance,15.873708408532,9.772579597141,1.8103817690703978,4.559920164963376,338699000.0,596981000.0,99.25070006975665,34.5550360899258,0.136298772311674,0.25,187495000.0,2026-10-01
TTRX,13.41,14.63,13.02,14.39,88715.0,7.3079791200596596,1276608.85,428649881.0,Health Technology,-543.366680606041,,624.0242844752819,,-8445820.0,0.0,,,8.91125773051793,0.0,29788040.0,2026-10-01
RITM/PD,25.26,25.35,25.24,25.35,50205.0,0.39603960396040166,1272696.75,4986574523.0,Finance,5.43694477663872,42.20076577326453,2.056322970060424,2.4527167995078454,465498000.0,5850094000.0,11.861807569805904,42.3236105266001,4.53132002896961,10.9649122807018,558407000.0,2026-10-01
FGII,10.02,10.025,10.02,10.02,126140.0,-0.09970089730807366,1263922.8,346967542.5037406,Finance,,87.28222996515679,1.2496866429450697,,3325997.0,0.0,,,0.0,0.0,28940000.0,2026-10-01
RITM/PB,25.37,25.55,25.37,25.49,49548.0,0.47299960583365175,1262978.52,4986574523.0,Finance,5.43694477663872,42.433827201598135,2.0676793888299887,2.464373275386695,465498000.0,5850094000.0,11.861807569805904,42.3236105266001,4.53132002896961,10.9649122807018,558407000.0,2026-10-01
PWRL,11.05,11.18,10.9,11.0,114458.0,-1.2567324955116748,1259038.0,475672230.0,Miscellaneous,,,0.9194725905220765,,,,,,0.0,0.0,43242930.0,2026-10-01
RTAC,10.43,10.45,10.42,10.45,120276.0,0.19175455417065745,1256884.2,325635450.0,Finance,3.27504091535795,41.8,1.3471789814295567,,7788770.0,0.0,,,0.0026063596200725297,0.0,24150000.0,2026-10-01
BMM,5.1,5.24,5.01,5.02,246598.0,-1.5686274509803935,1237921.96,441107063.44788736,Non-Energy Minerals,-31.8856449020484,,1.9235409780747597,,-60586451.904,0.0,,,0.0436391854278573,0.0,87869900.0,2026-10-01
RMNI,4.18,4.34,4.18,4.26,289786.0,2.4038461538461453,1234488.3599999999,397696593.00000006,Technology Services,,55.68627450980392,,0.9179536771173152,7249000.0,429766000.0,0.5999489703958072,5.82782258252165,,0.0,93356000.0,2026-10-01
CHSCO,25.74,25.885,25.63,25.82,47624.0,0.7413187670698451,1229651.68,321403680.0,Distribution Services,5.25306290860613,,,,577494000.0,37405868000.0,3.81627601605203,0.630574860607432,0.33237800812506996,7.69822940723634,12272000.0,2026-10-01
PMTR,10.42,10.4301,10.42,10.43,117111.0,-0.23912003825920952,1221467.73,321509976.0,Finance,3.31023339240342,40.6786271450858,1.3243519500225382,,7905340.0,0.0,,,0.00198955500101115,0.0,24788000.0,2026-10-01
DX/PC,26.03,26.19,25.97,26.19,45872.0,0.614675374567807,1201387.6800000002,2764579528.0,Finance,18.2307849849323,9.992750581861195,2.0272011852044503,6.499052123803982,436177000.0,895577000.0,136.4503549750633,120.134952103504,7.13205170158614,17.910447761194,248167000.0,2026-10-01
HRZN,4.64,4.6794,4.58,4.59,261039.0,-0.8639308855291584,1198169.01,307685634.0,Miscellaneous,1.44532614662874,13.985374771480805,0.7363663928153741,6.836631400359069,5068000.0,44003000.0,-13.2911641838102,101.995318501011,0.963935329341317,24.1900647948164,67033900.0,2026-10-01
BHFAP,14.2,14.22,13.77,13.77,86133.0,-1.992882562277588,1186051.41,2869827049.0,Finance,13.5973165344024,1.099216897765644,0.12089890840665335,0.12213059207243808,831000000.0,6654000000.0,2.621838371375694,16.9371806432221,0.481526717557252,0.0,57511600.0,2026-10-01
TOP,15.0,15.7692,14.755,14.99,78952.0,0.4018754186202311,1183490.48,1854345612.0,Finance,,,3.5580937732172147,23.43438401562295,-1170822.99999997,4723765.00000048,-41.22554078866669,-14.3385837356409,0.055947735614436195,0.0,121705510.0,2026-10-01
FNLC,33.79,33.84,33.05,33.34,35284.0,-1.2733195143618588,1176368.56,376153219.0,Finance,13.5399282301791,9.913177925784968,1.2835690457353284,3.757804143831226,37807000.0,179036000.0,3.4716723786186128,45.3281495150038,0.7307106772255599,4.41220017767249,11282300.0,2026-10-01
GYRE,7.32,7.38,7.13,7.33,159793.0,0.13661202185792057,1171282.69,777227509.0000001,Health Technology,-15.6567019210015,,7.2013832943626825,6.1706208143537795,-17409000.0,119383000.0,16.825685739169575,-11.4061466037878,0.0262201015664555,0.0,106034000.0,2026-10-01
NOA,11.95,12.1,11.93,12.03,96969.0,0.6694560669456073,1166537.0699999998,323774141.1983664,Non-Energy Minerals,6.87989060567749,15.961206969753578,0.9546513470439995,0.35403931301475505,22775104.0,945476224.0,2.6575890812349496,7.55007795944322,2.46951180151384,2.82519128899353,26913900.0,2026-10-01
PCYO,11.04,11.1,10.93,11.04,105209.0,0.45495905368515865,1161507.3599999999,266034943.99999997,Utilities,10.2172005037137,18.107265868459898,1.7550330022510205,7.873792766708201,14726000.0,33726000.0,22.87681713848508,37.6682678052541,0.0931958518049398,0.0,24097400.0,2026-10-01
MBVI,10.25,10.25,10.24,10.25,113237.0,0.19550342130986875,1160679.25,442031250.0,Finance,5.94659657671317,43.19426885798567,1.300159190222803,,10108084.0,0.0,,,0.0,0.0,34500000.0,2026-10-01
BXBL,3.58,3.62,3.2,3.27,353382.0,-12.566844919786103,1155559.14,789885611.0,Consumer Durables,-17.2604597527386,,0.48815660422143503,,-13028628.0,0.0,,,0.0,0.0,9471524.0,2026-10-01
WSBCO,25.19,25.2967,24.75,24.84,46427.0,-0.7590890930882991,1153246.68,3588798281.0,Finance,8.97967626046724,7.20793917938599,0.6128922022791004,2.290724019260836,355995000.0,1521077000.0,31.111729811453465,44.145186873256286,0.42515569928108804,4.00212032865094,95905900.0,2026-10-01
LZM,3.91,3.95,3.72,3.76,306032.0,-2.5906735751295358,1150680.3199999998,338078739.0,Non-Energy Minerals,-24.7260578661461,,3.5789072910717685,138.64945228528074,-23195527.0,2399333.0,135.06095649379657,-849.788170295662,0.8975566774673651,0.0,89914560.0,2026-10-01
MOVE,11.76,12.04,11.5933,11.75,97908.0,-0.508044030482646,1150419.0,370739228.0,Technology Services,-9.61996075757365,,,6.6740347125141115,-27652000.0,4435000.0,843.6170212765957,-594.114994363022,0.0261002597466031,0.0,31552300.0,2026-10-01
KPLT,4.58,4.58,4.21,4.37,257940.0,-3.744493392070483,1127197.8,370790348.99999994,Commercial Services,,2.926208651399491,,0.08262589033876787,16186000.0,301711000.0,12.957222334538878,17.0192667817879,,0.0,84849100.0,2026-10-01
NREF,16.0,16.015,15.5,15.52,71104.0,-2.4512884978001295,1103534.08,292521436.0,Finance,27.8220563348398,6.67182529447167,0.7706145601464168,2.2325916879519228,100779000.0,134287000.0,1.6147949724940147,112.905940262274,11.7915497706863,12.5707102451288,18848000.0,2026-10-01
HWBK,38.205,38.5999,37.87,38.02,28400.0,-0.7310704960835354,1079768.0,262363787.0,Finance,14.9497816658177,10.350084390482932,1.4352975996327573,3.127624417381019,25386000.0,114806000.0,4.899309235773546,36.76854862548034,0.45702813002615006,2.14099216710183,6900680.0,2026-10-01
AUDC,10.67,10.79,10.48,10.68,101040.0,0.7547169811320762,1079107.2,255900742.0,Electronic Technology,4.23116553244886,41.94815396700707,1.8570780233595376,1.0951996565729136,7063000.00000624,249253000.000211,2.4682526957833812,5.75960971382489,0.28376811793032003,3.77358490566038,23960700.0,2026-10-01
GNE,16.21,16.225,15.96,15.98,67135.0,-1.052631578947357,1072817.3,420582345.99999994,Utilities,13.0048225762848,16.70325075781332,1.6101112568742078,0.8407513426786704,25711000.0,502354000.0,9.95388255482329,2.76677402787676,0.0297893646540818,1.85758513931889,24745300.0,2026-10-01
CIM/PC,21.38,21.62,21.2207,21.62,49575.0,2.029259084473807,1071811.5,797773646.0,Finance,0.0480540586334911,,1.2185389256116366,1.936993854084519,1211000.0,916887000.0,14.399950092017841,70.1503020546698,5.56804281788654,16.078431372549,83711800.0,2026-10-01
WENN,10.42,10.42,10.42,10.42,101687.0,0.09606147934677989,1059578.54,390945372.0,Finance,3.68601771332169,36.1053361053361,1.3068255927118764,,10827406.0,0.0,,,1.69209177742675e-05,0.0,30015000.0,2026-10-01
MFA/PC,22.25,22.48,22.1666,22.24,47528.0,0.0,1057022.72,793540291.0,Finance,8.18372443002989,22.2333300009997,1.2659546430764974,2.7284174664989638,147234000.0,859451000.0,19.702363542667726,80.2642617205635,6.569644071690139,18.0,101088000.0,2026-10-01
WAFDP,15.835,16.0,15.48,16.0,65084.0,0.25062656641603476,1041344.0,2215164828.0,Finance,8.49678659257559,5.041910884225121,0.43461384152729826,1.5102793298368322,256471000.0,1388460000.0,-4.620197469700498,41.92724307855886,1.09697975463918,3.56553317926709,74011500.0,2026-10-01
NC,37.6,37.6,36.1701,36.54,28214.0,-1.7477816617370225,1030939.5599999999,275756250.00000006,Energy Minerals,4.07108322794722,15.851119208745443,0.6322683170934622,1.0072177594558973,17287000.0,278477000.0,4.737851662404092,-10.1828876352446,0.291371079795844,2.76956171013713,5984870.0,2026-10-01
GIX,10.01,10.01,10.01,10.01,102965.0,0.04997501249374318,1030679.65,365833580.0,Finance,,,1.416232199828807,,,,,,0.000122532705812991,0.0,25688953.0,2026-10-01
CD,5.96,6.34,5.91,6.005,169971.0,1.4358108108108103,1020675.855,660572827.9999999,Technology Services,,,10.01183747645009,,,,,,0.0199279791548031,0.0,110004000.0,2026-10-01
MYFW,30.28,30.34,29.805,29.99,33914.0,-0.5636604774535866,1017080.86,292856219.0,Finance,6.83560729645558,16.104607453549562,1.0437047446629764,2.7575248726784856,18437000.0,194177000.0,9.088202247191012,21.966752129683236,0.36710823149544,0.0,9765130.0,2026-10-01
CV,6.72,6.7862,6.37,6.46,155306.0,-3.437967115097166,1003276.76,343738887.99999994,Health Technology,-335.063184498736,,24.548736462093864,24.05025140378661,-29829000.0,13891000.0,,-217.140594629616,0.052179857207959895,0.0,53210358.0,2026-10-01
ATLQ,9.97,9.97,9.96,9.96,100725.0,-0.20040080160320214,1003221.0000000001,283482941.0,Finance,,,1.6377619226930331,,,,,,0.0,0.0,18605000.0,2026-10-01
